ISO-10303-21;
HEADER;
/* Generated by software containing ST-Developer
 * from STEP Tools, Inc. (www.steptools.com) 
 */

FILE_DESCRIPTION(
/* description */ (''),
/* implementation_level */ '2;1');

FILE_NAME(
/* name */ 'Happy_Head_With_Mustache.step',
/* time_stamp */ '2025-12-07T12:18:47-05:00',
/* author */ (''),
/* organization */ (''),
/* preprocessor_version */ 'ST-DEVELOPER v20.1',
/* originating_system */ 'Autodesk Translation Framework v14.21.0.0',
/* authorisation */ '');

FILE_SCHEMA (('AUTOMOTIVE_DESIGN { 1 0 10303 214 3 1 1 }'));
ENDSEC;

DATA;
#10=MECHANICAL_DESIGN_GEOMETRIC_PRESENTATION_REPRESENTATION('',(#13,#14),
#6654);
#11=SHAPE_REPRESENTATION_RELATIONSHIP('SRR','None',#6661,#12);
#12=ADVANCED_BREP_SHAPE_REPRESENTATION('',(#15,#16),#6653);
#13=STYLED_ITEM('',(#6670),#15);
#14=STYLED_ITEM('',(#6670),#16);
#15=MANIFOLD_SOLID_BREP('Body1',#2483);
#16=MANIFOLD_SOLID_BREP('Body1',#2484);
#17=TOROIDAL_SURFACE('',#2537,8.56243699433595,5.);
#18=TOROIDAL_SURFACE('',#2542,8.56243699433595,5.);
#19=TOROIDAL_SURFACE('',#2563,4.69999999999994,2.3);
#20=TOROIDAL_SURFACE('',#2568,25.0998252373895,2.3);
#21=TOROIDAL_SURFACE('',#2572,25.0998252373895,2.3);
#22=TOROIDAL_SURFACE('',#2576,4.69999999999998,2.3);
#23=TOROIDAL_SURFACE('',#2580,31.2051211164802,2.3);
#24=TOROIDAL_SURFACE('',#2584,4.69999999999996,2.3);
#25=TOROIDAL_SURFACE('',#2588,29.4478308062457,2.3);
#26=TOROIDAL_SURFACE('',#2599,29.4478308062457,2.3);
#27=TOROIDAL_SURFACE('',#2604,4.69999999999995,2.3);
#28=TOROIDAL_SURFACE('',#2608,31.2051211164802,2.3);
#29=TOROIDAL_SURFACE('',#2612,4.69999999999998,2.3);
#30=TOROIDAL_SURFACE('',#2616,25.0998252373896,2.3);
#31=TOROIDAL_SURFACE('',#2620,25.0998252373896,2.3);
#32=TOROIDAL_SURFACE('',#2624,4.69999999999994,2.3);
#33=TOROIDAL_SURFACE('',#2643,11.9569085489085,3.5);
#34=TOROIDAL_SURFACE('',#2646,11.5993116817598,3.5);
#35=TOROIDAL_SURFACE('',#2649,19.3035088417815,3.5);
#36=TOROIDAL_SURFACE('',#2672,51.9356407983774,5.);
#37=TOROIDAL_SURFACE('',#2677,51.9356407983774,5.);
#38=TOROIDAL_SURFACE('',#2692,54.9356407983774,2.);
#39=TOROIDAL_SURFACE('',#2708,54.9356407983774,3.);
#40=TOROIDAL_SURFACE('',#2710,54.9356407983774,2.);
#41=TOROIDAL_SURFACE('',#2714,54.9356407983774,3.);
#42=FACE_BOUND('',#440,.T.);
#43=FACE_BOUND('',#441,.T.);
#44=FACE_BOUND('',#446,.T.);
#45=FACE_BOUND('',#447,.T.);
#46=FACE_BOUND('',#504,.T.);
#47=FACE_BOUND('',#510,.T.);
#48=B_SPLINE_SURFACE_WITH_KNOTS('',3,3,((#3422,#3423,#3424,#3425,#3426,
#3427,#3428),(#3429,#3430,#3431,#3432,#3433,#3434,#3435),(#3436,#3437,#3438,
#3439,#3440,#3441,#3442),(#3443,#3444,#3445,#3446,#3447,#3448,#3449)),
 .UNSPECIFIED.,.F.,.F.,.F.,(4,4),(4,1,1,1,4),(0.,1.),(9.56166930197456,
9.88943326490677,10.217197227839,10.8727251537034,11.8560170425001),
 .UNSPECIFIED.);
#49=B_SPLINE_SURFACE_WITH_KNOTS('',3,3,((#3682,#3683,#3684,#3685,#3686),
(#3687,#3688,#3689,#3690,#3691),(#3692,#3693,#3694,#3695,#3696),(#3697,
#3698,#3699,#3700,#3701)),.UNSPECIFIED.,.F.,.F.,.F.,(4,4),(4,1,4),(0.,1.),
(4.30321192899985,5.00950976159527,5.95124020505584),.UNSPECIFIED.);
#50=B_SPLINE_SURFACE_WITH_KNOTS('',3,3,((#3736,#3737,#3738,#3739),(#3740,
#3741,#3742,#3743),(#3744,#3745,#3746,#3747),(#3748,#3749,#3750,#3751)),
 .UNSPECIFIED.,.F.,.F.,.F.,(4,4),(4,4),(0.,1.),(8.83989914179124E-14,0.356555602045902),
 .UNSPECIFIED.);
#51=B_SPLINE_SURFACE_WITH_KNOTS('',3,3,((#4215,#4216,#4217,#4218),(#4219,
#4220,#4221,#4222),(#4223,#4224,#4225,#4226),(#4227,#4228,#4229,#4230)),
 .UNSPECIFIED.,.F.,.F.,.F.,(4,4),(4,4),(0.,1.),(0.,0.356557645881606),
 .UNSPECIFIED.);
#52=B_SPLINE_SURFACE_WITH_KNOTS('',3,3,((#4242,#4243,#4244,#4245,#4246),
(#4247,#4248,#4249,#4250,#4251),(#4252,#4253,#4254,#4255,#4256),(#4257,
#4258,#4259,#4260,#4261)),.UNSPECIFIED.,.F.,.F.,.F.,(4,4),(4,1,4),(0.,1.),
(0.,0.708667640665928,1.6535578282205),.UNSPECIFIED.);
#53=B_SPLINE_SURFACE_WITH_KNOTS('',3,3,((#4786,#4787,#4788,#4789),(#4790,
#4791,#4792,#4793),(#4794,#4795,#4796,#4797),(#4798,#4799,#4800,#4801)),
 .UNSPECIFIED.,.F.,.F.,.F.,(4,4),(4,4),(0.,1.),(12.8518351253157,13.1626172931621),
 .UNSPECIFIED.);
#54=B_SPLINE_SURFACE_WITH_KNOTS('',3,3,((#4816,#4817,#4818,#4819,#4820,
#4821,#4822),(#4823,#4824,#4825,#4826,#4827,#4828,#4829),(#4830,#4831,#4832,
#4833,#4834,#4835,#4836),(#4837,#4838,#4839,#4840,#4841,#4842,#4843)),
 .UNSPECIFIED.,.F.,.F.,.F.,(4,4),(4,1,1,1,4),(0.,1.),(10.7719947882235,
11.7507434839143,12.4032426143749,12.7294921796051,13.0557417448354),
 .UNSPECIFIED.);
#55=B_SPLINE_SURFACE_WITH_KNOTS('',3,3,((#4855,#4856,#4857,#4858),(#4859,
#4860,#4861,#4862),(#4863,#4864,#4865,#4866),(#4867,#4868,#4869,#4870)),
 .UNSPECIFIED.,.F.,.F.,.F.,(4,4),(4,4),(0.,1.),(9.45659240712,9.76514477267933),
 .UNSPECIFIED.);
#56=B_SPLINE_SURFACE_WITH_KNOTS('',3,3,((#4974,#4975,#4976,#4977),(#4978,
#4979,#4980,#4981),(#4982,#4983,#4984,#4985),(#4986,#4987,#4988,#4989),
(#4990,#4991,#4992,#4993)),.UNSPECIFIED.,.F.,.F.,.F.,(4,1,4),(4,4),(0.,
0.571428571428571,1.),(-0.505944236244635,-0.407429700244466),
 .UNSPECIFIED.);
#57=B_SPLINE_SURFACE_WITH_KNOTS('',3,3,((#5044,#5045,#5046,#5047),(#5048,
#5049,#5050,#5051),(#5052,#5053,#5054,#5055),(#5056,#5057,#5058,#5059),
(#5060,#5061,#5062,#5063)),.UNSPECIFIED.,.F.,.F.,.F.,(4,1,4),(4,4),(0.,
0.571428571428571,1.),(-0.0890547836136376,0.),.UNSPECIFIED.);
#58=B_SPLINE_SURFACE_WITH_KNOTS('',3,3,((#5183,#5184,#5185,#5186),(#5187,
#5188,#5189,#5190),(#5191,#5192,#5193,#5194),(#5195,#5196,#5197,#5198),
(#5199,#5200,#5201,#5202)),.UNSPECIFIED.,.F.,.F.,.F.,(4,1,4),(4,4),(0.,
0.571428571428571,1.),(-3.78370291647646,-3.69467584225697),
 .UNSPECIFIED.);
#59=B_SPLINE_SURFACE_WITH_KNOTS('',3,3,((#5244,#5245,#5246,#5247),(#5248,
#5249,#5250,#5251),(#5252,#5253,#5254,#5255),(#5256,#5257,#5258,#5259),
(#5260,#5261,#5262,#5263)),.UNSPECIFIED.,.F.,.F.,.F.,(4,1,4),(4,4),(0.,
0.571428571428571,1.),(-0.0980357775209295,0.),.UNSPECIFIED.);
#60=B_SPLINE_SURFACE_WITH_KNOTS('',3,3,((#5409,#5410,#5411,#5412,#5413,
#5414,#5415),(#5416,#5417,#5418,#5419,#5420,#5421,#5422),(#5423,#5424,#5425,
#5426,#5427,#5428,#5429),(#5430,#5431,#5432,#5433,#5434,#5435,#5436)),
 .UNSPECIFIED.,.F.,.F.,.F.,(4,4),(4,1,1,1,4),(0.,1.),(29.4066756574562,
30.3228968020212,30.7810073743037,31.6972285188687,32.6134496634337),
 .UNSPECIFIED.);
#61=B_SPLINE_SURFACE_WITH_KNOTS('',3,3,((#5470,#5471,#5472,#5473),(#5474,
#5475,#5476,#5477),(#5478,#5479,#5480,#5481),(#5482,#5483,#5484,#5485)),
 .UNSPECIFIED.,.F.,.F.,.F.,(4,4),(4,4),(0.502561261847331,1.),(29.7269384645807,
30.0245964245555),.UNSPECIFIED.);
#62=B_SPLINE_SURFACE_WITH_KNOTS('',3,3,((#5490,#5491,#5492,#5493,#5494,
#5495,#5496,#5497,#5498,#5499,#5500,#5501),(#5502,#5503,#5504,#5505,#5506,
#5507,#5508,#5509,#5510,#5511,#5512,#5513),(#5514,#5515,#5516,#5517,#5518,
#5519,#5520,#5521,#5522,#5523,#5524,#5525),(#5526,#5527,#5528,#5529,#5530,
#5531,#5532,#5533,#5534,#5535,#5536,#5537),(#5538,#5539,#5540,#5541,#5542,
#5543,#5544,#5545,#5546,#5547,#5548,#5549)),.UNSPECIFIED.,.F.,.F.,.F.,(4,
1,4),(4,1,1,1,1,1,1,2,4),(0.,0.571428571428571,1.),(0.,0.0586478428133455,
0.117295685626691,0.175943528440037,0.205267449846709,0.234591371253382,
0.263915292660055,0.293239214066728,0.294077957862958),.UNSPECIFIED.);
#63=B_SPLINE_SURFACE_WITH_KNOTS('',3,3,((#5577,#5578,#5579,#5580,#5581,
#5582,#5583,#5584,#5585,#5586,#5587,#5588),(#5589,#5590,#5591,#5592,#5593,
#5594,#5595,#5596,#5597,#5598,#5599,#5600),(#5601,#5602,#5603,#5604,#5605,
#5606,#5607,#5608,#5609,#5610,#5611,#5612),(#5613,#5614,#5615,#5616,#5617,
#5618,#5619,#5620,#5621,#5622,#5623,#5624),(#5625,#5626,#5627,#5628,#5629,
#5630,#5631,#5632,#5633,#5634,#5635,#5636)),.UNSPECIFIED.,.F.,.F.,.F.,(4,
1,4),(4,1,1,1,1,1,1,2,4),(0.,0.571428571428571,1.),(4.48656504234841E-17,
0.0585476150110474,0.087821422516571,0.117095230022095,0.146369037527618,
0.175642845033142,0.234190460044189,0.292738075055237,0.293584515570439),
 .UNSPECIFIED.);
#64=B_SPLINE_SURFACE_WITH_KNOTS('',3,3,((#5728,#5729,#5730,#5731),(#5732,
#5733,#5734,#5735),(#5736,#5737,#5738,#5739),(#5740,#5741,#5742,#5743)),
 .UNSPECIFIED.,.F.,.F.,.F.,(4,4),(4,4),(0.502561265165116,1.),(35.2201187638297,
35.517748365107),.UNSPECIFIED.);
#65=B_SPLINE_SURFACE_WITH_KNOTS('',3,3,((#5744,#5745,#5746,#5747,#5748,
#5749),(#5750,#5751,#5752,#5753,#5754,#5755),(#5756,#5757,#5758,#5759,#5760,
#5761),(#5762,#5763,#5764,#5765,#5766,#5767)),.UNSPECIFIED.,.F.,.F.,.F.,
(4,4),(4,1,1,4),(0.,1.),(32.631341269408,34.0057307229973,34.9219903587235,
35.8382499944496),.UNSPECIFIED.);
#66=B_SPLINE_SURFACE_WITH_KNOTS('',3,3,((#5781,#5782,#5783,#5784,#5785,
#5786,#5787,#5788,#5789,#5790,#5791,#5792,#5793),(#5794,#5795,#5796,#5797,
#5798,#5799,#5800,#5801,#5802,#5803,#5804,#5805,#5806),(#5807,#5808,#5809,
#5810,#5811,#5812,#5813,#5814,#5815,#5816,#5817,#5818,#5819),(#5820,#5821,
#5822,#5823,#5824,#5825,#5826,#5827,#5828,#5829,#5830,#5831,#5832),(#5833,
#5834,#5835,#5836,#5837,#5838,#5839,#5840,#5841,#5842,#5843,#5844,#5845),
(#5846,#5847,#5848,#5849,#5850,#5851,#5852,#5853,#5854,#5855,#5856,#5857,
#5858)),.UNSPECIFIED.,.F.,.F.,.F.,(4,1,1,4),(4,1,1,1,1,1,1,1,2,4),(0.,0.285714285714286,
0.571428571428571,1.),(-1.04018929298155,-0.936170363683397,-0.832151434385242,
-0.624113575788931,-0.416075717192621,-0.312056787894466,-0.208037858596311,
-0.104018929298155,0.,0.00163858187875715),.UNSPECIFIED.);
#67=B_SPLINE_SURFACE_WITH_KNOTS('',3,3,((#5896,#5897,#5898,#5899,#5900,
#5901,#5902,#5903,#5904,#5905,#5906,#5907,#5908),(#5909,#5910,#5911,#5912,
#5913,#5914,#5915,#5916,#5917,#5918,#5919,#5920,#5921),(#5922,#5923,#5924,
#5925,#5926,#5927,#5928,#5929,#5930,#5931,#5932,#5933,#5934),(#5935,#5936,
#5937,#5938,#5939,#5940,#5941,#5942,#5943,#5944,#5945,#5946,#5947),(#5948,
#5949,#5950,#5951,#5952,#5953,#5954,#5955,#5956,#5957,#5958,#5959,#5960),
(#5961,#5962,#5963,#5964,#5965,#5966,#5967,#5968,#5969,#5970,#5971,#5972,
#5973)),.UNSPECIFIED.,.F.,.F.,.F.,(4,1,1,4),(4,1,1,1,1,1,1,1,2,4),(0.,0.285714285714286,
0.571428571428571,1.),(0.,0.104020309387041,0.208040618774083,0.312060928161124,
0.416081237548165,0.520101546935207,0.624121856322248,0.832162475096331,
1.04020309387041,1.04182464439388),.UNSPECIFIED.);
#68=B_SPLINE_SURFACE_WITH_KNOTS('',3,3,((#6011,#6012,#6013,#6014,#6015,
#6016,#6017,#6018,#6019,#6020),(#6021,#6022,#6023,#6024,#6025,#6026,#6027,
#6028,#6029,#6030),(#6031,#6032,#6033,#6034,#6035,#6036,#6037,#6038,#6039,
#6040),(#6041,#6042,#6043,#6044,#6045,#6046,#6047,#6048,#6049,#6050),(#6051,
#6052,#6053,#6054,#6055,#6056,#6057,#6058,#6059,#6060)),.UNSPECIFIED.,.F.,
 .F.,.F.,(4,1,4),(4,2,1,1,1,1,4),(0.,0.571428571428571,1.),(-0.249575804979649,
-0.248631922305258,-0.198905537844207,-0.0994527689221034,-0.0497263844610517,
-0.0248631922305259,0.),.UNSPECIFIED.);
#69=B_SPLINE_SURFACE_WITH_KNOTS('',3,3,((#6088,#6089,#6090,#6091,#6092,
#6093,#6094,#6095,#6096,#6097,#6098,#6099,#6100,#6101,#6102),(#6103,#6104,
#6105,#6106,#6107,#6108,#6109,#6110,#6111,#6112,#6113,#6114,#6115,#6116,
#6117),(#6118,#6119,#6120,#6121,#6122,#6123,#6124,#6125,#6126,#6127,#6128,
#6129,#6130,#6131,#6132),(#6133,#6134,#6135,#6136,#6137,#6138,#6139,#6140,
#6141,#6142,#6143,#6144,#6145,#6146,#6147),(#6148,#6149,#6150,#6151,#6152,
#6153,#6154,#6155,#6156,#6157,#6158,#6159,#6160,#6161,#6162)),
 .UNSPECIFIED.,.F.,.F.,.F.,(4,1,4),(4,2,1,1,1,1,1,1,1,1,1,4),(0.,0.571428571428571,
1.),(-1.06434191030561,-1.06259492825995,-0.956335435433958,-0.850075942607963,
-0.743816449781967,-0.637556956955972,-0.531297464129977,-0.425037971303981,
-0.318778478477986,-0.212518985651991,-0.106259492825995,0.),
 .UNSPECIFIED.);
#70=B_SPLINE_SURFACE_WITH_KNOTS('',3,3,((#6244,#6245,#6246,#6247,#6248,
#6249,#6250,#6251,#6252,#6253),(#6254,#6255,#6256,#6257,#6258,#6259,#6260,
#6261,#6262,#6263),(#6264,#6265,#6266,#6267,#6268,#6269,#6270,#6271,#6272,
#6273),(#6274,#6275,#6276,#6277,#6278,#6279,#6280,#6281,#6282,#6283),(#6284,
#6285,#6286,#6287,#6288,#6289,#6290,#6291,#6292,#6293)),.UNSPECIFIED.,.F.,
 .F.,.F.,(4,1,4),(4,2,1,1,1,1,4),(0.,0.571428571428571,1.),(-0.000943603560982906,
0.,0.0497264408959721,0.149179322687916,0.198905763583888,0.223768984031874,
0.248632204479861),.UNSPECIFIED.);
#71=B_SPLINE_SURFACE_WITH_KNOTS('',3,3,((#6321,#6322,#6323,#6324,#6325,
#6326,#6327,#6328,#6329,#6330,#6331),(#6332,#6333,#6334,#6335,#6336,#6337,
#6338,#6339,#6340,#6341,#6342),(#6343,#6344,#6345,#6346,#6347,#6348,#6349,
#6350,#6351,#6352,#6353),(#6354,#6355,#6356,#6357,#6358,#6359,#6360,#6361,
#6362,#6363,#6364),(#6365,#6366,#6367,#6368,#6369,#6370,#6371,#6372,#6373,
#6374,#6375)),.UNSPECIFIED.,.F.,.F.,.F.,(4,1,4),(4,2,1,1,1,1,1,4),(0.,0.571428571428571,
1.),(-0.00173854950903944,0.,0.212519941069958,0.637559823209873,0.743819793744852,
0.850079764279831,0.95633973481481,1.06259970534979),.UNSPECIFIED.);
#72=B_SPLINE_SURFACE_WITH_KNOTS('',3,3,((#6451,#6452,#6453,#6454,#6455),
(#6456,#6457,#6458,#6459,#6460),(#6461,#6462,#6463,#6464,#6465),(#6466,
#6467,#6468,#6469,#6470),(#6471,#6472,#6473,#6474,#6475)),.UNSPECIFIED.,
 .F.,.F.,.F.,(4,1,4),(4,1,4),(0.,0.571428571428571,1.),(-2.57553725505551,
-1.57948203797797,-0.251408415207921),.UNSPECIFIED.);
#73=B_SPLINE_SURFACE_WITH_KNOTS('',3,3,((#6509,#6510,#6511,#6512,#6513,
#6514,#6515,#6516,#6517,#6518),(#6519,#6520,#6521,#6522,#6523,#6524,#6525,
#6526,#6527,#6528),(#6529,#6530,#6531,#6532,#6533,#6534,#6535,#6536,#6537,
#6538),(#6539,#6540,#6541,#6542,#6543,#6544,#6545,#6546,#6547,#6548)),
 .UNSPECIFIED.,.F.,.F.,.F.,(4,4),(4,1,1,1,1,1,1,4),(0.,1.),(-2.36938376395918,
-1.91471443657487,-1.61160155165199,-1.46004510919055,-1.38426688795983,
-1.34637777734447,-1.32743322203679,-1.30848866672911),.UNSPECIFIED.);
#74=B_SPLINE_SURFACE_WITH_KNOTS('',3,3,((#6555,#6556,#6557,#6558),(#6559,
#6560,#6561,#6562),(#6563,#6564,#6565,#6566),(#6567,#6568,#6569,#6570)),
 .UNSPECIFIED.,.F.,.F.,.F.,(4,4),(4,4),(0.,1.),(-0.903815936995221,-0.200160450574505),
 .UNSPECIFIED.);
#75=B_SPLINE_SURFACE_WITH_KNOTS('',3,3,((#6591,#6592,#6593,#6594,#6595,
#6596),(#6597,#6598,#6599,#6600,#6601,#6602),(#6603,#6604,#6605,#6606,#6607,
#6608),(#6609,#6610,#6611,#6612,#6613,#6614)),.UNSPECIFIED.,.F.,.F.,.F.,
(4,4),(4,2,4),(0.,1.),(-0.00133861501460381,0.,0.220187959167651),
 .UNSPECIFIED.);
#76=CYLINDRICAL_SURFACE('',#2506,19.2987017548196);
#77=CYLINDRICAL_SURFACE('',#2507,74.3117307999584);
#78=CYLINDRICAL_SURFACE('',#2508,74.3117307999584);
#79=CYLINDRICAL_SURFACE('',#2509,31.624721667197);
#80=CYLINDRICAL_SURFACE('',#2515,77.2617307999584);
#81=CYLINDRICAL_SURFACE('',#2516,15.4569085489085);
#82=CYLINDRICAL_SURFACE('',#2522,5.);
#83=CYLINDRICAL_SURFACE('',#2540,19.7736579801953);
#84=CYLINDRICAL_SURFACE('',#2541,13.5624369943359);
#85=CYLINDRICAL_SURFACE('',#2545,36.6780216866113);
#86=CYLINDRICAL_SURFACE('',#2546,36.6780216866113);
#87=CYLINDRICAL_SURFACE('',#2547,36.6780216866113);
#88=CYLINDRICAL_SURFACE('',#2548,19.7736579801953);
#89=CYLINDRICAL_SURFACE('',#2549,36.6780216866113);
#90=CYLINDRICAL_SURFACE('',#2550,13.5624369943359);
#91=CYLINDRICAL_SURFACE('',#2553,74.3117307999584);
#92=CYLINDRICAL_SURFACE('',#2554,74.3117307999584);
#93=CYLINDRICAL_SURFACE('',#2592,27.3998252373895);
#94=CYLINDRICAL_SURFACE('',#2593,6.99999999999994);
#95=CYLINDRICAL_SURFACE('',#2594,31.7478308062457);
#96=CYLINDRICAL_SURFACE('',#2595,6.99999999999996);
#97=CYLINDRICAL_SURFACE('',#2596,33.5051211164802);
#98=CYLINDRICAL_SURFACE('',#2597,6.99999999999998);
#99=CYLINDRICAL_SURFACE('',#2598,27.3998252373895);
#100=CYLINDRICAL_SURFACE('',#2628,27.3998252373896);
#101=CYLINDRICAL_SURFACE('',#2629,6.99999999999998);
#102=CYLINDRICAL_SURFACE('',#2630,33.5051211164802);
#103=CYLINDRICAL_SURFACE('',#2631,6.99999999999994);
#104=CYLINDRICAL_SURFACE('',#2632,31.7478308062457);
#105=CYLINDRICAL_SURFACE('',#2633,6.99999999999994);
#106=CYLINDRICAL_SURFACE('',#2634,27.3998252373896);
#107=CYLINDRICAL_SURFACE('',#2636,12.);
#108=CYLINDRICAL_SURFACE('',#2637,12.);
#109=CYLINDRICAL_SURFACE('',#2638,66.232066789472);
#110=CYLINDRICAL_SURFACE('',#2640,12.);
#111=CYLINDRICAL_SURFACE('',#2652,2.);
#112=CYLINDRICAL_SURFACE('',#2653,22.8035088417815);
#113=CYLINDRICAL_SURFACE('',#2654,1.99999999999999);
#114=CYLINDRICAL_SURFACE('',#2656,15.0993116817598);
#115=CYLINDRICAL_SURFACE('',#2659,18.7591201615813);
#116=CYLINDRICAL_SURFACE('',#2660,18.7591201615813);
#117=CYLINDRICAL_SURFACE('',#2661,57.6305584254121);
#118=CYLINDRICAL_SURFACE('',#2662,85.5444304484525);
#119=CYLINDRICAL_SURFACE('',#2664,37.7305082021962);
#120=CYLINDRICAL_SURFACE('',#2665,50.1457741734514);
#121=CYLINDRICAL_SURFACE('',#2666,56.1713201541172);
#122=CYLINDRICAL_SURFACE('',#2667,37.7305082021962);
#123=CYLINDRICAL_SURFACE('',#2668,56.1713201541213);
#124=CYLINDRICAL_SURFACE('',#2669,50.145774173457);
#125=CYLINDRICAL_SURFACE('',#2671,5.);
#126=CYLINDRICAL_SURFACE('',#2680,5.);
#127=CYLINDRICAL_SURFACE('',#2683,1.);
#128=CYLINDRICAL_SURFACE('',#2685,1.);
#129=CYLINDRICAL_SURFACE('',#2690,56.9356407983774);
#130=CYLINDRICAL_SURFACE('',#2694,3.);
#131=CYLINDRICAL_SURFACE('',#2696,2.);
#132=CYLINDRICAL_SURFACE('',#2698,1.);
#133=CYLINDRICAL_SURFACE('',#2700,1.);
#134=CYLINDRICAL_SURFACE('',#2704,51.9356407983774);
#135=CYLINDRICAL_SURFACE('',#2707,2.);
#136=CYLINDRICAL_SURFACE('',#2713,56.9356407983774);
#137=CYLINDRICAL_SURFACE('',#2716,51.9356407983774);
#138=CYLINDRICAL_SURFACE('',#2720,3.);
#139=CYLINDRICAL_SURFACE('',#2724,31.624721667197);
#140=CYLINDRICAL_SURFACE('',#2726,58.5725887909513);
#141=CIRCLE('',#2502,19.7736579801953);
#142=CIRCLE('',#2505,19.2987017548196);
#143=CIRCLE('',#2510,31.624721667197);
#144=CIRCLE('',#2511,31.624721667197);
#145=CIRCLE('',#2512,31.624721667197);
#146=CIRCLE('',#2513,31.624721667197);
#147=CIRCLE('',#2514,31.624721667197);
#148=CIRCLE('',#2517,15.4569085489085);
#149=CIRCLE('',#2518,5.);
#150=CIRCLE('',#2519,5.);
#151=CIRCLE('',#2520,39.9337912824499);
#152=CIRCLE('',#2521,61.8293712895452);
#153=CIRCLE('',#2523,5.);
#154=CIRCLE('',#2524,5.);
#155=CIRCLE('',#2525,39.9337912824499);
#156=CIRCLE('',#2527,5.);
#157=CIRCLE('',#2528,8.56243699433595);
#158=CIRCLE('',#2529,36.6780216866113);
#159=CIRCLE('',#2530,36.6780216866113);
#160=CIRCLE('',#2531,8.56243699433595);
#161=CIRCLE('',#2532,5.);
#162=CIRCLE('',#2533,19.7736579801953);
#163=CIRCLE('',#2534,36.6780216866113);
#164=CIRCLE('',#2535,36.6780216866113);
#165=CIRCLE('',#2536,19.7736579801953);
#166=CIRCLE('',#2538,5.);
#167=CIRCLE('',#2539,13.5624369943359);
#168=CIRCLE('',#2543,5.);
#169=CIRCLE('',#2544,13.5624369943359);
#170=CIRCLE('',#2551,13.5624369943359);
#171=CIRCLE('',#2555,1.30006218943956);
#172=CIRCLE('',#2556,6.3);
#173=CIRCLE('',#2557,6.325);
#174=CIRCLE('',#2559,1.30006218943955);
#175=CIRCLE('',#2560,6.3);
#176=CIRCLE('',#2561,6.325);
#177=CIRCLE('',#2564,2.3);
#178=CIRCLE('',#2565,6.99999999999994);
#179=CIRCLE('',#2566,2.3);
#180=CIRCLE('',#2567,4.69999999999994);
#181=CIRCLE('',#2569,25.0998252373895);
#182=CIRCLE('',#2570,27.3998252373895);
#183=CIRCLE('',#2571,2.3);
#184=CIRCLE('',#2573,27.3998252373895);
#185=CIRCLE('',#2574,2.3);
#186=CIRCLE('',#2575,25.0998252373895);
#187=CIRCLE('',#2577,2.29999999999999);
#188=CIRCLE('',#2578,4.69999999999998);
#189=CIRCLE('',#2579,6.99999999999998);
#190=CIRCLE('',#2581,2.30000000000003);
#191=CIRCLE('',#2582,31.2051211164802);
#192=CIRCLE('',#2583,33.5051211164802);
#193=CIRCLE('',#2585,2.30000000000001);
#194=CIRCLE('',#2586,4.69999999999996);
#195=CIRCLE('',#2587,6.99999999999996);
#196=CIRCLE('',#2589,2.3);
#197=CIRCLE('',#2590,29.4478308062457);
#198=CIRCLE('',#2591,31.7478308062457);
#199=CIRCLE('',#2600,2.3);
#200=CIRCLE('',#2601,31.7478308062457);
#201=CIRCLE('',#2602,2.29999999999997);
#202=CIRCLE('',#2603,29.4478308062457);
#203=CIRCLE('',#2605,2.29999999999999);
#204=CIRCLE('',#2606,4.69999999999995);
#205=CIRCLE('',#2607,6.99999999999994);
#206=CIRCLE('',#2609,2.29999999999999);
#207=CIRCLE('',#2610,31.2051211164802);
#208=CIRCLE('',#2611,33.5051211164802);
#209=CIRCLE('',#2613,2.3);
#210=CIRCLE('',#2614,4.69999999999998);
#211=CIRCLE('',#2615,6.99999999999998);
#212=CIRCLE('',#2617,25.0998252373896);
#213=CIRCLE('',#2618,27.3998252373896);
#214=CIRCLE('',#2619,2.3);
#215=CIRCLE('',#2621,2.30000000000001);
#216=CIRCLE('',#2622,25.0998252373896);
#217=CIRCLE('',#2623,27.3998252373896);
#218=CIRCLE('',#2625,2.3);
#219=CIRCLE('',#2626,4.69999999999994);
#220=CIRCLE('',#2627,6.99999999999994);
#221=CIRCLE('',#2641,2.00000000000001);
#222=CIRCLE('',#2642,2.);
#223=CIRCLE('',#2644,3.49999999999956);
#224=CIRCLE('',#2645,11.9569085489085);
#225=CIRCLE('',#2647,11.5993116817598);
#226=CIRCLE('',#2648,15.0993116817598);
#227=CIRCLE('',#2650,19.3035088417815);
#228=CIRCLE('',#2651,22.8035088417815);
#229=CIRCLE('',#2658,39.9337912824499);
#230=CIRCLE('',#2670,1.);
#231=CIRCLE('',#2673,56.9356407983774);
#232=CIRCLE('',#2674,51.9356407983774);
#233=CIRCLE('',#2676,0.999999999999999);
#234=CIRCLE('',#2678,51.9356407983774);
#235=CIRCLE('',#2679,56.9356407983774);
#236=CIRCLE('',#2682,0.999999999999998);
#237=CIRCLE('',#2684,0.999999999999996);
#238=CIRCLE('',#2686,1.);
#239=CIRCLE('',#2688,51.9356407983774);
#240=CIRCLE('',#2691,56.9356407983774);
#241=CIRCLE('',#2693,54.9356407983774);
#242=CIRCLE('',#2697,0.999999999999981);
#243=CIRCLE('',#2699,1.);
#244=CIRCLE('',#2701,1.);
#245=CIRCLE('',#2703,51.9356407983774);
#246=CIRCLE('',#2705,51.9356407983774);
#247=CIRCLE('',#2709,54.9356407983774);
#248=CIRCLE('',#2711,56.9356407983774);
#249=CIRCLE('',#2715,51.9356407983774);
#250=CIRCLE('',#2717,2.99999999999999);
#251=CIRCLE('',#2725,31.624721667197);
#252=PLANE('',#2501);
#253=PLANE('',#2503);
#254=PLANE('',#2504);
#255=PLANE('',#2526);
#256=PLANE('',#2552);
#257=PLANE('',#2558);
#258=PLANE('',#2562);
#259=PLANE('',#2635);
#260=PLANE('',#2639);
#261=PLANE('',#2655);
#262=PLANE('',#2657);
#263=PLANE('',#2663);
#264=PLANE('',#2675);
#265=PLANE('',#2681);
#266=PLANE('',#2687);
#267=PLANE('',#2689);
#268=PLANE('',#2702);
#269=PLANE('',#2706);
#270=PLANE('',#2712);
#271=PLANE('',#2718);
#272=PLANE('',#2721);
#273=PLANE('',#2722);
#274=PLANE('',#2723);
#275=FACE_OUTER_BOUND('',#426,.T.);
#276=FACE_OUTER_BOUND('',#427,.T.);
#277=FACE_OUTER_BOUND('',#428,.T.);
#278=FACE_OUTER_BOUND('',#429,.T.);
#279=FACE_OUTER_BOUND('',#430,.T.);
#280=FACE_OUTER_BOUND('',#431,.T.);
#281=FACE_OUTER_BOUND('',#432,.T.);
#282=FACE_OUTER_BOUND('',#433,.T.);
#283=FACE_OUTER_BOUND('',#434,.T.);
#284=FACE_OUTER_BOUND('',#435,.T.);
#285=FACE_OUTER_BOUND('',#436,.T.);
#286=FACE_OUTER_BOUND('',#437,.T.);
#287=FACE_OUTER_BOUND('',#438,.T.);
#288=FACE_OUTER_BOUND('',#439,.T.);
#289=FACE_OUTER_BOUND('',#442,.T.);
#290=FACE_OUTER_BOUND('',#443,.T.);
#291=FACE_OUTER_BOUND('',#444,.T.);
#292=FACE_OUTER_BOUND('',#445,.T.);
#293=FACE_OUTER_BOUND('',#448,.T.);
#294=FACE_OUTER_BOUND('',#449,.T.);
#295=FACE_OUTER_BOUND('',#450,.T.);
#296=FACE_OUTER_BOUND('',#451,.T.);
#297=FACE_OUTER_BOUND('',#452,.T.);
#298=FACE_OUTER_BOUND('',#453,.T.);
#299=FACE_OUTER_BOUND('',#454,.T.);
#300=FACE_OUTER_BOUND('',#455,.T.);
#301=FACE_OUTER_BOUND('',#456,.T.);
#302=FACE_OUTER_BOUND('',#457,.T.);
#303=FACE_OUTER_BOUND('',#458,.T.);
#304=FACE_OUTER_BOUND('',#459,.T.);
#305=FACE_OUTER_BOUND('',#460,.T.);
#306=FACE_OUTER_BOUND('',#461,.T.);
#307=FACE_OUTER_BOUND('',#462,.T.);
#308=FACE_OUTER_BOUND('',#463,.T.);
#309=FACE_OUTER_BOUND('',#464,.T.);
#310=FACE_OUTER_BOUND('',#465,.T.);
#311=FACE_OUTER_BOUND('',#466,.T.);
#312=FACE_OUTER_BOUND('',#467,.T.);
#313=FACE_OUTER_BOUND('',#468,.T.);
#314=FACE_OUTER_BOUND('',#469,.T.);
#315=FACE_OUTER_BOUND('',#470,.T.);
#316=FACE_OUTER_BOUND('',#471,.T.);
#317=FACE_OUTER_BOUND('',#472,.T.);
#318=FACE_OUTER_BOUND('',#473,.T.);
#319=FACE_OUTER_BOUND('',#474,.T.);
#320=FACE_OUTER_BOUND('',#475,.T.);
#321=FACE_OUTER_BOUND('',#476,.T.);
#322=FACE_OUTER_BOUND('',#477,.T.);
#323=FACE_OUTER_BOUND('',#478,.T.);
#324=FACE_OUTER_BOUND('',#479,.T.);
#325=FACE_OUTER_BOUND('',#480,.T.);
#326=FACE_OUTER_BOUND('',#481,.T.);
#327=FACE_OUTER_BOUND('',#482,.T.);
#328=FACE_OUTER_BOUND('',#483,.T.);
#329=FACE_OUTER_BOUND('',#484,.T.);
#330=FACE_OUTER_BOUND('',#485,.T.);
#331=FACE_OUTER_BOUND('',#486,.T.);
#332=FACE_OUTER_BOUND('',#487,.T.);
#333=FACE_OUTER_BOUND('',#488,.T.);
#334=FACE_OUTER_BOUND('',#489,.T.);
#335=FACE_OUTER_BOUND('',#490,.T.);
#336=FACE_OUTER_BOUND('',#491,.T.);
#337=FACE_OUTER_BOUND('',#492,.T.);
#338=FACE_OUTER_BOUND('',#493,.T.);
#339=FACE_OUTER_BOUND('',#494,.T.);
#340=FACE_OUTER_BOUND('',#495,.T.);
#341=FACE_OUTER_BOUND('',#496,.T.);
#342=FACE_OUTER_BOUND('',#497,.T.);
#343=FACE_OUTER_BOUND('',#498,.T.);
#344=FACE_OUTER_BOUND('',#499,.T.);
#345=FACE_OUTER_BOUND('',#500,.T.);
#346=FACE_OUTER_BOUND('',#501,.T.);
#347=FACE_OUTER_BOUND('',#502,.T.);
#348=FACE_OUTER_BOUND('',#503,.T.);
#349=FACE_OUTER_BOUND('',#505,.T.);
#350=FACE_OUTER_BOUND('',#506,.T.);
#351=FACE_OUTER_BOUND('',#507,.T.);
#352=FACE_OUTER_BOUND('',#508,.T.);
#353=FACE_OUTER_BOUND('',#509,.T.);
#354=FACE_OUTER_BOUND('',#511,.T.);
#355=FACE_OUTER_BOUND('',#512,.T.);
#356=FACE_OUTER_BOUND('',#513,.T.);
#357=FACE_OUTER_BOUND('',#514,.T.);
#358=FACE_OUTER_BOUND('',#515,.T.);
#359=FACE_OUTER_BOUND('',#516,.T.);
#360=FACE_OUTER_BOUND('',#517,.T.);
#361=FACE_OUTER_BOUND('',#518,.T.);
#362=FACE_OUTER_BOUND('',#519,.T.);
#363=FACE_OUTER_BOUND('',#520,.T.);
#364=FACE_OUTER_BOUND('',#521,.T.);
#365=FACE_OUTER_BOUND('',#522,.T.);
#366=FACE_OUTER_BOUND('',#523,.T.);
#367=FACE_OUTER_BOUND('',#524,.T.);
#368=FACE_OUTER_BOUND('',#525,.T.);
#369=FACE_OUTER_BOUND('',#526,.T.);
#370=FACE_OUTER_BOUND('',#527,.T.);
#371=FACE_OUTER_BOUND('',#528,.T.);
#372=FACE_OUTER_BOUND('',#529,.T.);
#373=FACE_OUTER_BOUND('',#530,.T.);
#374=FACE_OUTER_BOUND('',#531,.T.);
#375=FACE_OUTER_BOUND('',#532,.T.);
#376=FACE_OUTER_BOUND('',#533,.T.);
#377=FACE_OUTER_BOUND('',#534,.T.);
#378=FACE_OUTER_BOUND('',#535,.T.);
#379=FACE_OUTER_BOUND('',#536,.T.);
#380=FACE_OUTER_BOUND('',#537,.T.);
#381=FACE_OUTER_BOUND('',#538,.T.);
#382=FACE_OUTER_BOUND('',#539,.T.);
#383=FACE_OUTER_BOUND('',#540,.T.);
#384=FACE_OUTER_BOUND('',#541,.T.);
#385=FACE_OUTER_BOUND('',#542,.T.);
#386=FACE_OUTER_BOUND('',#543,.T.);
#387=FACE_OUTER_BOUND('',#544,.T.);
#388=FACE_OUTER_BOUND('',#545,.T.);
#389=FACE_OUTER_BOUND('',#546,.T.);
#390=FACE_OUTER_BOUND('',#547,.T.);
#391=FACE_OUTER_BOUND('',#548,.T.);
#392=FACE_OUTER_BOUND('',#549,.T.);
#393=FACE_OUTER_BOUND('',#550,.T.);
#394=FACE_OUTER_BOUND('',#551,.T.);
#395=FACE_OUTER_BOUND('',#552,.T.);
#396=FACE_OUTER_BOUND('',#553,.T.);
#397=FACE_OUTER_BOUND('',#554,.T.);
#398=FACE_OUTER_BOUND('',#555,.T.);
#399=FACE_OUTER_BOUND('',#556,.T.);
#400=FACE_OUTER_BOUND('',#557,.T.);
#401=FACE_OUTER_BOUND('',#558,.T.);
#402=FACE_OUTER_BOUND('',#559,.T.);
#403=FACE_OUTER_BOUND('',#560,.T.);
#404=FACE_OUTER_BOUND('',#561,.T.);
#405=FACE_OUTER_BOUND('',#562,.T.);
#406=FACE_OUTER_BOUND('',#563,.T.);
#407=FACE_OUTER_BOUND('',#564,.T.);
#408=FACE_OUTER_BOUND('',#565,.T.);
#409=FACE_OUTER_BOUND('',#566,.T.);
#410=FACE_OUTER_BOUND('',#567,.T.);
#411=FACE_OUTER_BOUND('',#568,.T.);
#412=FACE_OUTER_BOUND('',#569,.T.);
#413=FACE_OUTER_BOUND('',#570,.T.);
#414=FACE_OUTER_BOUND('',#571,.T.);
#415=FACE_OUTER_BOUND('',#572,.T.);
#416=FACE_OUTER_BOUND('',#573,.T.);
#417=FACE_OUTER_BOUND('',#574,.T.);
#418=FACE_OUTER_BOUND('',#575,.T.);
#419=FACE_OUTER_BOUND('',#576,.T.);
#420=FACE_OUTER_BOUND('',#577,.T.);
#421=FACE_OUTER_BOUND('',#578,.T.);
#422=FACE_OUTER_BOUND('',#579,.T.);
#423=FACE_OUTER_BOUND('',#580,.T.);
#424=FACE_OUTER_BOUND('',#581,.T.);
#425=FACE_OUTER_BOUND('',#582,.T.);
#426=EDGE_LOOP('',(#1554,#1555,#1556,#1557,#1558,#1559,#1560,#1561,#1562,
#1563,#1564,#1565));
#427=EDGE_LOOP('',(#1566,#1567,#1568));
#428=EDGE_LOOP('',(#1569,#1570));
#429=EDGE_LOOP('',(#1571,#1572,#1573));
#430=EDGE_LOOP('',(#1574,#1575,#1576,#1577,#1578,#1579));
#431=EDGE_LOOP('',(#1580,#1581,#1582));
#432=EDGE_LOOP('',(#1583,#1584,#1585,#1586));
#433=EDGE_LOOP('',(#1587,#1588,#1589,#1590,#1591,#1592));
#434=EDGE_LOOP('',(#1593,#1594,#1595,#1596,#1597,#1598,#1599,#1600,#1601,
#1602,#1603,#1604,#1605,#1606,#1607,#1608,#1609));
#435=EDGE_LOOP('',(#1610,#1611,#1612));
#436=EDGE_LOOP('',(#1613,#1614,#1615,#1616,#1617,#1618,#1619,#1620,#1621));
#437=EDGE_LOOP('',(#1622,#1623,#1624,#1625));
#438=EDGE_LOOP('',(#1626,#1627,#1628,#1629));
#439=EDGE_LOOP('',(#1630,#1631,#1632,#1633,#1634,#1635,#1636,#1637,#1638,
#1639,#1640,#1641,#1642,#1643,#1644,#1645,#1646,#1647,#1648,#1649));
#440=EDGE_LOOP('',(#1650,#1651,#1652,#1653));
#441=EDGE_LOOP('',(#1654,#1655,#1656,#1657,#1658,#1659,#1660,#1661,#1662,
#1663,#1664,#1665,#1666,#1667,#1668,#1669,#1670));
#442=EDGE_LOOP('',(#1671,#1672,#1673,#1674,#1675,#1676));
#443=EDGE_LOOP('',(#1677,#1678,#1679,#1680));
#444=EDGE_LOOP('',(#1681,#1682,#1683,#1684));
#445=EDGE_LOOP('',(#1685,#1686,#1687,#1688,#1689,#1690,#1691,#1692,#1693,
#1694,#1695,#1696,#1697,#1698,#1699,#1700,#1701,#1702,#1703,#1704,#1705,
#1706,#1707,#1708,#1709,#1710,#1711));
#446=EDGE_LOOP('',(#1712,#1713,#1714,#1715,#1716,#1717,#1718,#1719));
#447=EDGE_LOOP('',(#1720,#1721,#1722,#1723));
#448=EDGE_LOOP('',(#1724,#1725,#1726,#1727,#1728,#1729,#1730,#1731,#1732,
#1733,#1734,#1735,#1736,#1737,#1738,#1739,#1740));
#449=EDGE_LOOP('',(#1741,#1742,#1743,#1744,#1745));
#450=EDGE_LOOP('',(#1746,#1747,#1748));
#451=EDGE_LOOP('',(#1749,#1750,#1751,#1752,#1753,#1754,#1755,#1756,#1757,
#1758,#1759));
#452=EDGE_LOOP('',(#1760,#1761,#1762));
#453=EDGE_LOOP('',(#1763,#1764,#1765,#1766,#1767));
#454=EDGE_LOOP('',(#1768,#1769,#1770));
#455=EDGE_LOOP('',(#1771,#1772,#1773,#1774,#1775));
#456=EDGE_LOOP('',(#1776,#1777,#1778));
#457=EDGE_LOOP('',(#1779,#1780,#1781,#1782,#1783));
#458=EDGE_LOOP('',(#1784,#1785,#1786,#1787,#1788,#1789,#1790,#1791));
#459=EDGE_LOOP('',(#1792,#1793,#1794));
#460=EDGE_LOOP('',(#1795,#1796,#1797,#1798,#1799));
#461=EDGE_LOOP('',(#1800,#1801));
#462=EDGE_LOOP('',(#1802,#1803,#1804,#1805));
#463=EDGE_LOOP('',(#1806,#1807,#1808));
#464=EDGE_LOOP('',(#1809,#1810,#1811));
#465=EDGE_LOOP('',(#1812,#1813,#1814,#1815,#1816,#1817,#1818,#1819));
#466=EDGE_LOOP('',(#1820,#1821,#1822,#1823,#1824));
#467=EDGE_LOOP('',(#1825,#1826,#1827,#1828));
#468=EDGE_LOOP('',(#1829));
#469=EDGE_LOOP('',(#1830,#1831,#1832,#1833));
#470=EDGE_LOOP('',(#1834));
#471=EDGE_LOOP('',(#1835,#1836,#1837,#1838));
#472=EDGE_LOOP('',(#1839,#1840,#1841,#1842));
#473=EDGE_LOOP('',(#1843,#1844,#1845,#1846));
#474=EDGE_LOOP('',(#1847,#1848,#1849,#1850,#1851));
#475=EDGE_LOOP('',(#1852,#1853,#1854,#1855));
#476=EDGE_LOOP('',(#1856,#1857,#1858,#1859));
#477=EDGE_LOOP('',(#1860,#1861,#1862,#1863));
#478=EDGE_LOOP('',(#1864,#1865,#1866,#1867));
#479=EDGE_LOOP('',(#1868,#1869,#1870,#1871));
#480=EDGE_LOOP('',(#1872,#1873,#1874,#1875));
#481=EDGE_LOOP('',(#1876,#1877,#1878));
#482=EDGE_LOOP('',(#1879,#1880,#1881));
#483=EDGE_LOOP('',(#1882,#1883,#1884,#1885,#1886,#1887));
#484=EDGE_LOOP('',(#1888,#1889,#1890,#1891));
#485=EDGE_LOOP('',(#1892,#1893,#1894,#1895,#1896));
#486=EDGE_LOOP('',(#1897,#1898,#1899,#1900,#1901));
#487=EDGE_LOOP('',(#1902,#1903,#1904,#1905));
#488=EDGE_LOOP('',(#1906,#1907,#1908,#1909));
#489=EDGE_LOOP('',(#1910,#1911,#1912,#1913));
#490=EDGE_LOOP('',(#1914,#1915,#1916,#1917));
#491=EDGE_LOOP('',(#1918,#1919,#1920,#1921,#1922));
#492=EDGE_LOOP('',(#1923,#1924,#1925,#1926));
#493=EDGE_LOOP('',(#1927,#1928,#1929,#1930));
#494=EDGE_LOOP('',(#1931,#1932,#1933,#1934));
#495=EDGE_LOOP('',(#1935,#1936,#1937,#1938));
#496=EDGE_LOOP('',(#1939,#1940,#1941,#1942,#1943));
#497=EDGE_LOOP('',(#1944,#1945,#1946,#1947,#1948));
#498=EDGE_LOOP('',(#1949,#1950,#1951,#1952));
#499=EDGE_LOOP('',(#1953,#1954,#1955,#1956,#1957,#1958));
#500=EDGE_LOOP('',(#1959,#1960,#1961));
#501=EDGE_LOOP('',(#1962,#1963,#1964));
#502=EDGE_LOOP('',(#1965,#1966,#1967,#1968));
#503=EDGE_LOOP('',(#1969,#1970,#1971,#1972,#1973,#1974,#1975,#1976,#1977,
#1978));
#504=EDGE_LOOP('',(#1979));
#505=EDGE_LOOP('',(#1980,#1981,#1982,#1983));
#506=EDGE_LOOP('',(#1984,#1985,#1986,#1987,#1988,#1989,#1990,#1991,#1992,
#1993,#1994,#1995,#1996,#1997,#1998,#1999,#2000,#2001,#2002,#2003));
#507=EDGE_LOOP('',(#2004,#2005,#2006,#2007,#2008,#2009,#2010,#2011,#2012,
#2013,#2014,#2015,#2016,#2017,#2018,#2019));
#508=EDGE_LOOP('',(#2020,#2021,#2022,#2023));
#509=EDGE_LOOP('',(#2024,#2025,#2026,#2027,#2028,#2029,#2030,#2031,#2032,
#2033));
#510=EDGE_LOOP('',(#2034));
#511=EDGE_LOOP('',(#2035,#2036,#2037,#2038));
#512=EDGE_LOOP('',(#2039,#2040,#2041,#2042,#2043));
#513=EDGE_LOOP('',(#2044,#2045,#2046,#2047,#2048));
#514=EDGE_LOOP('',(#2049,#2050,#2051));
#515=EDGE_LOOP('',(#2052,#2053,#2054));
#516=EDGE_LOOP('',(#2055,#2056,#2057,#2058));
#517=EDGE_LOOP('',(#2059,#2060,#2061,#2062));
#518=EDGE_LOOP('',(#2063,#2064,#2065,#2066));
#519=EDGE_LOOP('',(#2067,#2068,#2069,#2070,#2071));
#520=EDGE_LOOP('',(#2072,#2073,#2074,#2075));
#521=EDGE_LOOP('',(#2076,#2077,#2078,#2079,#2080));
#522=EDGE_LOOP('',(#2081,#2082,#2083));
#523=EDGE_LOOP('',(#2084,#2085,#2086,#2087,#2088));
#524=EDGE_LOOP('',(#2089,#2090,#2091,#2092,#2093,#2094,#2095,#2096));
#525=EDGE_LOOP('',(#2097,#2098,#2099,#2100));
#526=EDGE_LOOP('',(#2101,#2102,#2103));
#527=EDGE_LOOP('',(#2104,#2105,#2106));
#528=EDGE_LOOP('',(#2107,#2108,#2109,#2110,#2111));
#529=EDGE_LOOP('',(#2112,#2113,#2114,#2115));
#530=EDGE_LOOP('',(#2116,#2117,#2118,#2119,#2120,#2121,#2122,#2123));
#531=EDGE_LOOP('',(#2124,#2125,#2126,#2127));
#532=EDGE_LOOP('',(#2128,#2129,#2130,#2131,#2132));
#533=EDGE_LOOP('',(#2133,#2134));
#534=EDGE_LOOP('',(#2135,#2136,#2137,#2138));
#535=EDGE_LOOP('',(#2139,#2140));
#536=EDGE_LOOP('',(#2141,#2142));
#537=EDGE_LOOP('',(#2143,#2144));
#538=EDGE_LOOP('',(#2145,#2146,#2147,#2148));
#539=EDGE_LOOP('',(#2149,#2150,#2151));
#540=EDGE_LOOP('',(#2152,#2153,#2154,#2155));
#541=EDGE_LOOP('',(#2156,#2157,#2158,#2159));
#542=EDGE_LOOP('',(#2160,#2161,#2162));
#543=EDGE_LOOP('',(#2163,#2164,#2165));
#544=EDGE_LOOP('',(#2166,#2167,#2168,#2169));
#545=EDGE_LOOP('',(#2170,#2171,#2172,#2173));
#546=EDGE_LOOP('',(#2174,#2175,#2176,#2177,#2178));
#547=EDGE_LOOP('',(#2179,#2180,#2181));
#548=EDGE_LOOP('',(#2182,#2183,#2184,#2185));
#549=EDGE_LOOP('',(#2186,#2187,#2188));
#550=EDGE_LOOP('',(#2189,#2190,#2191,#2192));
#551=EDGE_LOOP('',(#2193,#2194,#2195,#2196));
#552=EDGE_LOOP('',(#2197,#2198,#2199,#2200));
#553=EDGE_LOOP('',(#2201,#2202,#2203,#2204));
#554=EDGE_LOOP('',(#2205,#2206,#2207,#2208));
#555=EDGE_LOOP('',(#2209,#2210,#2211,#2212,#2213));
#556=EDGE_LOOP('',(#2214,#2215,#2216,#2217));
#557=EDGE_LOOP('',(#2218,#2219,#2220));
#558=EDGE_LOOP('',(#2221,#2222,#2223,#2224));
#559=EDGE_LOOP('',(#2225,#2226,#2227));
#560=EDGE_LOOP('',(#2228,#2229,#2230,#2231));
#561=EDGE_LOOP('',(#2232,#2233,#2234,#2235,#2236,#2237));
#562=EDGE_LOOP('',(#2238,#2239,#2240,#2241));
#563=EDGE_LOOP('',(#2242,#2243,#2244,#2245));
#564=EDGE_LOOP('',(#2246,#2247,#2248,#2249));
#565=EDGE_LOOP('',(#2250,#2251,#2252,#2253,#2254));
#566=EDGE_LOOP('',(#2255,#2256,#2257,#2258));
#567=EDGE_LOOP('',(#2259,#2260,#2261,#2262));
#568=EDGE_LOOP('',(#2263,#2264,#2265,#2266));
#569=EDGE_LOOP('',(#2267,#2268,#2269,#2270));
#570=EDGE_LOOP('',(#2271,#2272,#2273,#2274,#2275));
#571=EDGE_LOOP('',(#2276,#2277,#2278,#2279));
#572=EDGE_LOOP('',(#2280,#2281,#2282,#2283));
#573=EDGE_LOOP('',(#2284,#2285,#2286,#2287));
#574=EDGE_LOOP('',(#2288,#2289,#2290));
#575=EDGE_LOOP('',(#2291,#2292,#2293,#2294,#2295));
#576=EDGE_LOOP('',(#2296,#2297,#2298,#2299,#2300));
#577=EDGE_LOOP('',(#2301,#2302,#2303,#2304));
#578=EDGE_LOOP('',(#2305,#2306,#2307,#2308,#2309,#2310));
#579=EDGE_LOOP('',(#2311,#2312,#2313,#2314,#2315));
#580=EDGE_LOOP('',(#2316,#2317));
#581=EDGE_LOOP('',(#2318,#2319));
#582=EDGE_LOOP('',(#2320,#2321));
#583=ELLIPSE('',#2498,33.4293301060971,13.5137805193425);
#584=ELLIPSE('',#2499,33.4293301060971,13.5137805193425);
#585=ELLIPSE('',#2500,33.4293301060971,13.5137805193425);
#586=ELLIPSE('',#2695,3.04378072804384,3.);
#587=ELLIPSE('',#2719,3.04378072804384,3.);
#588=LINE('',#3282,#662);
#589=LINE('',#3293,#663);
#590=LINE('',#3297,#664);
#591=LINE('',#3308,#665);
#592=LINE('',#3349,#666);
#593=LINE('',#3352,#667);
#594=LINE('',#3355,#668);
#595=LINE('',#3376,#669);
#596=LINE('',#3414,#670);
#597=LINE('',#3531,#671);
#598=LINE('',#3613,#672);
#599=LINE('',#3628,#673);
#600=LINE('',#3681,#674);
#601=LINE('',#4209,#675);
#602=LINE('',#4211,#676);
#603=LINE('',#4214,#677);
#604=LINE('',#4658,#678);
#605=LINE('',#4712,#679);
#606=LINE('',#4713,#680);
#607=LINE('',#4714,#681);
#608=LINE('',#4767,#682);
#609=LINE('',#4781,#683);
#610=LINE('',#5074,#684);
#611=LINE('',#5095,#685);
#612=LINE('',#5109,#686);
#613=LINE('',#5126,#687);
#614=LINE('',#5129,#688);
#615=LINE('',#5274,#689);
#616=LINE('',#5287,#690);
#617=LINE('',#5293,#691);
#618=LINE('',#5296,#692);
#619=LINE('',#5327,#693);
#620=LINE('',#5347,#694);
#621=LINE('',#5350,#695);
#622=LINE('',#5358,#696);
#623=LINE('',#5359,#697);
#624=LINE('',#5448,#698);
#625=LINE('',#5676,#699);
#626=LINE('',#5678,#700);
#627=LINE('',#5680,#701);
#628=LINE('',#5685,#702);
#629=LINE('',#5686,#703);
#630=LINE('',#5688,#704);
#631=LINE('',#5772,#705);
#632=LINE('',#5774,#706);
#633=LINE('',#5777,#707);
#634=LINE('',#5779,#708);
#635=LINE('',#5890,#709);
#636=LINE('',#5891,#710);
#637=LINE('',#6008,#711);
#638=LINE('',#6009,#712);
#639=LINE('',#6086,#713);
#640=LINE('',#6087,#714);
#641=LINE('',#6200,#715);
#642=LINE('',#6201,#716);
#643=LINE('',#6204,#717);
#644=LINE('',#6206,#718);
#645=LINE('',#6210,#719);
#646=LINE('',#6211,#720);
#647=LINE('',#6217,#721);
#648=LINE('',#6243,#722);
#649=LINE('',#6319,#723);
#650=LINE('',#6320,#724);
#651=LINE('',#6405,#725);
#652=LINE('',#6406,#726);
#653=LINE('',#6410,#727);
#654=LINE('',#6412,#728);
#655=LINE('',#6413,#729);
#656=LINE('',#6417,#730);
#657=LINE('',#6419,#731);
#658=LINE('',#6421,#732);
#659=LINE('',#6508,#733);
#660=LINE('',#6618,#734);
#661=LINE('',#6620,#735);
#662=VECTOR('',#2729,10.);
#663=VECTOR('',#2732,10.);
#664=VECTOR('',#2735,10.);
#665=VECTOR('',#2738,10.);
#666=VECTOR('',#2741,10.);
#667=VECTOR('',#2746,10.);
#668=VECTOR('',#2749,10.);
#669=VECTOR('',#2754,10.);
#670=VECTOR('',#2759,10.);
#671=VECTOR('',#2764,31.624721667197);
#672=VECTOR('',#2775,10.);
#673=VECTOR('',#2780,10.);
#674=VECTOR('',#2781,10.);
#675=VECTOR('',#2792,10.);
#676=VECTOR('',#2793,10.);
#677=VECTOR('',#2796,10.);
#678=VECTOR('',#2809,10.);
#679=VECTOR('',#2832,10.);
#680=VECTOR('',#2833,10.);
#681=VECTOR('',#2834,10.);
#682=VECTOR('',#2851,10.);
#683=VECTOR('',#2852,10.);
#684=VECTOR('',#2941,10.);
#685=VECTOR('',#2946,10.);
#686=VECTOR('',#2949,10.);
#687=VECTOR('',#2952,10.);
#688=VECTOR('',#2955,10.);
#689=VECTOR('',#3018,10.);
#690=VECTOR('',#3021,10.);
#691=VECTOR('',#3024,10.);
#692=VECTOR('',#3027,10.);
#693=VECTOR('',#3032,10.);
#694=VECTOR('',#3037,10.);
#695=VECTOR('',#3040,10.);
#696=VECTOR('',#3043,10.);
#697=VECTOR('',#3044,10.);
#698=VECTOR('',#3051,10.);
#699=VECTOR('',#3076,10.);
#700=VECTOR('',#3079,10.);
#701=VECTOR('',#3082,10.);
#702=VECTOR('',#3089,10.);
#703=VECTOR('',#3090,10.);
#704=VECTOR('',#3091,10.);
#705=VECTOR('',#3106,10.);
#706=VECTOR('',#3109,10.);
#707=VECTOR('',#3114,10.);
#708=VECTOR('',#3117,10.);
#709=VECTOR('',#3124,10.);
#710=VECTOR('',#3125,10.);
#711=VECTOR('',#3144,10.);
#712=VECTOR('',#3145,10.);
#713=VECTOR('',#3152,10.);
#714=VECTOR('',#3153,10.);
#715=VECTOR('',#3160,10.);
#716=VECTOR('',#3161,10.);
#717=VECTOR('',#3164,10.);
#718=VECTOR('',#3165,10.);
#719=VECTOR('',#3170,10.);
#720=VECTOR('',#3171,10.);
#721=VECTOR('',#3182,10.);
#722=VECTOR('',#3187,10.);
#723=VECTOR('',#3192,10.);
#724=VECTOR('',#3193,10.);
#725=VECTOR('',#3200,10.);
#726=VECTOR('',#3201,10.);
#727=VECTOR('',#3206,10.);
#728=VECTOR('',#3207,10.);
#729=VECTOR('',#3208,10.);
#730=VECTOR('',#3213,10.);
#731=VECTOR('',#3216,10.);
#732=VECTOR('',#3219,10.);
#733=VECTOR('',#3238,10.);
#734=VECTOR('',#3245,10.);
#735=VECTOR('',#3248,10.);
#736=B_SPLINE_CURVE_WITH_KNOTS('',3,(#3274,#3275,#3276,#3277,#3278,#3279,
#3280),.UNSPECIFIED.,.F.,.F.,(4,3,4),(-0.280469547712165,-0.119305335189506,
0.),.UNSPECIFIED.);
#737=B_SPLINE_CURVE_WITH_KNOTS('',3,(#3286,#3287,#3288,#3289,#3290,#3291),
 .UNSPECIFIED.,.F.,.F.,(4,2,4),(4.3985280351902,4.66962968796437,5.19814920208773),
 .UNSPECIFIED.);
#738=B_SPLINE_CURVE_WITH_KNOTS('',3,(#3299,#3300,#3301,#3302,#3303,#3304),
 .UNSPECIFIED.,.F.,.F.,(4,2,4),(2.17087470513442,2.67355628762572,2.93203294981755),
 .UNSPECIFIED.);
#739=B_SPLINE_CURVE_WITH_KNOTS('',3,(#3310,#3311,#3312,#3313,#3314,#3315,
#3316,#3317,#3318,#3319),.UNSPECIFIED.,.F.,.F.,(4,3,3,4),(-0.382626580450118,
-0.227315048041303,-0.0635066312177568,0.),.UNSPECIFIED.);
#740=B_SPLINE_CURVE_WITH_KNOTS('',3,(#3320,#3321,#3322,#3323,#3324,#3325,
#3326,#3327,#3328,#3329,#3330,#3331,#3332,#3333,#3334,#3335,#3336,#3337,
#3338,#3339,#3340,#3341,#3342,#3343,#3344,#3345,#3346),.UNSPECIFIED.,.F.,
 .F.,(4,2,2,2,2,2,3,2,2,2,2,2,4),(-2.12480623346725,-1.85419510338404,-1.10929111297455,
-0.732845564845482,-0.35640001671641,-0.178200008358205,0.,0.178166373003366,
0.356332746006732,0.73248279910009,1.10863285219345,1.85324563496251,2.05723355178084),
 .UNSPECIFIED.);
#741=B_SPLINE_CURVE_WITH_KNOTS('',3,(#3359,#3360,#3361,#3362),
 .UNSPECIFIED.,.F.,.F.,(4,4),(-0.0566608302765341,-0.00415541656236564),
 .UNSPECIFIED.);
#742=B_SPLINE_CURVE_WITH_KNOTS('',3,(#3364,#3365,#3366,#3367,#3368,#3369,
#3370,#3371,#3372,#3373,#3374),.UNSPECIFIED.,.F.,.F.,(4,2,2,3,4),(-1.00012436258467,
-0.732848324727017,-0.36642416236351,0.,0.100790737536919),
 .UNSPECIFIED.);
#743=B_SPLINE_CURVE_WITH_KNOTS('',3,(#3377,#3378,#3379,#3380,#3381,#3382,
#3383,#3384,#3385,#3386),.UNSPECIFIED.,.F.,.F.,(4,2,2,2,4),(1.83297453587194,
1.95929098925184,2.23309492377406,2.50689885829628,2.82431697419605),
 .UNSPECIFIED.);
#744=B_SPLINE_CURVE_WITH_KNOTS('',3,(#3389,#3390,#3391,#3392),
 .UNSPECIFIED.,.F.,.F.,(4,4),(10.7936363916142,10.8121688121707),
 .UNSPECIFIED.);
#745=B_SPLINE_CURVE_WITH_KNOTS('',3,(#3393,#3394,#3395,#3396,#3397,#3398,
#3399,#3400,#3401,#3402,#3403),.UNSPECIFIED.,.F.,.F.,(4,3,2,2,4),(-0.12036648457853,
0.,0.38046362664826,0.760927253296521,0.976268651405134),.UNSPECIFIED.);
#746=B_SPLINE_CURVE_WITH_KNOTS('',3,(#3406,#3407,#3408,#3409,#3410,#3411,
#3412),.UNSPECIFIED.,.F.,.F.,(4,1,1,1,4),(9.56166930197456,9.88943326490677,
10.217197227839,10.8727251537034,11.5205789583419),.UNSPECIFIED.);
#747=B_SPLINE_CURVE_WITH_KNOTS('',3,(#3415,#3416,#3417,#3418,#3419,#3420,
#3421),.UNSPECIFIED.,.F.,.F.,(4,1,1,1,4),(11.0390873233939,11.7507434839143,
12.4032426143749,12.7294921796051,13.0557417448354),.UNSPECIFIED.);
#748=B_SPLINE_CURVE_WITH_KNOTS('',3,(#3451,#3452,#3453,#3454,#3455,#3456,
#3457,#3458,#3459,#3460),.UNSPECIFIED.,.F.,.F.,(4,3,3,4),(-0.194521643461684,
-0.132985905962391,-0.0507904904701954,0.),.UNSPECIFIED.);
#749=B_SPLINE_CURVE_WITH_KNOTS('',3,(#3462,#3463,#3464,#3465,#3466,#3467,
#3468),.UNSPECIFIED.,.F.,.F.,(4,1,1,1,4),(-11.8560170425001,-10.8727251537034,
-10.217197227839,-9.88943326490677,-9.64895211855702),.UNSPECIFIED.);
#750=B_SPLINE_CURVE_WITH_KNOTS('',3,(#3470,#3471,#3472,#3473),
 .UNSPECIFIED.,.F.,.F.,(4,4),(0.,0.0287327122918841),.UNSPECIFIED.);
#751=B_SPLINE_CURVE_WITH_KNOTS('',3,(#3474,#3475,#3476,#3477,#3478,#3479,
#3480,#3481),.UNSPECIFIED.,.F.,.F.,(4,2,2,4),(0.,0.0171665559489577,0.102258889020292,
0.155024232478472),.UNSPECIFIED.);
#752=B_SPLINE_CURVE_WITH_KNOTS('',3,(#3485,#3486,#3487,#3488,#3489,#3490,
#3491,#3492,#3493,#3494,#3495,#3496,#3497,#3498,#3499,#3500,#3501,#3502,
#3503,#3504,#3505,#3506,#3507,#3508,#3509,#3510,#3511,#3512,#3513,#3514,
#3515,#3516,#3517,#3518,#3519,#3520,#3521,#3522,#3523,#3524,#3525,#3526,
#3527),.UNSPECIFIED.,.F.,.F.,(4,3,3,3,3,3,3,3,3,3,3,3,3,3,4),(0.,0.0770896494200762,
0.152477848196343,0.225540576299185,0.297346833203039,0.367378889203877,
0.399064447469196,0.464193302042126,0.529534772157602,0.595102070660364,
0.660900838363472,0.727042018104296,0.79334076854959,0.859817804075782,
0.899325508984727),.UNSPECIFIED.);
#753=B_SPLINE_CURVE_WITH_KNOTS('',3,(#3533,#3534,#3535,#3536,#3537,#3538,
#3539,#3540,#3541,#3542,#3543,#3544),.UNSPECIFIED.,.F.,.F.,(4,2,2,2,2,4),
(6.89491241335512,6.91430288782227,7.20120796586392,7.48457716086264,7.76794635586136,
7.93438978933571),.UNSPECIFIED.);
#754=B_SPLINE_CURVE_WITH_KNOTS('',3,(#3549,#3550,#3551,#3552,#3553,#3554),
 .UNSPECIFIED.,.F.,.F.,(4,2,4),(2.62925730911754,2.75445452055182,2.8796517319861),
 .UNSPECIFIED.);
#755=B_SPLINE_CURVE_WITH_KNOTS('',3,(#3558,#3559,#3560,#3561,#3562,#3563,
#3564,#3565,#3566,#3567,#3568,#3569,#3570,#3571,#3572,#3573,#3574,#3575,
#3576,#3577,#3578,#3579,#3580,#3581,#3582,#3583,#3584,#3585,#3586,#3587,
#3588,#3589,#3590,#3591,#3592,#3593,#3594,#3595,#3596,#3597,#3598,#3599,
#3600,#3601,#3602,#3603),.UNSPECIFIED.,.F.,.F.,(4,3,3,3,3,3,3,3,3,3,3,3,
3,3,3,4),(0.,0.0298522517353488,0.0896073227162084,0.149163052595978,0.208483444075504,
0.267550754220182,0.326253823966622,0.384747984829957,0.442976995049782,
0.464213332160683,0.526378415813311,0.589776327157635,0.65507483331111,
0.721565427888825,0.78979422366223,0.797995109329727),.UNSPECIFIED.);
#756=B_SPLINE_CURVE_WITH_KNOTS('',3,(#3604,#3605,#3606,#3607,#3608,#3609),
 .UNSPECIFIED.,.F.,.F.,(4,2,4),(2.6993205980915,3.11867160737513,3.53802261665876),
 .UNSPECIFIED.);
#757=B_SPLINE_CURVE_WITH_KNOTS('',3,(#3615,#3616,#3617,#3618),
 .UNSPECIFIED.,.F.,.F.,(4,4),(31.7576115159955,31.7663125157164),
 .UNSPECIFIED.);
#758=B_SPLINE_CURVE_WITH_KNOTS('',3,(#3619,#3620,#3621,#3622),
 .UNSPECIFIED.,.F.,.F.,(4,4),(22.8812865235858,22.8899875233067),
 .UNSPECIFIED.);
#759=B_SPLINE_CURVE_WITH_KNOTS('',3,(#3630,#3631,#3632,#3633),
 .UNSPECIFIED.,.F.,.F.,(4,4),(-0.243317307695391,0.),.UNSPECIFIED.);
#760=B_SPLINE_CURVE_WITH_KNOTS('',3,(#3635,#3636,#3637,#3638,#3639,#3640,
#3641,#3642,#3643,#3644,#3645,#3646,#3647),.UNSPECIFIED.,.F.,.F.,(4,3,3,
3,4),(-0.271232532657561,-0.188822439364402,-0.136054150439702,-0.0509445727048739,
0.),.UNSPECIFIED.);
#761=B_SPLINE_CURVE_WITH_KNOTS('',3,(#3649,#3650,#3651,#3652,#3653,#3654),
 .UNSPECIFIED.,.F.,.F.,(4,2,4),(0.620666194553125,0.877042980335091,1.01513190050338),
 .UNSPECIFIED.);
#762=B_SPLINE_CURVE_WITH_KNOTS('',3,(#3656,#3657,#3658,#3659,#3660,#3661,
#3662,#3663,#3664,#3665),.UNSPECIFIED.,.F.,.F.,(4,2,2,2,4),(0.802304689326227,
1.06265272745807,1.41105938029856,1.75946603313905,2.0198140712709),
 .UNSPECIFIED.);
#763=B_SPLINE_CURVE_WITH_KNOTS('',3,(#3667,#3668,#3669,#3670,#3671,#3672),
 .UNSPECIFIED.,.F.,.F.,(4,2,4),(-1.01221107923588,-0.877042980335091,-0.620666194553124),
 .UNSPECIFIED.);
#764=B_SPLINE_CURVE_WITH_KNOTS('',3,(#3674,#3675,#3676,#3677,#3678,#3679,
#3680),.UNSPECIFIED.,.F.,.F.,(4,3,4),(-0.132272698182979,-0.0499886388391843,
0.),.UNSPECIFIED.);
#765=B_SPLINE_CURVE_WITH_KNOTS('',3,(#3704,#3705,#3706,#3707,#3708,#3709,
#3710,#3711,#3712,#3713,#3714,#3715,#3716,#3717,#3718,#3719,#3720,#3721,
#3722),.UNSPECIFIED.,.F.,.F.,(4,3,3,3,3,3,4),(0.,0.0327119457799107,0.0644335382468864,
0.0961551307138621,0.127681707125449,0.159017190473014,0.182666523134909),
 .UNSPECIFIED.);
#766=B_SPLINE_CURVE_WITH_KNOTS('',3,(#3724,#3725,#3726,#3727,#3728),
 .UNSPECIFIED.,.F.,.F.,(4,1,4),(4.30321192899985,5.00950976159527,5.95124020505584),
 .UNSPECIFIED.);
#767=B_SPLINE_CURVE_WITH_KNOTS('',3,(#3731,#3732,#3733,#3734,#3735),
 .UNSPECIFIED.,.F.,.F.,(4,1,4),(-5.95124020505584,-5.00950976159527,-4.38015663439108),
 .UNSPECIFIED.);
#768=B_SPLINE_CURVE_WITH_KNOTS('',3,(#3755,#3756,#3757,#3758),
 .UNSPECIFIED.,.F.,.F.,(4,4),(-0.356555602045902,-8.83989914179124E-14),
 .UNSPECIFIED.);
#769=B_SPLINE_CURVE_WITH_KNOTS('',3,(#3759,#3760,#3761,#3762),
 .UNSPECIFIED.,.F.,.F.,(4,4),(8.83989914179124E-14,0.356555602045902),
 .UNSPECIFIED.);
#770=B_SPLINE_CURVE_WITH_KNOTS('',3,(#3790,#3791,#3792,#3793,#3794,#3795),
 .UNSPECIFIED.,.F.,.F.,(4,2,4),(-0.529335242741167,-0.483444876380328,-0.462271705565808),
 .UNSPECIFIED.);
#771=B_SPLINE_CURVE_WITH_KNOTS('',3,(#3797,#3798,#3799,#3800,#3801,#3802,
#3803,#3804,#3805,#3806,#3807),.UNSPECIFIED.,.F.,.F.,(4,2,3,2,4),(-1.20222582603827,
-0.846914469264865,0.,0.800874215908046,0.959759208600231),
 .UNSPECIFIED.);
#772=B_SPLINE_CURVE_WITH_KNOTS('',3,(#3809,#3810,#3811,#3812,#3813,#3814),
 .UNSPECIFIED.,.F.,.F.,(4,2,4),(1.62255480849672,1.64769410372065,1.65992175495643),
 .UNSPECIFIED.);
#773=B_SPLINE_CURVE_WITH_KNOTS('',3,(#3816,#3817,#3818,#3819,#3820,#3821,
#3822,#3823,#3824,#3825),.UNSPECIFIED.,.F.,.F.,(4,2,2,2,4),(1.77305057485494,
1.85001578352892,1.9576739743574,2.05093357430929,2.14823094641842),
 .UNSPECIFIED.);
#774=B_SPLINE_CURVE_WITH_KNOTS('',3,(#3827,#3828,#3829,#3830),
 .UNSPECIFIED.,.F.,.F.,(4,4),(-0.280565264912251,-0.175118142470875),
 .UNSPECIFIED.);
#775=B_SPLINE_CURVE_WITH_KNOTS('',3,(#3832,#3833,#3834,#3835,#3836,#3837),
 .UNSPECIFIED.,.F.,.F.,(4,2,4),(-2.13007843564181,-2.06586007061932,-1.68039029822926),
 .UNSPECIFIED.);
#776=B_SPLINE_CURVE_WITH_KNOTS('',3,(#3839,#3840,#3841,#3842,#3843,#3844),
 .UNSPECIFIED.,.F.,.F.,(4,2,4),(-6.80236062294506,-6.70339972842792,-6.6663996793792),
 .UNSPECIFIED.);
#777=B_SPLINE_CURVE_WITH_KNOTS('',3,(#3846,#3847,#3848,#3849),
 .UNSPECIFIED.,.F.,.F.,(4,4),(-30.0245964245555,-29.7269384645807),
 .UNSPECIFIED.);
#778=B_SPLINE_CURVE_WITH_KNOTS('',3,(#3851,#3852,#3853,#3854,#3855,#3856,
#3857,#3858),.UNSPECIFIED.,.F.,.F.,(4,2,2,4),(-0.574113384377444,-0.503113075663567,
-0.214030892444361,0.),.UNSPECIFIED.);
#779=B_SPLINE_CURVE_WITH_KNOTS('',3,(#3860,#3861,#3862,#3863,#3864,#3865,
#3866,#3867),.UNSPECIFIED.,.F.,.F.,(4,2,2,4),(-2.83816181486735,-1.85367093863264,
-0.914788701322754,0.),.UNSPECIFIED.);
#780=B_SPLINE_CURVE_WITH_KNOTS('',3,(#3869,#3870,#3871,#3872),
 .UNSPECIFIED.,.F.,.F.,(4,4),(-1.17566260303919,-1.09226168245453),
 .UNSPECIFIED.);
#781=B_SPLINE_CURVE_WITH_KNOTS('',3,(#3873,#3874,#3875,#3876,#3877,#3878),
 .UNSPECIFIED.,.F.,.F.,(4,1,1,4),(-35.2031937684609,-34.9219903587235,-34.0057307229973,
-32.631341269408),.UNSPECIFIED.);
#782=B_SPLINE_CURVE_WITH_KNOTS('',3,(#3880,#3881,#3882,#3883,#3884,#3885,
#3886,#3887,#3888,#3889,#3890,#3891,#3892,#3893,#3894,#3895,#3896,#3897,
#3898,#3899),.UNSPECIFIED.,.F.,.F.,(4,2,2,2,2,2,2,2,2,4),(-13.1507545347352,
-12.6179278554461,-11.7614400954471,-10.8660038496337,-9.03076087927665,
-6.70990592856977,-4.42299208436472,-2.39558740403925,-0.907979981491168,
0.),.UNSPECIFIED.);
#783=B_SPLINE_CURVE_WITH_KNOTS('',3,(#3902,#3903,#3904,#3905,#3906,#3907,
#3908,#3909),.UNSPECIFIED.,.F.,.F.,(4,2,2,4),(-1.31935628209033,-1.14356269505882,
-0.50444171959674,0.),.UNSPECIFIED.);
#784=B_SPLINE_CURVE_WITH_KNOTS('',3,(#3911,#3912,#3913,#3914,#3915,#3916,
#3917,#3918,#3919,#3920,#3921,#3922,#3923,#3924),.UNSPECIFIED.,.F.,.F.,
(4,2,2,2,2,2,4),(-2.30668618409054,-1.95090065700831,-1.64845793606618,
-1.30852952843027,-1.05930546513422,-0.816688387275373,-0.595766292398504),
 .UNSPECIFIED.);
#785=B_SPLINE_CURVE_WITH_KNOTS('',3,(#3926,#3927,#3928,#3929,#3930,#3931,
#3932,#3933),.UNSPECIFIED.,.F.,.F.,(4,2,2,4),(1.78239251609837,1.91322610956536,
2.28602251141706,2.32964547448671),.UNSPECIFIED.);
#786=B_SPLINE_CURVE_WITH_KNOTS('',3,(#3934,#3935,#3936,#3937),
 .UNSPECIFIED.,.F.,.F.,(4,4),(-0.865346363639955,0.),.UNSPECIFIED.);
#787=B_SPLINE_CURVE_WITH_KNOTS('',3,(#3940,#3941,#3942,#3943,#3944,#3945,
#3946,#3947),.UNSPECIFIED.,.F.,.F.,(4,2,2,4),(-3.19563722848035,-2.31448128703042,
-1.45175379163367,0.),.UNSPECIFIED.);
#788=B_SPLINE_CURVE_WITH_KNOTS('',3,(#3949,#3950,#3951,#3952,#3953,#3954,
#3955,#3956,#3957,#3958,#3959,#3960),.UNSPECIFIED.,.F.,.F.,(4,2,2,2,2,4),
(-1.63803511093565,-1.25112870751992,-0.948288247141267,-0.747794574098045,
-0.501048348414037,0.),.UNSPECIFIED.);
#789=B_SPLINE_CURVE_WITH_KNOTS('',3,(#3962,#3963,#3964,#3965,#3966,#3967),
 .UNSPECIFIED.,.F.,.F.,(4,2,4),(-5.16135980707811,-2.20571595387348,0.),
 .UNSPECIFIED.);
#790=B_SPLINE_CURVE_WITH_KNOTS('',3,(#3968,#3969,#3970,#3971,#3972,#3973,
#3974,#3975,#3976,#3977,#3978,#3979,#3980,#3981,#3982,#3983,#3984,#3985,
#3986,#3987),.UNSPECIFIED.,.F.,.F.,(4,2,2,2,2,2,2,2,2,4),(-10.8653817430866,
-8.208060015477,-6.53368933621875,-5.64886602082817,-5.27505524740324,-5.02696110494162,
-4.76701654146703,-4.32265642552169,-2.48628737704795,0.),.UNSPECIFIED.);
#791=B_SPLINE_CURVE_WITH_KNOTS('',3,(#3990,#3991,#3992,#3993,#3994,#3995),
 .UNSPECIFIED.,.F.,.F.,(4,2,4),(13.0727182337039,13.0727365103833,13.2724347812995),
 .UNSPECIFIED.);
#792=B_SPLINE_CURVE_WITH_KNOTS('',3,(#3997,#3998,#3999,#4000,#4001,#4002,
#4003,#4004),.UNSPECIFIED.,.F.,.F.,(4,2,2,4),(13.2724347812995,13.6206229515641,
14.1711379609774,14.4927704414839),.UNSPECIFIED.);
#793=B_SPLINE_CURVE_WITH_KNOTS('',3,(#4006,#4007,#4008,#4009),
 .UNSPECIFIED.,.F.,.F.,(4,4),(14.4927704414839,14.6504396933713),
 .UNSPECIFIED.);
#794=B_SPLINE_CURVE_WITH_KNOTS('',3,(#4011,#4012,#4013,#4014,#4015,#4016,
#4017,#4018,#4019,#4020,#4021,#4022,#4023,#4024,#4025,#4026,#4027,#4028,
#4029,#4030),.UNSPECIFIED.,.F.,.F.,(4,2,2,2,2,2,2,2,2,4),(-0.787011302395639,
-0.763755800959621,-0.733892834061113,-0.704547092835241,-0.665054390623057,
-0.578690623787786,-0.494318568240816,-0.373518788617759,-0.198218428081994,
0.),.UNSPECIFIED.);
#795=B_SPLINE_CURVE_WITH_KNOTS('',3,(#4032,#4033,#4034,#4035),
 .UNSPECIFIED.,.F.,.F.,(4,4),(18.5770719759346,19.1604052058258),
 .UNSPECIFIED.);
#796=B_SPLINE_CURVE_WITH_KNOTS('',3,(#4037,#4038,#4039,#4040,#4041,#4042,
#4043,#4044,#4045,#4046,#4047,#4048,#4049,#4050,#4051,#4052,#4053,#4054,
#4055,#4056,#4057,#4058),.UNSPECIFIED.,.F.,.F.,(4,2,2,2,2,2,2,2,2,2,4),
(-0.31523504582653,-0.292681030838931,-0.222081024774569,-0.157770420886104,
-0.101465238175202,-0.0672751277816299,-0.0503783162383109,-0.0403742802153487,
-0.0315806620364782,-0.0207223478596602,0.),.UNSPECIFIED.);
#797=B_SPLINE_CURVE_WITH_KNOTS('',3,(#4060,#4061,#4062,#4063),
 .UNSPECIFIED.,.F.,.F.,(4,4),(21.9376340759385,22.5927936174078),
 .UNSPECIFIED.);
#798=B_SPLINE_CURVE_WITH_KNOTS('',3,(#4065,#4066,#4067,#4068),
 .UNSPECIFIED.,.F.,.F.,(4,4),(22.5927936174078,22.8055178167372),
 .UNSPECIFIED.);
#799=B_SPLINE_CURVE_WITH_KNOTS('',3,(#4070,#4071,#4072,#4073,#4074,#4075),
 .UNSPECIFIED.,.F.,.F.,(4,2,4),(1.3546314743018,1.44543699664119,1.5632514209661),
 .UNSPECIFIED.);
#800=B_SPLINE_CURVE_WITH_KNOTS('',3,(#4077,#4078,#4079,#4080,#4081,#4082,
#4083,#4084,#4085,#4086,#4087,#4088,#4089,#4090),.UNSPECIFIED.,.F.,.F.,
(4,2,2,2,2,2,4),(1.5632514209661,1.64194943342228,1.76038693921837,1.87882444501446,
2.03578117710173,2.21830792043808,2.40083466377444),.UNSPECIFIED.);
#801=B_SPLINE_CURVE_WITH_KNOTS('',3,(#4094,#4095,#4096,#4097,#4098,#4099,
#4100,#4101,#4102,#4103,#4104,#4105,#4106,#4107,#4108,#4109),
 .UNSPECIFIED.,.F.,.F.,(4,2,2,2,2,2,2,4),(0.,0.14535973296793,0.29071946593586,
0.412136364819892,0.499581046530466,0.587025728241041,0.715953382688841,
0.834064840799546),.UNSPECIFIED.);
#802=B_SPLINE_CURVE_WITH_KNOTS('',3,(#4111,#4112,#4113,#4114,#4115,#4116,
#4117,#4118,#4119,#4120,#4121,#4122,#4123,#4124,#4125,#4126,#4127,#4128,
#4129,#4130,#4131,#4132,#4133,#4134,#4135,#4136,#4137,#4138,#4139,#4140,
#4141,#4142,#4143,#4144,#4145,#4146,#4147,#4148,#4149,#4150,#4151,#4152,
#4153,#4154,#4155,#4156,#4157,#4158,#4159,#4160,#4161,#4162,#4163,#4164,
#4165,#4166,#4167,#4168),.UNSPECIFIED.,.F.,.F.,(4,2,2,2,2,2,2,2,2,2,2,2,
2,2,2,2,2,2,2,2,2,2,2,2,2,2,2,2,4),(0.,0.0996513663214975,0.12902624436674,
0.140327148929683,0.145517325461856,0.148314404368281,0.148699305814267,
0.148912247699411,0.149023357732733,0.149077681099803,0.149109879535646,
0.149129681980879,0.149144520028227,0.149149910083683,0.149152706962623,
0.14915565276718,0.149158050818734,0.149160056519122,0.149161703327057,
0.149162004088815,0.149162303468859,0.1491625614412,0.149162794709009,0.149163030021832,
0.14916342556376,0.149163674382387,0.149188101390552,0.150488978800999,
0.150512748579445),.UNSPECIFIED.);
#803=B_SPLINE_CURVE_WITH_KNOTS('',3,(#4170,#4171,#4172,#4173,#4174,#4175),
 .UNSPECIFIED.,.F.,.F.,(4,2,4),(23.1157992555469,23.3470967819239,24.1358406649357),
 .UNSPECIFIED.);
#804=B_SPLINE_CURVE_WITH_KNOTS('',3,(#4177,#4178,#4179,#4180,#4181,#4182,
#4183,#4184,#4185,#4186,#4187,#4188),.UNSPECIFIED.,.F.,.F.,(4,2,2,2,2,4),
(1.05832485188842,1.13685820093916,1.23014268229049,1.30557994307889,1.35328245914147,
1.4007178823564),.UNSPECIFIED.);
#805=B_SPLINE_CURVE_WITH_KNOTS('',3,(#4190,#4191,#4192,#4193,#4194,#4195),
 .UNSPECIFIED.,.F.,.F.,(4,2,4),(-0.601602642272127,-0.410353281821698,0.),
 .UNSPECIFIED.);
#806=B_SPLINE_CURVE_WITH_KNOTS('',3,(#4196,#4197,#4198,#4199,#4200,#4201,
#4202,#4203,#4204,#4205,#4206,#4207),.UNSPECIFIED.,.F.,.F.,(4,2,2,2,2,4),
(0.,0.166586035698898,0.345775864505581,0.555136189198948,0.804908452438039,
0.862774219921741),.UNSPECIFIED.);
#807=B_SPLINE_CURVE_WITH_KNOTS('',3,(#4234,#4235,#4236,#4237),
 .UNSPECIFIED.,.F.,.F.,(4,4),(-0.356557645881606,0.),.UNSPECIFIED.);
#808=B_SPLINE_CURVE_WITH_KNOTS('',3,(#4238,#4239,#4240,#4241),
 .UNSPECIFIED.,.F.,.F.,(4,4),(0.,0.356557645881606),.UNSPECIFIED.);
#809=B_SPLINE_CURVE_WITH_KNOTS('',3,(#4264,#4265,#4266,#4267,#4268,#4269,
#4270,#4271,#4272,#4273,#4274,#4275,#4276),.UNSPECIFIED.,.F.,.F.,(4,3,3,
3,4),(0.,0.0481253912736418,0.0962507825472836,0.145592318688649,0.194933854830014),
 .UNSPECIFIED.);
#810=B_SPLINE_CURVE_WITH_KNOTS('',3,(#4277,#4278,#4279,#4280,#4281),
 .UNSPECIFIED.,.F.,.F.,(4,1,4),(-1.54463509697924,-0.708667640665928,0.),
 .UNSPECIFIED.);
#811=B_SPLINE_CURVE_WITH_KNOTS('',3,(#4282,#4283,#4284,#4285,#4286),
 .UNSPECIFIED.,.F.,.F.,(4,1,4),(0.,0.708667640665928,1.6535578282205),
 .UNSPECIFIED.);
#812=B_SPLINE_CURVE_WITH_KNOTS('',3,(#4313,#4314,#4315,#4316),
 .UNSPECIFIED.,.F.,.F.,(4,4),(-1.37557901909129,-1.27802212923026),
 .UNSPECIFIED.);
#813=B_SPLINE_CURVE_WITH_KNOTS('',3,(#4318,#4319,#4320,#4321),
 .UNSPECIFIED.,.F.,.F.,(4,4),(-0.980417348580954,-0.0268768097748368),
 .UNSPECIFIED.);
#814=B_SPLINE_CURVE_WITH_KNOTS('',3,(#4323,#4324,#4325,#4326,#4327,#4328),
 .UNSPECIFIED.,.F.,.F.,(4,2,4),(8.12138643568672,8.23966525505625,8.59753332836059),
 .UNSPECIFIED.);
#815=B_SPLINE_CURVE_WITH_KNOTS('',3,(#4330,#4331,#4332,#4333,#4334,#4335,
#4336,#4337),.UNSPECIFIED.,.F.,.F.,(4,2,2,4),(-0.806208902789399,-0.485132563914033,
-0.239818371638996,0.),.UNSPECIFIED.);
#816=B_SPLINE_CURVE_WITH_KNOTS('',3,(#4339,#4340,#4341,#4342,#4343,#4344),
 .UNSPECIFIED.,.F.,.F.,(4,2,4),(16.3075524083334,16.3431428896531,16.7814176452509),
 .UNSPECIFIED.);
#817=B_SPLINE_CURVE_WITH_KNOTS('',3,(#4346,#4347,#4348,#4349,#4350,#4351),
 .UNSPECIFIED.,.F.,.F.,(4,2,4),(-0.527465587865042,-0.243718539458269,0.),
 .UNSPECIFIED.);
#818=B_SPLINE_CURVE_WITH_KNOTS('',3,(#4353,#4354,#4355,#4356,#4357,#4358,
#4359,#4360),.UNSPECIFIED.,.F.,.F.,(4,2,2,4),(-2.6916292759053,-2.20723292806726,
-1.72009890476608,-1.31411878389812),.UNSPECIFIED.);
#819=B_SPLINE_CURVE_WITH_KNOTS('',3,(#4362,#4363,#4364,#4365,#4366,#4367,
#4368),.UNSPECIFIED.,.F.,.F.,(4,1,1,1,4),(-12.9684702531823,-12.7294921796051,
-12.4032426143749,-11.7507434839143,-10.7719947882235),.UNSPECIFIED.);
#820=B_SPLINE_CURVE_WITH_KNOTS('',3,(#4371,#4372,#4373,#4374,#4375,#4376,
#4377,#4378,#4379,#4380,#4381,#4382,#4383,#4384,#4385,#4386,#4387,#4388,
#4389,#4390,#4391,#4392,#4393,#4394,#4395,#4396,#4397,#4398),
 .UNSPECIFIED.,.F.,.F.,(4,3,3,3,3,3,3,3,3,4),(-13.1801472656987,-11.7000248606262,
-9.93181701167132,-7.93405530123351,-5.65318479770904,-3.75396774608713,
-2.22097159856994,-1.15402199309172,-0.193333479702474,0.),
 .UNSPECIFIED.);
#821=B_SPLINE_CURVE_WITH_KNOTS('',3,(#4400,#4401,#4402,#4403,#4404,#4405,
#4406),.UNSPECIFIED.,.F.,.F.,(4,1,1,1,4),(-32.6134496634337,-31.6972285188687,
-30.7810073743037,-30.3228968020212,-30.0418110058988),.UNSPECIFIED.);
#822=B_SPLINE_CURVE_WITH_KNOTS('',3,(#4408,#4409,#4410,#4411),
 .UNSPECIFIED.,.F.,.F.,(4,4),(-0.0832122260242752,0.),.UNSPECIFIED.);
#823=B_SPLINE_CURVE_WITH_KNOTS('',3,(#4413,#4414,#4415,#4416,#4417,#4418,
#4419,#4420),.UNSPECIFIED.,.F.,.F.,(4,2,2,4),(-2.84005657228904,-2.11000181083487,
-1.28614457888015,0.),.UNSPECIFIED.);
#824=B_SPLINE_CURVE_WITH_KNOTS('',3,(#4422,#4423,#4424,#4425,#4426,#4427,
#4428,#4429,#4430,#4431),.UNSPECIFIED.,.F.,.F.,(4,2,2,2,4),(-1.02922317759373,
-0.897145613026071,-0.75723268385591,-0.433836129667822,-0.404278592103533),
 .UNSPECIFIED.);
#825=B_SPLINE_CURVE_WITH_KNOTS('',3,(#4433,#4434,#4435,#4436),
 .UNSPECIFIED.,.F.,.F.,(4,4),(-35.5177483623944,-35.2201187638297),
 .UNSPECIFIED.);
#826=B_SPLINE_CURVE_WITH_KNOTS('',3,(#4438,#4439,#4440,#4441),
 .UNSPECIFIED.,.F.,.F.,(4,4),(-15.6532639672983,-15.4212729977882),
 .UNSPECIFIED.);
#827=B_SPLINE_CURVE_WITH_KNOTS('',3,(#4443,#4444,#4445,#4446,#4447,#4448),
 .UNSPECIFIED.,.F.,.F.,(4,2,4),(-0.710770313986823,-0.455805066268403,-0.291912841861351),
 .UNSPECIFIED.);
#828=B_SPLINE_CURVE_WITH_KNOTS('',3,(#4450,#4451,#4452,#4453),
 .UNSPECIFIED.,.F.,.F.,(4,4),(-0.479443835169201,-0.374053700063286),
 .UNSPECIFIED.);
#829=B_SPLINE_CURVE_WITH_KNOTS('',3,(#4455,#4456,#4457,#4458,#4459,#4460,
#4461,#4462),.UNSPECIFIED.,.F.,.F.,(4,2,2,4),(0.,0.183413872992428,0.320017226475962,
0.400958418663808),.UNSPECIFIED.);
#830=B_SPLINE_CURVE_WITH_KNOTS('',3,(#4464,#4465,#4466,#4467),
 .UNSPECIFIED.,.F.,.F.,(4,4),(1.322850580328,1.35446121122884),
 .UNSPECIFIED.);
#831=B_SPLINE_CURVE_WITH_KNOTS('',3,(#4469,#4470,#4471,#4472,#4473,#4474,
#4475,#4476,#4477,#4478),.UNSPECIFIED.,.F.,.F.,(4,2,2,2,4),(-4.0585166499873,
-3.86733901968751,-2.57733141626851,-1.60298638231073,-1.14496224635335),
 .UNSPECIFIED.);
#832=B_SPLINE_CURVE_WITH_KNOTS('',3,(#4480,#4481,#4482,#4483,#4484,#4485,
#4486,#4487,#4488,#4489),.UNSPECIFIED.,.F.,.F.,(4,2,2,2,4),(-0.275289324853985,
-0.230347134916829,-0.148299628589419,-0.0711789083109373,0.),
 .UNSPECIFIED.);
#833=B_SPLINE_CURVE_WITH_KNOTS('',3,(#4491,#4492,#4493,#4494,#4495,#4496),
 .UNSPECIFIED.,.F.,.F.,(4,2,4),(-0.384116467731061,-0.183378069868816,-0.138591729775921),
 .UNSPECIFIED.);
#834=B_SPLINE_CURVE_WITH_KNOTS('',3,(#4497,#4498,#4499,#4500),
 .UNSPECIFIED.,.F.,.F.,(4,4),(-9.72427840135622,-9.45659240712),
 .UNSPECIFIED.);
#835=B_SPLINE_CURVE_WITH_KNOTS('',3,(#4503,#4504,#4505,#4506,#4507,#4508),
 .UNSPECIFIED.,.F.,.F.,(4,2,4),(-0.80354804868532,-0.410458981633287,-0.201966069312197),
 .UNSPECIFIED.);
#836=B_SPLINE_CURVE_WITH_KNOTS('',3,(#4510,#4511,#4512,#4513,#4514,#4515,
#4516,#4517,#4518,#4519,#4520,#4521),.UNSPECIFIED.,.F.,.F.,(4,2,2,2,2,4),
(2.02883075054906E-9,0.0653818816976931,0.131793376540265,0.207985376920409,
0.301221905760943,0.342560773410593),.UNSPECIFIED.);
#837=B_SPLINE_CURVE_WITH_KNOTS('',3,(#4523,#4524,#4525,#4526,#4527,#4528,
#4529),.UNSPECIFIED.,.F.,.F.,(4,3,4),(12.5238361798443,13.7998004283453,
14.7567736147211),.UNSPECIFIED.);
#838=B_SPLINE_CURVE_WITH_KNOTS('',3,(#4531,#4532,#4533,#4534,#4535,#4536,
#4537,#4538,#4539,#4540,#4541,#4542,#4543,#4544,#4545,#4546,#4547,#4548,
#4549,#4550),.UNSPECIFIED.,.F.,.F.,(4,2,2,2,2,2,2,2,2,4),(-0.531546706265901,
-0.513928158493462,-0.50260808939369,-0.494012886219814,-0.484798991980778,
-0.470441130863352,-0.431557019803359,-0.353054701950301,-0.289748315409966,
-0.215990217372111),.UNSPECIFIED.);
#839=B_SPLINE_CURVE_WITH_KNOTS('',3,(#4552,#4553,#4554,#4555),
 .UNSPECIFIED.,.F.,.F.,(4,4),(18.0225472069882,18.6063272493004),
 .UNSPECIFIED.);
#840=B_SPLINE_CURVE_WITH_KNOTS('',3,(#4557,#4558,#4559,#4560,#4561,#4562,
#4563,#4564,#4565,#4566,#4567,#4568,#4569,#4570,#4571,#4572,#4573,#4574,
#4575,#4576),.UNSPECIFIED.,.F.,.F.,(4,2,2,2,2,2,2,2,2,4),(-0.786956147153491,
-0.676196877190753,-0.55716514213953,-0.393513068520131,-0.247065241040199,
-0.145135645115847,-0.0935876319896116,-0.0623963043789137,-0.0346338226651975,
0.),.UNSPECIFIED.);
#841=B_SPLINE_CURVE_WITH_KNOTS('',3,(#4578,#4579,#4580,#4581,#4582,#4583,
#4584,#4585,#4586,#4587),.UNSPECIFIED.,.F.,.F.,(4,2,2,2,4),(22.4029013478921,
22.7899634429475,23.3404784523609,23.8883648935416,24.017994638712),
 .UNSPECIFIED.);
#842=B_SPLINE_CURVE_WITH_KNOTS('',3,(#4588,#4589,#4590,#4591,#4592,#4593,
#4594,#4595,#4596,#4597,#4598,#4599),.UNSPECIFIED.,.F.,.F.,(4,2,2,2,2,4),
(2.60730934063055,2.76495294915428,3.01583675203383,3.22290853760132,3.3476651298311,
3.47002600632646),.UNSPECIFIED.);
#843=B_SPLINE_CURVE_WITH_KNOTS('',3,(#4602,#4603,#4604,#4605,#4606,#4607,
#4608,#4609,#4610,#4611,#4612,#4613),.UNSPECIFIED.,.F.,.F.,(4,2,2,2,2,4),
(-1.63803511092444,-1.25112870751949,-0.948288247137853,-0.747794574094027,
-0.501048348410748,0.),.UNSPECIFIED.);
#844=B_SPLINE_CURVE_WITH_KNOTS('',3,(#4615,#4616,#4617,#4618,#4619,#4620),
 .UNSPECIFIED.,.F.,.F.,(4,2,4),(-5.16135980708919,-2.20571595387386,0.),
 .UNSPECIFIED.);
#845=B_SPLINE_CURVE_WITH_KNOTS('',3,(#4622,#4623,#4624,#4625,#4626,#4627,
#4628,#4629,#4630,#4631,#4632,#4633,#4634,#4635,#4636,#4637,#4638,#4639,
#4640,#4641),.UNSPECIFIED.,.F.,.F.,(4,2,2,2,2,2,2,2,2,4),(-10.86538174317,
-8.20806001551363,-6.5336893362261,-5.64886602082874,-5.275055247403,-5.02696110494142,
-4.76701654146704,-4.32265642552159,-2.48628737704794,0.),.UNSPECIFIED.);
#846=B_SPLINE_CURVE_WITH_KNOTS('',3,(#4642,#4643,#4644,#4645,#4646,#4647,
#4648,#4649),.UNSPECIFIED.,.F.,.F.,(4,2,2,4),(-3.19563722846917,-2.31448128701069,
-1.45175379160558,0.),.UNSPECIFIED.);
#847=B_SPLINE_CURVE_WITH_KNOTS('',3,(#4673,#4674,#4675,#4676,#4677,#4678,
#4679,#4680,#4681,#4682),.UNSPECIFIED.,.F.,.F.,(4,2,2,2,4),(2.78350841131872,
2.92632886017801,3.1051485947866,3.26241636811366,3.29464855773924),
 .UNSPECIFIED.);
#848=B_SPLINE_CURVE_WITH_KNOTS('',3,(#4699,#4700,#4701,#4702,#4703,#4704,
#4705,#4706,#4707,#4708,#4709,#4710),.UNSPECIFIED.,.F.,.F.,(4,2,2,2,2,4),
(-0.00364512890149257,0.,0.209692945133006,0.403150008818035,0.594236632622658,
0.786119491141694),.UNSPECIFIED.);
#849=B_SPLINE_CURVE_WITH_KNOTS('',3,(#4717,#4718,#4719,#4720,#4721,#4722,
#4723,#4724,#4725,#4726,#4727,#4728),.UNSPECIFIED.,.F.,.F.,(4,2,2,2,2,4),
(0.147695025953975,0.175100422867855,0.359596826402117,0.565021353803726,
0.797508847996112,0.848025351584724),.UNSPECIFIED.);
#850=B_SPLINE_CURVE_WITH_KNOTS('',3,(#4747,#4748,#4749,#4750,#4751,#4752,
#4753,#4754,#4755,#4756,#4757,#4758),.UNSPECIFIED.,.F.,.F.,(4,2,2,2,2,4),
(0.,0.191846386154165,0.382896688939188,0.576316981040406,0.785970068534935,
0.789614504584172),.UNSPECIFIED.);
#851=B_SPLINE_CURVE_WITH_KNOTS('',3,(#4762,#4763,#4764,#4765),
 .UNSPECIFIED.,.F.,.F.,(4,4),(6.2656976083982,6.34729180149443),
 .UNSPECIFIED.);
#852=B_SPLINE_CURVE_WITH_KNOTS('',3,(#4768,#4769,#4770,#4771,#4772,#4773,
#4774,#4775,#4776,#4777,#4778,#4779,#4780),.UNSPECIFIED.,.F.,.F.,(4,3,3,
3,4),(-0.264726173687638,-0.182741557558089,-0.1322418523208,-0.0506376604823021,
0.),.UNSPECIFIED.);
#853=B_SPLINE_CURVE_WITH_KNOTS('',3,(#4802,#4803,#4804,#4805),
 .UNSPECIFIED.,.F.,.F.,(4,4),(12.8637134020894,13.0559555826856),
 .UNSPECIFIED.);
#854=B_SPLINE_CURVE_WITH_KNOTS('',3,(#4806,#4807,#4808,#4809),
 .UNSPECIFIED.,.F.,.F.,(4,4),(-13.1626172931621,-12.8929655358328),
 .UNSPECIFIED.);
#855=B_SPLINE_CURVE_WITH_KNOTS('',3,(#4811,#4812,#4813,#4814),
 .UNSPECIFIED.,.F.,.F.,(4,4),(9.56302504285129,9.75352406513612),
 .UNSPECIFIED.);
#856=B_SPLINE_CURVE_WITH_KNOTS('',3,(#4845,#4846,#4847,#4848,#4849,#4850),
 .UNSPECIFIED.,.F.,.F.,(4,2,4),(0.02308958231,0.0805045191781121,0.177987541430939),
 .UNSPECIFIED.);
#857=B_SPLINE_CURVE_WITH_KNOTS('',3,(#4851,#4852,#4853,#4854),
 .UNSPECIFIED.,.F.,.F.,(4,4),(0.177036071708535,0.205878161285242),
 .UNSPECIFIED.);
#858=B_SPLINE_CURVE_WITH_KNOTS('',3,(#4871,#4872,#4873,#4874,#4875,#4876,
#4877),.UNSPECIFIED.,.F.,.F.,(4,3,4),(-0.138908902766587,-0.0540567183417719,
0.),.UNSPECIFIED.);
#859=B_SPLINE_CURVE_WITH_KNOTS('',3,(#4956,#4957,#4958,#4959,#4960,#4961,
#4962,#4963,#4964,#4965,#4966,#4967,#4968,#4969,#4970,#4971),
 .UNSPECIFIED.,.F.,.F.,(4,2,2,2,2,2,2,4),(1.62009672926269,1.82502079303062,
2.13923759484393,2.51197662633227,2.60547480428314,2.65262198705649,2.68466725684569,
2.71388958584244),.UNSPECIFIED.);
#860=B_SPLINE_CURVE_WITH_KNOTS('',3,(#4995,#4996,#4997,#4998),
 .UNSPECIFIED.,.F.,.F.,(4,4),(0.407429700244466,0.505944236244635),
 .UNSPECIFIED.);
#861=B_SPLINE_CURVE_WITH_KNOTS('',3,(#5001,#5002,#5003,#5004),
 .UNSPECIFIED.,.F.,.F.,(4,4),(0.92115517667949,1.06444133964179),
 .UNSPECIFIED.);
#862=B_SPLINE_CURVE_WITH_KNOTS('',3,(#5012,#5013,#5014,#5015,#5016,#5017,
#5018,#5019),.UNSPECIFIED.,.F.,.F.,(4,2,2,4),(2.99535948591556,3.04714762214459,
3.39824607315479,3.4206981881219),.UNSPECIFIED.);
#863=B_SPLINE_CURVE_WITH_KNOTS('',3,(#5064,#5065,#5066,#5067),
 .UNSPECIFIED.,.F.,.F.,(4,4),(4.91434755489135,5.00956590453981),
 .UNSPECIFIED.);
#864=B_SPLINE_CURVE_WITH_KNOTS('',3,(#5068,#5069,#5070,#5071),
 .UNSPECIFIED.,.F.,.F.,(4,4),(0.,0.0890547836136376),.UNSPECIFIED.);
#865=B_SPLINE_CURVE_WITH_KNOTS('',3,(#5076,#5077,#5078,#5079),
 .UNSPECIFIED.,.F.,.F.,(4,4),(1.07624207645573,1.32387715196314),
 .UNSPECIFIED.);
#866=B_SPLINE_CURVE_WITH_KNOTS('',3,(#5080,#5081,#5082,#5083),
 .UNSPECIFIED.,.F.,.F.,(4,4),(0.149331930443596,0.187462169160476),
 .UNSPECIFIED.);
#867=B_SPLINE_CURVE_WITH_KNOTS('',3,(#5085,#5086,#5087,#5088,#5089,#5090,
#5091,#5092),.UNSPECIFIED.,.F.,.F.,(4,2,2,4),(0.337990087046333,0.52778012492579,
0.791646221764026,0.92115517667949),.UNSPECIFIED.);
#868=B_SPLINE_CURVE_WITH_KNOTS('',3,(#5096,#5097,#5098,#5099,#5100,#5101,
#5102,#5103,#5104,#5105,#5106,#5107),.UNSPECIFIED.,.F.,.F.,(4,2,2,2,2,4),
(5.00956590453981,5.48191918819903,6.0899993602757,6.69807953235238,7.30615970442906,
7.63153050001784),.UNSPECIFIED.);
#869=B_SPLINE_CURVE_WITH_KNOTS('',3,(#5111,#5112,#5113,#5114,#5115,#5116,
#5117,#5118,#5119,#5120),.UNSPECIFIED.,.F.,.F.,(4,2,2,2,4),(-0.864814026216243,
-0.672203916312102,-0.476007824840673,-0.203635542326081,0.),
 .UNSPECIFIED.);
#870=B_SPLINE_CURVE_WITH_KNOTS('',3,(#5121,#5122,#5123,#5124),
 .UNSPECIFIED.,.F.,.F.,(4,4),(1.6945387895602,1.75366312915927),
 .UNSPECIFIED.);
#871=B_SPLINE_CURVE_WITH_KNOTS('',3,(#5130,#5131,#5132,#5133),
 .UNSPECIFIED.,.F.,.F.,(4,4),(-0.359766595112471,0.),.UNSPECIFIED.);
#872=B_SPLINE_CURVE_WITH_KNOTS('',3,(#5136,#5137,#5138,#5139,#5140,#5141),
 .UNSPECIFIED.,.F.,.F.,(4,2,4),(2.56287920642177,2.60641077277123,2.64345537072465),
 .UNSPECIFIED.);
#873=B_SPLINE_CURVE_WITH_KNOTS('',3,(#5142,#5143,#5144,#5145),
 .UNSPECIFIED.,.F.,.F.,(4,4),(-0.65446364254725,-0.501440229621627),
 .UNSPECIFIED.);
#874=B_SPLINE_CURVE_WITH_KNOTS('',3,(#5175,#5176,#5177,#5178,#5179,#5180),
 .UNSPECIFIED.,.F.,.F.,(4,2,4),(1.30962777959581,1.50644440956347,1.6833558781886),
 .UNSPECIFIED.);
#875=B_SPLINE_CURVE_WITH_KNOTS('',3,(#5204,#5205,#5206,#5207),
 .UNSPECIFIED.,.F.,.F.,(4,4),(3.69467584225697,3.78370291647646),
 .UNSPECIFIED.);
#876=B_SPLINE_CURVE_WITH_KNOTS('',3,(#5210,#5211,#5212,#5213),
 .UNSPECIFIED.,.F.,.F.,(4,4),(14.4801263726944,14.5753447223428),
 .UNSPECIFIED.);
#877=B_SPLINE_CURVE_WITH_KNOTS('',3,(#5221,#5222,#5223,#5224,#5225,#5226,
#5227,#5228,#5229,#5230,#5231,#5232,#5233,#5234,#5235,#5236),
 .UNSPECIFIED.,.F.,.F.,(4,2,2,2,2,2,2,4),(0.,0.0326652259984268,0.0652806073077819,
0.10959478873559,0.190639024323877,0.402753495068202,0.960751265384523,
1.08771136084653),.UNSPECIFIED.);
#878=B_SPLINE_CURVE_WITH_KNOTS('',3,(#5264,#5265,#5266,#5267),
 .UNSPECIFIED.,.F.,.F.,(4,4),(3.15784184994961,3.3011280129119),
 .UNSPECIFIED.);
#879=B_SPLINE_CURVE_WITH_KNOTS('',3,(#5268,#5269,#5270,#5271),
 .UNSPECIFIED.,.F.,.F.,(4,4),(0.,0.0980357775209295),.UNSPECIFIED.);
#880=B_SPLINE_CURVE_WITH_KNOTS('',3,(#5276,#5277,#5278,#5279),
 .UNSPECIFIED.,.F.,.F.,(4,4),(-0.193165688424789,-0.0402236944084395),
 .UNSPECIFIED.);
#881=B_SPLINE_CURVE_WITH_KNOTS('',3,(#5280,#5281,#5282,#5283,#5284,#5285),
 .UNSPECIFIED.,.F.,.F.,(4,2,4),(0.218606510516231,0.255651108470436,0.299182675210405),
 .UNSPECIFIED.);
#882=B_SPLINE_CURVE_WITH_KNOTS('',3,(#5288,#5289,#5290,#5291),
 .UNSPECIFIED.,.F.,.F.,(4,4),(-0.360907465722836,0.),.UNSPECIFIED.);
#883=B_SPLINE_CURVE_WITH_KNOTS('',3,(#5298,#5299,#5300,#5301),
 .UNSPECIFIED.,.F.,.F.,(4,4),(2.56357312923552,2.62269746883403),
 .UNSPECIFIED.);
#884=B_SPLINE_CURVE_WITH_KNOTS('',3,(#5302,#5303,#5304,#5305,#5306,#5307,
#5308,#5309,#5310,#5311),.UNSPECIFIED.,.F.,.F.,(4,2,2,2,4),(-0.872565181120415,
-0.693527532303076,-0.54221547283645,-0.272173679283431,0.),
 .UNSPECIFIED.);
#885=B_SPLINE_CURVE_WITH_KNOTS('',3,(#5313,#5314,#5315,#5316,#5317,#5318,
#5319,#5320,#5321,#5322,#5323,#5324),.UNSPECIFIED.,.F.,.F.,(4,2,2,2,2,4),
(11.8581617772163,12.1835325728051,12.7916127448818,13.3996929169585,14.0077730890351,
14.4801263726944),.UNSPECIFIED.);
#886=B_SPLINE_CURVE_WITH_KNOTS('',3,(#5328,#5329,#5330,#5331,#5332,#5333,
#5334,#5335),.UNSPECIFIED.,.F.,.F.,(4,2,2,4),(3.3011280129119,3.43063696782736,
3.6945030646656,3.88429310254506),.UNSPECIFIED.);
#887=B_SPLINE_CURVE_WITH_KNOTS('',3,(#5338,#5339,#5340,#5341),
 .UNSPECIFIED.,.F.,.F.,(4,4),(2.6745997120812,2.71272995079808),
 .UNSPECIFIED.);
#888=B_SPLINE_CURVE_WITH_KNOTS('',3,(#5342,#5343,#5344,#5345),
 .UNSPECIFIED.,.F.,.F.,(4,4),(15.855581433822,16.1032165093294),
 .UNSPECIFIED.);
#889=B_SPLINE_CURVE_WITH_KNOTS('',3,(#5351,#5352,#5353,#5354,#5355,#5356),
 .UNSPECIFIED.,.F.,.F.,(4,2,4),(-0.550361801629291,-0.378869954317,-0.134906467807916),
 .UNSPECIFIED.);
#890=B_SPLINE_CURVE_WITH_KNOTS('',3,(#5361,#5362,#5363,#5364,#5365,#5366),
 .UNSPECIFIED.,.F.,.F.,(4,2,4),(0.991120268226198,1.56745990598811,2.08657947367981),
 .UNSPECIFIED.);
#891=B_SPLINE_CURVE_WITH_KNOTS('',3,(#5368,#5369,#5370,#5371),
 .UNSPECIFIED.,.F.,.F.,(4,4),(0.454475238340722,0.492983688446191),
 .UNSPECIFIED.);
#892=B_SPLINE_CURVE_WITH_KNOTS('',3,(#5373,#5374,#5375,#5376,#5377,#5378,
#5379,#5380,#5381,#5382,#5383,#5384,#5385,#5386,#5387,#5388,#5389,#5390),
 .UNSPECIFIED.,.F.,.F.,(4,2,2,2,2,2,2,2,4),(9.35268188312117,9.38232067620199,
9.79720404284791,10.2120874094938,10.6269707761397,11.0418541427856,11.4567375094316,
11.8716208760775,11.9025275265781),.UNSPECIFIED.);
#893=B_SPLINE_CURVE_WITH_KNOTS('',3,(#5391,#5392,#5393,#5394),
 .UNSPECIFIED.,.F.,.F.,(4,4),(0.714959419385666,0.752206849146112),
 .UNSPECIFIED.);
#894=B_SPLINE_CURVE_WITH_KNOTS('',3,(#5396,#5397,#5398,#5399,#5400,#5401,
#5402),.UNSPECIFIED.,.F.,.F.,(4,1,1,1,4),(29.4066756574562,30.3228968020212,
30.7810073743037,31.6972285188687,32.357202542204),.UNSPECIFIED.);
#895=B_SPLINE_CURVE_WITH_KNOTS('',3,(#5403,#5404,#5405,#5406,#5407,#5408),
 .UNSPECIFIED.,.F.,.F.,(4,1,1,4),(32.8875398031164,34.0057307229973,34.9219903587235,
35.8382499944496),.UNSPECIFIED.);
#896=B_SPLINE_CURVE_WITH_KNOTS('',3,(#5440,#5441,#5442,#5443,#5444,#5445,
#5446,#5447),.UNSPECIFIED.,.F.,.F.,(4,2,2,4),(-0.927241313599123,-0.787084962212412,
-0.53288083251541,-0.510720653813269),.UNSPECIFIED.);
#897=B_SPLINE_CURVE_WITH_KNOTS('',3,(#5458,#5459,#5460,#5461,#5462,#5463,
#5464,#5465,#5466,#5467,#5468,#5469),.UNSPECIFIED.,.F.,.F.,(4,2,2,2,2,4),
(-0.312710616553848,-0.267920109031431,-0.225858275079725,-0.147211187588683,
-0.0715476809242416,-0.0374282675969965),.UNSPECIFIED.);
#898=B_SPLINE_CURVE_WITH_KNOTS('',3,(#5486,#5487,#5488,#5489),
 .UNSPECIFIED.,.F.,.F.,(4,4),(0.929924015906034,1.06336017571392),
 .UNSPECIFIED.);
#899=B_SPLINE_CURVE_WITH_KNOTS('',3,(#5551,#5552,#5553,#5554,#5555,#5556,
#5557,#5558,#5559,#5560,#5561,#5562),.UNSPECIFIED.,.F.,.F.,(4,1,1,1,1,1,
1,2,4),(0.,0.0586478428133455,0.117295685626691,0.175943528440037,0.205267449846709,
0.234591371253382,0.263915292660055,0.293239214066728,0.294077957862958),
 .UNSPECIFIED.);
#900=B_SPLINE_CURVE_WITH_KNOTS('',3,(#5564,#5565,#5566,#5567,#5568,#5569,
#5570,#5571,#5572,#5573,#5574,#5575),.UNSPECIFIED.,.F.,.F.,(4,2,1,1,1,1,
1,1,4),(-0.294077957862958,-0.293239214066728,-0.263915292660055,-0.234591371253382,
-0.205267449846709,-0.175943528440037,-0.117295685626691,-0.0586478428133455,
0.),.UNSPECIFIED.);
#901=B_SPLINE_CURVE_WITH_KNOTS('',3,(#5639,#5640,#5641,#5642,#5643,#5644,
#5645,#5646,#5647,#5648,#5649,#5650),.UNSPECIFIED.,.F.,.F.,(4,1,1,1,1,1,
1,2,4),(4.48656504234841E-17,0.0585476150110474,0.087821422516571,0.117095230022095,
0.146369037527618,0.175642845033142,0.234190460044189,0.292738075055237,
0.293584515570439),.UNSPECIFIED.);
#902=B_SPLINE_CURVE_WITH_KNOTS('',3,(#5652,#5653,#5654,#5655,#5656,#5657,
#5658,#5659,#5660,#5661,#5662,#5663),.UNSPECIFIED.,.F.,.F.,(4,2,1,1,1,1,
1,1,4),(-0.293584515570439,-0.292738075055237,-0.234190460044189,-0.175642845033142,
-0.146369037527618,-0.117095230022095,-0.087821422516571,-0.0585476150110474,
-4.48656504234841E-17),.UNSPECIFIED.);
#903=B_SPLINE_CURVE_WITH_KNOTS('',3,(#5700,#5701,#5702,#5703),
 .UNSPECIFIED.,.F.,.F.,(4,4),(-2.22542331603222,-2.15240093380193),
 .UNSPECIFIED.);
#904=B_SPLINE_CURVE_WITH_KNOTS('',3,(#5705,#5706,#5707,#5708),
 .UNSPECIFIED.,.F.,.F.,(4,4),(-0.700914844521667,-0.627191810174655),
 .UNSPECIFIED.);
#905=B_SPLINE_CURVE_WITH_KNOTS('',3,(#5709,#5710,#5711,#5712,#5713,#5714,
#5715,#5716,#5717,#5718),.UNSPECIFIED.,.F.,.F.,(4,2,2,2,4),(-1.14505830888712,
-0.907113569152889,-0.673121666635036,-0.373327293171468,0.),
 .UNSPECIFIED.);
#906=B_SPLINE_CURVE_WITH_KNOTS('',3,(#5721,#5722,#5723,#5724,#5725,#5726,
#5727),.UNSPECIFIED.,.F.,.F.,(4,3,4),(0.,0.0797365954666722,0.133824633046642),
 .UNSPECIFIED.);
#907=B_SPLINE_CURVE_WITH_KNOTS('',3,(#5861,#5862,#5863,#5864,#5865,#5866,
#5867,#5868,#5869,#5870,#5871,#5872,#5873),.UNSPECIFIED.,.F.,.F.,(4,1,1,
1,1,1,1,1,2,4),(-1.04018929298155,-0.936170363683397,-0.832151434385242,
-0.624113575788931,-0.416075717192621,-0.312056787894466,-0.208037858596311,
-0.104018929298155,0.,0.00163858187875715),.UNSPECIFIED.);
#908=B_SPLINE_CURVE_WITH_KNOTS('',3,(#5875,#5876,#5877,#5878,#5879,#5880,
#5881,#5882,#5883,#5884,#5885,#5886,#5887),.UNSPECIFIED.,.F.,.F.,(4,2,1,
1,1,1,1,1,1,4),(-0.00163858187875715,0.,0.104018929298155,0.208037858596311,
0.312056787894466,0.416075717192621,0.624113575788931,0.832151434385242,
0.936170363683397,1.04018929298155),.UNSPECIFIED.);
#909=B_SPLINE_CURVE_WITH_KNOTS('',3,(#5976,#5977,#5978,#5979,#5980,#5981,
#5982,#5983,#5984,#5985,#5986,#5987,#5988),.UNSPECIFIED.,.F.,.F.,(4,1,1,
1,1,1,1,1,2,4),(0.,0.104020309387041,0.208040618774083,0.312060928161124,
0.416081237548165,0.520101546935207,0.624121856322248,0.832162475096331,
1.04020309387041,1.04182464439388),.UNSPECIFIED.);
#910=B_SPLINE_CURVE_WITH_KNOTS('',3,(#5990,#5991,#5992,#5993,#5994,#5995,
#5996,#5997,#5998,#5999,#6000,#6001,#6002),.UNSPECIFIED.,.F.,.F.,(4,2,1,
1,1,1,1,1,1,4),(-1.04182464439388,-1.04020309387041,-0.832162475096331,
-0.624121856322248,-0.520101546935207,-0.416081237548165,-0.312060928161124,
-0.208040618774083,-0.104020309387041,0.),.UNSPECIFIED.);
#911=B_SPLINE_CURVE_WITH_KNOTS('',3,(#6065,#6066,#6067,#6068,#6069,#6070,
#6071,#6072,#6073,#6074),.UNSPECIFIED.,.F.,.F.,(4,1,1,1,1,2,4),(0.,0.0248631922305259,
0.0497263844610517,0.0994527689221034,0.198905537844207,0.248631922305258,
0.249575804979649),.UNSPECIFIED.);
#912=B_SPLINE_CURVE_WITH_KNOTS('',3,(#6075,#6076,#6077,#6078,#6079,#6080,
#6081,#6082,#6083,#6084),.UNSPECIFIED.,.F.,.F.,(4,2,1,1,1,1,4),(-0.249575804979649,
-0.248631922305258,-0.198905537844207,-0.0994527689221034,-0.0497263844610517,
-0.0248631922305259,0.),.UNSPECIFIED.);
#913=B_SPLINE_CURVE_WITH_KNOTS('',3,(#6166,#6167,#6168,#6169,#6170,#6171,
#6172,#6173,#6174,#6175,#6176,#6177,#6178,#6179,#6180),.UNSPECIFIED.,.F.,
 .F.,(4,1,1,1,1,1,1,1,1,1,2,4),(0.,0.106259492825995,0.212518985651991,
0.318778478477986,0.425037971303981,0.531297464129977,0.637556956955972,
0.743816449781967,0.850075942607963,0.956335435433958,1.06259492825995,
1.06434191030561),.UNSPECIFIED.);
#914=B_SPLINE_CURVE_WITH_KNOTS('',3,(#6181,#6182,#6183,#6184,#6185,#6186,
#6187,#6188,#6189,#6190,#6191,#6192,#6193,#6194,#6195),.UNSPECIFIED.,.F.,
 .F.,(4,2,1,1,1,1,1,1,1,1,1,4),(-1.06434191030561,-1.06259492825995,-0.956335435433958,
-0.850075942607963,-0.743816449781967,-0.637556956955972,-0.531297464129977,
-0.425037971303981,-0.318778478477986,-0.212518985651991,-0.106259492825995,
0.),.UNSPECIFIED.);
#915=B_SPLINE_CURVE_WITH_KNOTS('',3,(#6219,#6220,#6221,#6222,#6223,#6224,
#6225,#6226,#6227,#6228,#6229,#6230,#6231,#6232,#6233,#6234,#6235,#6236,
#6237,#6238,#6239,#6240),.UNSPECIFIED.,.F.,.F.,(4,2,2,2,2,2,2,2,2,2,4),
(0.584179086793447,0.588919535688793,0.600652053602664,0.621753909612903,
0.667129849417451,0.756642362000419,0.879213142293028,0.978500854710481,
1.14572551142594,1.26925951034143,1.38428094336289),.UNSPECIFIED.);
#916=B_SPLINE_CURVE_WITH_KNOTS('',3,(#6298,#6299,#6300,#6301,#6302,#6303,
#6304,#6305,#6306,#6307),.UNSPECIFIED.,.F.,.F.,(4,1,1,1,1,2,4),(-0.248632204479861,
-0.223768984031874,-0.198905763583888,-0.149179322687916,-0.0497264408959721,
0.,0.000943603560982906),.UNSPECIFIED.);
#917=B_SPLINE_CURVE_WITH_KNOTS('',3,(#6308,#6309,#6310,#6311,#6312,#6313,
#6314,#6315,#6316,#6317),.UNSPECIFIED.,.F.,.F.,(4,2,1,1,1,1,4),(-0.000943603560982906,
0.,0.0497264408959721,0.149179322687916,0.198905763583888,0.223768984031874,
0.248632204479861),.UNSPECIFIED.);
#918=B_SPLINE_CURVE_WITH_KNOTS('',3,(#6379,#6380,#6381,#6382,#6383,#6384,
#6385,#6386,#6387,#6388,#6389),.UNSPECIFIED.,.F.,.F.,(4,1,1,1,1,1,2,4),
(-1.06259970534979,-0.95633973481481,-0.850079764279831,-0.743819793744852,
-0.637559823209873,-0.212519941069958,0.,0.00173854950903944),
 .UNSPECIFIED.);
#919=B_SPLINE_CURVE_WITH_KNOTS('',3,(#6390,#6391,#6392,#6393,#6394,#6395,
#6396,#6397,#6398,#6399,#6400),.UNSPECIFIED.,.F.,.F.,(4,2,1,1,1,1,1,4),
(-0.00173854950903944,0.,0.212519941069958,0.637559823209873,0.743819793744852,
0.850079764279831,0.95633973481481,1.06259970534979),.UNSPECIFIED.);
#920=B_SPLINE_CURVE_WITH_KNOTS('',3,(#6425,#6426,#6427,#6428,#6429,#6430,
#6431,#6432,#6433,#6434,#6435,#6436,#6437,#6438,#6439,#6440),
 .UNSPECIFIED.,.F.,.F.,(4,2,2,2,2,2,2,4),(0.515246216958922,0.518399195461349,
0.547111448756413,0.595467217109221,0.695862342283225,0.842484936992043,
0.957641961934015,1.04419749804541),.UNSPECIFIED.);
#921=B_SPLINE_CURVE_WITH_KNOTS('',3,(#6441,#6442,#6443,#6444,#6445,#6446),
 .UNSPECIFIED.,.F.,.F.,(4,2,4),(0.934729647701802,1.04205050101128,1.05058712258613),
 .UNSPECIFIED.);
#922=B_SPLINE_CURVE_WITH_KNOTS('',3,(#6477,#6478,#6479,#6480,#6481,#6482,
#6483,#6484,#6485,#6486,#6487,#6488,#6489,#6490,#6491,#6492,#6493,#6494),
 .UNSPECIFIED.,.F.,.F.,(4,2,2,2,2,2,2,2,4),(0.,0.0645480597166176,0.1491340542149,
0.28142181078053,0.457134732180133,0.56647636498581,0.58596124871271,0.595394922331365,
0.597838836931334),.UNSPECIFIED.);
#923=B_SPLINE_CURVE_WITH_KNOTS('',3,(#6495,#6496,#6497,#6498,#6499),
 .UNSPECIFIED.,.F.,.F.,(4,1,4),(0.669917262418401,1.57948203797797,2.32628187231247),
 .UNSPECIFIED.);
#924=B_SPLINE_CURVE_WITH_KNOTS('',3,(#6503,#6504,#6505,#6506),
 .UNSPECIFIED.,.F.,.F.,(4,4),(0.898720485316687,0.934729647701803),
 .UNSPECIFIED.);
#925=B_SPLINE_CURVE_WITH_KNOTS('',3,(#6549,#6550,#6551,#6552,#6553,#6554),
 .UNSPECIFIED.,.F.,.F.,(4,1,1,4),(1.54071963717277,1.61160155165199,1.91471443657487,
2.04130895886739),.UNSPECIFIED.);
#926=B_SPLINE_CURVE_WITH_KNOTS('',3,(#6573,#6574,#6575,#6576,#6577,#6578,
#6579,#6580,#6581,#6582,#6583,#6584,#6585,#6586),.UNSPECIFIED.,.F.,.F.,
(4,2,2,2,2,2,4),(0.,0.099770086705321,0.218896616260282,0.305501147591381,
0.335133387306628,0.353653919549421,0.359560557515938),.UNSPECIFIED.);
#927=B_SPLINE_CURVE_WITH_KNOTS('',3,(#6587,#6588,#6589,#6590),
 .UNSPECIFIED.,.F.,.F.,(4,4),(0.427803583002719,0.903815936995221),
 .UNSPECIFIED.);
#928=B_SPLINE_CURVE_WITH_KNOTS('',3,(#6627,#6628,#6629,#6630,#6631,#6632,
#6633),.UNSPECIFIED.,.F.,.F.,(4,3,4),(-0.124342117223112,0.,0.124342117235641),
 .UNSPECIFIED.);
#929=B_SPLINE_CURVE_WITH_KNOTS('',3,(#6644,#6645,#6646,#6647,#6648,#6649),
 .UNSPECIFIED.,.F.,.F.,(4,2,4),(-0.25284721294594,-0.126284281413931,-1.66231490294765E-5),
 .UNSPECIFIED.);
#930=VERTEX_POINT('',#3272);
#931=VERTEX_POINT('',#3273);
#932=VERTEX_POINT('',#3281);
#933=VERTEX_POINT('',#3283);
#934=VERTEX_POINT('',#3285);
#935=VERTEX_POINT('',#3292);
#936=VERTEX_POINT('',#3294);
#937=VERTEX_POINT('',#3296);
#938=VERTEX_POINT('',#3298);
#939=VERTEX_POINT('',#3305);
#940=VERTEX_POINT('',#3307);
#941=VERTEX_POINT('',#3309);
#942=VERTEX_POINT('',#3348);
#943=VERTEX_POINT('',#3354);
#944=VERTEX_POINT('',#3358);
#945=VERTEX_POINT('',#3363);
#946=VERTEX_POINT('',#3375);
#947=VERTEX_POINT('',#3388);
#948=VERTEX_POINT('',#3405);
#949=VERTEX_POINT('',#3413);
#950=VERTEX_POINT('',#3450);
#951=VERTEX_POINT('',#3461);
#952=VERTEX_POINT('',#3469);
#953=VERTEX_POINT('',#3483);
#954=VERTEX_POINT('',#3484);
#955=VERTEX_POINT('',#3528);
#956=VERTEX_POINT('',#3530);
#957=VERTEX_POINT('',#3546);
#958=VERTEX_POINT('',#3548);
#959=VERTEX_POINT('',#3555);
#960=VERTEX_POINT('',#3557);
#961=VERTEX_POINT('',#3611);
#962=VERTEX_POINT('',#3612);
#963=VERTEX_POINT('',#3614);
#964=VERTEX_POINT('',#3624);
#965=VERTEX_POINT('',#3625);
#966=VERTEX_POINT('',#3627);
#967=VERTEX_POINT('',#3629);
#968=VERTEX_POINT('',#3634);
#969=VERTEX_POINT('',#3648);
#970=VERTEX_POINT('',#3655);
#971=VERTEX_POINT('',#3666);
#972=VERTEX_POINT('',#3673);
#973=VERTEX_POINT('',#3702);
#974=VERTEX_POINT('',#3703);
#975=VERTEX_POINT('',#3723);
#976=VERTEX_POINT('',#3729);
#977=VERTEX_POINT('',#3752);
#978=VERTEX_POINT('',#3753);
#979=VERTEX_POINT('',#3788);
#980=VERTEX_POINT('',#3789);
#981=VERTEX_POINT('',#3796);
#982=VERTEX_POINT('',#3808);
#983=VERTEX_POINT('',#3815);
#984=VERTEX_POINT('',#3826);
#985=VERTEX_POINT('',#3831);
#986=VERTEX_POINT('',#3838);
#987=VERTEX_POINT('',#3845);
#988=VERTEX_POINT('',#3850);
#989=VERTEX_POINT('',#3859);
#990=VERTEX_POINT('',#3868);
#991=VERTEX_POINT('',#3879);
#992=VERTEX_POINT('',#3901);
#993=VERTEX_POINT('',#3910);
#994=VERTEX_POINT('',#3925);
#995=VERTEX_POINT('',#3938);
#996=VERTEX_POINT('',#3939);
#997=VERTEX_POINT('',#3948);
#998=VERTEX_POINT('',#3961);
#999=VERTEX_POINT('',#3988);
#1000=VERTEX_POINT('',#3989);
#1001=VERTEX_POINT('',#3996);
#1002=VERTEX_POINT('',#4005);
#1003=VERTEX_POINT('',#4010);
#1004=VERTEX_POINT('',#4031);
#1005=VERTEX_POINT('',#4036);
#1006=VERTEX_POINT('',#4059);
#1007=VERTEX_POINT('',#4064);
#1008=VERTEX_POINT('',#4069);
#1009=VERTEX_POINT('',#4076);
#1010=VERTEX_POINT('',#4091);
#1011=VERTEX_POINT('',#4093);
#1012=VERTEX_POINT('',#4110);
#1013=VERTEX_POINT('',#4169);
#1014=VERTEX_POINT('',#4176);
#1015=VERTEX_POINT('',#4189);
#1016=VERTEX_POINT('',#4210);
#1017=VERTEX_POINT('',#4212);
#1018=VERTEX_POINT('',#4231);
#1019=VERTEX_POINT('',#4232);
#1020=VERTEX_POINT('',#4262);
#1021=VERTEX_POINT('',#4263);
#1022=VERTEX_POINT('',#4312);
#1023=VERTEX_POINT('',#4317);
#1024=VERTEX_POINT('',#4322);
#1025=VERTEX_POINT('',#4329);
#1026=VERTEX_POINT('',#4338);
#1027=VERTEX_POINT('',#4345);
#1028=VERTEX_POINT('',#4352);
#1029=VERTEX_POINT('',#4361);
#1030=VERTEX_POINT('',#4369);
#1031=VERTEX_POINT('',#4399);
#1032=VERTEX_POINT('',#4407);
#1033=VERTEX_POINT('',#4412);
#1034=VERTEX_POINT('',#4421);
#1035=VERTEX_POINT('',#4432);
#1036=VERTEX_POINT('',#4437);
#1037=VERTEX_POINT('',#4442);
#1038=VERTEX_POINT('',#4449);
#1039=VERTEX_POINT('',#4454);
#1040=VERTEX_POINT('',#4463);
#1041=VERTEX_POINT('',#4468);
#1042=VERTEX_POINT('',#4479);
#1043=VERTEX_POINT('',#4490);
#1044=VERTEX_POINT('',#4501);
#1045=VERTEX_POINT('',#4502);
#1046=VERTEX_POINT('',#4509);
#1047=VERTEX_POINT('',#4522);
#1048=VERTEX_POINT('',#4530);
#1049=VERTEX_POINT('',#4551);
#1050=VERTEX_POINT('',#4556);
#1051=VERTEX_POINT('',#4577);
#1052=VERTEX_POINT('',#4600);
#1053=VERTEX_POINT('',#4601);
#1054=VERTEX_POINT('',#4614);
#1055=VERTEX_POINT('',#4621);
#1056=VERTEX_POINT('',#4651);
#1057=VERTEX_POINT('',#4652);
#1058=VERTEX_POINT('',#4654);
#1059=VERTEX_POINT('',#4657);
#1060=VERTEX_POINT('',#4659);
#1061=VERTEX_POINT('',#4661);
#1062=VERTEX_POINT('',#4663);
#1063=VERTEX_POINT('',#4665);
#1064=VERTEX_POINT('',#4671);
#1065=VERTEX_POINT('',#4729);
#1066=VERTEX_POINT('',#4844);
#1067=VERTEX_POINT('',#4905);
#1068=VERTEX_POINT('',#4907);
#1069=VERTEX_POINT('',#4938);
#1070=VERTEX_POINT('',#4940);
#1071=VERTEX_POINT('',#4945);
#1072=VERTEX_POINT('',#4946);
#1073=VERTEX_POINT('',#4948);
#1074=VERTEX_POINT('',#4950);
#1075=VERTEX_POINT('',#4954);
#1076=VERTEX_POINT('',#4955);
#1077=VERTEX_POINT('',#4994);
#1078=VERTEX_POINT('',#4999);
#1079=VERTEX_POINT('',#5006);
#1080=VERTEX_POINT('',#5008);
#1081=VERTEX_POINT('',#5010);
#1082=VERTEX_POINT('',#5021);
#1083=VERTEX_POINT('',#5022);
#1084=VERTEX_POINT('',#5027);
#1085=VERTEX_POINT('',#5028);
#1086=VERTEX_POINT('',#5033);
#1087=VERTEX_POINT('',#5034);
#1088=VERTEX_POINT('',#5039);
#1089=VERTEX_POINT('',#5040);
#1090=VERTEX_POINT('',#5073);
#1091=VERTEX_POINT('',#5075);
#1092=VERTEX_POINT('',#5094);
#1093=VERTEX_POINT('',#5110);
#1094=VERTEX_POINT('',#5128);
#1095=VERTEX_POINT('',#5135);
#1096=VERTEX_POINT('',#5147);
#1097=VERTEX_POINT('',#5148);
#1098=VERTEX_POINT('',#5150);
#1099=VERTEX_POINT('',#5152);
#1100=VERTEX_POINT('',#5156);
#1101=VERTEX_POINT('',#5157);
#1102=VERTEX_POINT('',#5162);
#1103=VERTEX_POINT('',#5163);
#1104=VERTEX_POINT('',#5168);
#1105=VERTEX_POINT('',#5169);
#1106=VERTEX_POINT('',#5174);
#1107=VERTEX_POINT('',#5203);
#1108=VERTEX_POINT('',#5208);
#1109=VERTEX_POINT('',#5215);
#1110=VERTEX_POINT('',#5216);
#1111=VERTEX_POINT('',#5218);
#1112=VERTEX_POINT('',#5220);
#1113=VERTEX_POINT('',#5239);
#1114=VERTEX_POINT('',#5240);
#1115=VERTEX_POINT('',#5273);
#1116=VERTEX_POINT('',#5275);
#1117=VERTEX_POINT('',#5295);
#1118=VERTEX_POINT('',#5297);
#1119=VERTEX_POINT('',#5326);
#1120=VERTEX_POINT('',#5337);
#1121=VERTEX_POINT('',#5349);
#1122=VERTEX_POINT('',#5360);
#1123=VERTEX_POINT('',#5367);
#1124=VERTEX_POINT('',#5372);
#1125=VERTEX_POINT('',#5439);
#1126=VERTEX_POINT('',#5550);
#1127=VERTEX_POINT('',#5563);
#1128=VERTEX_POINT('',#5637);
#1129=VERTEX_POINT('',#5638);
#1130=VERTEX_POINT('',#5651);
#1131=VERTEX_POINT('',#5666);
#1132=VERTEX_POINT('',#5684);
#1133=VERTEX_POINT('',#5687);
#1134=VERTEX_POINT('',#5699);
#1135=VERTEX_POINT('',#5704);
#1136=VERTEX_POINT('',#5859);
#1137=VERTEX_POINT('',#5860);
#1138=VERTEX_POINT('',#5874);
#1139=VERTEX_POINT('',#5974);
#1140=VERTEX_POINT('',#5975);
#1141=VERTEX_POINT('',#5989);
#1142=VERTEX_POINT('',#6061);
#1143=VERTEX_POINT('',#6062);
#1144=VERTEX_POINT('',#6064);
#1145=VERTEX_POINT('',#6163);
#1146=VERTEX_POINT('',#6164);
#1147=VERTEX_POINT('',#6197);
#1148=VERTEX_POINT('',#6198);
#1149=VERTEX_POINT('',#6203);
#1150=VERTEX_POINT('',#6205);
#1151=VERTEX_POINT('',#6209);
#1152=VERTEX_POINT('',#6218);
#1153=VERTEX_POINT('',#6294);
#1154=VERTEX_POINT('',#6295);
#1155=VERTEX_POINT('',#6297);
#1156=VERTEX_POINT('',#6376);
#1157=VERTEX_POINT('',#6377);
#1158=VERTEX_POINT('',#6402);
#1159=VERTEX_POINT('',#6403);
#1160=VERTEX_POINT('',#6408);
#1161=VERTEX_POINT('',#6411);
#1162=VERTEX_POINT('',#6415);
#1163=VERTEX_POINT('',#6424);
#1164=VERTEX_POINT('',#6476);
#1165=VERTEX_POINT('',#6501);
#1166=VERTEX_POINT('',#6572);
#1167=VERTEX_POINT('',#6616);
#1168=VERTEX_POINT('',#6625);
#1169=VERTEX_POINT('',#6626);
#1170=EDGE_CURVE('',#930,#931,#736,.T.);
#1171=EDGE_CURVE('',#932,#930,#588,.T.);
#1172=EDGE_CURVE('',#932,#933,#583,.T.);
#1173=EDGE_CURVE('',#934,#933,#737,.T.);
#1174=EDGE_CURVE('',#935,#934,#589,.T.);
#1175=EDGE_CURVE('',#935,#936,#584,.T.);
#1176=EDGE_CURVE('',#937,#936,#590,.T.);
#1177=EDGE_CURVE('',#938,#937,#738,.T.);
#1178=EDGE_CURVE('',#938,#939,#585,.T.);
#1179=EDGE_CURVE('',#939,#940,#591,.T.);
#1180=EDGE_CURVE('',#941,#940,#739,.T.);
#1181=EDGE_CURVE('',#931,#941,#740,.T.);
#1182=EDGE_CURVE('',#942,#938,#592,.T.);
#1183=EDGE_CURVE('',#942,#939,#141,.T.);
#1184=EDGE_CURVE('',#936,#935,#593,.T.);
#1185=EDGE_CURVE('',#933,#943,#594,.T.);
#1186=EDGE_CURVE('',#932,#943,#142,.T.);
#1187=EDGE_CURVE('',#944,#930,#741,.T.);
#1188=EDGE_CURVE('',#945,#944,#742,.T.);
#1189=EDGE_CURVE('',#946,#945,#595,.T.);
#1190=EDGE_CURVE('',#943,#946,#743,.T.);
#1191=EDGE_CURVE('',#947,#944,#744,.T.);
#1192=EDGE_CURVE('',#947,#945,#745,.T.);
#1193=EDGE_CURVE('',#948,#941,#746,.T.);
#1194=EDGE_CURVE('',#948,#949,#596,.T.);
#1195=EDGE_CURVE('',#931,#949,#747,.T.);
#1196=EDGE_CURVE('',#940,#950,#748,.T.);
#1197=EDGE_CURVE('',#950,#951,#749,.T.);
#1198=EDGE_CURVE('',#951,#952,#750,.T.);
#1199=EDGE_CURVE('',#948,#952,#751,.T.);
#1200=EDGE_CURVE('',#953,#954,#752,.T.);
#1201=EDGE_CURVE('',#955,#953,#143,.T.);
#1202=EDGE_CURVE('',#955,#956,#597,.T.);
#1203=EDGE_CURVE('',#956,#934,#144,.T.);
#1204=EDGE_CURVE('',#946,#942,#753,.T.);
#1205=EDGE_CURVE('',#937,#956,#145,.T.);
#1206=EDGE_CURVE('',#957,#955,#146,.T.);
#1207=EDGE_CURVE('',#957,#958,#754,.T.);
#1208=EDGE_CURVE('',#959,#958,#147,.T.);
#1209=EDGE_CURVE('',#960,#959,#755,.T.);
#1210=EDGE_CURVE('',#960,#954,#756,.T.);
#1211=EDGE_CURVE('',#961,#962,#598,.T.);
#1212=EDGE_CURVE('',#961,#963,#757,.T.);
#1213=EDGE_CURVE('',#963,#962,#758,.T.);
#1214=EDGE_CURVE('',#964,#965,#148,.T.);
#1215=EDGE_CURVE('',#966,#964,#599,.T.);
#1216=EDGE_CURVE('',#967,#966,#759,.T.);
#1217=EDGE_CURVE('',#968,#967,#760,.T.);
#1218=EDGE_CURVE('',#969,#968,#761,.T.);
#1219=EDGE_CURVE('',#969,#970,#762,.F.);
#1220=EDGE_CURVE('',#971,#970,#763,.T.);
#1221=EDGE_CURVE('',#972,#971,#764,.T.);
#1222=EDGE_CURVE('',#972,#965,#600,.T.);
#1223=EDGE_CURVE('',#973,#974,#765,.T.);
#1224=EDGE_CURVE('',#974,#975,#766,.T.);
#1225=EDGE_CURVE('',#975,#976,#149,.T.);
#1226=EDGE_CURVE('',#976,#973,#767,.T.);
#1227=EDGE_CURVE('',#977,#978,#150,.T.);
#1228=EDGE_CURVE('',#978,#976,#768,.T.);
#1229=EDGE_CURVE('',#975,#977,#769,.T.);
#1230=EDGE_CURVE('',#979,#980,#770,.T.);
#1231=EDGE_CURVE('',#981,#980,#771,.T.);
#1232=EDGE_CURVE('',#982,#981,#772,.F.);
#1233=EDGE_CURVE('',#982,#983,#773,.T.);
#1234=EDGE_CURVE('',#983,#984,#774,.T.);
#1235=EDGE_CURVE('',#985,#984,#775,.T.);
#1236=EDGE_CURVE('',#986,#985,#776,.T.);
#1237=EDGE_CURVE('',#987,#986,#777,.T.);
#1238=EDGE_CURVE('',#987,#988,#778,.T.);
#1239=EDGE_CURVE('',#988,#989,#779,.T.);
#1240=EDGE_CURVE('',#989,#990,#780,.T.);
#1241=EDGE_CURVE('',#959,#990,#781,.T.);
#1242=EDGE_CURVE('',#958,#991,#782,.T.);
#1243=EDGE_CURVE('',#991,#951,#151,.T.);
#1244=EDGE_CURVE('',#950,#992,#783,.T.);
#1245=EDGE_CURVE('',#992,#993,#784,.T.);
#1246=EDGE_CURVE('',#993,#994,#785,.T.);
#1247=EDGE_CURVE('',#994,#979,#786,.T.);
#1248=EDGE_CURVE('',#995,#996,#787,.T.);
#1249=EDGE_CURVE('',#996,#997,#788,.T.);
#1250=EDGE_CURVE('',#997,#998,#789,.T.);
#1251=EDGE_CURVE('',#998,#995,#790,.T.);
#1252=EDGE_CURVE('',#999,#1000,#791,.T.);
#1253=EDGE_CURVE('',#1000,#1001,#792,.T.);
#1254=EDGE_CURVE('',#1001,#1002,#793,.T.);
#1255=EDGE_CURVE('',#1003,#1002,#794,.F.);
#1256=EDGE_CURVE('',#1003,#1004,#795,.T.);
#1257=EDGE_CURVE('',#1005,#1004,#796,.F.);
#1258=EDGE_CURVE('',#1005,#1006,#797,.T.);
#1259=EDGE_CURVE('',#1006,#1007,#798,.T.);
#1260=EDGE_CURVE('',#1007,#1008,#799,.T.);
#1261=EDGE_CURVE('',#1008,#1009,#800,.T.);
#1262=EDGE_CURVE('',#1009,#1010,#152,.T.);
#1263=EDGE_CURVE('',#1010,#1011,#801,.T.);
#1264=EDGE_CURVE('',#1011,#1012,#802,.T.);
#1265=EDGE_CURVE('',#1012,#1013,#803,.T.);
#1266=EDGE_CURVE('',#1014,#1013,#804,.F.);
#1267=EDGE_CURVE('',#1014,#1015,#805,.T.);
#1268=EDGE_CURVE('',#999,#1015,#806,.F.);
#1269=EDGE_CURVE('',#969,#978,#601,.T.);
#1270=EDGE_CURVE('',#977,#1016,#602,.T.);
#1271=EDGE_CURVE('',#1016,#1017,#153,.T.);
#1272=EDGE_CURVE('',#1017,#970,#603,.T.);
#1273=EDGE_CURVE('',#1018,#1019,#154,.T.);
#1274=EDGE_CURVE('',#1019,#1017,#807,.T.);
#1275=EDGE_CURVE('',#1016,#1018,#808,.T.);
#1276=EDGE_CURVE('',#1020,#1021,#809,.T.);
#1277=EDGE_CURVE('',#1021,#1019,#810,.T.);
#1278=EDGE_CURVE('',#1018,#1020,#811,.T.);
#1279=EDGE_CURVE('',#1021,#1022,#812,.T.);
#1280=EDGE_CURVE('',#1022,#1023,#813,.T.);
#1281=EDGE_CURVE('',#1024,#1023,#814,.F.);
#1282=EDGE_CURVE('',#1024,#1025,#815,.T.);
#1283=EDGE_CURVE('',#1025,#1026,#816,.T.);
#1284=EDGE_CURVE('',#1026,#1027,#817,.T.);
#1285=EDGE_CURVE('',#1027,#1028,#818,.T.);
#1286=EDGE_CURVE('',#1029,#1028,#819,.T.);
#1287=EDGE_CURVE('',#1029,#1030,#155,.T.);
#1288=EDGE_CURVE('',#1030,#957,#820,.T.);
#1289=EDGE_CURVE('',#1031,#953,#821,.T.);
#1290=EDGE_CURVE('',#1031,#1032,#822,.T.);
#1291=EDGE_CURVE('',#1032,#1033,#823,.T.);
#1292=EDGE_CURVE('',#1033,#1034,#824,.T.);
#1293=EDGE_CURVE('',#1035,#1034,#825,.T.);
#1294=EDGE_CURVE('',#1036,#1035,#826,.T.);
#1295=EDGE_CURVE('',#1037,#1036,#827,.T.);
#1296=EDGE_CURVE('',#1037,#1038,#828,.T.);
#1297=EDGE_CURVE('',#1039,#1038,#829,.F.);
#1298=EDGE_CURVE('',#1039,#1040,#830,.T.);
#1299=EDGE_CURVE('',#1041,#1040,#831,.T.);
#1300=EDGE_CURVE('',#1041,#1042,#832,.T.);
#1301=EDGE_CURVE('',#1042,#1043,#833,.T.);
#1302=EDGE_CURVE('',#1019,#1043,#834,.T.);
#1303=EDGE_CURVE('',#1044,#1045,#835,.T.);
#1304=EDGE_CURVE('',#1046,#1045,#836,.F.);
#1305=EDGE_CURVE('',#1046,#1047,#837,.T.);
#1306=EDGE_CURVE('',#1048,#1047,#838,.F.);
#1307=EDGE_CURVE('',#1048,#1049,#839,.T.);
#1308=EDGE_CURVE('',#1050,#1049,#840,.F.);
#1309=EDGE_CURVE('',#1050,#1051,#841,.T.);
#1310=EDGE_CURVE('',#1044,#1051,#842,.F.);
#1311=EDGE_CURVE('',#1052,#1053,#843,.T.);
#1312=EDGE_CURVE('',#1053,#1054,#844,.T.);
#1313=EDGE_CURVE('',#1054,#1055,#845,.T.);
#1314=EDGE_CURVE('',#1055,#1052,#846,.T.);
#1315=EDGE_CURVE('',#1056,#1057,#156,.T.);
#1316=EDGE_CURVE('',#1058,#1056,#157,.T.);
#1317=EDGE_CURVE('',#1058,#1020,#158,.T.);
#1318=EDGE_CURVE('',#974,#1059,#604,.T.);
#1319=EDGE_CURVE('',#1059,#1060,#159,.T.);
#1320=EDGE_CURVE('',#1061,#1060,#160,.T.);
#1321=EDGE_CURVE('',#1062,#1061,#161,.T.);
#1322=EDGE_CURVE('',#1062,#1063,#162,.T.);
#1323=EDGE_CURVE('',#1063,#961,#163,.T.);
#1324=EDGE_CURVE('',#962,#1063,#164,.T.);
#1325=EDGE_CURVE('',#1063,#1057,#165,.T.);
#1326=EDGE_CURVE('',#1064,#1061,#166,.T.);
#1327=EDGE_CURVE('',#1060,#994,#847,.T.);
#1328=EDGE_CURVE('',#993,#1064,#167,.T.);
#1329=EDGE_CURVE('',#1064,#1062,#848,.T.);
#1330=EDGE_CURVE('',#992,#1064,#605,.T.);
#1331=EDGE_CURVE('',#963,#945,#606,.T.);
#1332=EDGE_CURVE('',#963,#1063,#607,.T.);
#1333=EDGE_CURVE('',#1023,#1058,#849,.T.);
#1334=EDGE_CURVE('',#1056,#1065,#168,.T.);
#1335=EDGE_CURVE('',#1065,#1024,#169,.T.);
#1336=EDGE_CURVE('',#1057,#1065,#850,.T.);
#1337=EDGE_CURVE('',#1059,#980,#851,.T.);
#1338=EDGE_CURVE('',#963,#1063,#608,.T.);
#1339=EDGE_CURVE('',#1028,#947,#852,.T.);
#1340=EDGE_CURVE('',#1027,#1065,#609,.T.);
#1341=EDGE_CURVE('',#1025,#1026,#170,.T.);
#1342=EDGE_CURVE('',#978,#968,#853,.T.);
#1343=EDGE_CURVE('',#967,#976,#854,.T.);
#1344=EDGE_CURVE('',#971,#1017,#855,.T.);
#1345=EDGE_CURVE('',#949,#1066,#856,.F.);
#1346=EDGE_CURVE('',#1066,#1029,#857,.T.);
#1347=EDGE_CURVE('',#1043,#972,#858,.T.);
#1348=EDGE_CURVE('',#1067,#1067,#171,.T.);
#1349=EDGE_CURVE('',#1067,#1068,#172,.T.);
#1350=EDGE_CURVE('',#1068,#1068,#173,.T.);
#1351=EDGE_CURVE('',#1069,#1069,#174,.T.);
#1352=EDGE_CURVE('',#1069,#1070,#175,.T.);
#1353=EDGE_CURVE('',#1070,#1070,#176,.T.);
#1354=EDGE_CURVE('',#1071,#1072,#177,.T.);
#1355=EDGE_CURVE('',#1072,#1073,#178,.T.);
#1356=EDGE_CURVE('',#1073,#1074,#179,.T.);
#1357=EDGE_CURVE('',#1074,#1071,#180,.T.);
#1358=EDGE_CURVE('',#1075,#1076,#859,.F.);
#1359=EDGE_CURVE('',#1076,#1074,#181,.T.);
#1360=EDGE_CURVE('',#1073,#1075,#182,.T.);
#1361=EDGE_CURVE('',#1071,#1077,#860,.T.);
#1362=EDGE_CURVE('',#1077,#1078,#183,.T.);
#1363=EDGE_CURVE('',#1072,#1078,#861,.T.);
#1364=EDGE_CURVE('',#1038,#1079,#184,.T.);
#1365=EDGE_CURVE('',#1079,#1080,#185,.T.);
#1366=EDGE_CURVE('',#1080,#1081,#186,.T.);
#1367=EDGE_CURVE('',#1081,#1039,#862,.F.);
#1368=EDGE_CURVE('',#1082,#1083,#187,.T.);
#1369=EDGE_CURVE('',#1083,#1080,#188,.T.);
#1370=EDGE_CURVE('',#1079,#1082,#189,.T.);
#1371=EDGE_CURVE('',#1084,#1085,#190,.T.);
#1372=EDGE_CURVE('',#1085,#1083,#191,.T.);
#1373=EDGE_CURVE('',#1082,#1084,#192,.T.);
#1374=EDGE_CURVE('',#1086,#1087,#193,.T.);
#1375=EDGE_CURVE('',#1087,#1085,#194,.T.);
#1376=EDGE_CURVE('',#1084,#1086,#195,.T.);
#1377=EDGE_CURVE('',#1088,#1089,#196,.T.);
#1378=EDGE_CURVE('',#1089,#1087,#197,.T.);
#1379=EDGE_CURVE('',#1086,#1088,#198,.T.);
#1380=EDGE_CURVE('',#1078,#1088,#863,.T.);
#1381=EDGE_CURVE('',#1077,#1089,#864,.T.);
#1382=EDGE_CURVE('',#1090,#1073,#610,.T.);
#1383=EDGE_CURVE('',#1091,#1090,#865,.T.);
#1384=EDGE_CURVE('',#1075,#1091,#866,.T.);
#1385=EDGE_CURVE('',#1090,#1072,#867,.T.);
#1386=EDGE_CURVE('',#1092,#1086,#611,.T.);
#1387=EDGE_CURVE('',#1088,#1092,#868,.T.);
#1388=EDGE_CURVE('',#1032,#1084,#612,.T.);
#1389=EDGE_CURVE('',#1093,#1031,#869,.T.);
#1390=EDGE_CURVE('',#1092,#1093,#870,.T.);
#1391=EDGE_CURVE('',#1033,#1082,#613,.T.);
#1392=EDGE_CURVE('',#1094,#1079,#614,.T.);
#1393=EDGE_CURVE('',#1034,#1094,#871,.T.);
#1394=EDGE_CURVE('',#1095,#1037,#872,.T.);
#1395=EDGE_CURVE('',#1094,#1095,#873,.T.);
#1396=EDGE_CURVE('',#1096,#1097,#199,.T.);
#1397=EDGE_CURVE('',#1097,#1098,#200,.T.);
#1398=EDGE_CURVE('',#1098,#1099,#201,.T.);
#1399=EDGE_CURVE('',#1099,#1096,#202,.T.);
#1400=EDGE_CURVE('',#1100,#1101,#203,.T.);
#1401=EDGE_CURVE('',#1101,#1099,#204,.T.);
#1402=EDGE_CURVE('',#1098,#1100,#205,.T.);
#1403=EDGE_CURVE('',#1102,#1103,#206,.T.);
#1404=EDGE_CURVE('',#1103,#1101,#207,.T.);
#1405=EDGE_CURVE('',#1100,#1102,#208,.T.);
#1406=EDGE_CURVE('',#1104,#1105,#209,.T.);
#1407=EDGE_CURVE('',#1105,#1103,#210,.T.);
#1408=EDGE_CURVE('',#1102,#1104,#211,.T.);
#1409=EDGE_CURVE('',#1106,#982,#874,.T.);
#1410=EDGE_CURVE('',#1106,#1105,#212,.T.);
#1411=EDGE_CURVE('',#1104,#983,#213,.T.);
#1412=EDGE_CURVE('',#1096,#1107,#875,.T.);
#1413=EDGE_CURVE('',#1107,#1108,#214,.T.);
#1414=EDGE_CURVE('',#1097,#1108,#876,.T.);
#1415=EDGE_CURVE('',#1109,#1110,#215,.T.);
#1416=EDGE_CURVE('',#1110,#1111,#216,.T.);
#1417=EDGE_CURVE('',#1111,#1112,#877,.F.);
#1418=EDGE_CURVE('',#1112,#1109,#217,.T.);
#1419=EDGE_CURVE('',#1113,#1114,#218,.T.);
#1420=EDGE_CURVE('',#1114,#1110,#219,.T.);
#1421=EDGE_CURVE('',#1109,#1113,#220,.T.);
#1422=EDGE_CURVE('',#1108,#1113,#878,.T.);
#1423=EDGE_CURVE('',#1107,#1114,#879,.T.);
#1424=EDGE_CURVE('',#1115,#1104,#615,.T.);
#1425=EDGE_CURVE('',#1116,#1115,#880,.T.);
#1426=EDGE_CURVE('',#984,#1116,#881,.T.);
#1427=EDGE_CURVE('',#988,#1102,#616,.T.);
#1428=EDGE_CURVE('',#1115,#987,#882,.T.);
#1429=EDGE_CURVE('',#989,#1100,#617,.T.);
#1430=EDGE_CURVE('',#1117,#1098,#618,.T.);
#1431=EDGE_CURVE('',#1118,#1117,#883,.T.);
#1432=EDGE_CURVE('',#990,#1118,#884,.T.);
#1433=EDGE_CURVE('',#1117,#1097,#885,.T.);
#1434=EDGE_CURVE('',#1119,#1109,#619,.T.);
#1435=EDGE_CURVE('',#1113,#1119,#886,.T.);
#1436=EDGE_CURVE('',#1120,#1112,#887,.T.);
#1437=EDGE_CURVE('',#1119,#1120,#888,.T.);
#1438=EDGE_CURVE('',#1081,#1076,#620,.T.);
#1439=EDGE_CURVE('',#1036,#1121,#621,.T.);
#1440=EDGE_CURVE('',#1121,#1095,#889,.F.);
#1441=EDGE_CURVE('',#1120,#1091,#622,.T.);
#1442=EDGE_CURVE('',#1111,#1106,#623,.T.);
#1443=EDGE_CURVE('',#973,#1122,#890,.T.);
#1444=EDGE_CURVE('',#1122,#1123,#891,.T.);
#1445=EDGE_CURVE('',#1123,#1124,#892,.T.);
#1446=EDGE_CURVE('',#1124,#1041,#893,.T.);
#1447=EDGE_CURVE('',#954,#1093,#894,.T.);
#1448=EDGE_CURVE('',#1118,#960,#895,.T.);
#1449=EDGE_CURVE('',#1125,#1116,#896,.T.);
#1450=EDGE_CURVE('',#1125,#985,#624,.T.);
#1451=EDGE_CURVE('',#966,#1122,#897,.T.);
#1452=EDGE_CURVE('',#986,#1125,#898,.F.);
#1453=EDGE_CURVE('',#964,#1126,#899,.T.);
#1454=EDGE_CURVE('',#1126,#1127,#900,.T.);
#1455=EDGE_CURVE('',#1127,#964,#221,.T.);
#1456=EDGE_CURVE('',#1128,#1129,#901,.T.);
#1457=EDGE_CURVE('',#1129,#1130,#902,.T.);
#1458=EDGE_CURVE('',#1130,#1128,#222,.T.);
#1459=EDGE_CURVE('',#965,#1131,#223,.T.);
#1460=EDGE_CURVE('',#1131,#1126,#224,.T.);
#1461=EDGE_CURVE('',#1129,#1131,#225,.T.);
#1462=EDGE_CURVE('',#965,#1130,#226,.T.);
#1463=EDGE_CURVE('',#1126,#1129,#227,.T.);
#1464=EDGE_CURVE('',#1128,#1127,#228,.T.);
#1465=EDGE_CURVE('',#1123,#1127,#625,.T.);
#1466=EDGE_CURVE('',#1124,#1128,#626,.T.);
#1467=EDGE_CURVE('',#1042,#1130,#627,.T.);
#1468=EDGE_CURVE('',#952,#1132,#628,.T.);
#1469=EDGE_CURVE('',#991,#1030,#629,.T.);
#1470=EDGE_CURVE('',#1133,#1066,#630,.T.);
#1471=EDGE_CURVE('',#1132,#1133,#229,.T.);
#1472=EDGE_CURVE('',#1132,#1134,#903,.T.);
#1473=EDGE_CURVE('',#1135,#1133,#904,.T.);
#1474=EDGE_CURVE('',#1135,#1134,#905,.T.);
#1475=EDGE_CURVE('',#1121,#1035,#906,.F.);
#1476=EDGE_CURVE('',#995,#998,#631,.T.);
#1477=EDGE_CURVE('',#997,#996,#632,.T.);
#1478=EDGE_CURVE('',#1054,#1055,#633,.T.);
#1479=EDGE_CURVE('',#1052,#1053,#634,.T.);
#1480=EDGE_CURVE('',#1136,#1137,#907,.T.);
#1481=EDGE_CURVE('',#1137,#1138,#908,.T.);
#1482=EDGE_CURVE('',#1138,#1136,#230,.T.);
#1483=EDGE_CURVE('',#1137,#1050,#635,.T.);
#1484=EDGE_CURVE('',#1049,#1138,#636,.T.);
#1485=EDGE_CURVE('',#1136,#1044,#231,.T.);
#1486=EDGE_CURVE('',#1051,#1137,#232,.T.);
#1487=EDGE_CURVE('',#1139,#1140,#909,.T.);
#1488=EDGE_CURVE('',#1140,#1141,#910,.T.);
#1489=EDGE_CURVE('',#1141,#1139,#233,.T.);
#1490=EDGE_CURVE('',#1140,#999,#234,.T.);
#1491=EDGE_CURVE('',#1015,#1141,#235,.T.);
#1492=EDGE_CURVE('',#1139,#1003,#637,.T.);
#1493=EDGE_CURVE('',#1002,#1140,#638,.T.);
#1494=EDGE_CURVE('',#1142,#1143,#236,.T.);
#1495=EDGE_CURVE('',#1143,#1144,#911,.T.);
#1496=EDGE_CURVE('',#1144,#1142,#912,.T.);
#1497=EDGE_CURVE('',#1138,#1143,#639,.T.);
#1498=EDGE_CURVE('',#1142,#1136,#640,.T.);
#1499=EDGE_CURVE('',#1145,#1146,#237,.T.);
#1500=EDGE_CURVE('',#1146,#1144,#913,.T.);
#1501=EDGE_CURVE('',#1144,#1145,#914,.T.);
#1502=EDGE_CURVE('',#1147,#1148,#238,.T.);
#1503=EDGE_CURVE('',#1147,#1146,#641,.T.);
#1504=EDGE_CURVE('',#1145,#1148,#642,.T.);
#1505=EDGE_CURVE('',#1148,#1149,#643,.T.);
#1506=EDGE_CURVE('',#1149,#1150,#644,.T.);
#1507=EDGE_CURVE('',#1147,#1150,#239,.T.);
#1508=EDGE_CURVE('',#1151,#1145,#645,.T.);
#1509=EDGE_CURVE('',#1149,#1151,#646,.T.);
#1510=EDGE_CURVE('',#1045,#1142,#240,.T.);
#1511=EDGE_CURVE('',#1046,#1144,#241,.T.);
#1512=EDGE_CURVE('',#1047,#1144,#647,.T.);
#1513=EDGE_CURVE('',#1047,#1152,#915,.T.);
#1514=EDGE_CURVE('',#1152,#1151,#586,.F.);
#1515=EDGE_CURVE('',#1143,#1048,#648,.T.);
#1516=EDGE_CURVE('',#1153,#1154,#242,.T.);
#1517=EDGE_CURVE('',#1154,#1155,#916,.T.);
#1518=EDGE_CURVE('',#1155,#1153,#917,.T.);
#1519=EDGE_CURVE('',#1141,#1154,#649,.T.);
#1520=EDGE_CURVE('',#1153,#1139,#650,.T.);
#1521=EDGE_CURVE('',#1156,#1157,#243,.T.);
#1522=EDGE_CURVE('',#1157,#1155,#918,.T.);
#1523=EDGE_CURVE('',#1155,#1156,#919,.T.);
#1524=EDGE_CURVE('',#1158,#1159,#244,.T.);
#1525=EDGE_CURVE('',#1158,#1157,#651,.T.);
#1526=EDGE_CURVE('',#1156,#1159,#652,.T.);
#1527=EDGE_CURVE('',#1160,#1159,#245,.T.);
#1528=EDGE_CURVE('',#1010,#1160,#653,.T.);
#1529=EDGE_CURVE('',#1161,#1009,#654,.T.);
#1530=EDGE_CURVE('',#1158,#1161,#655,.T.);
#1531=EDGE_CURVE('',#1162,#1156,#246,.T.);
#1532=EDGE_CURVE('',#1160,#1162,#656,.T.);
#1533=EDGE_CURVE('',#1004,#1153,#657,.T.);
#1534=EDGE_CURVE('',#1155,#1005,#658,.T.);
#1535=EDGE_CURVE('',#1155,#1013,#247,.T.);
#1536=EDGE_CURVE('',#1013,#1163,#920,.T.);
#1537=EDGE_CURVE('',#1163,#1162,#921,.F.);
#1538=EDGE_CURVE('',#1154,#1014,#248,.T.);
#1539=EDGE_CURVE('',#1046,#1164,#922,.F.);
#1540=EDGE_CURVE('',#1164,#1152,#923,.T.);
#1541=EDGE_CURVE('',#1146,#1165,#249,.T.);
#1542=EDGE_CURVE('',#1165,#1164,#924,.F.);
#1543=EDGE_CURVE('',#1150,#1165,#659,.T.);
#1544=EDGE_CURVE('',#1011,#1163,#925,.T.);
#1545=EDGE_CURVE('',#1008,#1006,#250,.T.);
#1546=EDGE_CURVE('',#1005,#1166,#926,.F.);
#1547=EDGE_CURVE('',#1166,#1008,#927,.T.);
#1548=EDGE_CURVE('',#1167,#1166,#587,.F.);
#1549=EDGE_CURVE('',#1161,#1167,#660,.T.);
#1550=EDGE_CURVE('',#1157,#1167,#661,.T.);
#1551=EDGE_CURVE('',#1168,#1169,#928,.T.);
#1552=EDGE_CURVE('',#1168,#1169,#251,.T.);
#1553=EDGE_CURVE('',#1169,#1168,#929,.T.);
#1554=ORIENTED_EDGE('',*,*,#1170,.F.);
#1555=ORIENTED_EDGE('',*,*,#1171,.F.);
#1556=ORIENTED_EDGE('',*,*,#1172,.T.);
#1557=ORIENTED_EDGE('',*,*,#1173,.F.);
#1558=ORIENTED_EDGE('',*,*,#1174,.F.);
#1559=ORIENTED_EDGE('',*,*,#1175,.T.);
#1560=ORIENTED_EDGE('',*,*,#1176,.F.);
#1561=ORIENTED_EDGE('',*,*,#1177,.F.);
#1562=ORIENTED_EDGE('',*,*,#1178,.T.);
#1563=ORIENTED_EDGE('',*,*,#1179,.T.);
#1564=ORIENTED_EDGE('',*,*,#1180,.F.);
#1565=ORIENTED_EDGE('',*,*,#1181,.F.);
#1566=ORIENTED_EDGE('',*,*,#1182,.F.);
#1567=ORIENTED_EDGE('',*,*,#1183,.T.);
#1568=ORIENTED_EDGE('',*,*,#1178,.F.);
#1569=ORIENTED_EDGE('',*,*,#1184,.F.);
#1570=ORIENTED_EDGE('',*,*,#1175,.F.);
#1571=ORIENTED_EDGE('',*,*,#1185,.F.);
#1572=ORIENTED_EDGE('',*,*,#1172,.F.);
#1573=ORIENTED_EDGE('',*,*,#1186,.T.);
#1574=ORIENTED_EDGE('',*,*,#1187,.F.);
#1575=ORIENTED_EDGE('',*,*,#1188,.F.);
#1576=ORIENTED_EDGE('',*,*,#1189,.F.);
#1577=ORIENTED_EDGE('',*,*,#1190,.F.);
#1578=ORIENTED_EDGE('',*,*,#1186,.F.);
#1579=ORIENTED_EDGE('',*,*,#1171,.T.);
#1580=ORIENTED_EDGE('',*,*,#1188,.T.);
#1581=ORIENTED_EDGE('',*,*,#1191,.F.);
#1582=ORIENTED_EDGE('',*,*,#1192,.T.);
#1583=ORIENTED_EDGE('',*,*,#1181,.T.);
#1584=ORIENTED_EDGE('',*,*,#1193,.F.);
#1585=ORIENTED_EDGE('',*,*,#1194,.T.);
#1586=ORIENTED_EDGE('',*,*,#1195,.F.);
#1587=ORIENTED_EDGE('',*,*,#1180,.T.);
#1588=ORIENTED_EDGE('',*,*,#1196,.T.);
#1589=ORIENTED_EDGE('',*,*,#1197,.T.);
#1590=ORIENTED_EDGE('',*,*,#1198,.T.);
#1591=ORIENTED_EDGE('',*,*,#1199,.F.);
#1592=ORIENTED_EDGE('',*,*,#1193,.T.);
#1593=ORIENTED_EDGE('',*,*,#1200,.F.);
#1594=ORIENTED_EDGE('',*,*,#1201,.F.);
#1595=ORIENTED_EDGE('',*,*,#1202,.T.);
#1596=ORIENTED_EDGE('',*,*,#1203,.T.);
#1597=ORIENTED_EDGE('',*,*,#1173,.T.);
#1598=ORIENTED_EDGE('',*,*,#1185,.T.);
#1599=ORIENTED_EDGE('',*,*,#1190,.T.);
#1600=ORIENTED_EDGE('',*,*,#1204,.T.);
#1601=ORIENTED_EDGE('',*,*,#1182,.T.);
#1602=ORIENTED_EDGE('',*,*,#1177,.T.);
#1603=ORIENTED_EDGE('',*,*,#1205,.T.);
#1604=ORIENTED_EDGE('',*,*,#1202,.F.);
#1605=ORIENTED_EDGE('',*,*,#1206,.F.);
#1606=ORIENTED_EDGE('',*,*,#1207,.T.);
#1607=ORIENTED_EDGE('',*,*,#1208,.F.);
#1608=ORIENTED_EDGE('',*,*,#1209,.F.);
#1609=ORIENTED_EDGE('',*,*,#1210,.T.);
#1610=ORIENTED_EDGE('',*,*,#1211,.F.);
#1611=ORIENTED_EDGE('',*,*,#1212,.T.);
#1612=ORIENTED_EDGE('',*,*,#1213,.T.);
#1613=ORIENTED_EDGE('',*,*,#1214,.F.);
#1614=ORIENTED_EDGE('',*,*,#1215,.F.);
#1615=ORIENTED_EDGE('',*,*,#1216,.F.);
#1616=ORIENTED_EDGE('',*,*,#1217,.F.);
#1617=ORIENTED_EDGE('',*,*,#1218,.F.);
#1618=ORIENTED_EDGE('',*,*,#1219,.T.);
#1619=ORIENTED_EDGE('',*,*,#1220,.F.);
#1620=ORIENTED_EDGE('',*,*,#1221,.F.);
#1621=ORIENTED_EDGE('',*,*,#1222,.T.);
#1622=ORIENTED_EDGE('',*,*,#1223,.T.);
#1623=ORIENTED_EDGE('',*,*,#1224,.T.);
#1624=ORIENTED_EDGE('',*,*,#1225,.T.);
#1625=ORIENTED_EDGE('',*,*,#1226,.T.);
#1626=ORIENTED_EDGE('',*,*,#1227,.T.);
#1627=ORIENTED_EDGE('',*,*,#1228,.T.);
#1628=ORIENTED_EDGE('',*,*,#1225,.F.);
#1629=ORIENTED_EDGE('',*,*,#1229,.T.);
#1630=ORIENTED_EDGE('',*,*,#1230,.T.);
#1631=ORIENTED_EDGE('',*,*,#1231,.F.);
#1632=ORIENTED_EDGE('',*,*,#1232,.F.);
#1633=ORIENTED_EDGE('',*,*,#1233,.T.);
#1634=ORIENTED_EDGE('',*,*,#1234,.T.);
#1635=ORIENTED_EDGE('',*,*,#1235,.F.);
#1636=ORIENTED_EDGE('',*,*,#1236,.F.);
#1637=ORIENTED_EDGE('',*,*,#1237,.F.);
#1638=ORIENTED_EDGE('',*,*,#1238,.T.);
#1639=ORIENTED_EDGE('',*,*,#1239,.T.);
#1640=ORIENTED_EDGE('',*,*,#1240,.T.);
#1641=ORIENTED_EDGE('',*,*,#1241,.F.);
#1642=ORIENTED_EDGE('',*,*,#1208,.T.);
#1643=ORIENTED_EDGE('',*,*,#1242,.T.);
#1644=ORIENTED_EDGE('',*,*,#1243,.T.);
#1645=ORIENTED_EDGE('',*,*,#1197,.F.);
#1646=ORIENTED_EDGE('',*,*,#1244,.T.);
#1647=ORIENTED_EDGE('',*,*,#1245,.T.);
#1648=ORIENTED_EDGE('',*,*,#1246,.T.);
#1649=ORIENTED_EDGE('',*,*,#1247,.T.);
#1650=ORIENTED_EDGE('',*,*,#1248,.T.);
#1651=ORIENTED_EDGE('',*,*,#1249,.T.);
#1652=ORIENTED_EDGE('',*,*,#1250,.T.);
#1653=ORIENTED_EDGE('',*,*,#1251,.T.);
#1654=ORIENTED_EDGE('',*,*,#1252,.T.);
#1655=ORIENTED_EDGE('',*,*,#1253,.T.);
#1656=ORIENTED_EDGE('',*,*,#1254,.T.);
#1657=ORIENTED_EDGE('',*,*,#1255,.F.);
#1658=ORIENTED_EDGE('',*,*,#1256,.T.);
#1659=ORIENTED_EDGE('',*,*,#1257,.F.);
#1660=ORIENTED_EDGE('',*,*,#1258,.T.);
#1661=ORIENTED_EDGE('',*,*,#1259,.T.);
#1662=ORIENTED_EDGE('',*,*,#1260,.T.);
#1663=ORIENTED_EDGE('',*,*,#1261,.T.);
#1664=ORIENTED_EDGE('',*,*,#1262,.T.);
#1665=ORIENTED_EDGE('',*,*,#1263,.T.);
#1666=ORIENTED_EDGE('',*,*,#1264,.T.);
#1667=ORIENTED_EDGE('',*,*,#1265,.T.);
#1668=ORIENTED_EDGE('',*,*,#1266,.F.);
#1669=ORIENTED_EDGE('',*,*,#1267,.T.);
#1670=ORIENTED_EDGE('',*,*,#1268,.F.);
#1671=ORIENTED_EDGE('',*,*,#1219,.F.);
#1672=ORIENTED_EDGE('',*,*,#1269,.T.);
#1673=ORIENTED_EDGE('',*,*,#1227,.F.);
#1674=ORIENTED_EDGE('',*,*,#1270,.T.);
#1675=ORIENTED_EDGE('',*,*,#1271,.T.);
#1676=ORIENTED_EDGE('',*,*,#1272,.T.);
#1677=ORIENTED_EDGE('',*,*,#1273,.T.);
#1678=ORIENTED_EDGE('',*,*,#1274,.T.);
#1679=ORIENTED_EDGE('',*,*,#1271,.F.);
#1680=ORIENTED_EDGE('',*,*,#1275,.T.);
#1681=ORIENTED_EDGE('',*,*,#1276,.T.);
#1682=ORIENTED_EDGE('',*,*,#1277,.T.);
#1683=ORIENTED_EDGE('',*,*,#1273,.F.);
#1684=ORIENTED_EDGE('',*,*,#1278,.T.);
#1685=ORIENTED_EDGE('',*,*,#1277,.F.);
#1686=ORIENTED_EDGE('',*,*,#1279,.T.);
#1687=ORIENTED_EDGE('',*,*,#1280,.T.);
#1688=ORIENTED_EDGE('',*,*,#1281,.F.);
#1689=ORIENTED_EDGE('',*,*,#1282,.T.);
#1690=ORIENTED_EDGE('',*,*,#1283,.T.);
#1691=ORIENTED_EDGE('',*,*,#1284,.T.);
#1692=ORIENTED_EDGE('',*,*,#1285,.T.);
#1693=ORIENTED_EDGE('',*,*,#1286,.F.);
#1694=ORIENTED_EDGE('',*,*,#1287,.T.);
#1695=ORIENTED_EDGE('',*,*,#1288,.T.);
#1696=ORIENTED_EDGE('',*,*,#1206,.T.);
#1697=ORIENTED_EDGE('',*,*,#1201,.T.);
#1698=ORIENTED_EDGE('',*,*,#1289,.F.);
#1699=ORIENTED_EDGE('',*,*,#1290,.T.);
#1700=ORIENTED_EDGE('',*,*,#1291,.T.);
#1701=ORIENTED_EDGE('',*,*,#1292,.T.);
#1702=ORIENTED_EDGE('',*,*,#1293,.F.);
#1703=ORIENTED_EDGE('',*,*,#1294,.F.);
#1704=ORIENTED_EDGE('',*,*,#1295,.F.);
#1705=ORIENTED_EDGE('',*,*,#1296,.T.);
#1706=ORIENTED_EDGE('',*,*,#1297,.F.);
#1707=ORIENTED_EDGE('',*,*,#1298,.T.);
#1708=ORIENTED_EDGE('',*,*,#1299,.F.);
#1709=ORIENTED_EDGE('',*,*,#1300,.T.);
#1710=ORIENTED_EDGE('',*,*,#1301,.T.);
#1711=ORIENTED_EDGE('',*,*,#1302,.F.);
#1712=ORIENTED_EDGE('',*,*,#1303,.T.);
#1713=ORIENTED_EDGE('',*,*,#1304,.F.);
#1714=ORIENTED_EDGE('',*,*,#1305,.T.);
#1715=ORIENTED_EDGE('',*,*,#1306,.F.);
#1716=ORIENTED_EDGE('',*,*,#1307,.T.);
#1717=ORIENTED_EDGE('',*,*,#1308,.F.);
#1718=ORIENTED_EDGE('',*,*,#1309,.T.);
#1719=ORIENTED_EDGE('',*,*,#1310,.F.);
#1720=ORIENTED_EDGE('',*,*,#1311,.T.);
#1721=ORIENTED_EDGE('',*,*,#1312,.T.);
#1722=ORIENTED_EDGE('',*,*,#1313,.T.);
#1723=ORIENTED_EDGE('',*,*,#1314,.T.);
#1724=ORIENTED_EDGE('',*,*,#1315,.F.);
#1725=ORIENTED_EDGE('',*,*,#1316,.F.);
#1726=ORIENTED_EDGE('',*,*,#1317,.T.);
#1727=ORIENTED_EDGE('',*,*,#1278,.F.);
#1728=ORIENTED_EDGE('',*,*,#1275,.F.);
#1729=ORIENTED_EDGE('',*,*,#1270,.F.);
#1730=ORIENTED_EDGE('',*,*,#1229,.F.);
#1731=ORIENTED_EDGE('',*,*,#1224,.F.);
#1732=ORIENTED_EDGE('',*,*,#1318,.T.);
#1733=ORIENTED_EDGE('',*,*,#1319,.T.);
#1734=ORIENTED_EDGE('',*,*,#1320,.F.);
#1735=ORIENTED_EDGE('',*,*,#1321,.F.);
#1736=ORIENTED_EDGE('',*,*,#1322,.T.);
#1737=ORIENTED_EDGE('',*,*,#1323,.T.);
#1738=ORIENTED_EDGE('',*,*,#1211,.T.);
#1739=ORIENTED_EDGE('',*,*,#1324,.T.);
#1740=ORIENTED_EDGE('',*,*,#1325,.T.);
#1741=ORIENTED_EDGE('',*,*,#1326,.T.);
#1742=ORIENTED_EDGE('',*,*,#1320,.T.);
#1743=ORIENTED_EDGE('',*,*,#1327,.T.);
#1744=ORIENTED_EDGE('',*,*,#1246,.F.);
#1745=ORIENTED_EDGE('',*,*,#1328,.T.);
#1746=ORIENTED_EDGE('',*,*,#1329,.T.);
#1747=ORIENTED_EDGE('',*,*,#1321,.T.);
#1748=ORIENTED_EDGE('',*,*,#1326,.F.);
#1749=ORIENTED_EDGE('',*,*,#1322,.F.);
#1750=ORIENTED_EDGE('',*,*,#1329,.F.);
#1751=ORIENTED_EDGE('',*,*,#1330,.F.);
#1752=ORIENTED_EDGE('',*,*,#1244,.F.);
#1753=ORIENTED_EDGE('',*,*,#1196,.F.);
#1754=ORIENTED_EDGE('',*,*,#1179,.F.);
#1755=ORIENTED_EDGE('',*,*,#1183,.F.);
#1756=ORIENTED_EDGE('',*,*,#1204,.F.);
#1757=ORIENTED_EDGE('',*,*,#1189,.T.);
#1758=ORIENTED_EDGE('',*,*,#1331,.F.);
#1759=ORIENTED_EDGE('',*,*,#1332,.T.);
#1760=ORIENTED_EDGE('',*,*,#1328,.F.);
#1761=ORIENTED_EDGE('',*,*,#1245,.F.);
#1762=ORIENTED_EDGE('',*,*,#1330,.T.);
#1763=ORIENTED_EDGE('',*,*,#1333,.T.);
#1764=ORIENTED_EDGE('',*,*,#1316,.T.);
#1765=ORIENTED_EDGE('',*,*,#1334,.T.);
#1766=ORIENTED_EDGE('',*,*,#1335,.T.);
#1767=ORIENTED_EDGE('',*,*,#1281,.T.);
#1768=ORIENTED_EDGE('',*,*,#1336,.T.);
#1769=ORIENTED_EDGE('',*,*,#1334,.F.);
#1770=ORIENTED_EDGE('',*,*,#1315,.T.);
#1771=ORIENTED_EDGE('',*,*,#1333,.F.);
#1772=ORIENTED_EDGE('',*,*,#1280,.F.);
#1773=ORIENTED_EDGE('',*,*,#1279,.F.);
#1774=ORIENTED_EDGE('',*,*,#1276,.F.);
#1775=ORIENTED_EDGE('',*,*,#1317,.F.);
#1776=ORIENTED_EDGE('',*,*,#1212,.F.);
#1777=ORIENTED_EDGE('',*,*,#1323,.F.);
#1778=ORIENTED_EDGE('',*,*,#1332,.F.);
#1779=ORIENTED_EDGE('',*,*,#1327,.F.);
#1780=ORIENTED_EDGE('',*,*,#1319,.F.);
#1781=ORIENTED_EDGE('',*,*,#1337,.T.);
#1782=ORIENTED_EDGE('',*,*,#1230,.F.);
#1783=ORIENTED_EDGE('',*,*,#1247,.F.);
#1784=ORIENTED_EDGE('',*,*,#1336,.F.);
#1785=ORIENTED_EDGE('',*,*,#1325,.F.);
#1786=ORIENTED_EDGE('',*,*,#1338,.F.);
#1787=ORIENTED_EDGE('',*,*,#1331,.T.);
#1788=ORIENTED_EDGE('',*,*,#1192,.F.);
#1789=ORIENTED_EDGE('',*,*,#1339,.F.);
#1790=ORIENTED_EDGE('',*,*,#1285,.F.);
#1791=ORIENTED_EDGE('',*,*,#1340,.T.);
#1792=ORIENTED_EDGE('',*,*,#1324,.F.);
#1793=ORIENTED_EDGE('',*,*,#1213,.F.);
#1794=ORIENTED_EDGE('',*,*,#1338,.T.);
#1795=ORIENTED_EDGE('',*,*,#1335,.F.);
#1796=ORIENTED_EDGE('',*,*,#1340,.F.);
#1797=ORIENTED_EDGE('',*,*,#1284,.F.);
#1798=ORIENTED_EDGE('',*,*,#1341,.F.);
#1799=ORIENTED_EDGE('',*,*,#1282,.F.);
#1800=ORIENTED_EDGE('',*,*,#1283,.F.);
#1801=ORIENTED_EDGE('',*,*,#1341,.T.);
#1802=ORIENTED_EDGE('',*,*,#1228,.F.);
#1803=ORIENTED_EDGE('',*,*,#1342,.T.);
#1804=ORIENTED_EDGE('',*,*,#1217,.T.);
#1805=ORIENTED_EDGE('',*,*,#1343,.T.);
#1806=ORIENTED_EDGE('',*,*,#1272,.F.);
#1807=ORIENTED_EDGE('',*,*,#1344,.F.);
#1808=ORIENTED_EDGE('',*,*,#1220,.T.);
#1809=ORIENTED_EDGE('',*,*,#1269,.F.);
#1810=ORIENTED_EDGE('',*,*,#1218,.T.);
#1811=ORIENTED_EDGE('',*,*,#1342,.F.);
#1812=ORIENTED_EDGE('',*,*,#1170,.T.);
#1813=ORIENTED_EDGE('',*,*,#1195,.T.);
#1814=ORIENTED_EDGE('',*,*,#1345,.T.);
#1815=ORIENTED_EDGE('',*,*,#1346,.T.);
#1816=ORIENTED_EDGE('',*,*,#1286,.T.);
#1817=ORIENTED_EDGE('',*,*,#1339,.T.);
#1818=ORIENTED_EDGE('',*,*,#1191,.T.);
#1819=ORIENTED_EDGE('',*,*,#1187,.T.);
#1820=ORIENTED_EDGE('',*,*,#1274,.F.);
#1821=ORIENTED_EDGE('',*,*,#1302,.T.);
#1822=ORIENTED_EDGE('',*,*,#1347,.T.);
#1823=ORIENTED_EDGE('',*,*,#1221,.T.);
#1824=ORIENTED_EDGE('',*,*,#1344,.T.);
#1825=ORIENTED_EDGE('',*,*,#1348,.T.);
#1826=ORIENTED_EDGE('',*,*,#1349,.T.);
#1827=ORIENTED_EDGE('',*,*,#1350,.F.);
#1828=ORIENTED_EDGE('',*,*,#1349,.F.);
#1829=ORIENTED_EDGE('',*,*,#1348,.F.);
#1830=ORIENTED_EDGE('',*,*,#1351,.T.);
#1831=ORIENTED_EDGE('',*,*,#1352,.T.);
#1832=ORIENTED_EDGE('',*,*,#1353,.F.);
#1833=ORIENTED_EDGE('',*,*,#1352,.F.);
#1834=ORIENTED_EDGE('',*,*,#1351,.F.);
#1835=ORIENTED_EDGE('',*,*,#1354,.T.);
#1836=ORIENTED_EDGE('',*,*,#1355,.T.);
#1837=ORIENTED_EDGE('',*,*,#1356,.T.);
#1838=ORIENTED_EDGE('',*,*,#1357,.T.);
#1839=ORIENTED_EDGE('',*,*,#1358,.T.);
#1840=ORIENTED_EDGE('',*,*,#1359,.T.);
#1841=ORIENTED_EDGE('',*,*,#1356,.F.);
#1842=ORIENTED_EDGE('',*,*,#1360,.T.);
#1843=ORIENTED_EDGE('',*,*,#1354,.F.);
#1844=ORIENTED_EDGE('',*,*,#1361,.T.);
#1845=ORIENTED_EDGE('',*,*,#1362,.T.);
#1846=ORIENTED_EDGE('',*,*,#1363,.F.);
#1847=ORIENTED_EDGE('',*,*,#1297,.T.);
#1848=ORIENTED_EDGE('',*,*,#1364,.T.);
#1849=ORIENTED_EDGE('',*,*,#1365,.T.);
#1850=ORIENTED_EDGE('',*,*,#1366,.T.);
#1851=ORIENTED_EDGE('',*,*,#1367,.T.);
#1852=ORIENTED_EDGE('',*,*,#1368,.T.);
#1853=ORIENTED_EDGE('',*,*,#1369,.T.);
#1854=ORIENTED_EDGE('',*,*,#1365,.F.);
#1855=ORIENTED_EDGE('',*,*,#1370,.T.);
#1856=ORIENTED_EDGE('',*,*,#1371,.T.);
#1857=ORIENTED_EDGE('',*,*,#1372,.T.);
#1858=ORIENTED_EDGE('',*,*,#1368,.F.);
#1859=ORIENTED_EDGE('',*,*,#1373,.T.);
#1860=ORIENTED_EDGE('',*,*,#1374,.T.);
#1861=ORIENTED_EDGE('',*,*,#1375,.T.);
#1862=ORIENTED_EDGE('',*,*,#1371,.F.);
#1863=ORIENTED_EDGE('',*,*,#1376,.T.);
#1864=ORIENTED_EDGE('',*,*,#1377,.T.);
#1865=ORIENTED_EDGE('',*,*,#1378,.T.);
#1866=ORIENTED_EDGE('',*,*,#1374,.F.);
#1867=ORIENTED_EDGE('',*,*,#1379,.T.);
#1868=ORIENTED_EDGE('',*,*,#1377,.F.);
#1869=ORIENTED_EDGE('',*,*,#1380,.F.);
#1870=ORIENTED_EDGE('',*,*,#1362,.F.);
#1871=ORIENTED_EDGE('',*,*,#1381,.T.);
#1872=ORIENTED_EDGE('',*,*,#1360,.F.);
#1873=ORIENTED_EDGE('',*,*,#1382,.F.);
#1874=ORIENTED_EDGE('',*,*,#1383,.F.);
#1875=ORIENTED_EDGE('',*,*,#1384,.F.);
#1876=ORIENTED_EDGE('',*,*,#1355,.F.);
#1877=ORIENTED_EDGE('',*,*,#1385,.F.);
#1878=ORIENTED_EDGE('',*,*,#1382,.T.);
#1879=ORIENTED_EDGE('',*,*,#1379,.F.);
#1880=ORIENTED_EDGE('',*,*,#1386,.F.);
#1881=ORIENTED_EDGE('',*,*,#1387,.F.);
#1882=ORIENTED_EDGE('',*,*,#1376,.F.);
#1883=ORIENTED_EDGE('',*,*,#1388,.F.);
#1884=ORIENTED_EDGE('',*,*,#1290,.F.);
#1885=ORIENTED_EDGE('',*,*,#1389,.F.);
#1886=ORIENTED_EDGE('',*,*,#1390,.F.);
#1887=ORIENTED_EDGE('',*,*,#1386,.T.);
#1888=ORIENTED_EDGE('',*,*,#1373,.F.);
#1889=ORIENTED_EDGE('',*,*,#1391,.F.);
#1890=ORIENTED_EDGE('',*,*,#1291,.F.);
#1891=ORIENTED_EDGE('',*,*,#1388,.T.);
#1892=ORIENTED_EDGE('',*,*,#1370,.F.);
#1893=ORIENTED_EDGE('',*,*,#1392,.F.);
#1894=ORIENTED_EDGE('',*,*,#1393,.F.);
#1895=ORIENTED_EDGE('',*,*,#1292,.F.);
#1896=ORIENTED_EDGE('',*,*,#1391,.T.);
#1897=ORIENTED_EDGE('',*,*,#1364,.F.);
#1898=ORIENTED_EDGE('',*,*,#1296,.F.);
#1899=ORIENTED_EDGE('',*,*,#1394,.F.);
#1900=ORIENTED_EDGE('',*,*,#1395,.F.);
#1901=ORIENTED_EDGE('',*,*,#1392,.T.);
#1902=ORIENTED_EDGE('',*,*,#1396,.T.);
#1903=ORIENTED_EDGE('',*,*,#1397,.T.);
#1904=ORIENTED_EDGE('',*,*,#1398,.T.);
#1905=ORIENTED_EDGE('',*,*,#1399,.T.);
#1906=ORIENTED_EDGE('',*,*,#1400,.T.);
#1907=ORIENTED_EDGE('',*,*,#1401,.T.);
#1908=ORIENTED_EDGE('',*,*,#1398,.F.);
#1909=ORIENTED_EDGE('',*,*,#1402,.T.);
#1910=ORIENTED_EDGE('',*,*,#1403,.T.);
#1911=ORIENTED_EDGE('',*,*,#1404,.T.);
#1912=ORIENTED_EDGE('',*,*,#1400,.F.);
#1913=ORIENTED_EDGE('',*,*,#1405,.T.);
#1914=ORIENTED_EDGE('',*,*,#1406,.T.);
#1915=ORIENTED_EDGE('',*,*,#1407,.T.);
#1916=ORIENTED_EDGE('',*,*,#1403,.F.);
#1917=ORIENTED_EDGE('',*,*,#1408,.T.);
#1918=ORIENTED_EDGE('',*,*,#1409,.F.);
#1919=ORIENTED_EDGE('',*,*,#1410,.T.);
#1920=ORIENTED_EDGE('',*,*,#1406,.F.);
#1921=ORIENTED_EDGE('',*,*,#1411,.T.);
#1922=ORIENTED_EDGE('',*,*,#1233,.F.);
#1923=ORIENTED_EDGE('',*,*,#1396,.F.);
#1924=ORIENTED_EDGE('',*,*,#1412,.T.);
#1925=ORIENTED_EDGE('',*,*,#1413,.T.);
#1926=ORIENTED_EDGE('',*,*,#1414,.F.);
#1927=ORIENTED_EDGE('',*,*,#1415,.T.);
#1928=ORIENTED_EDGE('',*,*,#1416,.T.);
#1929=ORIENTED_EDGE('',*,*,#1417,.T.);
#1930=ORIENTED_EDGE('',*,*,#1418,.T.);
#1931=ORIENTED_EDGE('',*,*,#1419,.T.);
#1932=ORIENTED_EDGE('',*,*,#1420,.T.);
#1933=ORIENTED_EDGE('',*,*,#1415,.F.);
#1934=ORIENTED_EDGE('',*,*,#1421,.T.);
#1935=ORIENTED_EDGE('',*,*,#1419,.F.);
#1936=ORIENTED_EDGE('',*,*,#1422,.F.);
#1937=ORIENTED_EDGE('',*,*,#1413,.F.);
#1938=ORIENTED_EDGE('',*,*,#1423,.T.);
#1939=ORIENTED_EDGE('',*,*,#1411,.F.);
#1940=ORIENTED_EDGE('',*,*,#1424,.F.);
#1941=ORIENTED_EDGE('',*,*,#1425,.F.);
#1942=ORIENTED_EDGE('',*,*,#1426,.F.);
#1943=ORIENTED_EDGE('',*,*,#1234,.F.);
#1944=ORIENTED_EDGE('',*,*,#1408,.F.);
#1945=ORIENTED_EDGE('',*,*,#1427,.F.);
#1946=ORIENTED_EDGE('',*,*,#1238,.F.);
#1947=ORIENTED_EDGE('',*,*,#1428,.F.);
#1948=ORIENTED_EDGE('',*,*,#1424,.T.);
#1949=ORIENTED_EDGE('',*,*,#1405,.F.);
#1950=ORIENTED_EDGE('',*,*,#1429,.F.);
#1951=ORIENTED_EDGE('',*,*,#1239,.F.);
#1952=ORIENTED_EDGE('',*,*,#1427,.T.);
#1953=ORIENTED_EDGE('',*,*,#1402,.F.);
#1954=ORIENTED_EDGE('',*,*,#1430,.F.);
#1955=ORIENTED_EDGE('',*,*,#1431,.F.);
#1956=ORIENTED_EDGE('',*,*,#1432,.F.);
#1957=ORIENTED_EDGE('',*,*,#1240,.F.);
#1958=ORIENTED_EDGE('',*,*,#1429,.T.);
#1959=ORIENTED_EDGE('',*,*,#1397,.F.);
#1960=ORIENTED_EDGE('',*,*,#1433,.F.);
#1961=ORIENTED_EDGE('',*,*,#1430,.T.);
#1962=ORIENTED_EDGE('',*,*,#1421,.F.);
#1963=ORIENTED_EDGE('',*,*,#1434,.F.);
#1964=ORIENTED_EDGE('',*,*,#1435,.F.);
#1965=ORIENTED_EDGE('',*,*,#1418,.F.);
#1966=ORIENTED_EDGE('',*,*,#1436,.F.);
#1967=ORIENTED_EDGE('',*,*,#1437,.F.);
#1968=ORIENTED_EDGE('',*,*,#1434,.T.);
#1969=ORIENTED_EDGE('',*,*,#1359,.F.);
#1970=ORIENTED_EDGE('',*,*,#1438,.F.);
#1971=ORIENTED_EDGE('',*,*,#1366,.F.);
#1972=ORIENTED_EDGE('',*,*,#1369,.F.);
#1973=ORIENTED_EDGE('',*,*,#1372,.F.);
#1974=ORIENTED_EDGE('',*,*,#1375,.F.);
#1975=ORIENTED_EDGE('',*,*,#1378,.F.);
#1976=ORIENTED_EDGE('',*,*,#1381,.F.);
#1977=ORIENTED_EDGE('',*,*,#1361,.F.);
#1978=ORIENTED_EDGE('',*,*,#1357,.F.);
#1979=ORIENTED_EDGE('',*,*,#1350,.T.);
#1980=ORIENTED_EDGE('',*,*,#1394,.T.);
#1981=ORIENTED_EDGE('',*,*,#1295,.T.);
#1982=ORIENTED_EDGE('',*,*,#1439,.T.);
#1983=ORIENTED_EDGE('',*,*,#1440,.T.);
#1984=ORIENTED_EDGE('',*,*,#1438,.T.);
#1985=ORIENTED_EDGE('',*,*,#1358,.F.);
#1986=ORIENTED_EDGE('',*,*,#1384,.T.);
#1987=ORIENTED_EDGE('',*,*,#1441,.F.);
#1988=ORIENTED_EDGE('',*,*,#1436,.T.);
#1989=ORIENTED_EDGE('',*,*,#1417,.F.);
#1990=ORIENTED_EDGE('',*,*,#1442,.T.);
#1991=ORIENTED_EDGE('',*,*,#1409,.T.);
#1992=ORIENTED_EDGE('',*,*,#1232,.T.);
#1993=ORIENTED_EDGE('',*,*,#1231,.T.);
#1994=ORIENTED_EDGE('',*,*,#1337,.F.);
#1995=ORIENTED_EDGE('',*,*,#1318,.F.);
#1996=ORIENTED_EDGE('',*,*,#1223,.F.);
#1997=ORIENTED_EDGE('',*,*,#1443,.T.);
#1998=ORIENTED_EDGE('',*,*,#1444,.T.);
#1999=ORIENTED_EDGE('',*,*,#1445,.T.);
#2000=ORIENTED_EDGE('',*,*,#1446,.T.);
#2001=ORIENTED_EDGE('',*,*,#1299,.T.);
#2002=ORIENTED_EDGE('',*,*,#1298,.F.);
#2003=ORIENTED_EDGE('',*,*,#1367,.F.);
#2004=ORIENTED_EDGE('',*,*,#1383,.T.);
#2005=ORIENTED_EDGE('',*,*,#1385,.T.);
#2006=ORIENTED_EDGE('',*,*,#1363,.T.);
#2007=ORIENTED_EDGE('',*,*,#1380,.T.);
#2008=ORIENTED_EDGE('',*,*,#1387,.T.);
#2009=ORIENTED_EDGE('',*,*,#1390,.T.);
#2010=ORIENTED_EDGE('',*,*,#1447,.F.);
#2011=ORIENTED_EDGE('',*,*,#1210,.F.);
#2012=ORIENTED_EDGE('',*,*,#1448,.F.);
#2013=ORIENTED_EDGE('',*,*,#1431,.T.);
#2014=ORIENTED_EDGE('',*,*,#1433,.T.);
#2015=ORIENTED_EDGE('',*,*,#1414,.T.);
#2016=ORIENTED_EDGE('',*,*,#1422,.T.);
#2017=ORIENTED_EDGE('',*,*,#1435,.T.);
#2018=ORIENTED_EDGE('',*,*,#1437,.T.);
#2019=ORIENTED_EDGE('',*,*,#1441,.T.);
#2020=ORIENTED_EDGE('',*,*,#1389,.T.);
#2021=ORIENTED_EDGE('',*,*,#1289,.T.);
#2022=ORIENTED_EDGE('',*,*,#1200,.T.);
#2023=ORIENTED_EDGE('',*,*,#1447,.T.);
#2024=ORIENTED_EDGE('',*,*,#1410,.F.);
#2025=ORIENTED_EDGE('',*,*,#1442,.F.);
#2026=ORIENTED_EDGE('',*,*,#1416,.F.);
#2027=ORIENTED_EDGE('',*,*,#1420,.F.);
#2028=ORIENTED_EDGE('',*,*,#1423,.F.);
#2029=ORIENTED_EDGE('',*,*,#1412,.F.);
#2030=ORIENTED_EDGE('',*,*,#1399,.F.);
#2031=ORIENTED_EDGE('',*,*,#1401,.F.);
#2032=ORIENTED_EDGE('',*,*,#1404,.F.);
#2033=ORIENTED_EDGE('',*,*,#1407,.F.);
#2034=ORIENTED_EDGE('',*,*,#1353,.T.);
#2035=ORIENTED_EDGE('',*,*,#1426,.T.);
#2036=ORIENTED_EDGE('',*,*,#1449,.F.);
#2037=ORIENTED_EDGE('',*,*,#1450,.T.);
#2038=ORIENTED_EDGE('',*,*,#1235,.T.);
#2039=ORIENTED_EDGE('',*,*,#1226,.F.);
#2040=ORIENTED_EDGE('',*,*,#1343,.F.);
#2041=ORIENTED_EDGE('',*,*,#1216,.T.);
#2042=ORIENTED_EDGE('',*,*,#1451,.T.);
#2043=ORIENTED_EDGE('',*,*,#1443,.F.);
#2044=ORIENTED_EDGE('',*,*,#1425,.T.);
#2045=ORIENTED_EDGE('',*,*,#1428,.T.);
#2046=ORIENTED_EDGE('',*,*,#1237,.T.);
#2047=ORIENTED_EDGE('',*,*,#1452,.T.);
#2048=ORIENTED_EDGE('',*,*,#1449,.T.);
#2049=ORIENTED_EDGE('',*,*,#1453,.T.);
#2050=ORIENTED_EDGE('',*,*,#1454,.T.);
#2051=ORIENTED_EDGE('',*,*,#1455,.T.);
#2052=ORIENTED_EDGE('',*,*,#1456,.T.);
#2053=ORIENTED_EDGE('',*,*,#1457,.T.);
#2054=ORIENTED_EDGE('',*,*,#1458,.T.);
#2055=ORIENTED_EDGE('',*,*,#1453,.F.);
#2056=ORIENTED_EDGE('',*,*,#1214,.T.);
#2057=ORIENTED_EDGE('',*,*,#1459,.T.);
#2058=ORIENTED_EDGE('',*,*,#1460,.T.);
#2059=ORIENTED_EDGE('',*,*,#1457,.F.);
#2060=ORIENTED_EDGE('',*,*,#1461,.T.);
#2061=ORIENTED_EDGE('',*,*,#1459,.F.);
#2062=ORIENTED_EDGE('',*,*,#1462,.T.);
#2063=ORIENTED_EDGE('',*,*,#1454,.F.);
#2064=ORIENTED_EDGE('',*,*,#1463,.T.);
#2065=ORIENTED_EDGE('',*,*,#1456,.F.);
#2066=ORIENTED_EDGE('',*,*,#1464,.T.);
#2067=ORIENTED_EDGE('',*,*,#1455,.F.);
#2068=ORIENTED_EDGE('',*,*,#1465,.F.);
#2069=ORIENTED_EDGE('',*,*,#1444,.F.);
#2070=ORIENTED_EDGE('',*,*,#1451,.F.);
#2071=ORIENTED_EDGE('',*,*,#1215,.T.);
#2072=ORIENTED_EDGE('',*,*,#1464,.F.);
#2073=ORIENTED_EDGE('',*,*,#1466,.F.);
#2074=ORIENTED_EDGE('',*,*,#1445,.F.);
#2075=ORIENTED_EDGE('',*,*,#1465,.T.);
#2076=ORIENTED_EDGE('',*,*,#1458,.F.);
#2077=ORIENTED_EDGE('',*,*,#1467,.F.);
#2078=ORIENTED_EDGE('',*,*,#1300,.F.);
#2079=ORIENTED_EDGE('',*,*,#1446,.F.);
#2080=ORIENTED_EDGE('',*,*,#1466,.T.);
#2081=ORIENTED_EDGE('',*,*,#1460,.F.);
#2082=ORIENTED_EDGE('',*,*,#1461,.F.);
#2083=ORIENTED_EDGE('',*,*,#1463,.F.);
#2084=ORIENTED_EDGE('',*,*,#1462,.F.);
#2085=ORIENTED_EDGE('',*,*,#1222,.F.);
#2086=ORIENTED_EDGE('',*,*,#1347,.F.);
#2087=ORIENTED_EDGE('',*,*,#1301,.F.);
#2088=ORIENTED_EDGE('',*,*,#1467,.T.);
#2089=ORIENTED_EDGE('',*,*,#1468,.F.);
#2090=ORIENTED_EDGE('',*,*,#1198,.F.);
#2091=ORIENTED_EDGE('',*,*,#1243,.F.);
#2092=ORIENTED_EDGE('',*,*,#1469,.T.);
#2093=ORIENTED_EDGE('',*,*,#1287,.F.);
#2094=ORIENTED_EDGE('',*,*,#1346,.F.);
#2095=ORIENTED_EDGE('',*,*,#1470,.F.);
#2096=ORIENTED_EDGE('',*,*,#1471,.F.);
#2097=ORIENTED_EDGE('',*,*,#1472,.F.);
#2098=ORIENTED_EDGE('',*,*,#1471,.T.);
#2099=ORIENTED_EDGE('',*,*,#1473,.F.);
#2100=ORIENTED_EDGE('',*,*,#1474,.T.);
#2101=ORIENTED_EDGE('',*,*,#1450,.F.);
#2102=ORIENTED_EDGE('',*,*,#1452,.F.);
#2103=ORIENTED_EDGE('',*,*,#1236,.T.);
#2104=ORIENTED_EDGE('',*,*,#1439,.F.);
#2105=ORIENTED_EDGE('',*,*,#1294,.T.);
#2106=ORIENTED_EDGE('',*,*,#1475,.F.);
#2107=ORIENTED_EDGE('',*,*,#1395,.T.);
#2108=ORIENTED_EDGE('',*,*,#1440,.F.);
#2109=ORIENTED_EDGE('',*,*,#1475,.T.);
#2110=ORIENTED_EDGE('',*,*,#1293,.T.);
#2111=ORIENTED_EDGE('',*,*,#1393,.T.);
#2112=ORIENTED_EDGE('',*,*,#1432,.T.);
#2113=ORIENTED_EDGE('',*,*,#1448,.T.);
#2114=ORIENTED_EDGE('',*,*,#1209,.T.);
#2115=ORIENTED_EDGE('',*,*,#1241,.T.);
#2116=ORIENTED_EDGE('',*,*,#1474,.F.);
#2117=ORIENTED_EDGE('',*,*,#1473,.T.);
#2118=ORIENTED_EDGE('',*,*,#1470,.T.);
#2119=ORIENTED_EDGE('',*,*,#1345,.F.);
#2120=ORIENTED_EDGE('',*,*,#1194,.F.);
#2121=ORIENTED_EDGE('',*,*,#1199,.T.);
#2122=ORIENTED_EDGE('',*,*,#1468,.T.);
#2123=ORIENTED_EDGE('',*,*,#1472,.T.);
#2124=ORIENTED_EDGE('',*,*,#1207,.F.);
#2125=ORIENTED_EDGE('',*,*,#1288,.F.);
#2126=ORIENTED_EDGE('',*,*,#1469,.F.);
#2127=ORIENTED_EDGE('',*,*,#1242,.F.);
#2128=ORIENTED_EDGE('',*,*,#1174,.T.);
#2129=ORIENTED_EDGE('',*,*,#1203,.F.);
#2130=ORIENTED_EDGE('',*,*,#1205,.F.);
#2131=ORIENTED_EDGE('',*,*,#1176,.T.);
#2132=ORIENTED_EDGE('',*,*,#1184,.T.);
#2133=ORIENTED_EDGE('',*,*,#1251,.F.);
#2134=ORIENTED_EDGE('',*,*,#1476,.F.);
#2135=ORIENTED_EDGE('',*,*,#1250,.F.);
#2136=ORIENTED_EDGE('',*,*,#1477,.T.);
#2137=ORIENTED_EDGE('',*,*,#1248,.F.);
#2138=ORIENTED_EDGE('',*,*,#1476,.T.);
#2139=ORIENTED_EDGE('',*,*,#1249,.F.);
#2140=ORIENTED_EDGE('',*,*,#1477,.F.);
#2141=ORIENTED_EDGE('',*,*,#1313,.F.);
#2142=ORIENTED_EDGE('',*,*,#1478,.T.);
#2143=ORIENTED_EDGE('',*,*,#1311,.F.);
#2144=ORIENTED_EDGE('',*,*,#1479,.T.);
#2145=ORIENTED_EDGE('',*,*,#1312,.F.);
#2146=ORIENTED_EDGE('',*,*,#1479,.F.);
#2147=ORIENTED_EDGE('',*,*,#1314,.F.);
#2148=ORIENTED_EDGE('',*,*,#1478,.F.);
#2149=ORIENTED_EDGE('',*,*,#1480,.T.);
#2150=ORIENTED_EDGE('',*,*,#1481,.T.);
#2151=ORIENTED_EDGE('',*,*,#1482,.T.);
#2152=ORIENTED_EDGE('',*,*,#1481,.F.);
#2153=ORIENTED_EDGE('',*,*,#1483,.T.);
#2154=ORIENTED_EDGE('',*,*,#1308,.T.);
#2155=ORIENTED_EDGE('',*,*,#1484,.T.);
#2156=ORIENTED_EDGE('',*,*,#1480,.F.);
#2157=ORIENTED_EDGE('',*,*,#1485,.T.);
#2158=ORIENTED_EDGE('',*,*,#1310,.T.);
#2159=ORIENTED_EDGE('',*,*,#1486,.T.);
#2160=ORIENTED_EDGE('',*,*,#1483,.F.);
#2161=ORIENTED_EDGE('',*,*,#1486,.F.);
#2162=ORIENTED_EDGE('',*,*,#1309,.F.);
#2163=ORIENTED_EDGE('',*,*,#1487,.T.);
#2164=ORIENTED_EDGE('',*,*,#1488,.T.);
#2165=ORIENTED_EDGE('',*,*,#1489,.T.);
#2166=ORIENTED_EDGE('',*,*,#1488,.F.);
#2167=ORIENTED_EDGE('',*,*,#1490,.T.);
#2168=ORIENTED_EDGE('',*,*,#1268,.T.);
#2169=ORIENTED_EDGE('',*,*,#1491,.T.);
#2170=ORIENTED_EDGE('',*,*,#1487,.F.);
#2171=ORIENTED_EDGE('',*,*,#1492,.T.);
#2172=ORIENTED_EDGE('',*,*,#1255,.T.);
#2173=ORIENTED_EDGE('',*,*,#1493,.T.);
#2174=ORIENTED_EDGE('',*,*,#1490,.F.);
#2175=ORIENTED_EDGE('',*,*,#1493,.F.);
#2176=ORIENTED_EDGE('',*,*,#1254,.F.);
#2177=ORIENTED_EDGE('',*,*,#1253,.F.);
#2178=ORIENTED_EDGE('',*,*,#1252,.F.);
#2179=ORIENTED_EDGE('',*,*,#1494,.T.);
#2180=ORIENTED_EDGE('',*,*,#1495,.T.);
#2181=ORIENTED_EDGE('',*,*,#1496,.T.);
#2182=ORIENTED_EDGE('',*,*,#1482,.F.);
#2183=ORIENTED_EDGE('',*,*,#1497,.T.);
#2184=ORIENTED_EDGE('',*,*,#1494,.F.);
#2185=ORIENTED_EDGE('',*,*,#1498,.T.);
#2186=ORIENTED_EDGE('',*,*,#1499,.T.);
#2187=ORIENTED_EDGE('',*,*,#1500,.T.);
#2188=ORIENTED_EDGE('',*,*,#1501,.T.);
#2189=ORIENTED_EDGE('',*,*,#1502,.F.);
#2190=ORIENTED_EDGE('',*,*,#1503,.T.);
#2191=ORIENTED_EDGE('',*,*,#1499,.F.);
#2192=ORIENTED_EDGE('',*,*,#1504,.T.);
#2193=ORIENTED_EDGE('',*,*,#1502,.T.);
#2194=ORIENTED_EDGE('',*,*,#1505,.T.);
#2195=ORIENTED_EDGE('',*,*,#1506,.T.);
#2196=ORIENTED_EDGE('',*,*,#1507,.F.);
#2197=ORIENTED_EDGE('',*,*,#1504,.F.);
#2198=ORIENTED_EDGE('',*,*,#1508,.F.);
#2199=ORIENTED_EDGE('',*,*,#1509,.F.);
#2200=ORIENTED_EDGE('',*,*,#1505,.F.);
#2201=ORIENTED_EDGE('',*,*,#1485,.F.);
#2202=ORIENTED_EDGE('',*,*,#1498,.F.);
#2203=ORIENTED_EDGE('',*,*,#1510,.F.);
#2204=ORIENTED_EDGE('',*,*,#1303,.F.);
#2205=ORIENTED_EDGE('',*,*,#1496,.F.);
#2206=ORIENTED_EDGE('',*,*,#1511,.F.);
#2207=ORIENTED_EDGE('',*,*,#1304,.T.);
#2208=ORIENTED_EDGE('',*,*,#1510,.T.);
#2209=ORIENTED_EDGE('',*,*,#1501,.F.);
#2210=ORIENTED_EDGE('',*,*,#1512,.F.);
#2211=ORIENTED_EDGE('',*,*,#1513,.T.);
#2212=ORIENTED_EDGE('',*,*,#1514,.T.);
#2213=ORIENTED_EDGE('',*,*,#1508,.T.);
#2214=ORIENTED_EDGE('',*,*,#1495,.F.);
#2215=ORIENTED_EDGE('',*,*,#1515,.T.);
#2216=ORIENTED_EDGE('',*,*,#1306,.T.);
#2217=ORIENTED_EDGE('',*,*,#1512,.T.);
#2218=ORIENTED_EDGE('',*,*,#1516,.T.);
#2219=ORIENTED_EDGE('',*,*,#1517,.T.);
#2220=ORIENTED_EDGE('',*,*,#1518,.T.);
#2221=ORIENTED_EDGE('',*,*,#1489,.F.);
#2222=ORIENTED_EDGE('',*,*,#1519,.T.);
#2223=ORIENTED_EDGE('',*,*,#1516,.F.);
#2224=ORIENTED_EDGE('',*,*,#1520,.T.);
#2225=ORIENTED_EDGE('',*,*,#1521,.T.);
#2226=ORIENTED_EDGE('',*,*,#1522,.T.);
#2227=ORIENTED_EDGE('',*,*,#1523,.T.);
#2228=ORIENTED_EDGE('',*,*,#1524,.F.);
#2229=ORIENTED_EDGE('',*,*,#1525,.T.);
#2230=ORIENTED_EDGE('',*,*,#1521,.F.);
#2231=ORIENTED_EDGE('',*,*,#1526,.T.);
#2232=ORIENTED_EDGE('',*,*,#1524,.T.);
#2233=ORIENTED_EDGE('',*,*,#1527,.F.);
#2234=ORIENTED_EDGE('',*,*,#1528,.F.);
#2235=ORIENTED_EDGE('',*,*,#1262,.F.);
#2236=ORIENTED_EDGE('',*,*,#1529,.F.);
#2237=ORIENTED_EDGE('',*,*,#1530,.F.);
#2238=ORIENTED_EDGE('',*,*,#1526,.F.);
#2239=ORIENTED_EDGE('',*,*,#1531,.F.);
#2240=ORIENTED_EDGE('',*,*,#1532,.F.);
#2241=ORIENTED_EDGE('',*,*,#1527,.T.);
#2242=ORIENTED_EDGE('',*,*,#1492,.F.);
#2243=ORIENTED_EDGE('',*,*,#1520,.F.);
#2244=ORIENTED_EDGE('',*,*,#1533,.F.);
#2245=ORIENTED_EDGE('',*,*,#1256,.F.);
#2246=ORIENTED_EDGE('',*,*,#1518,.F.);
#2247=ORIENTED_EDGE('',*,*,#1534,.T.);
#2248=ORIENTED_EDGE('',*,*,#1257,.T.);
#2249=ORIENTED_EDGE('',*,*,#1533,.T.);
#2250=ORIENTED_EDGE('',*,*,#1523,.F.);
#2251=ORIENTED_EDGE('',*,*,#1535,.T.);
#2252=ORIENTED_EDGE('',*,*,#1536,.T.);
#2253=ORIENTED_EDGE('',*,*,#1537,.T.);
#2254=ORIENTED_EDGE('',*,*,#1531,.T.);
#2255=ORIENTED_EDGE('',*,*,#1517,.F.);
#2256=ORIENTED_EDGE('',*,*,#1538,.T.);
#2257=ORIENTED_EDGE('',*,*,#1266,.T.);
#2258=ORIENTED_EDGE('',*,*,#1535,.F.);
#2259=ORIENTED_EDGE('',*,*,#1484,.F.);
#2260=ORIENTED_EDGE('',*,*,#1307,.F.);
#2261=ORIENTED_EDGE('',*,*,#1515,.F.);
#2262=ORIENTED_EDGE('',*,*,#1497,.F.);
#2263=ORIENTED_EDGE('',*,*,#1491,.F.);
#2264=ORIENTED_EDGE('',*,*,#1267,.F.);
#2265=ORIENTED_EDGE('',*,*,#1538,.F.);
#2266=ORIENTED_EDGE('',*,*,#1519,.F.);
#2267=ORIENTED_EDGE('',*,*,#1539,.T.);
#2268=ORIENTED_EDGE('',*,*,#1540,.T.);
#2269=ORIENTED_EDGE('',*,*,#1513,.F.);
#2270=ORIENTED_EDGE('',*,*,#1305,.F.);
#2271=ORIENTED_EDGE('',*,*,#1500,.F.);
#2272=ORIENTED_EDGE('',*,*,#1541,.T.);
#2273=ORIENTED_EDGE('',*,*,#1542,.T.);
#2274=ORIENTED_EDGE('',*,*,#1539,.F.);
#2275=ORIENTED_EDGE('',*,*,#1511,.T.);
#2276=ORIENTED_EDGE('',*,*,#1503,.F.);
#2277=ORIENTED_EDGE('',*,*,#1507,.T.);
#2278=ORIENTED_EDGE('',*,*,#1543,.T.);
#2279=ORIENTED_EDGE('',*,*,#1541,.F.);
#2280=ORIENTED_EDGE('',*,*,#1264,.F.);
#2281=ORIENTED_EDGE('',*,*,#1544,.T.);
#2282=ORIENTED_EDGE('',*,*,#1536,.F.);
#2283=ORIENTED_EDGE('',*,*,#1265,.F.);
#2284=ORIENTED_EDGE('',*,*,#1545,.T.);
#2285=ORIENTED_EDGE('',*,*,#1258,.F.);
#2286=ORIENTED_EDGE('',*,*,#1546,.T.);
#2287=ORIENTED_EDGE('',*,*,#1547,.T.);
#2288=ORIENTED_EDGE('',*,*,#1545,.F.);
#2289=ORIENTED_EDGE('',*,*,#1260,.F.);
#2290=ORIENTED_EDGE('',*,*,#1259,.F.);
#2291=ORIENTED_EDGE('',*,*,#1547,.F.);
#2292=ORIENTED_EDGE('',*,*,#1548,.F.);
#2293=ORIENTED_EDGE('',*,*,#1549,.F.);
#2294=ORIENTED_EDGE('',*,*,#1529,.T.);
#2295=ORIENTED_EDGE('',*,*,#1261,.F.);
#2296=ORIENTED_EDGE('',*,*,#1522,.F.);
#2297=ORIENTED_EDGE('',*,*,#1550,.T.);
#2298=ORIENTED_EDGE('',*,*,#1548,.T.);
#2299=ORIENTED_EDGE('',*,*,#1546,.F.);
#2300=ORIENTED_EDGE('',*,*,#1534,.F.);
#2301=ORIENTED_EDGE('',*,*,#1525,.F.);
#2302=ORIENTED_EDGE('',*,*,#1530,.T.);
#2303=ORIENTED_EDGE('',*,*,#1549,.T.);
#2304=ORIENTED_EDGE('',*,*,#1550,.F.);
#2305=ORIENTED_EDGE('',*,*,#1540,.F.);
#2306=ORIENTED_EDGE('',*,*,#1542,.F.);
#2307=ORIENTED_EDGE('',*,*,#1543,.F.);
#2308=ORIENTED_EDGE('',*,*,#1506,.F.);
#2309=ORIENTED_EDGE('',*,*,#1509,.T.);
#2310=ORIENTED_EDGE('',*,*,#1514,.F.);
#2311=ORIENTED_EDGE('',*,*,#1544,.F.);
#2312=ORIENTED_EDGE('',*,*,#1263,.F.);
#2313=ORIENTED_EDGE('',*,*,#1528,.T.);
#2314=ORIENTED_EDGE('',*,*,#1532,.T.);
#2315=ORIENTED_EDGE('',*,*,#1537,.F.);
#2316=ORIENTED_EDGE('',*,*,#1551,.T.);
#2317=ORIENTED_EDGE('',*,*,#1552,.F.);
#2318=ORIENTED_EDGE('',*,*,#1553,.T.);
#2319=ORIENTED_EDGE('',*,*,#1552,.T.);
#2320=ORIENTED_EDGE('',*,*,#1553,.F.);
#2321=ORIENTED_EDGE('',*,*,#1551,.F.);
#2322=(
BOUNDED_SURFACE()
B_SPLINE_SURFACE(1,2,((#3262,#3263,#3264,#3265,#3266),(#3267,#3268,#3269,
#3270,#3271)),.UNSPECIFIED.,.F.,.F.,.F.)
B_SPLINE_SURFACE_WITH_KNOTS((2,2),(3,2,3),(-1.16009632455949E-17,0.744727026966685),
(-1.05822032900279,-0.00421858425740651,1.04978316048797),.UNSPECIFIED.)
GEOMETRIC_REPRESENTATION_ITEM()
RATIONAL_B_SPLINE_SURFACE(((1.,0.864319346880811,1.,0.864319346880811,1.),
(1.,0.864319346880811,1.,0.864319346880811,1.)))
REPRESENTATION_ITEM('')
SURFACE()
);
#2323=(
BOUNDED_SURFACE()
B_SPLINE_SURFACE(2,2,((#3763,#3764,#3765,#3766,#3767),(#3768,#3769,#3770,
#3771,#3772),(#3773,#3774,#3775,#3776,#3777),(#3778,#3779,#3780,#3781,#3782),
(#3783,#3784,#3785,#3786,#3787)),.UNSPECIFIED.,.F.,.F.,.F.)
B_SPLINE_SURFACE_WITH_KNOTS((3,2,3),(3,2,3),(-0.893506233786254,0.0812819877106296,
1.05607020920751),(-1.47523796692739,-2.22044604925031E-16,1.47523796692739),
 .UNSPECIFIED.)
GEOMETRIC_REPRESENTATION_ITEM()
RATIONAL_B_SPLINE_SURFACE(((1.,0.740071954603757,1.,0.740071954603757,1.),
(0.883556260356608,0.653895208604501,0.883556260356608,0.653895208604501,
0.883556260356608),(1.,0.740071954603757,1.,0.740071954603757,1.),(0.883556260356606,
0.6538952086045,0.883556260356606,0.6538952086045,0.883556260356606),(1.,
0.740071954603757,1.,0.740071954603757,1.)))
REPRESENTATION_ITEM('')
SURFACE()
);
#2324=(
BOUNDED_SURFACE()
B_SPLINE_SURFACE(2,2,((#4287,#4288,#4289,#4290,#4291),(#4292,#4293,#4294,
#4295,#4296),(#4297,#4298,#4299,#4300,#4301),(#4302,#4303,#4304,#4305,#4306),
(#4307,#4308,#4309,#4310,#4311)),.UNSPECIFIED.,.F.,.F.,.F.)
B_SPLINE_SURFACE_WITH_KNOTS((3,2,3),(3,2,3),(-0.893506233786254,0.0812819877106297,
1.05607020920751),(-1.41922309920919,0.0560148677189338,1.53125283464706),
 .UNSPECIFIED.)
GEOMETRIC_REPRESENTATION_ITEM()
RATIONAL_B_SPLINE_SURFACE(((1.,0.740071954603509,1.,0.740071954603509,1.),
(0.883556260356607,0.653895208604281,0.883556260356607,0.653895208604281,
0.883556260356607),(1.,0.740071954603509,1.,0.740071954603509,1.),(0.883556260356605,
0.653895208604279,0.883556260356605,0.653895208604279,0.883556260356605),
(1.,0.740071954603509,1.,0.740071954603509,1.)))
REPRESENTATION_ITEM('')
SURFACE()
);
#2325=(
BOUNDED_SURFACE()
B_SPLINE_SURFACE(2,2,((#4684,#4685,#4686,#4687,#4688),(#4689,#4690,#4691,
#4692,#4693),(#4694,#4695,#4696,#4697,#4698)),.UNSPECIFIED.,.F.,.F.,.F.)
B_SPLINE_SURFACE_WITH_KNOTS((3,3),(3,2,3),(-3.14159265358979,-1.5707963267949),
(1.20851758527696,2.17505511943338,3.14159265358979),.UNSPECIFIED.)
GEOMETRIC_REPRESENTATION_ITEM()
RATIONAL_B_SPLINE_SURFACE(((1.,0.885480738206503,1.,0.885480738206503,1.),
(0.707106781186549,0.62612943459589,0.707106781186549,0.62612943459589,
0.707106781186549),(1.,0.885480738206503,1.,0.885480738206503,1.)))
REPRESENTATION_ITEM('')
SURFACE()
);
#2326=(
BOUNDED_SURFACE()
B_SPLINE_SURFACE(2,2,((#4732,#4733,#4734,#4735,#4736),(#4737,#4738,#4739,
#4740,#4741),(#4742,#4743,#4744,#4745,#4746)),.UNSPECIFIED.,.F.,.F.,.F.)
B_SPLINE_SURFACE_WITH_KNOTS((3,3),(3,2,3),(-3.14159265358979,-1.5707963267949),
(-3.14159265358979,-2.17505511936285,-1.2085175851359),.UNSPECIFIED.)
GEOMETRIC_REPRESENTATION_ITEM()
RATIONAL_B_SPLINE_SURFACE(((1.,0.885480738190117,1.,0.885480738190117,1.),
(0.707106781186548,0.626129434584302,0.707106781186548,0.626129434584302,
0.707106781186548),(1.,0.885480738190117,1.,0.885480738190117,1.)))
REPRESENTATION_ITEM('')
SURFACE()
);
#2327=(
BOUNDED_SURFACE()
B_SPLINE_SURFACE(2,2,((#4878,#4879,#4880,#4881,#4882,#4883,#4884,#4885,
#4886),(#4887,#4888,#4889,#4890,#4891,#4892,#4893,#4894,#4895),(#4896,#4897,
#4898,#4899,#4900,#4901,#4902,#4903,#4904)),.UNSPECIFIED.,.F.,.T.,.F.)
B_SPLINE_SURFACE_WITH_KNOTS((3,3),(3,2,2,2,3),(0.647475296026791,1.5707963267949),
(-3.14159265358979,-1.5707963267949,0.,1.5707963267949,3.14159265358979),
 .UNSPECIFIED.)
GEOMETRIC_REPRESENTATION_ITEM()
RATIONAL_B_SPLINE_SURFACE(((1.,0.707106781186548,1.,0.707106781186548,1.,
0.707106781186548,1.,0.707106781186548,1.),(0.895314079855382,0.633082657157535,
0.895314079855382,0.633082657157535,0.895314079855382,0.633082657157535,
0.895314079855382,0.633082657157535,0.895314079855382),(1.,0.707106781186548,
1.,0.707106781186548,1.,0.707106781186548,1.,0.707106781186548,1.)))
REPRESENTATION_ITEM('')
SURFACE()
);
#2328=(
BOUNDED_SURFACE()
B_SPLINE_SURFACE(2,2,((#4911,#4912,#4913,#4914,#4915,#4916,#4917,#4918,
#4919),(#4920,#4921,#4922,#4923,#4924,#4925,#4926,#4927,#4928),(#4929,#4930,
#4931,#4932,#4933,#4934,#4935,#4936,#4937)),.UNSPECIFIED.,.F.,.T.,.F.)
B_SPLINE_SURFACE_WITH_KNOTS((3,3),(3,2,2,2,3),(0.647475296026791,1.5707963267949),
(-3.14159265358979,-1.5707963267949,0.,1.5707963267949,3.14159265358979),
 .UNSPECIFIED.)
GEOMETRIC_REPRESENTATION_ITEM()
RATIONAL_B_SPLINE_SURFACE(((1.,0.707106781186548,1.,0.707106781186548,1.,
0.707106781186548,1.,0.707106781186548,1.),(0.895314079855382,0.633082657157535,
0.895314079855382,0.633082657157535,0.895314079855382,0.633082657157535,
0.895314079855382,0.633082657157535,0.895314079855382),(1.,0.707106781186548,
1.,0.707106781186548,1.,0.707106781186548,1.,0.707106781186548,1.)))
REPRESENTATION_ITEM('')
SURFACE()
);
#2329=(
BOUNDED_SURFACE()
B_SPLINE_SURFACE(2,2,((#5449,#5450,#5451),(#5452,#5453,#5454),(#5455,#5456,
#5457)),.UNSPECIFIED.,.F.,.F.,.F.)
B_SPLINE_SURFACE_WITH_KNOTS((3,3),(3,3),(-0.260033283020065,-0.0615580840449552),
(-1.89400204153069,-1.76098890317528),.UNSPECIFIED.)
GEOMETRIC_REPRESENTATION_ITEM()
RATIONAL_B_SPLINE_SURFACE(((1.,0.997789253175581,1.),(0.995079989143312,
0.99288011921727,0.995079989143312),(1.,0.997789253175581,1.)))
REPRESENTATION_ITEM('')
SURFACE()
);
#2330=(
BOUNDED_SURFACE()
B_SPLINE_SURFACE(2,2,((#5690,#5691,#5692),(#5693,#5694,#5695),(#5696,#5697,
#5698)),.UNSPECIFIED.,.F.,.F.,.F.)
B_SPLINE_SURFACE_WITH_KNOTS((3,3),(3,3),(-0.893506233786254,-0.861448999284122),
(-1.71564729497848,-1.42594535861132),.UNSPECIFIED.)
GEOMETRIC_REPRESENTATION_ITEM()
RATIONAL_B_SPLINE_SURFACE(((1.,0.989527428852872,1.),(0.999871544464741,
0.989400318577345,0.999871544464741),(1.,0.989527428852872,1.)))
REPRESENTATION_ITEM('')
SURFACE()
);
#2331=(
BOUNDED_SURFACE()
B_SPLINE_SURFACE(2,2,((#6635,#6636,#6637),(#6638,#6639,#6640),(#6641,#6642,
#6643)),.UNSPECIFIED.,.F.,.F.,.F.)
B_SPLINE_SURFACE_WITH_KNOTS((3,3),(3,3),(1.05427845943076,1.05607020920751),
(1.53125264267498,1.61034001091479),.UNSPECIFIED.)
GEOMETRIC_REPRESENTATION_ITEM()
RATIONAL_B_SPLINE_SURFACE(((1.,0.999218250399758,1.),(0.999999598704119,
0.99921784941759,0.999999598704119),(1.,0.999218250399758,1.)))
REPRESENTATION_ITEM('')
SURFACE()
);
#2332=ADVANCED_FACE('',(#275),#2322,.T.);
#2333=ADVANCED_FACE('',(#276),#252,.F.);
#2334=ADVANCED_FACE('',(#277),#253,.F.);
#2335=ADVANCED_FACE('',(#278),#254,.F.);
#2336=ADVANCED_FACE('',(#279),#76,.T.);
#2337=ADVANCED_FACE('',(#280),#77,.T.);
#2338=ADVANCED_FACE('',(#281),#78,.T.);
#2339=ADVANCED_FACE('',(#282),#48,.F.);
#2340=ADVANCED_FACE('',(#283),#79,.F.);
#2341=ADVANCED_FACE('',(#284),#80,.T.);
#2342=ADVANCED_FACE('',(#285),#81,.T.);
#2343=ADVANCED_FACE('',(#286),#49,.T.);
#2344=ADVANCED_FACE('',(#287),#50,.T.);
#2345=ADVANCED_FACE('',(#288,#42,#43),#2323,.F.);
#2346=ADVANCED_FACE('',(#289),#82,.F.);
#2347=ADVANCED_FACE('',(#290),#51,.T.);
#2348=ADVANCED_FACE('',(#291),#52,.T.);
#2349=ADVANCED_FACE('',(#292,#44,#45),#2324,.F.);
#2350=ADVANCED_FACE('',(#293),#255,.F.);
#2351=ADVANCED_FACE('',(#294),#17,.T.);
#2352=ADVANCED_FACE('',(#295),#2325,.T.);
#2353=ADVANCED_FACE('',(#296),#83,.T.);
#2354=ADVANCED_FACE('',(#297),#84,.T.);
#2355=ADVANCED_FACE('',(#298),#18,.T.);
#2356=ADVANCED_FACE('',(#299),#2326,.T.);
#2357=ADVANCED_FACE('',(#300),#85,.T.);
#2358=ADVANCED_FACE('',(#301),#86,.T.);
#2359=ADVANCED_FACE('',(#302),#87,.T.);
#2360=ADVANCED_FACE('',(#303),#88,.T.);
#2361=ADVANCED_FACE('',(#304),#89,.T.);
#2362=ADVANCED_FACE('',(#305),#90,.T.);
#2363=ADVANCED_FACE('',(#306),#256,.T.);
#2364=ADVANCED_FACE('',(#307),#53,.F.);
#2365=ADVANCED_FACE('',(#308),#91,.T.);
#2366=ADVANCED_FACE('',(#309),#92,.T.);
#2367=ADVANCED_FACE('',(#310),#54,.F.);
#2368=ADVANCED_FACE('',(#311),#55,.F.);
#2369=ADVANCED_FACE('',(#312),#2327,.T.);
#2370=ADVANCED_FACE('',(#313),#257,.T.);
#2371=ADVANCED_FACE('',(#314),#2328,.T.);
#2372=ADVANCED_FACE('',(#315),#258,.T.);
#2373=ADVANCED_FACE('',(#316),#19,.T.);
#2374=ADVANCED_FACE('',(#317),#20,.T.);
#2375=ADVANCED_FACE('',(#318),#56,.F.);
#2376=ADVANCED_FACE('',(#319),#21,.T.);
#2377=ADVANCED_FACE('',(#320),#22,.T.);
#2378=ADVANCED_FACE('',(#321),#23,.T.);
#2379=ADVANCED_FACE('',(#322),#24,.T.);
#2380=ADVANCED_FACE('',(#323),#25,.T.);
#2381=ADVANCED_FACE('',(#324),#57,.F.);
#2382=ADVANCED_FACE('',(#325),#93,.T.);
#2383=ADVANCED_FACE('',(#326),#94,.T.);
#2384=ADVANCED_FACE('',(#327),#95,.T.);
#2385=ADVANCED_FACE('',(#328),#96,.T.);
#2386=ADVANCED_FACE('',(#329),#97,.T.);
#2387=ADVANCED_FACE('',(#330),#98,.T.);
#2388=ADVANCED_FACE('',(#331),#99,.T.);
#2389=ADVANCED_FACE('',(#332),#26,.T.);
#2390=ADVANCED_FACE('',(#333),#27,.T.);
#2391=ADVANCED_FACE('',(#334),#28,.T.);
#2392=ADVANCED_FACE('',(#335),#29,.T.);
#2393=ADVANCED_FACE('',(#336),#30,.T.);
#2394=ADVANCED_FACE('',(#337),#58,.F.);
#2395=ADVANCED_FACE('',(#338),#31,.T.);
#2396=ADVANCED_FACE('',(#339),#32,.T.);
#2397=ADVANCED_FACE('',(#340),#59,.F.);
#2398=ADVANCED_FACE('',(#341),#100,.T.);
#2399=ADVANCED_FACE('',(#342),#101,.T.);
#2400=ADVANCED_FACE('',(#343),#102,.T.);
#2401=ADVANCED_FACE('',(#344),#103,.T.);
#2402=ADVANCED_FACE('',(#345),#104,.T.);
#2403=ADVANCED_FACE('',(#346),#105,.T.);
#2404=ADVANCED_FACE('',(#347),#106,.T.);
#2405=ADVANCED_FACE('',(#348,#46),#259,.F.);
#2406=ADVANCED_FACE('',(#349),#107,.T.);
#2407=ADVANCED_FACE('',(#350),#108,.T.);
#2408=ADVANCED_FACE('',(#351),#109,.T.);
#2409=ADVANCED_FACE('',(#352),#60,.F.);
#2410=ADVANCED_FACE('',(#353,#47),#260,.F.);
#2411=ADVANCED_FACE('',(#354),#110,.T.);
#2412=ADVANCED_FACE('',(#355),#2329,.F.);
#2413=ADVANCED_FACE('',(#356),#61,.F.);
#2414=ADVANCED_FACE('',(#357),#62,.F.);
#2415=ADVANCED_FACE('',(#358),#63,.F.);
#2416=ADVANCED_FACE('',(#359),#33,.T.);
#2417=ADVANCED_FACE('',(#360),#34,.T.);
#2418=ADVANCED_FACE('',(#361),#35,.T.);
#2419=ADVANCED_FACE('',(#362),#111,.T.);
#2420=ADVANCED_FACE('',(#363),#112,.T.);
#2421=ADVANCED_FACE('',(#364),#113,.T.);
#2422=ADVANCED_FACE('',(#365),#261,.F.);
#2423=ADVANCED_FACE('',(#366),#114,.T.);
#2424=ADVANCED_FACE('',(#367),#262,.T.);
#2425=ADVANCED_FACE('',(#368),#2330,.F.);
#2426=ADVANCED_FACE('',(#369),#115,.T.);
#2427=ADVANCED_FACE('',(#370),#116,.T.);
#2428=ADVANCED_FACE('',(#371),#64,.F.);
#2429=ADVANCED_FACE('',(#372),#65,.F.);
#2430=ADVANCED_FACE('',(#373),#117,.F.);
#2431=ADVANCED_FACE('',(#374),#118,.T.);
#2432=ADVANCED_FACE('',(#375),#263,.T.);
#2433=ADVANCED_FACE('',(#376),#119,.T.);
#2434=ADVANCED_FACE('',(#377),#120,.T.);
#2435=ADVANCED_FACE('',(#378),#121,.F.);
#2436=ADVANCED_FACE('',(#379),#122,.T.);
#2437=ADVANCED_FACE('',(#380),#123,.F.);
#2438=ADVANCED_FACE('',(#381),#124,.T.);
#2439=ADVANCED_FACE('',(#382),#66,.F.);
#2440=ADVANCED_FACE('',(#383),#125,.T.);
#2441=ADVANCED_FACE('',(#384),#36,.T.);
#2442=ADVANCED_FACE('',(#385),#264,.T.);
#2443=ADVANCED_FACE('',(#386),#67,.F.);
#2444=ADVANCED_FACE('',(#387),#37,.T.);
#2445=ADVANCED_FACE('',(#388),#126,.T.);
#2446=ADVANCED_FACE('',(#389),#265,.T.);
#2447=ADVANCED_FACE('',(#390),#68,.F.);
#2448=ADVANCED_FACE('',(#391),#127,.T.);
#2449=ADVANCED_FACE('',(#392),#69,.T.);
#2450=ADVANCED_FACE('',(#393),#128,.F.);
#2451=ADVANCED_FACE('',(#394),#266,.F.);
#2452=ADVANCED_FACE('',(#395),#267,.T.);
#2453=ADVANCED_FACE('',(#396),#129,.T.);
#2454=ADVANCED_FACE('',(#397),#38,.T.);
#2455=ADVANCED_FACE('',(#398),#130,.T.);
#2456=ADVANCED_FACE('',(#399),#131,.T.);
#2457=ADVANCED_FACE('',(#400),#70,.F.);
#2458=ADVANCED_FACE('',(#401),#132,.T.);
#2459=ADVANCED_FACE('',(#402),#71,.T.);
#2460=ADVANCED_FACE('',(#403),#133,.F.);
#2461=ADVANCED_FACE('',(#404),#268,.F.);
#2462=ADVANCED_FACE('',(#405),#134,.F.);
#2463=ADVANCED_FACE('',(#406),#269,.T.);
#2464=ADVANCED_FACE('',(#407),#135,.T.);
#2465=ADVANCED_FACE('',(#408),#39,.T.);
#2466=ADVANCED_FACE('',(#409),#40,.T.);
#2467=ADVANCED_FACE('',(#410),#270,.T.);
#2468=ADVANCED_FACE('',(#411),#136,.T.);
#2469=ADVANCED_FACE('',(#412),#72,.F.);
#2470=ADVANCED_FACE('',(#413),#41,.T.);
#2471=ADVANCED_FACE('',(#414),#137,.F.);
#2472=ADVANCED_FACE('',(#415),#73,.F.);
#2473=ADVANCED_FACE('',(#416),#74,.F.);
#2474=ADVANCED_FACE('',(#417),#75,.F.);
#2475=ADVANCED_FACE('',(#418),#271,.T.);
#2476=ADVANCED_FACE('',(#419),#138,.T.);
#2477=ADVANCED_FACE('',(#420),#272,.T.);
#2478=ADVANCED_FACE('',(#421),#273,.T.);
#2479=ADVANCED_FACE('',(#422),#274,.T.);
#2480=ADVANCED_FACE('',(#423),#139,.F.);
#2481=ADVANCED_FACE('',(#424),#2331,.F.);
#2482=ADVANCED_FACE('',(#425),#140,.F.);
#2483=CLOSED_SHELL('',(#2332,#2333,#2334,#2335,#2336,#2337,#2338,#2339,
#2340,#2341,#2342,#2343,#2344,#2345,#2346,#2347,#2348,#2349,#2350,#2351,
#2352,#2353,#2354,#2355,#2356,#2357,#2358,#2359,#2360,#2361,#2362,#2363,
#2364,#2365,#2366,#2367,#2368,#2369,#2370,#2371,#2372,#2373,#2374,#2375,
#2376,#2377,#2378,#2379,#2380,#2381,#2382,#2383,#2384,#2385,#2386,#2387,
#2388,#2389,#2390,#2391,#2392,#2393,#2394,#2395,#2396,#2397,#2398,#2399,
#2400,#2401,#2402,#2403,#2404,#2405,#2406,#2407,#2408,#2409,#2410,#2411,
#2412,#2413,#2414,#2415,#2416,#2417,#2418,#2419,#2420,#2421,#2422,#2423,
#2424,#2425,#2426,#2427,#2428,#2429,#2430,#2431,#2432,#2433,#2434,#2435,
#2436,#2437,#2438,#2439,#2440,#2441,#2442,#2443,#2444,#2445,#2446,#2447,
#2448,#2449,#2450,#2451,#2452,#2453,#2454,#2455,#2456,#2457,#2458,#2459,
#2460,#2461,#2462,#2463,#2464,#2465,#2466,#2467,#2468,#2469,#2470,#2471,
#2472,#2473,#2474,#2475,#2476,#2477,#2478,#2479));
#2484=CLOSED_SHELL('',(#2480,#2481,#2482));
#2485=DERIVED_UNIT_ELEMENT(#2487,1.);
#2486=DERIVED_UNIT_ELEMENT(#6656,-3.);
#2487=(
MASS_UNIT()
NAMED_UNIT(*)
SI_UNIT(.KILO.,.GRAM.)
);
#2488=DERIVED_UNIT((#2485,#2486));
#2489=MEASURE_REPRESENTATION_ITEM('density measure',
POSITIVE_RATIO_MEASURE(7850.),#2488);
#2490=PROPERTY_DEFINITION_REPRESENTATION(#2495,#2492);
#2491=PROPERTY_DEFINITION_REPRESENTATION(#2496,#2493);
#2492=REPRESENTATION('material name',(#2494),#6653);
#2493=REPRESENTATION('density',(#2489),#6653);
#2494=DESCRIPTIVE_REPRESENTATION_ITEM('Steel','Steel');
#2495=PROPERTY_DEFINITION('material property','material name',#6663);
#2496=PROPERTY_DEFINITION('material property','density of part',#6663);
#2497=AXIS2_PLACEMENT_3D('',#3261,#2727,#2728);
#2498=AXIS2_PLACEMENT_3D('',#3284,#2730,#2731);
#2499=AXIS2_PLACEMENT_3D('',#3295,#2733,#2734);
#2500=AXIS2_PLACEMENT_3D('',#3306,#2736,#2737);
#2501=AXIS2_PLACEMENT_3D('',#3347,#2739,#2740);
#2502=AXIS2_PLACEMENT_3D('',#3350,#2742,#2743);
#2503=AXIS2_PLACEMENT_3D('',#3351,#2744,#2745);
#2504=AXIS2_PLACEMENT_3D('',#3353,#2747,#2748);
#2505=AXIS2_PLACEMENT_3D('',#3356,#2750,#2751);
#2506=AXIS2_PLACEMENT_3D('',#3357,#2752,#2753);
#2507=AXIS2_PLACEMENT_3D('',#3387,#2755,#2756);
#2508=AXIS2_PLACEMENT_3D('',#3404,#2757,#2758);
#2509=AXIS2_PLACEMENT_3D('',#3482,#2760,#2761);
#2510=AXIS2_PLACEMENT_3D('',#3529,#2762,#2763);
#2511=AXIS2_PLACEMENT_3D('',#3532,#2765,#2766);
#2512=AXIS2_PLACEMENT_3D('',#3545,#2767,#2768);
#2513=AXIS2_PLACEMENT_3D('',#3547,#2769,#2770);
#2514=AXIS2_PLACEMENT_3D('',#3556,#2771,#2772);
#2515=AXIS2_PLACEMENT_3D('',#3610,#2773,#2774);
#2516=AXIS2_PLACEMENT_3D('',#3623,#2776,#2777);
#2517=AXIS2_PLACEMENT_3D('',#3626,#2778,#2779);
#2518=AXIS2_PLACEMENT_3D('',#3730,#2782,#2783);
#2519=AXIS2_PLACEMENT_3D('',#3754,#2784,#2785);
#2520=AXIS2_PLACEMENT_3D('',#3900,#2786,#2787);
#2521=AXIS2_PLACEMENT_3D('',#4092,#2788,#2789);
#2522=AXIS2_PLACEMENT_3D('',#4208,#2790,#2791);
#2523=AXIS2_PLACEMENT_3D('',#4213,#2794,#2795);
#2524=AXIS2_PLACEMENT_3D('',#4233,#2797,#2798);
#2525=AXIS2_PLACEMENT_3D('',#4370,#2799,#2800);
#2526=AXIS2_PLACEMENT_3D('',#4650,#2801,#2802);
#2527=AXIS2_PLACEMENT_3D('',#4653,#2803,#2804);
#2528=AXIS2_PLACEMENT_3D('',#4655,#2805,#2806);
#2529=AXIS2_PLACEMENT_3D('',#4656,#2807,#2808);
#2530=AXIS2_PLACEMENT_3D('',#4660,#2810,#2811);
#2531=AXIS2_PLACEMENT_3D('',#4662,#2812,#2813);
#2532=AXIS2_PLACEMENT_3D('',#4664,#2814,#2815);
#2533=AXIS2_PLACEMENT_3D('',#4666,#2816,#2817);
#2534=AXIS2_PLACEMENT_3D('',#4667,#2818,#2819);
#2535=AXIS2_PLACEMENT_3D('',#4668,#2820,#2821);
#2536=AXIS2_PLACEMENT_3D('',#4669,#2822,#2823);
#2537=AXIS2_PLACEMENT_3D('',#4670,#2824,#2825);
#2538=AXIS2_PLACEMENT_3D('',#4672,#2826,#2827);
#2539=AXIS2_PLACEMENT_3D('',#4683,#2828,#2829);
#2540=AXIS2_PLACEMENT_3D('',#4711,#2830,#2831);
#2541=AXIS2_PLACEMENT_3D('',#4715,#2835,#2836);
#2542=AXIS2_PLACEMENT_3D('',#4716,#2837,#2838);
#2543=AXIS2_PLACEMENT_3D('',#4730,#2839,#2840);
#2544=AXIS2_PLACEMENT_3D('',#4731,#2841,#2842);
#2545=AXIS2_PLACEMENT_3D('',#4759,#2843,#2844);
#2546=AXIS2_PLACEMENT_3D('',#4760,#2845,#2846);
#2547=AXIS2_PLACEMENT_3D('',#4761,#2847,#2848);
#2548=AXIS2_PLACEMENT_3D('',#4766,#2849,#2850);
#2549=AXIS2_PLACEMENT_3D('',#4782,#2853,#2854);
#2550=AXIS2_PLACEMENT_3D('',#4783,#2855,#2856);
#2551=AXIS2_PLACEMENT_3D('',#4784,#2857,#2858);
#2552=AXIS2_PLACEMENT_3D('',#4785,#2859,#2860);
#2553=AXIS2_PLACEMENT_3D('',#4810,#2861,#2862);
#2554=AXIS2_PLACEMENT_3D('',#4815,#2863,#2864);
#2555=AXIS2_PLACEMENT_3D('',#4906,#2865,#2866);
#2556=AXIS2_PLACEMENT_3D('',#4908,#2867,#2868);
#2557=AXIS2_PLACEMENT_3D('',#4909,#2869,#2870);
#2558=AXIS2_PLACEMENT_3D('',#4910,#2871,#2872);
#2559=AXIS2_PLACEMENT_3D('',#4939,#2873,#2874);
#2560=AXIS2_PLACEMENT_3D('',#4941,#2875,#2876);
#2561=AXIS2_PLACEMENT_3D('',#4942,#2877,#2878);
#2562=AXIS2_PLACEMENT_3D('',#4943,#2879,#2880);
#2563=AXIS2_PLACEMENT_3D('',#4944,#2881,#2882);
#2564=AXIS2_PLACEMENT_3D('',#4947,#2883,#2884);
#2565=AXIS2_PLACEMENT_3D('',#4949,#2885,#2886);
#2566=AXIS2_PLACEMENT_3D('',#4951,#2887,#2888);
#2567=AXIS2_PLACEMENT_3D('',#4952,#2889,#2890);
#2568=AXIS2_PLACEMENT_3D('',#4953,#2891,#2892);
#2569=AXIS2_PLACEMENT_3D('',#4972,#2893,#2894);
#2570=AXIS2_PLACEMENT_3D('',#4973,#2895,#2896);
#2571=AXIS2_PLACEMENT_3D('',#5000,#2897,#2898);
#2572=AXIS2_PLACEMENT_3D('',#5005,#2899,#2900);
#2573=AXIS2_PLACEMENT_3D('',#5007,#2901,#2902);
#2574=AXIS2_PLACEMENT_3D('',#5009,#2903,#2904);
#2575=AXIS2_PLACEMENT_3D('',#5011,#2905,#2906);
#2576=AXIS2_PLACEMENT_3D('',#5020,#2907,#2908);
#2577=AXIS2_PLACEMENT_3D('',#5023,#2909,#2910);
#2578=AXIS2_PLACEMENT_3D('',#5024,#2911,#2912);
#2579=AXIS2_PLACEMENT_3D('',#5025,#2913,#2914);
#2580=AXIS2_PLACEMENT_3D('',#5026,#2915,#2916);
#2581=AXIS2_PLACEMENT_3D('',#5029,#2917,#2918);
#2582=AXIS2_PLACEMENT_3D('',#5030,#2919,#2920);
#2583=AXIS2_PLACEMENT_3D('',#5031,#2921,#2922);
#2584=AXIS2_PLACEMENT_3D('',#5032,#2923,#2924);
#2585=AXIS2_PLACEMENT_3D('',#5035,#2925,#2926);
#2586=AXIS2_PLACEMENT_3D('',#5036,#2927,#2928);
#2587=AXIS2_PLACEMENT_3D('',#5037,#2929,#2930);
#2588=AXIS2_PLACEMENT_3D('',#5038,#2931,#2932);
#2589=AXIS2_PLACEMENT_3D('',#5041,#2933,#2934);
#2590=AXIS2_PLACEMENT_3D('',#5042,#2935,#2936);
#2591=AXIS2_PLACEMENT_3D('',#5043,#2937,#2938);
#2592=AXIS2_PLACEMENT_3D('',#5072,#2939,#2940);
#2593=AXIS2_PLACEMENT_3D('',#5084,#2942,#2943);
#2594=AXIS2_PLACEMENT_3D('',#5093,#2944,#2945);
#2595=AXIS2_PLACEMENT_3D('',#5108,#2947,#2948);
#2596=AXIS2_PLACEMENT_3D('',#5125,#2950,#2951);
#2597=AXIS2_PLACEMENT_3D('',#5127,#2953,#2954);
#2598=AXIS2_PLACEMENT_3D('',#5134,#2956,#2957);
#2599=AXIS2_PLACEMENT_3D('',#5146,#2958,#2959);
#2600=AXIS2_PLACEMENT_3D('',#5149,#2960,#2961);
#2601=AXIS2_PLACEMENT_3D('',#5151,#2962,#2963);
#2602=AXIS2_PLACEMENT_3D('',#5153,#2964,#2965);
#2603=AXIS2_PLACEMENT_3D('',#5154,#2966,#2967);
#2604=AXIS2_PLACEMENT_3D('',#5155,#2968,#2969);
#2605=AXIS2_PLACEMENT_3D('',#5158,#2970,#2971);
#2606=AXIS2_PLACEMENT_3D('',#5159,#2972,#2973);
#2607=AXIS2_PLACEMENT_3D('',#5160,#2974,#2975);
#2608=AXIS2_PLACEMENT_3D('',#5161,#2976,#2977);
#2609=AXIS2_PLACEMENT_3D('',#5164,#2978,#2979);
#2610=AXIS2_PLACEMENT_3D('',#5165,#2980,#2981);
#2611=AXIS2_PLACEMENT_3D('',#5166,#2982,#2983);
#2612=AXIS2_PLACEMENT_3D('',#5167,#2984,#2985);
#2613=AXIS2_PLACEMENT_3D('',#5170,#2986,#2987);
#2614=AXIS2_PLACEMENT_3D('',#5171,#2988,#2989);
#2615=AXIS2_PLACEMENT_3D('',#5172,#2990,#2991);
#2616=AXIS2_PLACEMENT_3D('',#5173,#2992,#2993);
#2617=AXIS2_PLACEMENT_3D('',#5181,#2994,#2995);
#2618=AXIS2_PLACEMENT_3D('',#5182,#2996,#2997);
#2619=AXIS2_PLACEMENT_3D('',#5209,#2998,#2999);
#2620=AXIS2_PLACEMENT_3D('',#5214,#3000,#3001);
#2621=AXIS2_PLACEMENT_3D('',#5217,#3002,#3003);
#2622=AXIS2_PLACEMENT_3D('',#5219,#3004,#3005);
#2623=AXIS2_PLACEMENT_3D('',#5237,#3006,#3007);
#2624=AXIS2_PLACEMENT_3D('',#5238,#3008,#3009);
#2625=AXIS2_PLACEMENT_3D('',#5241,#3010,#3011);
#2626=AXIS2_PLACEMENT_3D('',#5242,#3012,#3013);
#2627=AXIS2_PLACEMENT_3D('',#5243,#3014,#3015);
#2628=AXIS2_PLACEMENT_3D('',#5272,#3016,#3017);
#2629=AXIS2_PLACEMENT_3D('',#5286,#3019,#3020);
#2630=AXIS2_PLACEMENT_3D('',#5292,#3022,#3023);
#2631=AXIS2_PLACEMENT_3D('',#5294,#3025,#3026);
#2632=AXIS2_PLACEMENT_3D('',#5312,#3028,#3029);
#2633=AXIS2_PLACEMENT_3D('',#5325,#3030,#3031);
#2634=AXIS2_PLACEMENT_3D('',#5336,#3033,#3034);
#2635=AXIS2_PLACEMENT_3D('',#5346,#3035,#3036);
#2636=AXIS2_PLACEMENT_3D('',#5348,#3038,#3039);
#2637=AXIS2_PLACEMENT_3D('',#5357,#3041,#3042);
#2638=AXIS2_PLACEMENT_3D('',#5395,#3045,#3046);
#2639=AXIS2_PLACEMENT_3D('',#5437,#3047,#3048);
#2640=AXIS2_PLACEMENT_3D('',#5438,#3049,#3050);
#2641=AXIS2_PLACEMENT_3D('',#5576,#3052,#3053);
#2642=AXIS2_PLACEMENT_3D('',#5664,#3054,#3055);
#2643=AXIS2_PLACEMENT_3D('',#5665,#3056,#3057);
#2644=AXIS2_PLACEMENT_3D('',#5667,#3058,#3059);
#2645=AXIS2_PLACEMENT_3D('',#5668,#3060,#3061);
#2646=AXIS2_PLACEMENT_3D('',#5669,#3062,#3063);
#2647=AXIS2_PLACEMENT_3D('',#5670,#3064,#3065);
#2648=AXIS2_PLACEMENT_3D('',#5671,#3066,#3067);
#2649=AXIS2_PLACEMENT_3D('',#5672,#3068,#3069);
#2650=AXIS2_PLACEMENT_3D('',#5673,#3070,#3071);
#2651=AXIS2_PLACEMENT_3D('',#5674,#3072,#3073);
#2652=AXIS2_PLACEMENT_3D('',#5675,#3074,#3075);
#2653=AXIS2_PLACEMENT_3D('',#5677,#3077,#3078);
#2654=AXIS2_PLACEMENT_3D('',#5679,#3080,#3081);
#2655=AXIS2_PLACEMENT_3D('',#5681,#3083,#3084);
#2656=AXIS2_PLACEMENT_3D('',#5682,#3085,#3086);
#2657=AXIS2_PLACEMENT_3D('',#5683,#3087,#3088);
#2658=AXIS2_PLACEMENT_3D('',#5689,#3092,#3093);
#2659=AXIS2_PLACEMENT_3D('',#5719,#3094,#3095);
#2660=AXIS2_PLACEMENT_3D('',#5720,#3096,#3097);
#2661=AXIS2_PLACEMENT_3D('',#5768,#3098,#3099);
#2662=AXIS2_PLACEMENT_3D('',#5769,#3100,#3101);
#2663=AXIS2_PLACEMENT_3D('',#5770,#3102,#3103);
#2664=AXIS2_PLACEMENT_3D('',#5771,#3104,#3105);
#2665=AXIS2_PLACEMENT_3D('',#5773,#3107,#3108);
#2666=AXIS2_PLACEMENT_3D('',#5775,#3110,#3111);
#2667=AXIS2_PLACEMENT_3D('',#5776,#3112,#3113);
#2668=AXIS2_PLACEMENT_3D('',#5778,#3115,#3116);
#2669=AXIS2_PLACEMENT_3D('',#5780,#3118,#3119);
#2670=AXIS2_PLACEMENT_3D('',#5888,#3120,#3121);
#2671=AXIS2_PLACEMENT_3D('',#5889,#3122,#3123);
#2672=AXIS2_PLACEMENT_3D('',#5892,#3126,#3127);
#2673=AXIS2_PLACEMENT_3D('',#5893,#3128,#3129);
#2674=AXIS2_PLACEMENT_3D('',#5894,#3130,#3131);
#2675=AXIS2_PLACEMENT_3D('',#5895,#3132,#3133);
#2676=AXIS2_PLACEMENT_3D('',#6003,#3134,#3135);
#2677=AXIS2_PLACEMENT_3D('',#6004,#3136,#3137);
#2678=AXIS2_PLACEMENT_3D('',#6005,#3138,#3139);
#2679=AXIS2_PLACEMENT_3D('',#6006,#3140,#3141);
#2680=AXIS2_PLACEMENT_3D('',#6007,#3142,#3143);
#2681=AXIS2_PLACEMENT_3D('',#6010,#3146,#3147);
#2682=AXIS2_PLACEMENT_3D('',#6063,#3148,#3149);
#2683=AXIS2_PLACEMENT_3D('',#6085,#3150,#3151);
#2684=AXIS2_PLACEMENT_3D('',#6165,#3154,#3155);
#2685=AXIS2_PLACEMENT_3D('',#6196,#3156,#3157);
#2686=AXIS2_PLACEMENT_3D('',#6199,#3158,#3159);
#2687=AXIS2_PLACEMENT_3D('',#6202,#3162,#3163);
#2688=AXIS2_PLACEMENT_3D('',#6207,#3166,#3167);
#2689=AXIS2_PLACEMENT_3D('',#6208,#3168,#3169);
#2690=AXIS2_PLACEMENT_3D('',#6212,#3172,#3173);
#2691=AXIS2_PLACEMENT_3D('',#6213,#3174,#3175);
#2692=AXIS2_PLACEMENT_3D('',#6214,#3176,#3177);
#2693=AXIS2_PLACEMENT_3D('',#6215,#3178,#3179);
#2694=AXIS2_PLACEMENT_3D('',#6216,#3180,#3181);
#2695=AXIS2_PLACEMENT_3D('',#6241,#3183,#3184);
#2696=AXIS2_PLACEMENT_3D('',#6242,#3185,#3186);
#2697=AXIS2_PLACEMENT_3D('',#6296,#3188,#3189);
#2698=AXIS2_PLACEMENT_3D('',#6318,#3190,#3191);
#2699=AXIS2_PLACEMENT_3D('',#6378,#3194,#3195);
#2700=AXIS2_PLACEMENT_3D('',#6401,#3196,#3197);
#2701=AXIS2_PLACEMENT_3D('',#6404,#3198,#3199);
#2702=AXIS2_PLACEMENT_3D('',#6407,#3202,#3203);
#2703=AXIS2_PLACEMENT_3D('',#6409,#3204,#3205);
#2704=AXIS2_PLACEMENT_3D('',#6414,#3209,#3210);
#2705=AXIS2_PLACEMENT_3D('',#6416,#3211,#3212);
#2706=AXIS2_PLACEMENT_3D('',#6418,#3214,#3215);
#2707=AXIS2_PLACEMENT_3D('',#6420,#3217,#3218);
#2708=AXIS2_PLACEMENT_3D('',#6422,#3220,#3221);
#2709=AXIS2_PLACEMENT_3D('',#6423,#3222,#3223);
#2710=AXIS2_PLACEMENT_3D('',#6447,#3224,#3225);
#2711=AXIS2_PLACEMENT_3D('',#6448,#3226,#3227);
#2712=AXIS2_PLACEMENT_3D('',#6449,#3228,#3229);
#2713=AXIS2_PLACEMENT_3D('',#6450,#3230,#3231);
#2714=AXIS2_PLACEMENT_3D('',#6500,#3232,#3233);
#2715=AXIS2_PLACEMENT_3D('',#6502,#3234,#3235);
#2716=AXIS2_PLACEMENT_3D('',#6507,#3236,#3237);
#2717=AXIS2_PLACEMENT_3D('',#6571,#3239,#3240);
#2718=AXIS2_PLACEMENT_3D('',#6615,#3241,#3242);
#2719=AXIS2_PLACEMENT_3D('',#6617,#3243,#3244);
#2720=AXIS2_PLACEMENT_3D('',#6619,#3246,#3247);
#2721=AXIS2_PLACEMENT_3D('',#6621,#3249,#3250);
#2722=AXIS2_PLACEMENT_3D('',#6622,#3251,#3252);
#2723=AXIS2_PLACEMENT_3D('',#6623,#3253,#3254);
#2724=AXIS2_PLACEMENT_3D('',#6624,#3255,#3256);
#2725=AXIS2_PLACEMENT_3D('',#6634,#3257,#3258);
#2726=AXIS2_PLACEMENT_3D('',#6650,#3259,#3260);
#2727=DIRECTION('axis',(0.,0.,1.));
#2728=DIRECTION('refdir',(1.,0.,0.));
#2729=DIRECTION('',(0.,-1.,0.));
#2730=DIRECTION('center_axis',(0.,1.,0.));
#2731=DIRECTION('ref_axis',(-0.0014679811700483,0.,-0.999998922515062));
#2732=DIRECTION('',(0.,-1.,0.));
#2733=DIRECTION('center_axis',(0.,1.,0.));
#2734=DIRECTION('ref_axis',(-0.0014679811700483,0.,-0.999998922515062));
#2735=DIRECTION('',(0.,1.,0.));
#2736=DIRECTION('center_axis',(0.,1.,0.));
#2737=DIRECTION('ref_axis',(-0.0014679811700483,0.,-0.999998922515062));
#2738=DIRECTION('',(0.,-1.,0.));
#2739=DIRECTION('center_axis',(0.,1.,0.));
#2740=DIRECTION('ref_axis',(1.,0.,0.));
#2741=DIRECTION('',(0.,0.,-1.));
#2742=DIRECTION('center_axis',(0.,1.,0.));
#2743=DIRECTION('ref_axis',(0.487663561697134,0.,-0.873031643523226));
#2744=DIRECTION('center_axis',(0.,1.,0.));
#2745=DIRECTION('ref_axis',(1.,0.,0.));
#2746=DIRECTION('',(1.,0.,0.));
#2747=DIRECTION('center_axis',(0.,1.,0.));
#2748=DIRECTION('ref_axis',(1.,0.,0.));
#2749=DIRECTION('',(0.,0.,1.));
#2750=DIRECTION('center_axis',(0.,1.,0.));
#2751=DIRECTION('ref_axis',(0.709756020756118,0.,-0.704447578603576));
#2752=DIRECTION('center_axis',(0.,-1.,0.));
#2753=DIRECTION('ref_axis',(0.709756020756118,0.,-0.704447578603576));
#2754=DIRECTION('',(0.,-1.,0.));
#2755=DIRECTION('center_axis',(1.,0.,0.));
#2756=DIRECTION('ref_axis',(0.,-0.995881275887889,-0.0906668866561056));
#2757=DIRECTION('center_axis',(1.,0.,0.));
#2758=DIRECTION('ref_axis',(0.,-0.995881275887889,-0.0906668866561056));
#2759=DIRECTION('',(1.,0.,0.));
#2760=DIRECTION('center_axis',(0.,0.,-1.));
#2761=DIRECTION('ref_axis',(-1.,0.,0.));
#2762=DIRECTION('center_axis',(0.,0.,-1.));
#2763=DIRECTION('ref_axis',(1.,0.,0.));
#2764=DIRECTION('',(0.,0.,-1.));
#2765=DIRECTION('center_axis',(0.,0.,-1.));
#2766=DIRECTION('ref_axis',(-1.,0.,0.));
#2767=DIRECTION('center_axis',(0.,0.,-1.));
#2768=DIRECTION('ref_axis',(-1.,0.,0.));
#2769=DIRECTION('center_axis',(0.,0.,-1.));
#2770=DIRECTION('ref_axis',(1.,0.,0.));
#2771=DIRECTION('center_axis',(0.,0.,-1.));
#2772=DIRECTION('ref_axis',(1.,0.,0.));
#2773=DIRECTION('center_axis',(1.,0.,0.));
#2774=DIRECTION('ref_axis',(0.,-0.995881275887889,-0.0906668866561056));
#2775=DIRECTION('',(1.,0.,0.));
#2776=DIRECTION('center_axis',(0.,-1.,0.));
#2777=DIRECTION('ref_axis',(0.692187118432994,0.,-0.721718084209775));
#2778=DIRECTION('center_axis',(0.,-1.,0.));
#2779=DIRECTION('ref_axis',(-0.123947693485216,0.,-0.992288752974503));
#2780=DIRECTION('',(0.,-1.,0.));
#2781=DIRECTION('',(0.,-1.,0.));
#2782=DIRECTION('center_axis',(0.792319308577254,0.,-0.61010664088802));
#2783=DIRECTION('ref_axis',(0.,1.,0.));
#2784=DIRECTION('center_axis',(1.,0.,-1.63810650305471E-13));
#2785=DIRECTION('ref_axis',(0.,1.,0.));
#2786=DIRECTION('center_axis',(0.,0.,1.));
#2787=DIRECTION('ref_axis',(1.,0.,0.));
#2788=DIRECTION('center_axis',(0.,-1.,0.));
#2789=DIRECTION('ref_axis',(-1.,0.,0.));
#2790=DIRECTION('center_axis',(1.,0.,0.));
#2791=DIRECTION('ref_axis',(0.,0.987685380707918,0.15645315188853));
#2792=DIRECTION('',(-1.,0.,0.));
#2793=DIRECTION('',(1.,0.,0.));
#2794=DIRECTION('center_axis',(1.,0.,0.));
#2795=DIRECTION('ref_axis',(0.,1.,0.));
#2796=DIRECTION('',(-1.,0.,0.));
#2797=DIRECTION('center_axis',(0.792319308577092,0.,0.61010664088823));
#2798=DIRECTION('ref_axis',(0.,1.,0.));
#2799=DIRECTION('center_axis',(0.,0.,1.));
#2800=DIRECTION('ref_axis',(1.,0.,0.));
#2801=DIRECTION('center_axis',(0.,1.,0.));
#2802=DIRECTION('ref_axis',(1.,0.,0.));
#2803=DIRECTION('center_axis',(0.,-1.,0.));
#2804=DIRECTION('ref_axis',(0.501775968517029,0.,-0.864997617001803));
#2805=DIRECTION('center_axis',(0.,1.,0.));
#2806=DIRECTION('ref_axis',(0.977969410085673,0.,-0.208748252535632));
#2807=DIRECTION('center_axis',(0.,-1.,0.));
#2808=DIRECTION('ref_axis',(-0.946750832421837,0.,0.321967174271787));
#2809=DIRECTION('',(1.,0.,0.));
#2810=DIRECTION('center_axis',(0.,-1.,0.));
#2811=DIRECTION('ref_axis',(0.151196228808032,0.,0.988503768528087));
#2812=DIRECTION('center_axis',(0.,1.,0.));
#2813=DIRECTION('ref_axis',(-0.977969410085673,0.,-0.208748252535632));
#2814=DIRECTION('center_axis',(0.,-1.,0.));
#2815=DIRECTION('ref_axis',(-0.501775968517029,0.,-0.864997617001803));
#2816=DIRECTION('center_axis',(0.,-1.,0.));
#2817=DIRECTION('ref_axis',(0.487663561697134,0.,-0.873031643523226));
#2818=DIRECTION('center_axis',(0.,-1.,0.));
#2819=DIRECTION('ref_axis',(0.151196228808032,0.,0.988503768528087));
#2820=DIRECTION('center_axis',(0.,-1.,0.));
#2821=DIRECTION('ref_axis',(-0.946750832421837,0.,0.321967174271787));
#2822=DIRECTION('center_axis',(0.,-1.,0.));
#2823=DIRECTION('ref_axis',(0.775760490847587,0.,-0.631027464410156));
#2824=DIRECTION('center_axis',(0.,-1.,0.));
#2825=DIRECTION('ref_axis',(0.,0.,-1.));
#2826=DIRECTION('center_axis',(-0.864997617001803,0.,0.501775968517029));
#2827=DIRECTION('ref_axis',(-0.501775968517029,0.,-0.864997617001803));
#2828=DIRECTION('center_axis',(0.,-1.,0.));
#2829=DIRECTION('ref_axis',(-0.977969410085673,0.,-0.208748252535632));
#2830=DIRECTION('center_axis',(0.,-1.,0.));
#2831=DIRECTION('ref_axis',(0.487663561697134,0.,-0.873031643523226));
#2832=DIRECTION('',(0.,-1.,0.));
#2833=DIRECTION('',(0.,1.,0.));
#2834=DIRECTION('',(0.,-1.,0.));
#2835=DIRECTION('center_axis',(0.,-1.,0.));
#2836=DIRECTION('ref_axis',(-0.501775968517029,0.,-0.864997617001803));
#2837=DIRECTION('center_axis',(0.,-1.,0.));
#2838=DIRECTION('ref_axis',(0.,0.,-1.));
#2839=DIRECTION('center_axis',(0.864997617001803,0.,0.501775968517029));
#2840=DIRECTION('ref_axis',(0.,-1.,0.));
#2841=DIRECTION('center_axis',(0.,-1.,0.));
#2842=DIRECTION('ref_axis',(0.977969410085673,0.,-0.208748252535632));
#2843=DIRECTION('center_axis',(0.,-1.,0.));
#2844=DIRECTION('ref_axis',(-0.946750832421837,0.,0.321967174271787));
#2845=DIRECTION('center_axis',(0.,-1.,0.));
#2846=DIRECTION('ref_axis',(0.151196228808032,0.,0.988503768528087));
#2847=DIRECTION('center_axis',(0.,-1.,0.));
#2848=DIRECTION('ref_axis',(0.151196228808032,0.,0.988503768528087));
#2849=DIRECTION('center_axis',(0.,-1.,0.));
#2850=DIRECTION('ref_axis',(0.775760490847587,0.,-0.631027464410156));
#2851=DIRECTION('',(0.,-1.,0.));
#2852=DIRECTION('',(0.,-1.,0.));
#2853=DIRECTION('center_axis',(0.,-1.,0.));
#2854=DIRECTION('ref_axis',(-0.946750832421837,0.,0.321967174271787));
#2855=DIRECTION('center_axis',(0.,-1.,0.));
#2856=DIRECTION('ref_axis',(0.81122285531265,0.,0.584737102481441));
#2857=DIRECTION('center_axis',(0.,1.,0.));
#2858=DIRECTION('ref_axis',(0.81122285531265,0.,0.584737102481441));
#2859=DIRECTION('center_axis',(0.,1.,0.));
#2860=DIRECTION('ref_axis',(1.,0.,0.));
#2861=DIRECTION('center_axis',(1.,0.,0.));
#2862=DIRECTION('ref_axis',(0.,-0.995881275887889,-0.0906668866561056));
#2863=DIRECTION('center_axis',(1.,0.,0.));
#2864=DIRECTION('ref_axis',(0.,-0.995881275887889,-0.0906668866561056));
#2865=DIRECTION('center_axis',(0.,1.,0.));
#2866=DIRECTION('ref_axis',(-1.,0.,0.));
#2867=DIRECTION('center_axis',(0.,0.,1.));
#2868=DIRECTION('ref_axis',(1.,0.,0.));
#2869=DIRECTION('center_axis',(0.,1.,0.));
#2870=DIRECTION('ref_axis',(1.,0.,0.));
#2871=DIRECTION('center_axis',(0.,-1.,0.));
#2872=DIRECTION('ref_axis',(1.,0.,0.));
#2873=DIRECTION('center_axis',(0.,1.,0.));
#2874=DIRECTION('ref_axis',(-1.,0.,0.));
#2875=DIRECTION('center_axis',(0.,0.,1.));
#2876=DIRECTION('ref_axis',(1.,0.,0.));
#2877=DIRECTION('center_axis',(0.,1.,0.));
#2878=DIRECTION('ref_axis',(1.,0.,0.));
#2879=DIRECTION('center_axis',(0.,-1.,0.));
#2880=DIRECTION('ref_axis',(1.,0.,0.));
#2881=DIRECTION('center_axis',(0.,-1.,0.));
#2882=DIRECTION('ref_axis',(0.,0.,-1.));
#2883=DIRECTION('center_axis',(0.195939165587623,0.,-0.98061605299364));
#2884=DIRECTION('ref_axis',(0.,-1.,0.));
#2885=DIRECTION('center_axis',(0.,-1.,0.));
#2886=DIRECTION('ref_axis',(-0.864574683069721,0.,-0.502504345647768));
#2887=DIRECTION('center_axis',(-0.875161656944786,0.,0.483830625543336));
#2888=DIRECTION('ref_axis',(-0.483830625543336,0.,-0.875161656944786));
#2889=DIRECTION('center_axis',(0.,1.,0.));
#2890=DIRECTION('ref_axis',(-0.864574683069721,0.,-0.502504345647767));
#2891=DIRECTION('center_axis',(0.,-1.,0.));
#2892=DIRECTION('ref_axis',(0.,0.,-1.));
#2893=DIRECTION('center_axis',(0.,1.,0.));
#2894=DIRECTION('ref_axis',(-0.446277074238148,0.,-0.894894839078558));
#2895=DIRECTION('center_axis',(0.,-1.,0.));
#2896=DIRECTION('ref_axis',(-0.446277074238148,0.,-0.894894839078558));
#2897=DIRECTION('center_axis',(-0.0128009757262919,0.,-0.999918064153486));
#2898=DIRECTION('ref_axis',(0.,-1.,0.));
#2899=DIRECTION('center_axis',(0.,-1.,0.));
#2900=DIRECTION('ref_axis',(0.,0.,-1.));
#2901=DIRECTION('center_axis',(0.,-1.,0.));
#2902=DIRECTION('ref_axis',(0.346526000974456,0.,-0.938040367280988));
#2903=DIRECTION('center_axis',(-0.904609621648277,0.,-0.426241049667159));
#2904=DIRECTION('ref_axis',(0.426241049667159,0.,-0.904609621648277));
#2905=DIRECTION('center_axis',(0.,1.,0.));
#2906=DIRECTION('ref_axis',(0.346526000974456,0.,-0.938040367280988));
#2907=DIRECTION('center_axis',(0.,-1.,0.));
#2908=DIRECTION('ref_axis',(0.,0.,-1.));
#2909=DIRECTION('center_axis',(0.032327837032054,0.,-0.999477318878637));
#2910=DIRECTION('ref_axis',(0.999477318878637,0.,0.032327837032054));
#2911=DIRECTION('center_axis',(0.,1.,0.));
#2912=DIRECTION('ref_axis',(0.853012993436684,0.,-0.521889675150014));
#2913=DIRECTION('center_axis',(0.,-1.,0.));
#2914=DIRECTION('ref_axis',(0.853012993436684,0.,-0.521889675150014));
#2915=DIRECTION('center_axis',(0.,-1.,0.));
#2916=DIRECTION('ref_axis',(0.,0.,-1.));
#2917=DIRECTION('center_axis',(0.766442564709572,0.,-0.642312848230061));
#2918=DIRECTION('ref_axis',(0.642312848230061,0.,0.766442564709572));
#2919=DIRECTION('center_axis',(0.,1.,0.));
#2920=DIRECTION('ref_axis',(0.899221800531972,0.,0.437493032456563));
#2921=DIRECTION('center_axis',(0.,-1.,0.));
#2922=DIRECTION('ref_axis',(0.899221800531972,0.,0.437493032456563));
#2923=DIRECTION('center_axis',(0.,-1.,0.));
#2924=DIRECTION('ref_axis',(0.00651922981667297,0.,0.999978749595509));
#2925=DIRECTION('center_axis',(0.774752008720088,0.,0.632265233097778));
#2926=DIRECTION('ref_axis',(-0.632265233097778,0.,0.774752008720088));
#2927=DIRECTION('center_axis',(0.,1.,0.));
#2928=DIRECTION('ref_axis',(0.0065192298166731,0.,0.999978749595509));
#2929=DIRECTION('center_axis',(0.,-1.,0.));
#2930=DIRECTION('ref_axis',(0.0065192298166731,0.,0.999978749595509));
#2931=DIRECTION('center_axis',(0.,-1.,0.));
#2932=DIRECTION('ref_axis',(0.,0.,-1.));
#2933=DIRECTION('center_axis',(0.0430025471861197,0.,0.999074962620676));
#2934=DIRECTION('ref_axis',(-0.999074962620676,2.62591880606993E-13,0.0430025471861197));
#2935=DIRECTION('center_axis',(0.,1.,0.));
#2936=DIRECTION('ref_axis',(-0.900641295397538,0.,0.434563294612701));
#2937=DIRECTION('center_axis',(0.,-1.,0.));
#2938=DIRECTION('ref_axis',(-0.900641295397538,0.,0.4345632946127));
#2939=DIRECTION('center_axis',(0.,-1.,0.));
#2940=DIRECTION('ref_axis',(0.42624104966716,0.,-0.904609621648276));
#2941=DIRECTION('',(0.,-1.,0.));
#2942=DIRECTION('center_axis',(0.,-1.,0.));
#2943=DIRECTION('ref_axis',(-0.483830625543336,0.,-0.875161656944786));
#2944=DIRECTION('center_axis',(0.,-1.,0.));
#2945=DIRECTION('ref_axis',(-0.999918287055635,0.,0.0127835523906757));
#2946=DIRECTION('',(0.,-1.,0.));
#2947=DIRECTION('center_axis',(0.,-1.,0.));
#2948=DIRECTION('ref_axis',(-0.632265233097781,0.,0.774752008720086));
#2949=DIRECTION('',(0.,-1.,0.));
#2950=DIRECTION('center_axis',(0.,-1.,0.));
#2951=DIRECTION('ref_axis',(0.642312848230062,0.,0.766442564709571));
#2952=DIRECTION('',(0.,-1.,0.));
#2953=DIRECTION('center_axis',(0.,-1.,0.));
#2954=DIRECTION('ref_axis',(0.999477318878637,0.,0.0323278370320551));
#2955=DIRECTION('',(0.,-1.,0.));
#2956=DIRECTION('center_axis',(0.,-1.,0.));
#2957=DIRECTION('ref_axis',(0.42624104966716,0.,-0.904609621648276));
#2958=DIRECTION('center_axis',(0.,-1.,0.));
#2959=DIRECTION('ref_axis',(0.,0.,-1.));
#2960=DIRECTION('center_axis',(-0.0430025471861237,0.,0.999074962620676));
#2961=DIRECTION('ref_axis',(0.,-1.,0.));
#2962=DIRECTION('center_axis',(0.,-1.,0.));
#2963=DIRECTION('ref_axis',(0.900641295397538,0.,0.434563294612701));
#2964=DIRECTION('center_axis',(0.774752008720086,0.,-0.632265233097781));
#2965=DIRECTION('ref_axis',(0.632265233097781,0.,0.774752008720086));
#2966=DIRECTION('center_axis',(0.,1.,0.));
#2967=DIRECTION('ref_axis',(0.900641295397538,0.,0.434563294612701));
#2968=DIRECTION('center_axis',(0.,-1.,0.));
#2969=DIRECTION('ref_axis',(-0.00651922981667349,0.,0.999978749595509));
#2970=DIRECTION('center_axis',(0.766442564709568,0.,0.642312848230066));
#2971=DIRECTION('ref_axis',(-0.642312848230066,0.,0.766442564709568));
#2972=DIRECTION('center_axis',(0.,1.,0.));
#2973=DIRECTION('ref_axis',(-0.00651922981667311,0.,0.999978749595509));
#2974=DIRECTION('center_axis',(0.,-1.,0.));
#2975=DIRECTION('ref_axis',(-0.00651922981667311,0.,0.999978749595509));
#2976=DIRECTION('center_axis',(0.,-1.,0.));
#2977=DIRECTION('ref_axis',(0.,0.,-1.));
#2978=DIRECTION('center_axis',(0.032327837032054,0.,0.999477318878637));
#2979=DIRECTION('ref_axis',(-0.999477318878637,0.,0.032327837032054));
#2980=DIRECTION('center_axis',(0.,1.,0.));
#2981=DIRECTION('ref_axis',(-0.899221800531972,0.,0.437493032456563));
#2982=DIRECTION('center_axis',(0.,-1.,0.));
#2983=DIRECTION('ref_axis',(-0.899221800531972,0.,0.437493032456563));
#2984=DIRECTION('center_axis',(0.,-1.,0.));
#2985=DIRECTION('ref_axis',(0.,0.,-1.));
#2986=DIRECTION('center_axis',(-0.904609621648275,0.,0.426241049667163));
#2987=DIRECTION('ref_axis',(-0.426241049667163,0.,-0.904609621648275));
#2988=DIRECTION('center_axis',(0.,1.,0.));
#2989=DIRECTION('ref_axis',(-0.853012993436684,0.,-0.521889675150014));
#2990=DIRECTION('center_axis',(0.,-1.,0.));
#2991=DIRECTION('ref_axis',(-0.853012993436684,0.,-0.521889675150014));
#2992=DIRECTION('center_axis',(0.,-1.,0.));
#2993=DIRECTION('ref_axis',(0.,0.,-1.));
#2994=DIRECTION('center_axis',(0.,1.,0.));
#2995=DIRECTION('ref_axis',(-0.346526000974452,0.,-0.93804036728099));
#2996=DIRECTION('center_axis',(0.,-1.,0.));
#2997=DIRECTION('ref_axis',(-0.346526000974452,0.,-0.93804036728099));
#2998=DIRECTION('center_axis',(-0.0128009757262842,0.,0.999918064153486));
#2999=DIRECTION('ref_axis',(0.,-1.,0.));
#3000=DIRECTION('center_axis',(0.,-1.,0.));
#3001=DIRECTION('ref_axis',(0.,0.,-1.));
#3002=DIRECTION('center_axis',(-0.875161656944786,0.,-0.483830625543337));
#3003=DIRECTION('ref_axis',(0.483830625543337,0.,-0.875161656944786));
#3004=DIRECTION('center_axis',(0.,1.,0.));
#3005=DIRECTION('ref_axis',(0.446277074238148,0.,-0.894894839078558));
#3006=DIRECTION('center_axis',(0.,-1.,0.));
#3007=DIRECTION('ref_axis',(0.446277074238148,0.,-0.894894839078558));
#3008=DIRECTION('center_axis',(0.,-1.,0.));
#3009=DIRECTION('ref_axis',(0.,0.,-1.));
#3010=DIRECTION('center_axis',(-0.195939165587626,0.,-0.98061605299364));
#3011=DIRECTION('ref_axis',(0.98061605299364,3.07695897746547E-11,-0.195939165587626));
#3012=DIRECTION('center_axis',(0.,1.,0.));
#3013=DIRECTION('ref_axis',(0.864574683069721,0.,-0.502504345647768));
#3014=DIRECTION('center_axis',(0.,-1.,0.));
#3015=DIRECTION('ref_axis',(0.864574683069721,0.,-0.502504345647768));
#3016=DIRECTION('center_axis',(0.,-1.,0.));
#3017=DIRECTION('ref_axis',(0.483830625543339,0.,-0.875161656944785));
#3018=DIRECTION('',(0.,-1.,0.));
#3019=DIRECTION('center_axis',(0.,-1.,0.));
#3020=DIRECTION('ref_axis',(-0.426241049667162,0.,-0.904609621648276));
#3021=DIRECTION('',(0.,-1.,0.));
#3022=DIRECTION('center_axis',(0.,-1.,0.));
#3023=DIRECTION('ref_axis',(-0.999477318878637,0.,0.0323278370320552));
#3024=DIRECTION('',(0.,-1.,0.));
#3025=DIRECTION('center_axis',(0.,-1.,0.));
#3026=DIRECTION('ref_axis',(-0.642312848230065,0.,0.766442564709569));
#3027=DIRECTION('',(0.,-1.,0.));
#3028=DIRECTION('center_axis',(0.,-1.,0.));
#3029=DIRECTION('ref_axis',(0.632265233097781,0.,0.774752008720086));
#3030=DIRECTION('center_axis',(0.,-1.,0.));
#3031=DIRECTION('ref_axis',(0.999918287055635,0.,0.01278355239068));
#3032=DIRECTION('',(0.,-1.,0.));
#3033=DIRECTION('center_axis',(0.,-1.,0.));
#3034=DIRECTION('ref_axis',(0.483830625543339,0.,-0.875161656944785));
#3035=DIRECTION('center_axis',(0.,1.,0.));
#3036=DIRECTION('ref_axis',(1.,0.,0.));
#3037=DIRECTION('',(-1.,0.,0.));
#3038=DIRECTION('center_axis',(1.,0.,0.));
#3039=DIRECTION('ref_axis',(0.,-0.640999660411359,0.767541161992321));
#3040=DIRECTION('',(-1.,0.,0.));
#3041=DIRECTION('center_axis',(1.,0.,0.));
#3042=DIRECTION('ref_axis',(0.,-0.640999660411359,0.767541161992321));
#3043=DIRECTION('',(1.,0.,0.));
#3044=DIRECTION('',(-1.,0.,0.));
#3045=DIRECTION('center_axis',(1.,0.,0.));
#3046=DIRECTION('ref_axis',(0.,-0.72845292608626,0.685095857874185));
#3047=DIRECTION('center_axis',(0.,1.,0.));
#3048=DIRECTION('ref_axis',(1.,0.,0.));
#3049=DIRECTION('center_axis',(1.,0.,0.));
#3050=DIRECTION('ref_axis',(0.,-0.640999660411359,0.767541161992321));
#3051=DIRECTION('',(-1.,0.,0.));
#3052=DIRECTION('center_axis',(-6.06619691750164E-15,-1.,1.33384552552947E-15));
#3053=DIRECTION('ref_axis',(-0.548170123146925,4.44089209850061E-15,0.836366854968013));
#3054=DIRECTION('center_axis',(1.81339103022373E-14,-1.,4.03501629128498E-15));
#3055=DIRECTION('ref_axis',(0.85139592998643,1.33226762955019E-14,-0.524523565154648));
#3056=DIRECTION('center_axis',(0.,-1.,0.));
#3057=DIRECTION('ref_axis',(0.,0.,-1.));
#3058=DIRECTION('center_axis',(-0.721718084209775,0.,-0.692187118432994));
#3059=DIRECTION('ref_axis',(0.692187118432995,0.,-0.721718084209775));
#3060=DIRECTION('center_axis',(0.,1.,0.));
#3061=DIRECTION('ref_axis',(-0.123947693485216,0.,-0.992288752974503));
#3062=DIRECTION('center_axis',(0.,-1.,0.));
#3063=DIRECTION('ref_axis',(0.,0.,-1.));
#3064=DIRECTION('center_axis',(0.,1.,0.));
#3065=DIRECTION('ref_axis',(0.778063992502101,0.,-0.628185023358318));
#3066=DIRECTION('center_axis',(0.,-1.,0.));
#3067=DIRECTION('ref_axis',(0.778063992502101,0.,-0.628185023358318));
#3068=DIRECTION('center_axis',(0.,-1.,0.));
#3069=DIRECTION('ref_axis',(0.000287801251552879,0.,0.999999958585219));
#3070=DIRECTION('center_axis',(0.,1.,0.));
#3071=DIRECTION('ref_axis',(0.000287801251552486,0.,0.999999958585219));
#3072=DIRECTION('center_axis',(0.,-1.,0.));
#3073=DIRECTION('ref_axis',(0.000287801251552486,0.,0.999999958585219));
#3074=DIRECTION('center_axis',(0.,-1.,0.));
#3075=DIRECTION('ref_axis',(-0.848449894565446,0.,-0.529275709259251));
#3076=DIRECTION('',(0.,-1.,0.));
#3077=DIRECTION('center_axis',(0.,-1.,0.));
#3078=DIRECTION('ref_axis',(-0.548170123146927,0.,0.836366854968012));
#3079=DIRECTION('',(0.,-1.,0.));
#3080=DIRECTION('center_axis',(0.,-1.,0.));
#3081=DIRECTION('ref_axis',(0.548651447172842,0.,0.83605118833427));
#3082=DIRECTION('',(0.,-1.,0.));
#3083=DIRECTION('center_axis',(0.,1.,0.));
#3084=DIRECTION('ref_axis',(1.,0.,0.));
#3085=DIRECTION('center_axis',(0.,-1.,0.));
#3086=DIRECTION('ref_axis',(0.85139592998643,0.,-0.524523565154647));
#3087=DIRECTION('center_axis',(0.,0.,-1.));
#3088=DIRECTION('ref_axis',(-1.,0.,0.));
#3089=DIRECTION('',(-1.,0.,0.));
#3090=DIRECTION('',(1.,0.,0.));
#3091=DIRECTION('',(-1.,0.,0.));
#3092=DIRECTION('center_axis',(0.,0.,1.));
#3093=DIRECTION('ref_axis',(1.,0.,0.));
#3094=DIRECTION('center_axis',(1.,0.,0.));
#3095=DIRECTION('ref_axis',(0.,0.251174085617774,0.967941929412129));
#3096=DIRECTION('center_axis',(1.,0.,0.));
#3097=DIRECTION('ref_axis',(0.,0.251174085617774,0.967941929412129));
#3098=DIRECTION('center_axis',(1.,0.,0.));
#3099=DIRECTION('ref_axis',(0.,-0.356931934791712,0.934130394498458));
#3100=DIRECTION('center_axis',(1.,0.,0.));
#3101=DIRECTION('ref_axis',(0.,0.822639404322602,-0.56856346211813));
#3102=DIRECTION('center_axis',(0.,0.,1.));
#3103=DIRECTION('ref_axis',(-1.,0.,0.));
#3104=DIRECTION('center_axis',(0.,1.,0.));
#3105=DIRECTION('ref_axis',(-0.561394730553142,0.,-0.8275481596301));
#3106=DIRECTION('',(0.,-1.,0.));
#3107=DIRECTION('center_axis',(0.,1.,0.));
#3108=DIRECTION('ref_axis',(-0.92757465340151,0.,-0.373637875980297));
#3109=DIRECTION('',(0.,1.,0.));
#3110=DIRECTION('center_axis',(0.,1.,0.));
#3111=DIRECTION('ref_axis',(-0.561394730553142,0.,-0.8275481596301));
#3112=DIRECTION('center_axis',(0.,1.,0.));
#3113=DIRECTION('ref_axis',(0.983100977282631,0.,0.183064110261779));
#3114=DIRECTION('',(0.,-1.,0.));
#3115=DIRECTION('center_axis',(0.,1.,0.));
#3116=DIRECTION('ref_axis',(0.822633487206095,0.,0.568572023341933));
#3117=DIRECTION('',(0.,1.,0.));
#3118=DIRECTION('center_axis',(0.,1.,0.));
#3119=DIRECTION('ref_axis',(0.902905273280854,0.,0.429839583428081));
#3120=DIRECTION('center_axis',(3.29497633924231E-15,1.,-7.33992094165029E-15));
#3121=DIRECTION('ref_axis',(-0.824579042735489,6.86950496486813E-15,0.565746765153301));
#3122=DIRECTION('center_axis',(0.565746765153305,0.,0.824579042735487));
#3123=DIRECTION('ref_axis',(-0.583065432742574,0.707106781186547,0.400043374074256));
#3124=DIRECTION('',(-0.565746765153305,0.,-0.824579042735486));
#3125=DIRECTION('',(0.565746765153305,0.,0.824579042735486));
#3126=DIRECTION('center_axis',(0.,1.,0.));
#3127=DIRECTION('ref_axis',(0.,0.,1.));
#3128=DIRECTION('center_axis',(0.,1.,0.));
#3129=DIRECTION('ref_axis',(0.999984641156729,0.,0.00554233259996232));
#3130=DIRECTION('center_axis',(0.,-1.,0.));
#3131=DIRECTION('ref_axis',(0.999984641156729,0.,0.00554233259996232));
#3132=DIRECTION('center_axis',(0.,1.,0.));
#3133=DIRECTION('ref_axis',(1.,0.,0.));
#3134=DIRECTION('center_axis',(-1.55740506369249E-14,1.,-3.56822176639726E-14));
#3135=DIRECTION('ref_axis',(-0.915790808802078,6.93889390390724E-17,0.40165556701437));
#3136=DIRECTION('center_axis',(0.,1.,0.));
#3137=DIRECTION('ref_axis',(0.,0.,1.));
#3138=DIRECTION('center_axis',(0.,-1.,0.));
#3139=DIRECTION('ref_axis',(-0.999858812163597,0.,0.0168034442541058));
#3140=DIRECTION('center_axis',(0.,1.,0.));
#3141=DIRECTION('ref_axis',(-0.999858812163597,0.,0.0168034442541058));
#3142=DIRECTION('center_axis',(0.565746765153305,0.,-0.824579042735487));
#3143=DIRECTION('ref_axis',(0.583065432742573,0.707106781186548,0.400043374074256));
#3144=DIRECTION('',(0.565746765153305,0.,-0.824579042735486));
#3145=DIRECTION('',(-0.565746765153305,0.,0.824579042735486));
#3146=DIRECTION('center_axis',(0.,1.,0.));
#3147=DIRECTION('ref_axis',(1.,0.,0.));
#3148=DIRECTION('center_axis',(-2.10020474169521E-15,-1.,4.78855107958234E-15));
#3149=DIRECTION('ref_axis',(0.91579080880207,0.,0.401655567014388));
#3150=DIRECTION('center_axis',(0.,-1.,0.));
#3151=DIRECTION('ref_axis',(0.0938689346584369,0.,0.995584563513361));
#3152=DIRECTION('',(0.,-1.,0.));
#3153=DIRECTION('',(0.,1.,0.));
#3154=DIRECTION('center_axis',(-1.7587200444081E-15,1.,1.01922738662823E-14));
#3155=DIRECTION('ref_axis',(-0.824579042735486,-7.21644966006355E-15,0.565746765153306));
#3156=DIRECTION('center_axis',(0.,-1.,0.));
#3157=DIRECTION('ref_axis',(0.187272917008727,0.,0.982307922473927));
#3158=DIRECTION('center_axis',(0.,-1.,0.));
#3159=DIRECTION('ref_axis',(0.187272917008727,0.,0.982307922473927));
#3160=DIRECTION('',(0.,-1.,0.));
#3161=DIRECTION('',(0.,1.,0.));
#3162=DIRECTION('center_axis',(0.,1.,0.));
#3163=DIRECTION('ref_axis',(1.,0.,0.));
#3164=DIRECTION('',(-0.565746765153304,0.,-0.824579042735487));
#3165=DIRECTION('',(0.717108299993421,0.,-0.696961753671279));
#3166=DIRECTION('center_axis',(0.,1.,0.));
#3167=DIRECTION('ref_axis',(0.964389593867974,0.,0.264485748650405));
#3168=DIRECTION('center_axis',(0.824579042735487,0.,-0.565746765153304));
#3169=DIRECTION('ref_axis',(0.565746765153304,0.,0.824579042735487));
#3170=DIRECTION('',(0.565746765153304,0.,0.824579042735487));
#3171=DIRECTION('',(0.,-1.,0.));
#3172=DIRECTION('center_axis',(0.,-1.,0.));
#3173=DIRECTION('ref_axis',(0.902773337549823,0.,0.430116613268023));
#3174=DIRECTION('center_axis',(0.,-1.,0.));
#3175=DIRECTION('ref_axis',(0.999841096953179,0.,0.0178264085969166));
#3176=DIRECTION('center_axis',(0.,-1.,0.));
#3177=DIRECTION('ref_axis',(0.,0.,-1.));
#3178=DIRECTION('center_axis',(0.,-1.,0.));
#3179=DIRECTION('ref_axis',(0.,0.,1.));
#3180=DIRECTION('center_axis',(0.565746765153304,0.,0.824579042735487));
#3181=DIRECTION('ref_axis',(0.583065432742573,-0.707106781186547,-0.400043374074258));
#3182=DIRECTION('',(0.565746765153304,0.,0.824579042735487));
#3183=DIRECTION('center_axis',(-0.696961753671279,0.,-0.717108299993421));
#3184=DIRECTION('ref_axis',(0.717108299993421,6.38314802112131E-16,-0.696961753671279));
#3185=DIRECTION('center_axis',(-0.565746765153305,0.,-0.824579042735487));
#3186=DIRECTION('ref_axis',(-0.583065432742577,-0.707106781186546,0.400043374074253));
#3187=DIRECTION('',(-0.565746765153305,0.,-0.824579042735486));
#3188=DIRECTION('center_axis',(-2.62525592711906E-15,-1.,-5.98568884947795E-15));
#3189=DIRECTION('ref_axis',(0.82457904273548,-5.55111512312589E-15,0.565746765153314));
#3190=DIRECTION('center_axis',(0.,1.,0.));
#3191=DIRECTION('ref_axis',(-0.0938689346584335,0.,0.995584563513362));
#3192=DIRECTION('',(0.,-1.,0.));
#3193=DIRECTION('',(0.,1.,0.));
#3194=DIRECTION('center_axis',(2.69034806129628E-15,1.,1.17780250430358E-14));
#3195=DIRECTION('ref_axis',(-0.974890356148587,0.,0.222685413730854));
#3196=DIRECTION('center_axis',(0.,-1.,0.));
#3197=DIRECTION('ref_axis',(-0.187272917008706,0.,0.982307922473931));
#3198=DIRECTION('center_axis',(0.,-1.,0.));
#3199=DIRECTION('ref_axis',(-0.187272917008706,0.,0.982307922473931));
#3200=DIRECTION('',(0.,-1.,0.));
#3201=DIRECTION('',(0.,1.,0.));
#3202=DIRECTION('center_axis',(0.,1.,0.));
#3203=DIRECTION('ref_axis',(1.,0.,0.));
#3204=DIRECTION('center_axis',(0.,1.,0.));
#3205=DIRECTION('ref_axis',(-0.952350849763584,0.,-0.305004686774778));
#3206=DIRECTION('',(-0.717108299993421,0.,-0.696961753671279));
#3207=DIRECTION('',(-0.717108299993421,0.,-0.696961753671279));
#3208=DIRECTION('',(0.565746765153304,0.,-0.824579042735487));
#3209=DIRECTION('center_axis',(0.,-1.,0.));
#3210=DIRECTION('ref_axis',(-0.952350849763584,0.,-0.305004686774778));
#3211=DIRECTION('center_axis',(0.,1.,0.));
#3212=DIRECTION('ref_axis',(-0.999776635590878,0.,-0.0211347800221442));
#3213=DIRECTION('',(0.,-1.,0.));
#3214=DIRECTION('center_axis',(0.824579042735487,0.,0.565746765153305));
#3215=DIRECTION('ref_axis',(-0.565746765153305,0.,0.824579042735486));
#3216=DIRECTION('',(-0.565746765153305,0.,0.824579042735486));
#3217=DIRECTION('center_axis',(-0.565746765153305,0.,0.824579042735487));
#3218=DIRECTION('ref_axis',(0.583065432742573,-0.707106781186549,0.400043374074255));
#3219=DIRECTION('',(0.565746765153304,0.,-0.824579042735487));
#3220=DIRECTION('center_axis',(0.,1.,0.));
#3221=DIRECTION('ref_axis',(0.,0.,1.));
#3222=DIRECTION('center_axis',(0.,-1.,0.));
#3223=DIRECTION('ref_axis',(0.,0.,1.));
#3224=DIRECTION('center_axis',(0.,-1.,0.));
#3225=DIRECTION('ref_axis',(0.,0.,-1.));
#3226=DIRECTION('center_axis',(0.,-1.,0.));
#3227=DIRECTION('ref_axis',(-0.999576904624496,0.,0.0290862809811096));
#3228=DIRECTION('center_axis',(-0.824579042735487,0.,0.565746765153305));
#3229=DIRECTION('ref_axis',(-0.565746765153305,0.,-0.824579042735486));
#3230=DIRECTION('center_axis',(0.,-1.,0.));
#3231=DIRECTION('ref_axis',(-0.901577051076716,0.,-0.43261856290711));
#3232=DIRECTION('center_axis',(0.,1.,0.));
#3233=DIRECTION('ref_axis',(0.,0.,1.));
#3234=DIRECTION('center_axis',(0.,1.,0.));
#3235=DIRECTION('ref_axis',(0.999776635590878,0.,-0.0211347800221442));
#3236=DIRECTION('center_axis',(0.,-1.,0.));
#3237=DIRECTION('ref_axis',(0.964389593867974,0.,0.264485748650405));
#3238=DIRECTION('',(0.,-1.,0.));
#3239=DIRECTION('center_axis',(0.696698739839473,0.236879317683027,0.677125582709821));
#3240=DIRECTION('ref_axis',(-0.696961753671283,-2.22044604925032E-15,0.717108299993418));
#3241=DIRECTION('center_axis',(-0.696961753671279,0.,0.717108299993421));
#3242=DIRECTION('ref_axis',(-0.717108299993421,0.,-0.696961753671279));
#3243=DIRECTION('center_axis',(0.696961753671279,0.,-0.717108299993421));
#3244=DIRECTION('ref_axis',(-0.717108299993421,3.92107664154595E-15,-0.696961753671279));
#3245=DIRECTION('',(0.,-1.,0.));
#3246=DIRECTION('center_axis',(0.565746765153304,0.,-0.824579042735487));
#3247=DIRECTION('ref_axis',(-0.583065432742577,-0.707106781186548,-0.40004337407425));
#3248=DIRECTION('',(0.565746765153304,0.,-0.824579042735487));
#3249=DIRECTION('center_axis',(-0.824579042735487,0.,-0.565746765153304));
#3250=DIRECTION('ref_axis',(0.565746765153304,0.,-0.824579042735487));
#3251=DIRECTION('center_axis',(0.696961753671279,0.,0.717108299993421));
#3252=DIRECTION('ref_axis',(-0.717108299993421,0.,0.696961753671279));
#3253=DIRECTION('center_axis',(-0.696961753671279,0.,0.717108299993421));
#3254=DIRECTION('ref_axis',(-0.717108299993421,0.,-0.696961753671279));
#3255=DIRECTION('center_axis',(0.,0.,-1.));
#3256=DIRECTION('ref_axis',(-1.,0.,0.));
#3257=DIRECTION('center_axis',(0.,0.,-1.));
#3258=DIRECTION('ref_axis',(1.,0.,0.));
#3259=DIRECTION('center_axis',(1.,0.,0.));
#3260=DIRECTION('ref_axis',(0.,0.500175635672342,-0.865923976732235));
#3261=CARTESIAN_POINT('',(0.,0.,0.));
#3262=CARTESIAN_POINT('Ctrl Pts',(-11.842125005215,-30.,20.1557325076541));
#3263=CARTESIAN_POINT('Ctrl Pts',(-8.01051539892774,-30.,3.19765760843522));
#3264=CARTESIAN_POINT('Ctrl Pts',(-0.147108354932624,-30.,3.10405294926256));
#3265=CARTESIAN_POINT('Ctrl Pts',(7.71629868906249,-30.,3.01044829008991));
#3266=CARTESIAN_POINT('Ctrl Pts',(11.6552429213464,-30.,19.8760238388907));
#3267=CARTESIAN_POINT('Ctrl Pts',(-11.842125005215,-54.8957256234016,20.1557325076541));
#3268=CARTESIAN_POINT('Ctrl Pts',(-8.01051539892774,-54.8957256234016,3.19765760843522));
#3269=CARTESIAN_POINT('Ctrl Pts',(-0.147108354932624,-54.8957256234016,
3.10405294926256));
#3270=CARTESIAN_POINT('Ctrl Pts',(7.71629868906249,-54.8957256234016,3.01044829008991));
#3271=CARTESIAN_POINT('Ctrl Pts',(11.6552429213464,-54.8957256234016,19.8760238388907));
#3272=CARTESIAN_POINT('',(11.6552429213464,-54.7605139113878,19.8760238388907));
#3273=CARTESIAN_POINT('',(11.0369638990998,-53.4563869822085,17.4706521208598));
#3274=CARTESIAN_POINT('Ctrl Pts',(11.6552856675747,-54.7604724179947,19.8760459645605));
#3275=CARTESIAN_POINT('Ctrl Pts',(11.5460795657183,-54.5202393737906,19.408015469909));
#3276=CARTESIAN_POINT('Ctrl Pts',(11.4318717013122,-54.2742420288269,18.9440058405422));
#3277=CARTESIAN_POINT('Ctrl Pts',(11.312399304412,-54.0228958071283,18.4844023165704));
#3278=CARTESIAN_POINT('Ctrl Pts',(11.2239572481082,-53.83683126613,18.1441707501238));
#3279=CARTESIAN_POINT('Ctrl Pts',(11.1326305244468,-53.6478359264316,17.8063544688012));
#3280=CARTESIAN_POINT('Ctrl Pts',(11.0383244065406,-53.456086870986,17.4711212222855));
#3281=CARTESIAN_POINT('',(11.6552429213464,-30.,19.8760238388907));
#3282=CARTESIAN_POINT('',(11.6552429213464,-30.,19.8760238388907));
#3283=CARTESIAN_POINT('',(10.0061491357904,-30.,14.252165533245));
#3284=CARTESIAN_POINT('Origin',(-0.0410263732393013,-30.,36.5329658868461));
#3285=CARTESIAN_POINT('',(6.25437521197733,-31.0000937294629,7.00000151991844));
#3286=CARTESIAN_POINT('Ctrl Pts',(6.25437521197732,-31.0000937294629,7.00000151991844));
#3287=CARTESIAN_POINT('Ctrl Pts',(6.84552350700049,-30.8808275338422,7.7743003782789));
#3288=CARTESIAN_POINT('Ctrl Pts',(7.3658837337973,-30.758309237889,8.59596245648176));
#3289=CARTESIAN_POINT('Ctrl Pts',(8.6657105871115,-30.4271998717236,10.8992632692388));
#3290=CARTESIAN_POINT('Ctrl Pts',(9.38471228484442,-30.2072729936347,12.5385310439615));
#3291=CARTESIAN_POINT('Ctrl Pts',(10.0061491357904,-30.,14.252165533245));
#3292=CARTESIAN_POINT('',(6.25437521197732,-30.,7.00000151991844));
#3293=CARTESIAN_POINT('',(6.25437521197732,-30.,7.00000151991844));
#3294=CARTESIAN_POINT('',(-6.40896613750803,-30.,7.00000151991844));
#3295=CARTESIAN_POINT('Origin',(-0.0410263732393013,-30.,36.5329658868461));
#3296=CARTESIAN_POINT('',(-6.40896613750804,-30.9685029275868,7.00000151991844));
#3297=CARTESIAN_POINT('',(-6.40896613750803,-30.,7.00000151991844));
#3298=CARTESIAN_POINT('',(-10.0061491357904,-30.,13.8781671374056));
#3299=CARTESIAN_POINT('Ctrl Pts',(-10.0061491357904,-30.,13.8781671374056));
#3300=CARTESIAN_POINT('Ctrl Pts',(-9.40418801906931,-30.2007770902619,12.2570638489968));
#3301=CARTESIAN_POINT('Ctrl Pts',(-8.71173902568563,-30.4129787041066,10.7053993849406));
#3302=CARTESIAN_POINT('Ctrl Pts',(-7.46696590887178,-30.7336619755199,8.51792223613933));
#3303=CARTESIAN_POINT('Ctrl Pts',(-6.97081916538735,-30.8522268183298,7.7383040345151));
#3304=CARTESIAN_POINT('Ctrl Pts',(-6.40896613750803,-30.9685029275868,7.00000151991844));
#3305=CARTESIAN_POINT('',(-11.842125005215,-30.,20.1557325076541));
#3306=CARTESIAN_POINT('Origin',(-0.0410263732393013,-30.,36.5329658868461));
#3307=CARTESIAN_POINT('',(-11.842125005215,-54.8957256234016,20.1557325076541));
#3308=CARTESIAN_POINT('',(-11.842125005215,-30.,20.1557325076541));
#3309=CARTESIAN_POINT('',(-10.996177979903,-53.1135110814842,16.8773333121902));
#3310=CARTESIAN_POINT('Ctrl Pts',(-10.9977657119933,-53.1126940343002,16.8773400842942));
#3311=CARTESIAN_POINT('Ctrl Pts',(-11.1243862801802,-53.3658429397312,17.310618543525));
#3312=CARTESIAN_POINT('Ctrl Pts',(-11.2458150256697,-53.6144864712922,17.7483982719366));
#3313=CARTESIAN_POINT('Ctrl Pts',(-11.3622500354502,-53.8582211052348,18.1902833529822));
#3314=CARTESIAN_POINT('Ctrl Pts',(-11.4850550475388,-54.1152901321897,18.6563433706858));
#3315=CARTESIAN_POINT('Ctrl Pts',(-11.6023057245493,-54.3668985119823,19.1269697386749));
#3316=CARTESIAN_POINT('Ctrl Pts',(-11.7142737432791,-54.6125995122117,19.6017313489468));
#3317=CARTESIAN_POINT('Ctrl Pts',(-11.7576824509118,-54.7078549521578,19.7857909417598));
#3318=CARTESIAN_POINT('Ctrl Pts',(-11.8002975009686,-54.8022227672678,19.9704724514544));
#3319=CARTESIAN_POINT('Ctrl Pts',(-11.8421358000932,-54.8956779035152,20.155752217563));
#3320=CARTESIAN_POINT('Ctrl Pts',(11.036963899213,-53.456386982185,17.4706521208413));
#3321=CARTESIAN_POINT('Ctrl Pts',(10.8080640750866,-52.9920157388843,16.658474328071));
#3322=CARTESIAN_POINT('Ctrl Pts',(10.562248374334,-52.5166506467378,15.8627442276926));
#3323=CARTESIAN_POINT('Ctrl Pts',(9.57340188029037,-50.7027434319647,12.9486190537797));
#3324=CARTESIAN_POINT('Ctrl Pts',(8.72011791566495,-49.3088086610643,10.9560396484743));
#3325=CARTESIAN_POINT('Ctrl Pts',(7.16221989096775,-47.2425564494417,8.25882959523719));
#3326=CARTESIAN_POINT('Ctrl Pts',(6.53135754911206,-46.4744483247629,7.30356818069411));
#3327=CARTESIAN_POINT('Ctrl Pts',(5.0612703309752,-44.9952119009245,5.55084121422497));
#3328=CARTESIAN_POINT('Ctrl Pts',(4.22439714713117,-44.2835355836461,4.75186686037758));
#3329=CARTESIAN_POINT('Ctrl Pts',(2.82180811993196,-43.4697345864492,3.8638342688346));
#3330=CARTESIAN_POINT('Ctrl Pts',(2.28783348686299,-43.2141435303958,3.59001994823237));
#3331=CARTESIAN_POINT('Ctrl Pts',(1.134100736627,-42.8544358726841,3.20819830383063));
#3332=CARTESIAN_POINT('Ctrl Pts',(0.511919520724075,-42.754426795214,3.10366591411563));
#3333=CARTESIAN_POINT('Ctrl Pts',(-0.08208050713661,-42.754426795214,3.10366591411563));
#3334=CARTESIAN_POINT('Ctrl Pts',(-0.67596841714783,-42.754426795214,3.10366591411563));
#3335=CARTESIAN_POINT('Ctrl Pts',(-1.29803382824172,-42.8544194290498,3.20818025331819));
#3336=CARTESIAN_POINT('Ctrl Pts',(-2.45127979714002,-43.2143187138133,3.59020649773996));
#3337=CARTESIAN_POINT('Ctrl Pts',(-2.9848892621706,-43.4701115978879,3.86423875097145));
#3338=CARTESIAN_POINT('Ctrl Pts',(-4.38552819185224,-44.2842975071482,4.75271291544699));
#3339=CARTESIAN_POINT('Ctrl Pts',(-5.22036570130439,-44.9960571696408,5.55181003522751));
#3340=CARTESIAN_POINT('Ctrl Pts',(-6.68600689482449,-46.4753683246658,7.30469104138482));
#3341=CARTESIAN_POINT('Ctrl Pts',(-7.3144492477986,-47.2434690864798,8.25998460512211));
#3342=CARTESIAN_POINT('Ctrl Pts',(-8.86591109104591,-49.3101518970497,10.9578650120346));
#3343=CARTESIAN_POINT('Ctrl Pts',(-9.71430563255446,-50.7042974055985,12.9509193898793));
#3344=CARTESIAN_POINT('Ctrl Pts',(-10.6316061923351,-52.3994263583509,15.6744719290823));
#3345=CARTESIAN_POINT('Ctrl Pts',(-10.8187626689181,-52.7593977298629,16.2710391564994));
#3346=CARTESIAN_POINT('Ctrl Pts',(-10.9961779805486,-53.1135110813456,16.8773333120822));
#3347=CARTESIAN_POINT('Origin',(-0.0934410419343301,-30.,12.8070888701734));
#3348=CARTESIAN_POINT('',(-10.0061491357904,-30.,20.0102997536285));
#3349=CARTESIAN_POINT('',(-10.0061491357904,-30.,102.000001519918));
#3350=CARTESIAN_POINT('Origin',(-9.36439584484499,-30.,39.7735409511472));
#3351=CARTESIAN_POINT('Origin',(-0.0934410419343301,-30.,12.8070888701734));
#3352=CARTESIAN_POINT('',(-0.0467205209671651,-30.,7.00000151991844));
#3353=CARTESIAN_POINT('Origin',(-0.0934410419343301,-30.,12.8070888701734));
#3354=CARTESIAN_POINT('',(10.0061491357904,-30.,19.8149032079042));
#3355=CARTESIAN_POINT('',(10.0061491357904,-30.,102.000001519918));
#3356=CARTESIAN_POINT('Origin',(10.116569479016,-30.,39.1132890670707));
#3357=CARTESIAN_POINT('Origin',(10.116569479016,-30.,39.1132890670707));
#3358=CARTESIAN_POINT('',(11.1314425991317,-54.7551926381678,19.8412906763603));
#3359=CARTESIAN_POINT('Ctrl Pts',(11.1314948182095,-54.7551745586495,19.8413008860149));
#3360=CARTESIAN_POINT('Ctrl Pts',(11.3062021547731,-54.7600004430786,19.8505006181137));
#3361=CARTESIAN_POINT('Ctrl Pts',(11.480837537756,-54.7617599399328,19.8620864392456));
#3362=CARTESIAN_POINT('Ctrl Pts',(11.6552856675747,-54.7604724179947,19.8760459645605));
#3363=CARTESIAN_POINT('',(0.278496633557959,-56.0874606076852,22.5105118262312));
#3364=CARTESIAN_POINT('Ctrl Pts',(0.278496633557964,-56.0874606076852,22.5105118262312));
#3365=CARTESIAN_POINT('Ctrl Pts',(1.06439833642529,-55.8665867032742,22.0448211715882));
#3366=CARTESIAN_POINT('Ctrl Pts',(1.89228750585305,-55.6639762770952,21.6301717037398));
#3367=CARTESIAN_POINT('Ctrl Pts',(3.92246245170599,-55.2470895308955,20.7915503915205));
#3368=CARTESIAN_POINT('Ctrl Pts',(5.15237415782407,-55.0565539359185,20.420997244567));
#3369=CARTESIAN_POINT('Ctrl Pts',(7.63869364344201,-54.8034881494913,19.9324355939492));
#3370=CARTESIAN_POINT('Ctrl Pts',(8.89515560447098,-54.7411810378849,19.8145873122511));
#3371=CARTESIAN_POINT('Ctrl Pts',(10.116569479016,-54.7411810378849,19.8145873122511));
#3372=CARTESIAN_POINT('Ctrl Pts',(10.4525386041391,-54.7411810378849,19.8145873122511));
#3373=CARTESIAN_POINT('Ctrl Pts',(10.7911693140964,-54.7457949634548,19.823371714171));
#3374=CARTESIAN_POINT('Ctrl Pts',(11.1314425991317,-54.7551926381678,19.8412906763603));
#3375=CARTESIAN_POINT('',(0.278496633557986,-31.6234953816427,22.5105118262312));
#3376=CARTESIAN_POINT('',(0.278496633557986,-30.,22.5105118262312));
#3377=CARTESIAN_POINT('Ctrl Pts',(10.0061491357904,-30.,19.8149032079042));
#3378=CARTESIAN_POINT('Ctrl Pts',(9.5782748142974,-30.1427124757411,19.8173513934561));
#3379=CARTESIAN_POINT('Ctrl Pts',(9.14618521040494,-30.2766187613075,19.8340998426693));
#3380=CARTESIAN_POINT('Ctrl Pts',(7.77313295594812,-30.6701280696662,19.9342455263919));
#3381=CARTESIAN_POINT('Ctrl Pts',(6.82591174374417,-30.8936051662598,20.0736380073962));
#3382=CARTESIAN_POINT('Ctrl Pts',(4.97759009368941,-31.2447036816998,20.4872956254103));
#3383=CARTESIAN_POINT('Ctrl Pts',(4.0765358040062,-31.3724830494054,20.7616328823965));
#3384=CARTESIAN_POINT('Ctrl Pts',(2.24401988052938,-31.5605061137838,21.4618825004066));
#3385=CARTESIAN_POINT('Ctrl Pts',(1.24418533851296,-31.6149909120972,21.9382873310417));
#3386=CARTESIAN_POINT('Ctrl Pts',(0.278496633557985,-31.6234953816427,22.5105118262312));
#3387=CARTESIAN_POINT('Origin',(0.,11.0550353674579,54.3557401770122));
#3388=CARTESIAN_POINT('',(11.1345370613173,-54.8575316865655,20.0371324133642));
#3389=CARTESIAN_POINT('Ctrl Pts',(11.134552790517,-54.857526133802,20.0371353594498));
#3390=CARTESIAN_POINT('Ctrl Pts',(11.1336458886491,-54.8235062135916,19.9718040320049));
#3391=CARTESIAN_POINT('Ctrl Pts',(11.1326267276057,-54.7893888191759,19.9065256347437));
#3392=CARTESIAN_POINT('Ctrl Pts',(11.1314948182095,-54.7551745586495,19.8413008860149));
#3393=CARTESIAN_POINT('Ctrl Pts',(11.1345370613184,-54.857531686554,20.0371324133532));
#3394=CARTESIAN_POINT('Ctrl Pts',(10.7275445992428,-54.8445062153609,20.0121155988793));
#3395=CARTESIAN_POINT('Ctrl Pts',(10.3226107272227,-54.8381236865918,19.999882970952));
#3396=CARTESIAN_POINT('Ctrl Pts',(9.9213891119609,-54.8381236865918,19.999882970952));
#3397=CARTESIAN_POINT('Ctrl Pts',(8.65317702313336,-54.8381236865918,19.999882970952));
#3398=CARTESIAN_POINT('Ctrl Pts',(7.34925313342006,-54.903252683849,20.1238709307031));
#3399=CARTESIAN_POINT('Ctrl Pts',(4.77089890626037,-55.1671636368689,20.6372438637645));
#3400=CARTESIAN_POINT('Ctrl Pts',(3.49640918919351,-55.3657006959373,21.0264564593091));
#3401=CARTESIAN_POINT('Ctrl Pts',(1.59332462214914,-55.7581547622169,21.8236929606041));
#3402=CARTESIAN_POINT('Ctrl Pts',(0.923516502418456,-55.9165731065349,22.1502125301547));
#3403=CARTESIAN_POINT('Ctrl Pts',(0.27849663355795,-56.0874606076852,22.5105118262312));
#3404=CARTESIAN_POINT('Origin',(0.,11.0550353674579,54.3557401770122));
#3405=CARTESIAN_POINT('',(-4.26334361570599,-39.8210412069548,0.190639172029396));
#3406=CARTESIAN_POINT('Ctrl Pts',(-4.2633436155985,-39.8210412070298,0.190639172099878));
#3407=CARTESIAN_POINT('Ctrl Pts',(-5.08531541332497,-40.4466363419711,0.778246790273435));
#3408=CARTESIAN_POINT('Ctrl Pts',(-6.4860093679879,-41.9006161291891,2.1877055759902));
#3409=CARTESIAN_POINT('Ctrl Pts',(-8.572850102884,-45.0571033256895,5.53454359503884));
#3410=CARTESIAN_POINT('Ctrl Pts',(-10.2053696129415,-48.9958915068807,10.358458720001));
#3411=CARTESIAN_POINT('Ctrl Pts',(-10.8329597759465,-51.8175055015293,14.6605542599762));
#3412=CARTESIAN_POINT('Ctrl Pts',(-10.9977851729805,-53.1128469708063,16.8776018422489));
#3413=CARTESIAN_POINT('',(4.26334361545741,-39.8210412068602,0.190639171940554));
#3414=CARTESIAN_POINT('',(0.,-39.8210412067979,0.190639171882048));
#3415=CARTESIAN_POINT('Ctrl Pts',(11.0383065657832,-53.4559227065149,17.4708342181204));
#3416=CARTESIAN_POINT('Ctrl Pts',(10.8859973577583,-52.0544838756187,15.0207504020856));
#3417=CARTESIAN_POINT('Ctrl Pts',(10.2584106778018,-49.115343316459,10.5007553071335));
#3418=CARTESIAN_POINT('Ctrl Pts',(8.55738453751765,-45.0296843500904,5.50423347536127));
#3419=CARTESIAN_POINT('Ctrl Pts',(6.47749624281449,-41.8910486040699,2.17838727191778));
#3420=CARTESIAN_POINT('Ctrl Pts',(5.08152142342281,-40.4437487713374,0.775534559299147));
#3421=CARTESIAN_POINT('Ctrl Pts',(4.26334361541474,-39.8210412068899,0.190639171968528));
#3422=CARTESIAN_POINT('Ctrl Pts',(-4.26334361529367,-39.8210412067978,0.190639171881964));
#3423=CARTESIAN_POINT('Ctrl Pts',(-5.08531541332497,-40.4466363419711,0.778246790273435));
#3424=CARTESIAN_POINT('Ctrl Pts',(-6.4860093679879,-41.9006161291891,2.1877055759902));
#3425=CARTESIAN_POINT('Ctrl Pts',(-8.572850102884,-45.0571033256895,5.53454359503884));
#3426=CARTESIAN_POINT('Ctrl Pts',(-10.5410902165691,-49.805886326302,11.3504760818907));
#3427=CARTESIAN_POINT('Ctrl Pts',(-11.1111596165093,-53.2482725022187,16.9045672193098));
#3428=CARTESIAN_POINT('Ctrl Pts',(-11.1382778566509,-55.0350196766775,20.380190751747));
#3429=CARTESIAN_POINT('Ctrl Pts',(-4.59371307024251,-39.5460141859051,-0.0676876015436408));
#3430=CARTESIAN_POINT('Ctrl Pts',(-5.47974670465855,-40.1833801425998,0.524993937968017));
#3431=CARTESIAN_POINT('Ctrl Pts',(-6.99022519843826,-41.6647103614586,1.94727032295094));
#3432=CARTESIAN_POINT('Ctrl Pts',(-9.24230699611317,-44.880364676022,5.32852308174123));
#3433=CARTESIAN_POINT('Ctrl Pts',(-11.3688664203458,-49.716954621593,11.2138976995161));
#3434=CARTESIAN_POINT('Ctrl Pts',(-11.9861923458475,-53.2180312063436,16.8465788453989));
#3435=CARTESIAN_POINT('Ctrl Pts',(-12.0162336583212,-55.0316978510052,20.3737290566384));
#3436=CARTESIAN_POINT('Ctrl Pts',(-4.92408116557389,-39.249435656234,-0.303067341245116));
#3437=CARTESIAN_POINT('Ctrl Pts',(-5.87417592551585,-39.895454636652,0.297476845693721));
#3438=CARTESIAN_POINT('Ctrl Pts',(-7.49443739311271,-41.3968217229187,1.73864164043723));
#3439=CARTESIAN_POINT('Ctrl Pts',(-9.91175363115999,-44.6556869392331,5.16491733785242));
#3440=CARTESIAN_POINT('Ctrl Pts',(-12.1966171225674,-49.5568826557231,11.1289238313288));
#3441=CARTESIAN_POINT('Ctrl Pts',(-12.8611917468022,-53.1045615323937,16.8371050873911));
#3442=CARTESIAN_POINT('Ctrl Pts',(-12.8941555728435,-54.9423371055162,20.4114985308075));
#3443=CARTESIAN_POINT('Ctrl Pts',(-5.25185735191993,-38.9336312095516,-0.513654339829673));
#3444=CARTESIAN_POINT('Ctrl Pts',(-6.26516856470119,-39.5854241862068,0.0977229164924187));
#3445=CARTESIAN_POINT('Ctrl Pts',(-7.99316179651813,-41.0999920843202,1.56419649229362));
#3446=CARTESIAN_POINT('Ctrl Pts',(-10.5708554271755,-44.3867264370925,5.04641929097301));
#3447=CARTESIAN_POINT('Ctrl Pts',(-13.0066543900669,-49.3292994509988,11.097615251467));
#3448=CARTESIAN_POINT('Ctrl Pts',(-13.7153469586768,-52.9105657009095,16.8763779745466));
#3449=CARTESIAN_POINT('Ctrl Pts',(-13.7510467667688,-54.7690746379033,20.4925958600239));
#3450=CARTESIAN_POINT('',(-13.7510467667688,-54.7690746379034,20.4925958600239));
#3451=CARTESIAN_POINT('Ctrl Pts',(-11.8421358000932,-54.8956779035152,20.155752217563));
#3452=CARTESIAN_POINT('Ctrl Pts',(-12.045541001522,-54.8954984107956,20.1814514475448));
#3453=CARTESIAN_POINT('Ctrl Pts',(-12.2485506699808,-54.8911361575874,20.2103116691039));
#3454=CARTESIAN_POINT('Ctrl Pts',(-12.4509805837227,-54.8826057045067,20.2423027251115));
#3455=CARTESIAN_POINT('Ctrl Pts',(-12.7213733827868,-54.8712112764643,20.2850343106713));
#3456=CARTESIAN_POINT('Ctrl Pts',(-12.9904271260818,-54.8523971745855,20.3333081601931));
#3457=CARTESIAN_POINT('Ctrl Pts',(-13.2577069091876,-54.8261762709421,20.3869725610497));
#3458=CARTESIAN_POINT('Ctrl Pts',(-13.4228654061113,-54.8099737546746,20.4201330630554));
#3459=CARTESIAN_POINT('Ctrl Pts',(-13.5873465598871,-54.7909420841641,20.4553520599898));
#3460=CARTESIAN_POINT('Ctrl Pts',(-13.7510467667688,-54.7690746379031,20.4925958600236));
#3461=CARTESIAN_POINT('',(-6.02974326693339,-39.4759405503581,2.06605149655203E-10));
#3462=CARTESIAN_POINT('Ctrl Pts',(-13.7510467667688,-54.7690746379033,20.4925958600239));
#3463=CARTESIAN_POINT('Ctrl Pts',(-13.7153469586768,-52.9105657009095,16.8763779745466));
#3464=CARTESIAN_POINT('Ctrl Pts',(-13.0066543900669,-49.3292994509988,11.097615251467));
#3465=CARTESIAN_POINT('Ctrl Pts',(-10.5708554271755,-44.3867264370925,5.04641929097301));
#3466=CARTESIAN_POINT('Ctrl Pts',(-8.16477032110826,-41.3188046019486,1.7960235448449));
#3467=CARTESIAN_POINT('Ctrl Pts',(-6.71754386774445,-39.9910336936416,0.49311052974488));
#3468=CARTESIAN_POINT('Ctrl Pts',(-6.03036568690126,-39.4754027468013,-0.00030894023384917));
#3469=CARTESIAN_POINT('',(-5.74524179112245,-39.5155818120699,8.88178419700125E-15));
#3470=CARTESIAN_POINT('Ctrl Pts',(-6.02974326666559,-39.475940550269,1.33226762955019E-14));
#3471=CARTESIAN_POINT('Ctrl Pts',(-5.9350656510543,-39.4904020604263,1.33279929152929E-14));
#3472=CARTESIAN_POINT('Ctrl Pts',(-5.84022696423093,-39.5035919729373,6.66133814775094E-15));
#3473=CARTESIAN_POINT('Ctrl Pts',(-5.74524179112245,-39.5155818120699,6.66133814775094E-15));
#3474=CARTESIAN_POINT('Ctrl Pts',(-4.26334361529367,-39.8210412067978,0.190639171881964));
#3475=CARTESIAN_POINT('Ctrl Pts',(-4.32056546845686,-39.8210412067978,0.190639171881964));
#3476=CARTESIAN_POINT('Ctrl Pts',(-4.37782987315021,-39.8201783965862,0.190096895665523));
#3477=CARTESIAN_POINT('Ctrl Pts',(-4.71845213011711,-39.8091603721205,0.183173410190677));
#3478=CARTESIAN_POINT('Ctrl Pts',(-5.0027350681184,-39.7756779756491,0.162080384928735));
#3479=CARTESIAN_POINT('Ctrl Pts',(-5.43998700690531,-39.6547068208623,0.0864695344161933));
#3480=CARTESIAN_POINT('Ctrl Pts',(-5.59802281127762,-39.5936196874988,0.048365855981643));
#3481=CARTESIAN_POINT('Ctrl Pts',(-5.74524179112245,-39.5155818120699,1.20650017754187E-14));
#3482=CARTESIAN_POINT('Origin',(0.,0.,102.000001519918));
#3483=CARTESIAN_POINT('',(12.4466383336451,-29.0715995369694,101.999616333298));
#3484=CARTESIAN_POINT('',(4.13814705838776,-31.3528110294888,101.025293025947));
#3485=CARTESIAN_POINT('Ctrl Pts',(12.4447373053413,-29.0719190600495,101.999377223473));
#3486=CARTESIAN_POINT('Ctrl Pts',(12.2083693565091,-29.173116967632,101.999342673605));
#3487=CARTESIAN_POINT('Ctrl Pts',(11.9713034905133,-29.2713194820166,101.995390343945));
#3488=CARTESIAN_POINT('Ctrl Pts',(11.7334929758805,-29.3664765028982,101.98790224197));
#3489=CARTESIAN_POINT('Ctrl Pts',(11.5009311925141,-29.4595333070105,101.98057941038));
#3490=CARTESIAN_POINT('Ctrl Pts',(11.2676572359959,-29.5496774737746,101.96987531231));
#3491=CARTESIAN_POINT('Ctrl Pts',(11.0336157153319,-29.6369017640076,101.95611909053));
#3492=CARTESIAN_POINT('Ctrl Pts',(10.8067935831332,-29.7214354802219,101.942787201615));
#3493=CARTESIAN_POINT('Ctrl Pts',(10.5792504835504,-29.8032266787359,101.926588692236));
#3494=CARTESIAN_POINT('Ctrl Pts',(10.3509253317076,-29.8823069726479,101.907794614621));
#3495=CARTESIAN_POINT('Ctrl Pts',(10.126526723326,-29.9600273103376,101.889323741707));
#3496=CARTESIAN_POINT('Ctrl Pts',(9.90137273914468,-30.0351291184214,101.868345991923));
#3497=CARTESIAN_POINT('Ctrl Pts',(9.67539500525964,-30.1076804740873,101.845088367499));
#3498=CARTESIAN_POINT('Ctrl Pts',(9.45500076669671,-30.1784392188264,101.822405396316));
#3499=CARTESIAN_POINT('Ctrl Pts',(9.23382298286506,-30.2467719937413,101.797553969538));
#3500=CARTESIAN_POINT('Ctrl Pts',(9.01178819861939,-30.3127788127769,101.770713218808));
#3501=CARTESIAN_POINT('Ctrl Pts',(8.91132997284548,-30.3426431781818,101.758569291874));
#3502=CARTESIAN_POINT('Ctrl Pts',(8.81069617639656,-30.3720319154663,101.746017693244));
#3503=CARTESIAN_POINT('Ctrl Pts',(8.70987930353071,-30.4009568575391,101.733072682803));
#3504=CARTESIAN_POINT('Ctrl Pts',(8.50265280001147,-30.4604113361385,101.706464544944));
#3505=CARTESIAN_POINT('Ctrl Pts',(8.29628238353043,-30.5173339079639,101.678484249086));
#3506=CARTESIAN_POINT('Ctrl Pts',(8.09095195518165,-30.5717645532051,101.649459256673));
#3507=CARTESIAN_POINT('Ctrl Pts',(7.88495121809321,-30.6263728892908,101.620339511104));
#3508=CARTESIAN_POINT('Ctrl Pts',(7.67999737312832,-30.6784732333095,101.590168550232));
#3509=CARTESIAN_POINT('Ctrl Pts',(7.47622827890487,-30.7281277794257,101.559280653021));
#3510=CARTESIAN_POINT('Ctrl Pts',(7.27175493291228,-30.7779539379352,101.528286003329));
#3511=CARTESIAN_POINT('Ctrl Pts',(7.0684746020201,-30.8253176154981,101.496569739394));
#3512=CARTESIAN_POINT('Ctrl Pts',(6.86647724652867,-30.8702999470494,101.464468716946));
#3513=CARTESIAN_POINT('Ctrl Pts',(6.66376678911884,-30.9154410776447,101.432254369743));
#3514=CARTESIAN_POINT('Ctrl Pts',(6.46234840579462,-30.9581842879426,101.399652798807));
#3515=CARTESIAN_POINT('Ctrl Pts',(6.26226278062417,-30.9986260373117,101.36699944445));
#3516=CARTESIAN_POINT('Ctrl Pts',(6.06113592430268,-31.0392782426253,101.334176164395));
#3517=CARTESIAN_POINT('Ctrl Pts',(5.86135574158289,-31.0776052513123,101.301300788138));
#3518=CARTESIAN_POINT('Ctrl Pts',(5.66291262883039,-31.1137154860898,101.268705327783));
#3519=CARTESIAN_POINT('Ctrl Pts',(5.4639967573337,-31.1499117476838,101.236032213996));
#3520=CARTESIAN_POINT('Ctrl Pts',(5.26642429640152,-31.1838809522377,101.203640540924));
#3521=CARTESIAN_POINT('Ctrl Pts',(5.07013480291032,-31.2157384556242,101.171852852617));
#3522=CARTESIAN_POINT('Ctrl Pts',(4.87331746405262,-31.247681627557,101.139979683505));
#3523=CARTESIAN_POINT('Ctrl Pts',(4.67778995361994,-31.2775020202401,101.108713909075));
#3524=CARTESIAN_POINT('Ctrl Pts',(4.48344100840476,-31.3053176932922,101.078366178869));
#3525=CARTESIAN_POINT('Ctrl Pts',(4.36793825296223,-31.3218487162851,101.060330338972));
#3526=CARTESIAN_POINT('Ctrl Pts',(4.25285081191448,-31.3376716852113,101.042618463086));
#3527=CARTESIAN_POINT('Ctrl Pts',(4.13814705838776,-31.3528110294888,101.025293025947));
#3528=CARTESIAN_POINT('',(31.624721667197,-3.87291141636587E-15,102.000001519918));
#3529=CARTESIAN_POINT('Origin',(0.,0.,102.000001519918));
#3530=CARTESIAN_POINT('',(31.624721667197,-3.87291141636587E-15,7.00000151991844));
#3531=CARTESIAN_POINT('',(31.624721667197,-3.87291141636587E-15,102.000001519918));
#3532=CARTESIAN_POINT('Origin',(0.,0.,7.00000151991844));
#3533=CARTESIAN_POINT('Ctrl Pts',(0.278496633557986,-31.6234953816427,22.5105118262312));
#3534=CARTESIAN_POINT('Ctrl Pts',(0.218825756993667,-31.6240208813714,22.4771804889185));
#3535=CARTESIAN_POINT('Ctrl Pts',(0.159046285102857,-31.6243784171239,22.4441944374231));
#3536=CARTESIAN_POINT('Ctrl Pts',(-0.786804690580556,-31.6273444026347,
21.928635812372));
#3537=CARTESIAN_POINT('Ctrl Pts',(-1.69500314429784,-31.592054433816,21.5228656496646));
#3538=CARTESIAN_POINT('Ctrl Pts',(-3.47560576924684,-31.4456882945356,20.8736305564079));
#3539=CARTESIAN_POINT('Ctrl Pts',(-4.41438279754027,-31.3303245795077,20.6043049121739));
#3540=CARTESIAN_POINT('Ctrl Pts',(-6.33838886229043,-30.9984006099445,20.2081244919473));
#3541=CARTESIAN_POINT('Ctrl Pts',(-7.32357512024777,-30.781680432285,20.0811959728775));
#3542=CARTESIAN_POINT('Ctrl Pts',(-8.87326060631172,-30.3601945019592,19.9976437251162));
#3543=CARTESIAN_POINT('Ctrl Pts',(-9.44406502898422,-30.1874765799853,19.9920477208913));
#3544=CARTESIAN_POINT('Ctrl Pts',(-10.0061491357904,-30.,20.0102997536285));
#3545=CARTESIAN_POINT('Origin',(0.,0.,7.00000151991844));
#3546=CARTESIAN_POINT('',(1.25031101221594,31.599999293685,101.99999962002));
#3547=CARTESIAN_POINT('Origin',(0.,0.,102.000001519918));
#3548=CARTESIAN_POINT('',(-1.25031101221594,31.5999992936849,101.999997720122));
#3549=CARTESIAN_POINT('Ctrl Pts',(1.25022604627709,31.599999293685,101.999997720122));
#3550=CARTESIAN_POINT('Ctrl Pts',(0.834205116920965,31.6164587941059,101.980694329131));
#3551=CARTESIAN_POINT('Ctrl Pts',(0.417324038114281,31.624721667197,101.970990702108));
#3552=CARTESIAN_POINT('Ctrl Pts',(-0.41732403811428,31.624721667197,101.970990702108));
#3553=CARTESIAN_POINT('Ctrl Pts',(-0.834205116920966,31.6164587941059,101.980694329131));
#3554=CARTESIAN_POINT('Ctrl Pts',(-1.25022604627709,31.599999293685,101.999997720122));
#3555=CARTESIAN_POINT('',(-12.4468312889833,-29.0726597706444,101.998935650429));
#3556=CARTESIAN_POINT('Origin',(0.,0.,102.000001519918));
#3557=CARTESIAN_POINT('',(-4.13814705838771,-31.3528110294888,101.025293025947));
#3558=CARTESIAN_POINT('Ctrl Pts',(-4.13814705838771,-31.3528110294888,101.025293025947));
#3559=CARTESIAN_POINT('Ctrl Pts',(-4.23571117129431,-31.3399338859865,101.04002960477));
#3560=CARTESIAN_POINT('Ctrl Pts',(-4.33316849759799,-31.3266161931143,101.054985262944));
#3561=CARTESIAN_POINT('Ctrl Pts',(-4.43051030126319,-31.3128573816695,101.070113246069));
#3562=CARTESIAN_POINT('Ctrl Pts',(-4.62535879842138,-31.2853164523694,101.100394838004));
#3563=CARTESIAN_POINT('Ctrl Pts',(-4.82150939398896,-31.2557559828581,101.131646445901));
#3564=CARTESIAN_POINT('Ctrl Pts',(-5.01908643230759,-31.2240481717759,101.163556404308));
#3565=CARTESIAN_POINT('Ctrl Pts',(-5.21600435962991,-31.1924461369881,101.195359912064));
#3566=CARTESIAN_POINT('Ctrl Pts',(-5.41433929446029,-31.1587107712064,101.227817252828));
#3567=CARTESIAN_POINT('Ctrl Pts',(-5.61416527990893,-31.1227149626872,101.260603930693));
#3568=CARTESIAN_POINT('Ctrl Pts',(-5.81320163977767,-31.0868613939828,101.293261049835));
#3569=CARTESIAN_POINT('Ctrl Pts',(-6.01371734006136,-31.0487649233456,101.326244743055));
#3570=CARTESIAN_POINT('Ctrl Pts',(-6.2157359241655,-31.008303696742,101.359220728888));
#3571=CARTESIAN_POINT('Ctrl Pts',(-6.4168926270235,-30.9680150917442,101.392056027745));
#3572=CARTESIAN_POINT('Ctrl Pts',(-6.61953944625781,-30.9253815843804,101.424883485996));
#3573=CARTESIAN_POINT('Ctrl Pts',(-6.82364972927925,-30.8802908578576,101.457362272794));
#3574=CARTESIAN_POINT('Ctrl Pts',(-7.02650135991599,-30.8354781846971,101.489640778147));
#3575=CARTESIAN_POINT('Ctrl Pts',(-7.23079844693461,-30.7882382393403,101.521574666717));
#3576=CARTESIAN_POINT('Ctrl Pts',(-7.43646534755947,-30.7384727373641,101.552821893023));
#3577=CARTESIAN_POINT('Ctrl Pts',(-7.64140033343631,-30.6888843378032,101.583957918617));
#3578=CARTESIAN_POINT('Ctrl Pts',(-7.84769537404844,-30.6367880699798,101.614411900544));
#3579=CARTESIAN_POINT('Ctrl Pts',(-8.05522661528718,-30.5821025033004,101.643841650326));
#3580=CARTESIAN_POINT('Ctrl Pts',(-8.26181712942854,-30.5276648231276,101.673137996757));
#3581=CARTESIAN_POINT('Ctrl Pts',(-8.46963258744928,-30.4706610321377,101.701419087387));
#3582=CARTESIAN_POINT('Ctrl Pts',(-8.67850291724065,-30.4110301385048,101.728347706566));
#3583=CARTESIAN_POINT('Ctrl Pts',(-8.7546787052056,-30.3892825292869,101.738168674373));
#3584=CARTESIAN_POINT('Ctrl Pts',(-8.8309943444511,-30.3671856959079,101.747809776525));
#3585=CARTESIAN_POINT('Ctrl Pts',(-8.90744002546045,-30.3447374151003,101.757254786656));
#3586=CARTESIAN_POINT('Ctrl Pts',(-9.13121930199063,-30.279024611288,101.784903144366));
#3587=CARTESIAN_POINT('Ctrl Pts',(-9.35410409061674,-30.2109980941045,101.810540341678));
#3588=CARTESIAN_POINT('Ctrl Pts',(-9.5761679186629,-30.1405459782566,101.833996902956));
#3589=CARTESIAN_POINT('Ctrl Pts',(-9.80263560849857,-30.0686966903267,101.857918643344));
#3590=CARTESIAN_POINT('Ctrl Pts',(-10.0282494470251,-29.9943246778585,101.879572212203));
#3591=CARTESIAN_POINT('Ctrl Pts',(-10.2530770496403,-29.9173511946139,101.89874269948));
#3592=CARTESIAN_POINT('Ctrl Pts',(-10.4846447193243,-29.8380701368831,101.918487895416));
#3593=CARTESIAN_POINT('Ctrl Pts',(-10.7153783219717,-29.7560292813005,101.935598766526));
#3594=CARTESIAN_POINT('Ctrl Pts',(-10.9453407436491,-29.6711844490438,101.949805958506));
#3595=CARTESIAN_POINT('Ctrl Pts',(-11.1795013554083,-29.5847906909641,101.964272516742));
#3596=CARTESIAN_POINT('Ctrl Pts',(-11.4128623793999,-29.4954897385186,101.975728220541));
#3597=CARTESIAN_POINT('Ctrl Pts',(-11.6454788325955,-29.4032769599152,101.983855986421));
#3598=CARTESIAN_POINT('Ctrl Pts',(-11.8841763593571,-29.308653549206,101.992196228856));
#3599=CARTESIAN_POINT('Ctrl Pts',(-12.1220899231883,-29.2109641573955,101.997032123459));
#3600=CARTESIAN_POINT('Ctrl Pts',(-12.3592666802199,-29.1102463727482,101.997989396253));
#3601=CARTESIAN_POINT('Ctrl Pts',(-12.387774577001,-29.0981404132745,101.998104457418));
#3602=CARTESIAN_POINT('Ctrl Pts',(-12.4162718141593,-29.0859907501302,101.998163447818));
#3603=CARTESIAN_POINT('Ctrl Pts',(-12.4447584614457,-29.0737974876639,101.998165689157));
#3604=CARTESIAN_POINT('Ctrl Pts',(-4.13814705838771,-31.3528110294888,101.025293025947));
#3605=CARTESIAN_POINT('Ctrl Pts',(-2.78044359218402,-31.5320095262217,100.820218603066));
#3606=CARTESIAN_POINT('Ctrl Pts',(-1.3978366976121,-31.624721667197,100.712145696971));
#3607=CARTESIAN_POINT('Ctrl Pts',(1.39783669761212,-31.624721667197,100.712145696971));
#3608=CARTESIAN_POINT('Ctrl Pts',(2.78044359218405,-31.5320095262217,100.820218603066));
#3609=CARTESIAN_POINT('Ctrl Pts',(4.13814705838776,-31.3528110294888,101.025293025947));
#3610=CARTESIAN_POINT('Origin',(0.,11.0550353674579,54.3557401770122));
#3611=CARTESIAN_POINT('',(0.251725513504472,-59.3739755756,22.5889420414136));
#3612=CARTESIAN_POINT('',(0.305267753611434,-59.3739755756,22.5889420414136));
#3613=CARTESIAN_POINT('',(0.,-59.3739755756,22.5889420414136));
#3614=CARTESIAN_POINT('',(0.278496633557373,-59.3385472767881,22.5105118262349));
#3615=CARTESIAN_POINT('Ctrl Pts',(0.251725513505361,-59.3739755755988,22.588942041411));
#3616=CARTESIAN_POINT('Ctrl Pts',(0.260677637983986,-59.3621896881525,22.5628119796908));
#3617=CARTESIAN_POINT('Ctrl Pts',(0.269601376876867,-59.350380250032,22.5366685041176));
#3618=CARTESIAN_POINT('Ctrl Pts',(0.278496633557368,-59.3385472767858,22.5105118262329));
#3619=CARTESIAN_POINT('Ctrl Pts',(0.278496633559202,-59.3385472767867,22.5105118262349));
#3620=CARTESIAN_POINT('Ctrl Pts',(0.287391890239778,-59.350380250033,22.5366685041198));
#3621=CARTESIAN_POINT('Ctrl Pts',(0.296315629132732,-59.3621896881535,22.5628119796932));
#3622=CARTESIAN_POINT('Ctrl Pts',(0.305267753611434,-59.3739755756,22.5889420414136));
#3623=CARTESIAN_POINT('Origin',(0.013650635810722,-40.,45.5217803918848));
#3624=CARTESIAN_POINT('',(-13.1007617928184,-61.5,37.3408141567059));
#3625=CARTESIAN_POINT('',(10.7127236241617,-61.5,34.3662499661612));
#3626=CARTESIAN_POINT('Origin',(0.013650635810722,-61.5,45.5217803918848));
#3627=CARTESIAN_POINT('',(-13.1007617928185,-60.659258749052,37.3408141567059));
#3628=CARTESIAN_POINT('',(-13.1007617928185,-40.,37.3408141567059));
#3629=CARTESIAN_POINT('',(-11.6601218742852,-60.5659125479484,35.3906868046864));
#3630=CARTESIAN_POINT('Ctrl Pts',(-11.6601218742672,-60.5659125479617,35.3906868047014));
#3631=CARTESIAN_POINT('Ctrl Pts',(-12.190019789608,-60.5953796968541,36.0012731805965));
#3632=CARTESIAN_POINT('Ctrl Pts',(-12.6718365368466,-60.6266130307414,36.6532300075768));
#3633=CARTESIAN_POINT('Ctrl Pts',(-13.1007617928185,-60.659258749052,37.3408141567059));
#3634=CARTESIAN_POINT('',(-9.72726285792855,-60.2760678293694,33.5205043681941));
#3635=CARTESIAN_POINT('Ctrl Pts',(-9.72730151841923,-60.2760655533602,33.5205461870051));
#3636=CARTESIAN_POINT('Ctrl Pts',(-9.93704403902036,-60.3257919602478,33.6907837053274));
#3637=CARTESIAN_POINT('Ctrl Pts',(-10.1430390188068,-60.3689915425251,33.8671124104258));
#3638=CARTESIAN_POINT('Ctrl Pts',(-10.3448966180712,-60.4059955345327,34.0493727995786));
#3639=CARTESIAN_POINT('Ctrl Pts',(-10.4741487484109,-60.4296896873191,34.1660765732309));
#3640=CARTESIAN_POINT('Ctrl Pts',(-10.6017049566912,-60.4508425514599,34.2852126530151));
#3641=CARTESIAN_POINT('Ctrl Pts',(-10.7274656600115,-60.469530698222,34.4067417593682));
#3642=CARTESIAN_POINT('Ctrl Pts',(-10.9303041558835,-60.4996726700764,34.6027551442056));
#3643=CARTESIAN_POINT('Ctrl Pts',(-11.1280953696276,-60.5233494715891,34.8046293335394));
#3644=CARTESIAN_POINT('Ctrl Pts',(-11.3204936214756,-60.5409048931749,35.012115691862));
#3645=CARTESIAN_POINT('Ctrl Pts',(-11.435658647439,-60.5514131517651,35.1363121001648));
#3646=CARTESIAN_POINT('Ctrl Pts',(-11.5488918397781,-60.5597271452781,35.262519582896));
#3647=CARTESIAN_POINT('Ctrl Pts',(-11.6601218742867,-60.5659125479628,35.3906868047239));
#3648=CARTESIAN_POINT('',(-6.24686503362519,-59.618751463007,31.3894781927993));
#3649=CARTESIAN_POINT('Ctrl Pts',(-6.24686503356526,-59.6187514630467,31.3894781929217));
#3650=CARTESIAN_POINT('Ctrl Pts',(-7.06849113780309,-59.737029299737,31.753453080207));
#3651=CARTESIAN_POINT('Ctrl Pts',(-7.85570248509541,-59.8753676194952,32.1887482220302));
#3652=CARTESIAN_POINT('Ctrl Pts',(-8.98494770825423,-60.1060732906452,32.9453077963494));
#3653=CARTESIAN_POINT('Ctrl Pts',(-9.36492524348339,-60.1901654561842,33.2264106942491));
#3654=CARTESIAN_POINT('Ctrl Pts',(-9.72726285792842,-60.2760678293695,33.5205043681942));
#3655=CARTESIAN_POINT('',(6.27416630524662,-59.618751463007,31.3894781927993));
#3656=CARTESIAN_POINT('Ctrl Pts',(6.27416630518688,-59.6187514630467,31.3894781929218));
#3657=CARTESIAN_POINT('Ctrl Pts',(5.46045998776224,-59.5016137255165,31.0290117184021));
#3658=CARTESIAN_POINT('Ctrl Pts',(4.57117790782621,-59.4466111355977,30.7222509601836));
#3659=CARTESIAN_POINT('Ctrl Pts',(2.43825086312661,-59.3780366793101,30.204623644799));
#3660=CARTESIAN_POINT('Ctrl Pts',(1.17500614527903,-59.3788469686212,30.0648718429763));
#3661=CARTESIAN_POINT('Ctrl Pts',(-1.14770487365758,-59.3788469686212,30.0648718429763));
#3662=CARTESIAN_POINT('Ctrl Pts',(-2.41094959150517,-59.3780366793101,30.2046236447989));
#3663=CARTESIAN_POINT('Ctrl Pts',(-4.54387663620477,-59.4466111355977,30.7222509601836));
#3664=CARTESIAN_POINT('Ctrl Pts',(-5.43315871614081,-59.5016137255165,31.0290117184021));
#3665=CARTESIAN_POINT('Ctrl Pts',(-6.24686503356544,-59.6187514630467,31.3894781929218));
#3666=CARTESIAN_POINT('',(9.73154794048576,-60.2706192232786,33.5018596822832));
#3667=CARTESIAN_POINT('Ctrl Pts',(9.73154794048576,-60.2706192232786,33.5018596822832));
#3668=CARTESIAN_POINT('Ctrl Pts',(9.37614670395084,-60.186609268425,33.2145239500398));
#3669=CARTESIAN_POINT('Ctrl Pts',(9.00388748377027,-60.1043650305337,32.9397058510815));
#3670=CARTESIAN_POINT('Ctrl Pts',(7.88300375671685,-59.8753676194953,32.1887482220302));
#3671=CARTESIAN_POINT('Ctrl Pts',(7.09579240942453,-59.737029299737,31.753453080207));
#3672=CARTESIAN_POINT('Ctrl Pts',(6.2741663051867,-59.6187514630467,31.3894781929217));
#3673=CARTESIAN_POINT('',(10.7127236241617,-60.4606570522502,34.3662499661612));
#3674=CARTESIAN_POINT('Ctrl Pts',(10.7127360732487,-60.4606117314605,34.3662819094336));
#3675=CARTESIAN_POINT('Ctrl Pts',(10.5159382774531,-60.431133761424,34.1775383854366));
#3676=CARTESIAN_POINT('Ctrl Pts',(10.3147969321543,-60.3956471946707,33.9946276787495));
#3677=CARTESIAN_POINT('Ctrl Pts',(10.1096924265266,-60.3538523991556,33.8177005320629));
#3678=CARTESIAN_POINT('Ctrl Pts',(9.98508876528435,-60.3284615159758,33.7102149837429));
#3679=CARTESIAN_POINT('Ctrl Pts',(9.85902256283516,-60.3007415788423,33.6049379854039));
#3680=CARTESIAN_POINT('Ctrl Pts',(9.73158170948773,-60.2706164957748,33.5019055719184));
#3681=CARTESIAN_POINT('',(10.7127236241617,-40.,34.3662499661612));
#3682=CARTESIAN_POINT('Ctrl Pts',(-20.1003933292861,-59.6417925372452,45.0794535138367));
#3683=CARTESIAN_POINT('Ctrl Pts',(-19.761453300475,-59.6419372202058,42.9276985612305));
#3684=CARTESIAN_POINT('Ctrl Pts',(-18.1416289195721,-59.6426290001816,38.0363866406573));
#3685=CARTESIAN_POINT('Ctrl Pts',(-14.7885468132157,-59.6438850590739,34.0567908843367));
#3686=CARTESIAN_POINT('Ctrl Pts',(-12.484244062314,-59.6445581377123,32.284893517981));
#3687=CARTESIAN_POINT('Ctrl Pts',(-20.6127098845614,-59.4648591467028,44.9988566740498));
#3688=CARTESIAN_POINT('Ctrl Pts',(-20.2651040020693,-59.4649089404945,42.7912096206092));
#3689=CARTESIAN_POINT('Ctrl Pts',(-18.6038600748779,-59.4651481136072,37.7728495140733));
#3690=CARTESIAN_POINT('Ctrl Pts',(-15.165164663019,-59.4655829260086,33.6899545149101));
#3691=CARTESIAN_POINT('Ctrl Pts',(-12.8021146261162,-59.4658146480383,31.872088659863));
#3692=CARTESIAN_POINT('Ctrl Pts',(-21.1539160151937,-59.3739755756,44.9137149714186));
#3693=CARTESIAN_POINT('Ctrl Pts',(-20.7971713624805,-59.3739753889197,42.6470167599921));
#3694=CARTESIAN_POINT('Ctrl Pts',(-19.0922527657389,-59.3739756035434,37.4944190809546));
#3695=CARTESIAN_POINT('Ctrl Pts',(-15.5632084940524,-59.3739764531164,33.3022729730547));
#3696=CARTESIAN_POINT('Ctrl Pts',(-13.1381049397427,-59.3739755756,31.4357524603528));
#3697=CARTESIAN_POINT('Ctrl Pts',(-21.6952270244288,-59.3739755756,44.8285567694495));
#3698=CARTESIAN_POINT('Ctrl Pts',(-21.3293417091555,-59.3739755756,42.5027943097534));
#3699=CARTESIAN_POINT('Ctrl Pts',(-19.5807409531419,-59.3739755756,37.2159331689182));
#3700=CARTESIAN_POINT('Ctrl Pts',(-15.9613324374861,-59.3739755756,32.9145165956202));
#3701=CARTESIAN_POINT('Ctrl Pts',(-13.4741617247239,-59.3739755756,30.9993299373471));
#3702=CARTESIAN_POINT('',(-19.9770934928762,-59.6418450577478,44.3783168198961));
#3703=CARTESIAN_POINT('',(-21.6952270244288,-59.3739755756,44.8285567694495));
#3704=CARTESIAN_POINT('Ctrl Pts',(-19.9770145374329,-59.6418451669256,44.3783103738435));
#3705=CARTESIAN_POINT('Ctrl Pts',(-20.0701097747862,-59.6138799357219,44.4277409198727));
#3706=CARTESIAN_POINT('Ctrl Pts',(-20.1651698722059,-59.5873278861511,44.4738840575758));
#3707=CARTESIAN_POINT('Ctrl Pts',(-20.2621719933471,-59.5625666029573,44.5163672015752));
#3708=CARTESIAN_POINT('Ctrl Pts',(-20.3562373777781,-59.5385549669721,44.5575641694882));
#3709=CARTESIAN_POINT('Ctrl Pts',(-20.4521292359034,-59.5162274013105,44.5953194021048));
#3710=CARTESIAN_POINT('Ctrl Pts',(-20.5497890758384,-59.495943074548,44.6292665466746));
#3711=CARTESIAN_POINT('Ctrl Pts',(-20.6474489157734,-59.4756587477854,44.6632136912444));
#3712=CARTESIAN_POINT('Ctrl Pts',(-20.7468771992659,-59.4574176753286,44.6933528430017));
#3713=CARTESIAN_POINT('Ctrl Pts',(-20.8479715628323,-59.4415934146589,44.7192897242972));
#3714=CARTESIAN_POINT('Ctrl Pts',(-20.9484444246874,-59.4258664374058,44.7450671524289));
#3715=CARTESIAN_POINT('Ctrl Pts',(-21.0500060884134,-59.412615998267,44.766557768649));
#3716=CARTESIAN_POINT('Ctrl Pts',(-21.152454075214,-59.4021308910006,44.7834716316057));
#3717=CARTESIAN_POINT('Ctrl Pts',(-21.2542810906968,-59.3917093374562,44.8002829740141));
#3718=CARTESIAN_POINT('Ctrl Pts',(-21.3569837744318,-59.3840198006707,44.8125727441059));
#3719=CARTESIAN_POINT('Ctrl Pts',(-21.4603165772912,-59.3793352188205,44.8200376480001));
#3720=CARTESIAN_POINT('Ctrl Pts',(-21.5383033057103,-59.375799698614,44.8256715165932));
#3721=CARTESIAN_POINT('Ctrl Pts',(-21.6166480013157,-59.3739755756,44.8285567694495));
#3722=CARTESIAN_POINT('Ctrl Pts',(-21.6952270244288,-59.3739755756,44.8285567694495));
#3723=CARTESIAN_POINT('',(-13.4741617247239,-59.3739755756,30.9993299373471));
#3724=CARTESIAN_POINT('Ctrl Pts',(-21.6952270244288,-59.3739755756,44.8285567694495));
#3725=CARTESIAN_POINT('Ctrl Pts',(-21.3293417091555,-59.3739755756,42.5027943097534));
#3726=CARTESIAN_POINT('Ctrl Pts',(-19.5807409531419,-59.3739755756,37.2159331689182));
#3727=CARTESIAN_POINT('Ctrl Pts',(-15.9613324374861,-59.3739755756,32.9145165956202));
#3728=CARTESIAN_POINT('Ctrl Pts',(-13.4741617247239,-59.3739755756,30.9993299373471));
#3729=CARTESIAN_POINT('',(-12.4842440623145,-59.6445581377122,32.2848935179812));
#3730=CARTESIAN_POINT('Origin',(-13.4741617247239,-64.3739755756,30.9993299373471));
#3731=CARTESIAN_POINT('Ctrl Pts',(-12.484244062314,-59.6445581377123,32.284893517981));
#3732=CARTESIAN_POINT('Ctrl Pts',(-14.7885468132157,-59.6438850590739,34.0567908843367));
#3733=CARTESIAN_POINT('Ctrl Pts',(-17.9850770456906,-59.6426876442491,37.8505835039665));
#3734=CARTESIAN_POINT('Ctrl Pts',(-19.6064192546653,-59.6420030472114,42.4729455634854));
#3735=CARTESIAN_POINT('Ctrl Pts',(-19.9770186176813,-59.6418451651874,44.3783313518209));
#3736=CARTESIAN_POINT('Ctrl Pts',(-12.4842440623143,-59.6445581377122,32.2848935179812));
#3737=CARTESIAN_POINT('Ctrl Pts',(-11.8417223160204,-59.613640062282,31.6763914399752));
#3738=CARTESIAN_POINT('Ctrl Pts',(-11.0206959603387,-59.6014323454892,31.3361822920397));
#3739=CARTESIAN_POINT('Ctrl Pts',(-10.1699061442222,-59.6187514629586,31.3894781926504));
#3740=CARTESIAN_POINT('Ctrl Pts',(-12.8021146261164,-59.4658146480382,31.8720886598631));
#3741=CARTESIAN_POINT('Ctrl Pts',(-12.0649455814758,-59.4551704249342,31.2243091148106));
#3742=CARTESIAN_POINT('Ctrl Pts',(-11.1295373972989,-59.450968102199,30.8541031711061));
#3743=CARTESIAN_POINT('Ctrl Pts',(-10.1699061442223,-59.4569122093615,30.8914523094092));
#3744=CARTESIAN_POINT('Ctrl Pts',(-13.1381049397429,-59.3739755756,31.4357524603529));
#3745=CARTESIAN_POINT('Ctrl Pts',(-12.2986975586261,-59.3740158845874,30.7492941432646));
#3746=CARTESIAN_POINT('Ctrl Pts',(-11.2439705419072,-59.3739959812112,30.3491919477534));
#3747=CARTESIAN_POINT('Ctrl Pts',(-10.1699061442223,-59.3739755756,30.3678751254241));
#3748=CARTESIAN_POINT('Ctrl Pts',(-13.474161724724,-59.3739755756,30.9993299373472));
#3749=CARTESIAN_POINT('Ctrl Pts',(-12.5324754311163,-59.3739755756,30.2742068018336));
#3750=CARTESIAN_POINT('Ctrl Pts',(-11.3584248177083,-59.3739755756,29.8442132837907));
#3751=CARTESIAN_POINT('Ctrl Pts',(-10.1699061442223,-59.3739755756,29.8442132837906));
#3752=CARTESIAN_POINT('',(-10.1699061442223,-59.3739755756,29.8442132837906));
#3753=CARTESIAN_POINT('',(-10.1699061442221,-59.6187514629585,31.3894781926503));
#3754=CARTESIAN_POINT('Origin',(-10.1699061442223,-64.3739755756,29.8442132837906));
#3755=CARTESIAN_POINT('Ctrl Pts',(-10.1699061442222,-59.6187514629586,31.3894781926504));
#3756=CARTESIAN_POINT('Ctrl Pts',(-11.0206959603387,-59.6014323454892,31.3361822920397));
#3757=CARTESIAN_POINT('Ctrl Pts',(-11.8417223160204,-59.613640062282,31.6763914399752));
#3758=CARTESIAN_POINT('Ctrl Pts',(-12.4842440623143,-59.6445581377122,32.2848935179812));
#3759=CARTESIAN_POINT('Ctrl Pts',(-13.474161724724,-59.3739755756,30.9993299373472));
#3760=CARTESIAN_POINT('Ctrl Pts',(-12.5324754311163,-59.3739755756,30.2742068018336));
#3761=CARTESIAN_POINT('Ctrl Pts',(-11.3584248177083,-59.3739755756,29.8442132837907));
#3762=CARTESIAN_POINT('Ctrl Pts',(-10.1699061442223,-59.3739755756,29.8442132837906));
#3763=CARTESIAN_POINT('Ctrl Pts',(-1.5787100520065,39.9025733601476,-1.77635683940025E-14));
#3764=CARTESIAN_POINT('Ctrl Pts',(-37.8394892411809,38.4679476761633,-1.77635683940025E-14));
#3765=CARTESIAN_POINT('Ctrl Pts',(-39.8711582241061,2.2357164530792,-1.77635683940025E-14));
#3766=CARTESIAN_POINT('Ctrl Pts',(-41.9028272070313,-33.9965147700049,-1.77635683940025E-14));
#3767=CARTESIAN_POINT('Ctrl Pts',(-6.02974326686628,-39.4759405502383,-1.77635683940025E-14));
#3768=CARTESIAN_POINT('Ctrl Pts',(-2.58833463423351,65.4212675037101,20.5379125413657));
#3769=CARTESIAN_POINT('Ctrl Pts',(-62.0387894662315,63.0691627962636,20.5379125413657));
#3770=CARTESIAN_POINT('Ctrl Pts',(-65.3697616020709,3.66551306902475,20.5379125413657));
#3771=CARTESIAN_POINT('Ctrl Pts',(-68.7007337379103,-55.7381366582141,20.5379125413657));
#3772=CARTESIAN_POINT('Ctrl Pts',(-9.88591496793866,-64.7217923362561,20.5379125413657));
#3773=CARTESIAN_POINT('Ctrl Pts',(-2.48314188151627,62.76247558247,53.2020932926234));
#3774=CARTESIAN_POINT('Ctrl Pts',(-59.517465154883,60.5059629849396,53.2020932926234));
#3775=CARTESIAN_POINT('Ctrl Pts',(-62.7130629370515,3.51654260564187,53.2020932926234));
#3776=CARTESIAN_POINT('Ctrl Pts',(-65.9086607192201,-53.4728777736559,53.2020932926234));
#3777=CARTESIAN_POINT('Ctrl Pts',(-9.48414056255387,-62.0914278514643,53.2020932926234));
#3778=CARTESIAN_POINT('Ctrl Pts',(-2.37794912879903,60.1036836612298,85.8662740438812));
#3779=CARTESIAN_POINT('Ctrl Pts',(-56.9961408435346,57.9427631736156,85.8662740438812));
#3780=CARTESIAN_POINT('Ctrl Pts',(-60.0563642720322,3.36757214225899,85.8662740438812));
#3781=CARTESIAN_POINT('Ctrl Pts',(-63.1165877005298,-51.2076188890977,85.8662740438812));
#3782=CARTESIAN_POINT('Ctrl Pts',(-9.08236615716908,-59.4610633666726,85.8662740438812));
#3783=CARTESIAN_POINT('Ctrl Pts',(-1.25022604627709,31.599999293685,102.000001519918));
#3784=CARTESIAN_POINT('Ctrl Pts',(-29.9661834464275,30.4638778162194,102.000001519918));
#3785=CARTESIAN_POINT('Ctrl Pts',(-31.5751207409219,1.77052837421113,102.000001519918));
#3786=CARTESIAN_POINT('Ctrl Pts',(-33.1840580354162,-26.9228210677972,102.000001519918));
#3787=CARTESIAN_POINT('Ctrl Pts',(-4.77512769049568,-31.2621364603755,102.000001519918));
#3788=CARTESIAN_POINT('',(-20.8267786499437,-59.3739755756,44.7569621477161));
#3789=CARTESIAN_POINT('',(-20.231930757746,-59.5644920104921,44.5129986901878));
#3790=CARTESIAN_POINT('Ctrl Pts',(-20.8267786499437,-59.3739755755999,44.7569621477161));
#3791=CARTESIAN_POINT('Ctrl Pts',(-20.6909311971835,-59.4184329359503,44.7026333602814));
#3792=CARTESIAN_POINT('Ctrl Pts',(-20.55518529831,-59.4622094713856,44.647402340684));
#3793=CARTESIAN_POINT('Ctrl Pts',(-20.356972164199,-59.5251816366268,44.5653626169614));
#3794=CARTESIAN_POINT('Ctrl Pts',(-20.2944314878415,-59.5449123560464,44.5392742209117));
#3795=CARTESIAN_POINT('Ctrl Pts',(-20.231930757746,-59.5644920104921,44.5129986901878));
#3796=CARTESIAN_POINT('',(-38.2854058409925,-49.9999999999972,50.4424385454509));
#3797=CARTESIAN_POINT('Ctrl Pts',(-38.2854058409925,-49.9999999999943,50.4424385454509));
#3798=CARTESIAN_POINT('Ctrl Pts',(-37.3618413941348,-50.7093714246351,50.3948952551838));
#3799=CARTESIAN_POINT('Ctrl Pts',(-36.4178417666551,-51.3963588877172,50.285563028008));
#3800=CARTESIAN_POINT('Ctrl Pts',(-33.1804188882601,-53.6225450175898,49.7399024823671));
#3801=CARTESIAN_POINT('Ctrl Pts',(-30.8114647205834,-55.0348296333421,49.0598914905262));
#3802=CARTESIAN_POINT('Ctrl Pts',(-28.4166767125409,-56.2447543177868,48.1820111066478));
#3803=CARTESIAN_POINT('Ctrl Pts',(-26.1520749873255,-57.388904663693,47.3518543557425));
#3804=CARTESIAN_POINT('Ctrl Pts',(-23.8404039050929,-58.3632675108436,46.336347826033));
#3805=CARTESIAN_POINT('Ctrl Pts',(-21.1072099614881,-59.2892679071429,44.9679026444778));
#3806=CARTESIAN_POINT('Ctrl Pts',(-20.6643608874613,-59.4318908576925,44.7404537302794));
#3807=CARTESIAN_POINT('Ctrl Pts',(-20.231930757746,-59.5644920104921,44.5129986901878));
#3808=CARTESIAN_POINT('',(-38.5798664519986,-49.7725403841202,50.4555155567833));
#3809=CARTESIAN_POINT('Ctrl Pts',(-38.2854058409912,-49.9999999999953,50.4424385454509));
#3810=CARTESIAN_POINT('Ctrl Pts',(-38.3515778448596,-49.9491746040901,50.4458449507085));
#3811=CARTESIAN_POINT('Ctrl Pts',(-38.4176560687005,-49.898226400588,50.4489345108354));
#3812=CARTESIAN_POINT('Ctrl Pts',(-38.5157318449086,-49.822317707184,50.4530498483978));
#3813=CARTESIAN_POINT('Ctrl Pts',(-38.547808055437,-49.7974452217313,50.4543208261665));
#3814=CARTESIAN_POINT('Ctrl Pts',(-38.5798664519984,-49.7725403841204,50.4555155567833));
#3815=CARTESIAN_POINT('',(-41.1394816592074,-47.7,49.9630434410128));
#3816=CARTESIAN_POINT('Ctrl Pts',(-38.5798664519984,-49.7725403841204,50.4555155567836));
#3817=CARTESIAN_POINT('Ctrl Pts',(-38.6970651741326,-49.6885473124087,50.3083686103933));
#3818=CARTESIAN_POINT('Ctrl Pts',(-38.8347628155506,-49.5861824089871,50.1867407756321));
#3819=CARTESIAN_POINT('Ctrl Pts',(-39.1907474020213,-49.3148462104976,49.9534324525912));
#3820=CARTESIAN_POINT('Ctrl Pts',(-39.4331770244096,-49.1250797701034,49.8554273009389));
#3821=CARTESIAN_POINT('Ctrl Pts',(-39.9375446162809,-48.718848559568,49.7602323175621));
#3822=CARTESIAN_POINT('Ctrl Pts',(-40.1779752013763,-48.5209965198782,49.7543000194341));
#3823=CARTESIAN_POINT('Ctrl Pts',(-40.6619788021317,-48.1143717398999,49.8082995424193));
#3824=CARTESIAN_POINT('Ctrl Pts',(-40.9057144316312,-47.9051170939604,49.8710309952226));
#3825=CARTESIAN_POINT('Ctrl Pts',(-41.1394816592075,-47.6999999999999,49.9630434410128));
#3826=CARTESIAN_POINT('',(-41.8907248417581,-47.028678232477,50.2716738878482));
#3827=CARTESIAN_POINT('Ctrl Pts',(-41.1394816592074,-47.7,49.9630434410128));
#3828=CARTESIAN_POINT('Ctrl Pts',(-41.3926215747855,-47.4778845033706,50.0626811147832));
#3829=CARTESIAN_POINT('Ctrl Pts',(-41.643051089218,-47.2540967376457,50.165606007348));
#3830=CARTESIAN_POINT('Ctrl Pts',(-41.8907248417581,-47.028678232477,50.2716738878482));
#3831=CARTESIAN_POINT('',(-44.9792091623429,-44.1189314093425,49.3416377549748));
#3832=CARTESIAN_POINT('Ctrl Pts',(-44.9792091623429,-44.1189314093425,49.3416377549748));
#3833=CARTESIAN_POINT('Ctrl Pts',(-44.8437063031815,-44.2553691661564,49.4053695766502));
#3834=CARTESIAN_POINT('Ctrl Pts',(-44.7055443727291,-44.3931867574365,49.4666172657251));
#3835=CARTESIAN_POINT('Ctrl Pts',(-43.7193629299819,-45.3674467582871,49.8777179342852));
#3836=CARTESIAN_POINT('Ctrl Pts',(-42.8209888310708,-46.2068860367389,50.1206573756315));
#3837=CARTESIAN_POINT('Ctrl Pts',(-41.8907248417581,-47.028678232477,50.2716738878482));
#3838=CARTESIAN_POINT('',(-45.826534449972,-43.2478113281339,48.9068409718272));
#3839=CARTESIAN_POINT('Ctrl Pts',(-45.826534449972,-43.2478113281339,48.9068409718272));
#3840=CARTESIAN_POINT('Ctrl Pts',(-45.6276647526746,-43.4566413369074,49.0179333676985));
#3841=CARTESIAN_POINT('Ctrl Pts',(-45.4237742429031,-43.6675396818657,49.1250578678488));
#3842=CARTESIAN_POINT('Ctrl Pts',(-45.1366804335053,-43.9599231290867,49.2666838308801));
#3843=CARTESIAN_POINT('Ctrl Pts',(-45.0581439528319,-44.0394520107856,49.3045119111176));
#3844=CARTESIAN_POINT('Ctrl Pts',(-44.9792091623429,-44.1189314093425,49.3416377549748));
#3845=CARTESIAN_POINT('',(-45.1625521850175,-43.7294200805233,52.5066285257874));
#3846=CARTESIAN_POINT('Ctrl Pts',(-45.1625521850176,-43.7294200805234,52.5066285257877));
#3847=CARTESIAN_POINT('Ctrl Pts',(-45.4033975465995,-43.6016695779581,51.3063161157599));
#3848=CARTESIAN_POINT('Ctrl Pts',(-45.6246887579166,-43.4412163926604,50.1055641720507));
#3849=CARTESIAN_POINT('Ctrl Pts',(-45.826534449972,-43.2478113281339,48.9068409718271));
#3850=CARTESIAN_POINT('',(-46.7956919719437,-41.2028196581933,57.2313753696335));
#3851=CARTESIAN_POINT('Ctrl Pts',(-45.1625521850175,-43.7294200805235,52.5066285257876));
#3852=CARTESIAN_POINT('Ctrl Pts',(-45.285672724739,-43.5874687067704,52.6534168562685));
#3853=CARTESIAN_POINT('Ctrl Pts',(-45.4038034838008,-43.4480711007328,52.806491636872));
#3854=CARTESIAN_POINT('Ctrl Pts',(-45.9745784394598,-42.7573020557554,53.6143342189659));
#3855=CARTESIAN_POINT('Ctrl Pts',(-46.3453837365889,-42.2487523965339,54.3736323576898));
#3856=CARTESIAN_POINT('Ctrl Pts',(-46.735000785847,-41.5610613427759,55.8554622089093));
#3857=CARTESIAN_POINT('Ctrl Pts',(-46.8183626096817,-41.3339974430722,56.5304689588178));
#3858=CARTESIAN_POINT('Ctrl Pts',(-46.7956919719437,-41.2028196581933,57.2313753696335));
#3859=CARTESIAN_POINT('',(-34.8288531243597,-40.0281997340873,81.8279782338606));
#3860=CARTESIAN_POINT('Ctrl Pts',(-46.7956919719437,-41.2028196581933,57.2313753696335));
#3861=CARTESIAN_POINT('Ctrl Pts',(-46.6913943297834,-40.5993283129191,60.455937769166));
#3862=CARTESIAN_POINT('Ctrl Pts',(-46.1212941220263,-40.1280237879231,63.669059728629));
#3863=CARTESIAN_POINT('Ctrl Pts',(-44.0979234468335,-39.536237443656,69.723541345994));
#3864=CARTESIAN_POINT('Ctrl Pts',(-42.7013489601405,-39.4052370207302,72.5317743630297));
#3865=CARTESIAN_POINT('Ctrl Pts',(-39.204724530223,-39.4822042434017,77.6250185261943));
#3866=CARTESIAN_POINT('Ctrl Pts',(-37.1507553477503,-39.680903482671,79.8821212328433));
#3867=CARTESIAN_POINT('Ctrl Pts',(-34.8288531243597,-40.0281997340873,81.8279782338605));
#3868=CARTESIAN_POINT('',(-34.1742454874197,-40.1707583737031,82.3145676808814));
#3869=CARTESIAN_POINT('Ctrl Pts',(-34.8288531243597,-40.0281997340873,81.8279782338606));
#3870=CARTESIAN_POINT('Ctrl Pts',(-34.617894510399,-40.0597536621961,82.0047709048718));
#3871=CARTESIAN_POINT('Ctrl Pts',(-34.3991331483351,-40.1077726486697,82.1669308714008));
#3872=CARTESIAN_POINT('Ctrl Pts',(-34.1742454874197,-40.1707583737031,82.3145676808814));
#3873=CARTESIAN_POINT('Ctrl Pts',(-12.447463336594,-29.0746502677917,101.997120637703));
#3874=CARTESIAN_POINT('Ctrl Pts',(-13.4842996802303,-29.4015716523367,101.596481536145));
#3875=CARTESIAN_POINT('Ctrl Pts',(-17.7916551604043,-30.9192028330522,99.6941644207532));
#3876=CARTESIAN_POINT('Ctrl Pts',(-25.8963314235301,-34.9901788236429,93.9919708000558));
#3877=CARTESIAN_POINT('Ctrl Pts',(-31.3757754632325,-38.5032112531861,86.9718288143055));
#3878=CARTESIAN_POINT('Ctrl Pts',(-34.1742454874197,-40.1707583737031,82.3145676808813));
#3879=CARTESIAN_POINT('',(-11.2676035252383,38.3112098084661,0.));
#3880=CARTESIAN_POINT('Ctrl Pts',(-1.25039597815479,31.5999992936849,101.999997720122));
#3881=CARTESIAN_POINT('Ctrl Pts',(-3.01741831411443,31.6650284923342,101.923732705069));
#3882=CARTESIAN_POINT('Ctrl Pts',(-4.75572577206349,31.8673734037894,101.687195350107));
#3883=CARTESIAN_POINT('Ctrl Pts',(-9.17962642857064,32.7103926675488,100.676798131221));
#3884=CARTESIAN_POINT('Ctrl Pts',(-11.726136864796,33.5279111380779,99.6807649343575));
#3885=CARTESIAN_POINT('Ctrl Pts',(-16.5141687290236,35.5415767550308,97.0419154482762));
#3886=CARTESIAN_POINT('Ctrl Pts',(-18.7162718134474,36.7416724323212,95.3828357743775));
#3887=CARTESIAN_POINT('Ctrl Pts',(-24.7033859743046,40.5078265772346,89.6569360282846));
#3888=CARTESIAN_POINT('Ctrl Pts',(-27.7734406395385,43.176055801724,84.8746010148923));
#3889=CARTESIAN_POINT('Ctrl Pts',(-33.000150673401,48.2255135800542,72.8224627702093));
#3890=CARTESIAN_POINT('Ctrl Pts',(-34.6850040057367,50.3326268340515,65.2934305102033));
#3891=CARTESIAN_POINT('Ctrl Pts',(-35.9283185084794,52.3422083684745,49.747805137978));
#3892=CARTESIAN_POINT('Ctrl Pts',(-35.5017452130988,52.2666545127731,41.8628243579481));
#3893=CARTESIAN_POINT('Ctrl Pts',(-32.6517686823736,50.2094245599716,27.5865026972465));
#3894=CARTESIAN_POINT('Ctrl Pts',(-30.4785152645898,48.452021262045,21.2100949079709));
#3895=CARTESIAN_POINT('Ctrl Pts',(-24.9530767019316,44.657419257886,11.4252091508351));
#3896=CARTESIAN_POINT('Ctrl Pts',(-22.0601776724145,42.8170904788726,7.68119326185596));
#3897=CARTESIAN_POINT('Ctrl Pts',(-16.3473294353041,40.0769323827708,2.7959549384704));
#3898=CARTESIAN_POINT('Ctrl Pts',(-13.9305019162256,39.0930827493415,1.20745768047801));
#3899=CARTESIAN_POINT('Ctrl Pts',(-11.2676035252383,38.3112098084661,-2.24820162486594E-14));
#3900=CARTESIAN_POINT('Origin',(0.,0.,0.));
#3901=CARTESIAN_POINT('',(-24.7040184654136,-53.9984701321718,27.295819693791));
#3902=CARTESIAN_POINT('Ctrl Pts',(-13.7510467667688,-54.7690746379031,20.4925958600236));
#3903=CARTESIAN_POINT('Ctrl Pts',(-14.3171589971563,-54.6934520775441,20.6213933191526));
#3904=CARTESIAN_POINT('Ctrl Pts',(-14.8781936234287,-54.6226500120229,20.7752581695545));
#3905=CARTESIAN_POINT('Ctrl Pts',(-17.4476243022439,-54.3181445698271,21.6037311597999));
#3906=CARTESIAN_POINT('Ctrl Pts',(-19.3506469560245,-54.1497791002097,22.5746140586003));
#3907=CARTESIAN_POINT('Ctrl Pts',(-22.4206772351906,-53.9897444216189,24.8285246349184));
#3908=CARTESIAN_POINT('Ctrl Pts',(-23.6431253278322,-53.9690769700744,25.9915991525879));
#3909=CARTESIAN_POINT('Ctrl Pts',(-24.7040184654136,-53.9984701321718,27.295819693791));
#3910=CARTESIAN_POINT('',(-31.1832769704806,-54.3739755756001,41.7586083946847));
#3911=CARTESIAN_POINT('Ctrl Pts',(-24.7040184654136,-53.9984701321718,27.295819693791));
#3912=CARTESIAN_POINT('Ctrl Pts',(-25.7096627371219,-53.7686334943155,27.8791832990794));
#3913=CARTESIAN_POINT('Ctrl Pts',(-26.6426091628981,-53.5844296415578,28.5931835851459));
#3914=CARTESIAN_POINT('Ctrl Pts',(-28.1851163126785,-53.3422914872418,30.1316968471717));
#3915=CARTESIAN_POINT('Ctrl Pts',(-28.8153857882399,-53.2706472205654,30.9168470337196));
#3916=CARTESIAN_POINT('Ctrl Pts',(-29.9599577472678,-53.2074793203617,32.72283098235));
#3917=CARTESIAN_POINT('Ctrl Pts',(-30.4431307631936,-53.2273950859478,33.749658988043));
#3918=CARTESIAN_POINT('Ctrl Pts',(-31.049971917369,-53.3525062375204,35.6111464346481));
#3919=CARTESIAN_POINT('Ctrl Pts',(-31.2332005411202,-53.4331016723662,36.4179497363024));
#3920=CARTESIAN_POINT('Ctrl Pts',(-31.4480090656669,-53.6430295897371,38.0281096519834));
#3921=CARTESIAN_POINT('Ctrl Pts',(-31.4829038814337,-53.7704368291687,38.826633242907));
#3922=CARTESIAN_POINT('Ctrl Pts',(-31.4165778255599,-54.0545107011666,40.3426162953158));
#3923=CARTESIAN_POINT('Ctrl Pts',(-31.3274056099279,-54.2069074012145,41.0575953494699));
#3924=CARTESIAN_POINT('Ctrl Pts',(-31.1832769704806,-54.3739755756002,41.7586083946847));
#3925=CARTESIAN_POINT('',(-28.5292118966208,-56.1728239527372,46.8989556867945));
#3926=CARTESIAN_POINT('Ctrl Pts',(-31.1832769704806,-54.3739755756002,41.7586083946847));
#3927=CARTESIAN_POINT('Ctrl Pts',(-31.0889575049536,-54.4833069407963,42.2173595214954));
#3928=CARTESIAN_POINT('Ctrl Pts',(-30.9673661772765,-54.6011276999801,42.6706395690521));
#3929=CARTESIAN_POINT('Ctrl Pts',(-30.3893475891203,-55.0881637280262,44.3827161711969));
#3930=CARTESIAN_POINT('Ctrl Pts',(-29.7339265975775,-55.5152100224517,45.5678977000508));
#3931=CARTESIAN_POINT('Ctrl Pts',(-28.743063764803,-56.0583469892337,46.6779163322476));
#3932=CARTESIAN_POINT('Ctrl Pts',(-28.6371197989105,-56.1154917140428,46.7903768017854));
#3933=CARTESIAN_POINT('Ctrl Pts',(-28.5292118966207,-56.1728239527373,46.8989556867944));
#3934=CARTESIAN_POINT('Ctrl Pts',(-28.5292118966208,-56.1728239527372,46.8989556867945));
#3935=CARTESIAN_POINT('Ctrl Pts',(-25.9793089436005,-57.4581721173355,46.4821214003954));
#3936=CARTESIAN_POINT('Ctrl Pts',(-23.3893370771659,-58.5353541579505,45.7817932303219));
#3937=CARTESIAN_POINT('Ctrl Pts',(-20.8267786499437,-59.3739755755999,44.7569621477161));
#3938=CARTESIAN_POINT('',(-56.000000834465,27.005621358006,38.0000005662441));
#3939=CARTESIAN_POINT('',(-54.7629356699372,6.84689801297709,78.2909997991952));
#3940=CARTESIAN_POINT('Ctrl Pts',(-56.000000834465,27.0056213580061,38.0000005662441));
#3941=CARTESIAN_POINT('Ctrl Pts',(-57.5876344146319,25.2283748585997,41.9413800743792));
#3942=CARTESIAN_POINT('Ctrl Pts',(-58.6576438457755,23.3912707217425,46.0430058244973));
#3943=CARTESIAN_POINT('Ctrl Pts',(-59.7394130455217,19.62201178919,54.2736910554745));
#3944=CARTESIAN_POINT('Ctrl Pts',(-59.7685688029261,17.7082564621739,58.3694643605293));
#3945=CARTESIAN_POINT('Ctrl Pts',(-58.5429743223012,12.3821592375031,69.1643794700174));
#3946=CARTESIAN_POINT('Ctrl Pts',(-56.5309756272673,9.39616985907531,74.5771198719101));
#3947=CARTESIAN_POINT('Ctrl Pts',(-54.7629356699355,6.84689801299085,78.2909997991952));
#3948=CARTESIAN_POINT('',(-54.7629356699372,-6.84689801297709,78.2909997991952));
#3949=CARTESIAN_POINT('Ctrl Pts',(-54.7629356699372,6.84689801297715,78.2909997991952));
#3950=CARTESIAN_POINT('Ctrl Pts',(-55.3216862988155,6.01100259873357,77.482576311154));
#3951=CARTESIAN_POINT('Ctrl Pts',(-55.8481154162326,5.05582597791909,76.6702518770982));
#3952=CARTESIAN_POINT('Ctrl Pts',(-56.5580870381336,3.19123657591987,75.529293797761));
#3953=CARTESIAN_POINT('Ctrl Pts',(-56.8050639746334,2.2829844023123,75.1139163148587));
#3954=CARTESIAN_POINT('Ctrl Pts',(-57.0037965853718,0.648619684188792,74.7773110119115));
#3955=CARTESIAN_POINT('Ctrl Pts',(-57.0242017602806,-0.00755992242368622,
74.7421934102693));
#3956=CARTESIAN_POINT('Ctrl Pts',(-56.9311588733792,-1.4895518649359,74.9005187545863));
#3957=CARTESIAN_POINT('Ctrl Pts',(-56.7890859644306,-2.2616755106048,75.1424223825302));
#3958=CARTESIAN_POINT('Ctrl Pts',(-56.1720856689277,-4.45412948559096,76.1599508656217));
#3959=CARTESIAN_POINT('Ctrl Pts',(-55.4862684808219,-5.76478633678215,77.2444520124589));
#3960=CARTESIAN_POINT('Ctrl Pts',(-54.7629356699372,-6.84689801297716,78.2909997991952));
#3961=CARTESIAN_POINT('',(-56.000000834465,-27.005621358006,38.0000005662441));
#3962=CARTESIAN_POINT('Ctrl Pts',(-54.7629356699355,-6.84689801299087,78.2909997991953));
#3963=CARTESIAN_POINT('Ctrl Pts',(-56.9735628272499,-10.034320079422,73.6474374225557));
#3964=CARTESIAN_POINT('Ctrl Pts',(-59.4688505104658,-13.8051165005163,66.5142424740239));
#3965=CARTESIAN_POINT('Ctrl Pts',(-59.7401231376694,-21.1940056743844,50.9670866162046));
#3966=CARTESIAN_POINT('Ctrl Pts',(-58.5343755377284,-24.1685633454857,44.2917121086066));
#3967=CARTESIAN_POINT('Ctrl Pts',(-56.000000834465,-27.0056213580061,38.0000005662441));
#3968=CARTESIAN_POINT('Ctrl Pts',(-56.000000834465,-27.005621358006,38.0000005662441));
#3969=CARTESIAN_POINT('Ctrl Pts',(-57.0748265182574,-22.5582147969741,32.2279124238239));
#3970=CARTESIAN_POINT('Ctrl Pts',(-56.685695599565,-18.2709929422566,26.8564610124138));
#3971=CARTESIAN_POINT('Ctrl Pts',(-54.9286576326174,-11.3906050294337,19.4909240640123));
#3972=CARTESIAN_POINT('Ctrl Pts',(-54.0327891755724,-8.95364178841589,17.207311805119));
#3973=CARTESIAN_POINT('Ctrl Pts',(-52.9412623590936,-5.6087784388975,14.7799003695299));
#3974=CARTESIAN_POINT('Ctrl Pts',(-52.5341839734896,-4.30301444329997,13.9714636984746));
#3975=CARTESIAN_POINT('Ctrl Pts',(-52.1506132900537,-2.342967123295,13.24578146712));
#3976=CARTESIAN_POINT('Ctrl Pts',(-52.0608652765303,-1.74050975137293,13.0809531818582));
#3977=CARTESIAN_POINT('Ctrl Pts',(-51.9771677474761,-0.703413671572356,
12.9279103569944));
#3978=CARTESIAN_POINT('Ctrl Pts',(-51.9617709980595,-0.288439199549098,
12.9000392487728));
#3979=CARTESIAN_POINT('Ctrl Pts',(-51.9700165982783,0.570635424945546,12.9150285644502));
#3980=CARTESIAN_POINT('Ctrl Pts',(-51.9954514900525,1.00362664910425,12.9611354889914));
#3981=CARTESIAN_POINT('Ctrl Pts',(-52.1149680730998,2.16799061622228,13.1805096610513));
#3982=CARTESIAN_POINT('Ctrl Pts',(-52.2430112003081,2.87350254275025,13.4175277745452));
#3983=CARTESIAN_POINT('Ctrl Pts',(-53.0284963357739,6.32018036888834,14.9310099952436));
#3984=CARTESIAN_POINT('Ctrl Pts',(-54.2903854066933,9.38394148759941,17.5171643298272));
#3985=CARTESIAN_POINT('Ctrl Pts',(-56.5447319639001,17.2485288841931,25.5924692075092));
#3986=CARTESIAN_POINT('Ctrl Pts',(-57.2093773271667,22.0014713553544,31.5053402520103));
#3987=CARTESIAN_POINT('Ctrl Pts',(-56.000000834465,27.005621358006,38.0000005662441));
#3988=CARTESIAN_POINT('',(-49.8042965137682,5.,86.0602303490348));
#3989=CARTESIAN_POINT('',(-48.4753888382183,5.,87.7070316275442));
#3990=CARTESIAN_POINT('Ctrl Pts',(-49.8042965137805,5.,86.0602303490444));
#3991=CARTESIAN_POINT('Ctrl Pts',(-49.8042564959585,5.,86.0602817195208));
#3992=CARTESIAN_POINT('Ctrl Pts',(-49.8042164780833,5.,86.0603330898976));
#3993=CARTESIAN_POINT('Ctrl Pts',(-49.3669246514789,5.,86.6216765488298));
#3994=CARTESIAN_POINT('Ctrl Pts',(-48.923299650258,5.,87.1710652919495));
#3995=CARTESIAN_POINT('Ctrl Pts',(-48.4753888382183,5.,87.7070316275441));
#3996=CARTESIAN_POINT('',(-39.3401994115789,5.,96.5855756953904));
#3997=CARTESIAN_POINT('Ctrl Pts',(-48.4753888382183,5.,87.7070316275441));
#3998=CARTESIAN_POINT('Ctrl Pts',(-47.6944244093809,5.,88.6415271384865));
#3999=CARTESIAN_POINT('Ctrl Pts',(-46.9003238415133,5.,89.5351284955585));
#4000=CARTESIAN_POINT('Ctrl Pts',(-44.84937084907,5.,91.7186289197352));
#4001=CARTESIAN_POINT('Ctrl Pts',(-43.4738686003731,5.,93.0614278876905));
#4002=CARTESIAN_POINT('Ctrl Pts',(-41.1459864376973,5.,95.1195094942728));
#4003=CARTESIAN_POINT('Ctrl Pts',(-40.2556355255092,5.,95.8638088691602));
#4004=CARTESIAN_POINT('Ctrl Pts',(-39.3401994115789,5.,96.5855756953904));
#4005=CARTESIAN_POINT('',(-37.9767937613588,5.,97.6300777499246));
#4006=CARTESIAN_POINT('Ctrl Pts',(-39.3401994115789,5.,96.5855756953904));
#4007=CARTESIAN_POINT('Ctrl Pts',(-38.8914383691409,5.,96.9393970362872));
#4008=CARTESIAN_POINT('Ctrl Pts',(-38.4366673644224,5.,97.2878272347771));
#4009=CARTESIAN_POINT('Ctrl Pts',(-37.9767937613588,5.,97.6300777499246));
#4010=CARTESIAN_POINT('',(-33.958635735903,0.,100.611466607451));
#4011=CARTESIAN_POINT('Ctrl Pts',(-37.9767937613588,5.,97.6300777499246));
#4012=CARTESIAN_POINT('Ctrl Pts',(-37.9146061986755,5.,97.6763594352015));
#4013=CARTESIAN_POINT('Ctrl Pts',(-37.8524241815553,4.99819987880872,97.722631145291));
#4014=CARTESIAN_POINT('Ctrl Pts',(-37.7105203233136,4.98997972850821,97.8282130363482));
#4015=CARTESIAN_POINT('Ctrl Pts',(-37.6308661547784,4.98239420664134,97.8874690247183));
#4016=CARTESIAN_POINT('Ctrl Pts',(-37.4733932390873,4.96149736301611,98.0045961550431));
#4017=CARTESIAN_POINT('Ctrl Pts',(-37.3956002683329,4.94829195560358,98.0624484626249));
#4018=CARTESIAN_POINT('Ctrl Pts',(-37.2139507880209,4.91067329824304,98.1975135414032));
#4019=CARTESIAN_POINT('Ctrl Pts',(-37.1104534270051,4.88397807916935,98.2744515407505));
#4020=CARTESIAN_POINT('Ctrl Pts',(-36.7836751416465,4.7828067824857,98.5173184576956));
#4021=CARTESIAN_POINT('Ctrl Pts',(-36.5646201113525,4.6894125785415,98.6800415307066));
#4022=CARTESIAN_POINT('Ctrl Pts',(-36.1466435419424,4.45943548609016,98.9903849532055));
#4023=CARTESIAN_POINT('Ctrl Pts',(-35.9481155512809,4.32430613971552,99.1377167046714));
#4024=CARTESIAN_POINT('Ctrl Pts',(-35.4900107429615,3.9469432831994,99.4775380232517));
#4025=CARTESIAN_POINT('Ctrl Pts',(-35.2427531895953,3.68503225594584,99.660821692492));
#4026=CARTESIAN_POINT('Ctrl Pts',(-34.7050126385731,2.95956674067724,100.059228505725));
#4027=CARTESIAN_POINT('Ctrl Pts',(-34.4495023509039,2.46393867026923,100.248342580028));
#4028=CARTESIAN_POINT('Ctrl Pts',(-34.064015915818,1.3149196692377,100.533562427902));
#4029=CARTESIAN_POINT('Ctrl Pts',(-33.9586357359029,0.660728093606651,100.611466607451));
#4030=CARTESIAN_POINT('Ctrl Pts',(-33.9586357359029,4.02455846426619E-15,
100.611466607451));
#4031=CARTESIAN_POINT('',(-33.7991607677354,-6.00000000000034,100.379030958338));
#4032=CARTESIAN_POINT('Ctrl Pts',(-33.9586357359029,1.11022302462516E-15,
100.611466607451));
#4033=CARTESIAN_POINT('Ctrl Pts',(-33.9586357359029,-1.94444409963726,100.611466607451));
#4034=CARTESIAN_POINT('Ctrl Pts',(-33.9080092589444,-3.95727825195124,100.537678236966));
#4035=CARTESIAN_POINT('Ctrl Pts',(-33.7991607677354,-6.00000000000034,100.379030958338));
#4036=CARTESIAN_POINT('',(-35.3535207023547,-8.,99.1093685982703));
#4037=CARTESIAN_POINT('Ctrl Pts',(-33.7991607677353,-6.00000000000224,100.379030958338));
#4038=CARTESIAN_POINT('Ctrl Pts',(-33.7951863308986,-6.07458687275237,100.373238194642));
#4039=CARTESIAN_POINT('Ctrl Pts',(-33.7946738042483,-6.14925535206067,100.365116340304));
#4040=CARTESIAN_POINT('Ctrl Pts',(-33.8070275949596,-6.4565451192677,100.321998716694));
#4041=CARTESIAN_POINT('Ctrl Pts',(-33.8505753524169,-6.6831508944796,100.2671231897));
#4042=CARTESIAN_POINT('Ctrl Pts',(-33.9954934184682,-7.0842914980121,100.124490231338));
#4043=CARTESIAN_POINT('Ctrl Pts',(-34.0904466265246,-7.25911561597813,100.041003148939));
#4044=CARTESIAN_POINT('Ctrl Pts',(-34.310433939277,-7.5436024079435,99.8612029075123));
#4045=CARTESIAN_POINT('Ctrl Pts',(-34.4291557389525,-7.65724754823587,99.7686761565191));
#4046=CARTESIAN_POINT('Ctrl Pts',(-34.6401908734908,-7.80363981294586,99.6104753813806));
#4047=CARTESIAN_POINT('Ctrl Pts',(-34.7241672066294,-7.85035546782156,99.548824155289));
#4048=CARTESIAN_POINT('Ctrl Pts',(-34.8546251367453,-7.90653944409812,99.4548949509038));
#4049=CARTESIAN_POINT('Ctrl Pts',(-34.8985276930049,-7.92287019872763,99.4235755902625));
#4050=CARTESIAN_POINT('Ctrl Pts',(-34.9694375638116,-7.94521369698246,99.3734440171393));
#4051=CARTESIAN_POINT('Ctrl Pts',(-34.9960197409519,-7.95271429507885,99.3547496691921));
#4052=CARTESIAN_POINT('Ctrl Pts',(-35.0463190648877,-7.96527509901101,99.3195596940088));
#4053=CARTESIAN_POINT('Ctrl Pts',(-35.0699874288321,-7.9705192016083,99.3030761076894));
#4054=CARTESIAN_POINT('Ctrl Pts',(-35.1231517662753,-7.98081793134139,99.2662171604956));
#4055=CARTESIAN_POINT('Ctrl Pts',(-35.152701091036,-7.98553700677592,99.245843776285));
#4056=CARTESIAN_POINT('Ctrl Pts',(-35.2390554144278,-7.99642189407126,99.1866324397818));
#4057=CARTESIAN_POINT('Ctrl Pts',(-35.2961748245609,-8.,99.1478749076843));
#4058=CARTESIAN_POINT('Ctrl Pts',(-35.3535207023547,-8.,99.1093685982703));
#4059=CARTESIAN_POINT('',(-41.0311998159566,-8.,94.7984406423423));
#4060=CARTESIAN_POINT('Ctrl Pts',(-35.3535207023547,-8.,99.1093685982703));
#4061=CARTESIAN_POINT('Ctrl Pts',(-37.3084206662541,-8.,97.7967026180917));
#4062=CARTESIAN_POINT('Ctrl Pts',(-39.2169914668204,-8.,96.349967773371));
#4063=CARTESIAN_POINT('Ctrl Pts',(-41.0311998159566,-8.,94.7984406423423));
#4064=CARTESIAN_POINT('',(-42.744267567688,-8.,93.2771419320103));
#4065=CARTESIAN_POINT('Ctrl Pts',(-41.0311998159566,-8.,94.7984406423423));
#4066=CARTESIAN_POINT('Ctrl Pts',(-41.6151188583753,-8.,94.2990678789724));
#4067=CARTESIAN_POINT('Ctrl Pts',(-42.186788671501,-8.,93.7911432135293));
#4068=CARTESIAN_POINT('Ctrl Pts',(-42.744267567688,-8.,93.2771419320102));
#4069=CARTESIAN_POINT('',(-41.2353830949219,-7.24280370531953,94.7436355819041));
#4070=CARTESIAN_POINT('Ctrl Pts',(-42.7442675676882,-7.99999999999911,93.2771419320102));
#4071=CARTESIAN_POINT('Ctrl Pts',(-42.5176583384041,-7.93447732850206,93.4973847681918));
#4072=CARTESIAN_POINT('Ctrl Pts',(-42.2902534631474,-7.84839950196328,93.7184008973507));
#4073=CARTESIAN_POINT('Ctrl Pts',(-41.7788290232636,-7.60611404795424,94.2154573036076));
#4074=CARTESIAN_POINT('Ctrl Pts',(-41.4978957973006,-7.43627168501716,94.4884979500951));
#4075=CARTESIAN_POINT('Ctrl Pts',(-41.2353830949219,-7.24280370531956,94.7436355819041));
#4076=CARTESIAN_POINT('',(-38.1351558951749,0.,97.7567645415533));
#4077=CARTESIAN_POINT('Ctrl Pts',(-41.2353830949219,-7.24280370531954,94.7436355819041));
#4078=CARTESIAN_POINT('Ctrl Pts',(-41.0600291173415,-7.11357041692246,94.9140631389812));
#4079=CARTESIAN_POINT('Ctrl Pts',(-40.8928352587551,-6.97395112946427,95.0765598286507));
#4080=CARTESIAN_POINT('Ctrl Pts',(-40.5006124066763,-6.60974024484012,95.4577635140875));
#4081=CARTESIAN_POINT('Ctrl Pts',(-40.2549494268737,-6.34424484835529,95.696524801911));
#4082=CARTESIAN_POINT('Ctrl Pts',(-39.7992344128492,-5.75925781350076,96.1394368911334));
#4083=CARTESIAN_POINT('Ctrl Pts',(-39.589169769558,-5.43978527661822,96.3435999473607));
#4084=CARTESIAN_POINT('Ctrl Pts',(-39.1797201716436,-4.72098184206134,96.7415464078953));
#4085=CARTESIAN_POINT('Ctrl Pts',(-38.9373317669801,-4.19190983838649,96.9771251169765));
#4086=CARTESIAN_POINT('Ctrl Pts',(-38.5722350809169,-3.18129713184673,97.3319647229057));
#4087=CARTESIAN_POINT('Ctrl Pts',(-38.4046803226816,-2.55738512258534,97.4948121730561));
#4088=CARTESIAN_POINT('Ctrl Pts',(-38.1861580882599,-1.27094206146311,97.7071952116015));
#4089=CARTESIAN_POINT('Ctrl Pts',(-38.1351558951748,-0.608422477787861,
97.7567645415535));
#4090=CARTESIAN_POINT('Ctrl Pts',(-38.1351558951748,-3.19189119579733E-15,
97.7567645415535));
#4091=CARTESIAN_POINT('',(-49.6883510839547,0.,86.5281465219984));
#4092=CARTESIAN_POINT('Origin',(-1.18634027236017,0.,48.1820111066478));
#4093=CARTESIAN_POINT('',(-46.5748712757243,-7.24054179378179,89.5541557693942));
#4094=CARTESIAN_POINT('Ctrl Pts',(-49.6883510839548,-1.52655665885959E-15,
86.5281465219983));
#4095=CARTESIAN_POINT('Ctrl Pts',(-49.6883510839548,-0.484532443226435,
86.5281465219983));
#4096=CARTESIAN_POINT('Ctrl Pts',(-49.6557353680464,-1.01407053268826,86.5598459271746));
#4097=CARTESIAN_POINT('Ctrl Pts',(-49.5147590580322,-2.05314573819513,86.6968616279474));
#4098=CARTESIAN_POINT('Ctrl Pts',(-49.4063916719906,-2.56268106227864,86.8021845246661));
#4099=CARTESIAN_POINT('Ctrl Pts',(-49.1732131800179,-3.39035429805315,87.0288120657017));
#4100=CARTESIAN_POINT('Ctrl Pts',(-49.0207669689557,-3.82702440630275,87.1769754304311));
#4101=CARTESIAN_POINT('Ctrl Pts',(-48.7675007926703,-4.4269975430512,87.4231263094142));
#4102=CARTESIAN_POINT('Ctrl Pts',(-48.6408820318086,-4.69423798776757,87.5461878241376));
#4103=CARTESIAN_POINT('Ctrl Pts',(-48.3649053212786,-5.20480931751858,87.8144112042675));
#4104=CARTESIAN_POINT('Ctrl Pts',(-48.2155432625023,-5.44813588342005,87.9595770633401));
#4105=CARTESIAN_POINT('Ctrl Pts',(-47.8591666135164,-5.97083659693199,88.3059416141995));
#4106=CARTESIAN_POINT('Ctrl Pts',(-47.6079287939643,-6.28662634813297,88.5501211214024));
#4107=CARTESIAN_POINT('Ctrl Pts',(-47.0909830733387,-6.82532219022308,89.0525436927259));
#4108=CARTESIAN_POINT('Ctrl Pts',(-46.8283525182918,-7.05405601690667,89.3077958662328));
#4109=CARTESIAN_POINT('Ctrl Pts',(-46.5748712757243,-7.24054179378177,89.5541557693942));
#4110=CARTESIAN_POINT('',(-45.088072482665,-8.,90.9976619604066));
#4111=CARTESIAN_POINT('Ctrl Pts',(-46.574871275724,-7.24054179378194,89.5541557693944));
#4112=CARTESIAN_POINT('Ctrl Pts',(-46.3641908174639,-7.39553909667142,89.758917339794));
#4113=CARTESIAN_POINT('Ctrl Pts',(-46.1333120801866,-7.56855525501693,89.9782898483319));
#4114=CARTESIAN_POINT('Ctrl Pts',(-45.8630232678471,-7.78611983035867,90.2273184428177));
#4115=CARTESIAN_POINT('Ctrl Pts',(-45.800315773467,-7.83774095913593,90.2845435243215));
#4116=CARTESIAN_POINT('Ctrl Pts',(-45.7158440058834,-7.90992535127574,90.3606855286722));
#4117=CARTESIAN_POINT('Ctrl Pts',(-45.6923272837433,-7.9303125935004,90.3817805184807));
#4118=CARTESIAN_POINT('Ctrl Pts',(-45.6582929817482,-7.96035541660422,90.4121396599047));
#4119=CARTESIAN_POINT('Ctrl Pts',(-45.6475871038052,-7.96988410931319,90.4216646921233));
#4120=CARTESIAN_POINT('Ctrl Pts',(-45.6311640516551,-7.98463709801616,90.4362353779112));
#4121=CARTESIAN_POINT('Ctrl Pts',(-45.6254168859464,-7.98982553895025,90.4413265722598));
#4122=CARTESIAN_POINT('Ctrl Pts',(-45.6188891110719,-7.99574996897323,90.4471000929414));
#4123=CARTESIAN_POINT('Ctrl Pts',(-45.6180996141906,-7.99646701607648,90.4477982139985));
#4124=CARTESIAN_POINT('Ctrl Pts',(-45.6168735495267,-7.99758138585133,90.448882135537));
#4125=CARTESIAN_POINT('Ctrl Pts',(-45.6164370986794,-7.99797823698997,90.4492679395508));
#4126=CARTESIAN_POINT('Ctrl Pts',(-45.6157729643671,-7.99858235967115,90.4498549341865));
#4127=CARTESIAN_POINT('Ctrl Pts',(-45.6155449747405,-7.99878979205264,90.450056429781));
#4128=CARTESIAN_POINT('Ctrl Pts',(-45.6152055470911,-7.99909868040847,90.4503563942332));
#4129=CARTESIAN_POINT('Ctrl Pts',(-45.6150943955588,-7.99919984190016,90.4504546197627));
#4130=CARTESIAN_POINT('Ctrl Pts',(-45.6149173522863,-7.99936098966789,90.4506110694847));
#4131=CARTESIAN_POINT('Ctrl Pts',(-45.6148537133172,-7.99941891863844,90.4506673049408));
#4132=CARTESIAN_POINT('Ctrl Pts',(-45.6147508869759,-7.99951252422825,90.4507581672929));
#4133=CARTESIAN_POINT('Ctrl Pts',(-45.6147114662489,-7.99954841105404,90.4507930010356));
#4134=CARTESIAN_POINT('Ctrl Pts',(-45.6146342633961,-7.99961869626909,90.4508612196582));
#4135=CARTESIAN_POINT('Ctrl Pts',(-45.6146068705457,-7.99964363556738,90.4508854244925));
#4136=CARTESIAN_POINT('Ctrl Pts',(-45.6145698025826,-7.99967738397645,90.4509181782507));
#4137=CARTESIAN_POINT('Ctrl Pts',(-45.6145492558899,-7.99969609003675,90.4509363337235));
#4138=CARTESIAN_POINT('Ctrl Pts',(-45.6144875593642,-7.99975226384738,90.4509908489047));
#4139=CARTESIAN_POINT('Ctrl Pts',(-45.6144659964157,-7.99977189712195,90.451009901828));
#4140=CARTESIAN_POINT('Ctrl Pts',(-45.6144352156328,-7.99979992358598,90.4510370995008));
#4141=CARTESIAN_POINT('Ctrl Pts',(-45.6144073110861,-7.99982533221359,90.4510617555047));
#4142=CARTESIAN_POINT('Ctrl Pts',(-45.6144016494129,-7.99983048743119,90.4510667580715));
#4143=CARTESIAN_POINT('Ctrl Pts',(-45.614378472356,-7.99985159111776,90.4510872369643));
#4144=CARTESIAN_POINT('Ctrl Pts',(-45.6143557152506,-7.99987231297675,90.451107344654));
#4145=CARTESIAN_POINT('Ctrl Pts',(-45.6143370298798,-7.99988932797492,90.4511238544873));
#4146=CARTESIAN_POINT('Ctrl Pts',(-45.6143332511467,-7.99989276884178,90.451127193273));
#4147=CARTESIAN_POINT('Ctrl Pts',(-45.6143171240245,-7.99990745378492,90.4511414427904));
#4148=CARTESIAN_POINT('Ctrl Pts',(-45.6143079882022,-7.9999157728594,90.4511495149197));
#4149=CARTESIAN_POINT('Ctrl Pts',(-45.6142941891631,-7.99992833814077,90.4511617073384));
#4150=CARTESIAN_POINT('Ctrl Pts',(-45.6142823110692,-7.99993915442886,90.4511722024197));
#4151=CARTESIAN_POINT('Ctrl Pts',(-45.6142763861254,-7.99994455123363,90.451177437219));
#4152=CARTESIAN_POINT('Ctrl Pts',(-45.6142653550378,-7.99995459663584,90.4511871838276));
#4153=CARTESIAN_POINT('Ctrl Pts',(-45.6142602485856,-7.999959244436,90.4511916961092));
#4154=CARTESIAN_POINT('Ctrl Pts',(-45.6142505258704,-7.99996809797673,90.4512002867592));
#4155=CARTESIAN_POINT('Ctrl Pts',(-45.6142459089474,-7.99997230201381,90.451204366136));
#4156=CARTESIAN_POINT('Ctrl Pts',(-45.6142366346133,-7.99998074691669,90.451212560667));
#4157=CARTESIAN_POINT('Ctrl Pts',(-45.6142319767661,-7.9999849866571,90.4512166764872));
#4158=CARTESIAN_POINT('Ctrl Pts',(-45.6142194888756,-7.99999635157638,90.451227711545));
#4159=CARTESIAN_POINT('Ctrl Pts',(-45.6142201407505,-8.00000000482972,90.4512263523902));
#4160=CARTESIAN_POINT('Ctrl Pts',(-45.614208515347,-7.99999999899558,90.4512385774734));
#4161=CARTESIAN_POINT('Ctrl Pts',(-45.6141801703892,-7.99999999814578,90.451268382072));
#4162=CARTESIAN_POINT('Ctrl Pts',(-45.6139475801132,-8.00000000892259,90.4515129462625));
#4163=CARTESIAN_POINT('Ctrl Pts',(-45.6116224907037,-7.99999999998986,90.4539578433142));
#4164=CARTESIAN_POINT('Ctrl Pts',(-45.4391823945005,-8.00000000018543,90.6352275293894));
#4165=CARTESIAN_POINT('Ctrl Pts',(-45.2688540176694,-8.,90.8121383078397));
#4166=CARTESIAN_POINT('Ctrl Pts',(-45.0943366991417,-8.,90.991235468555));
#4167=CARTESIAN_POINT('Ctrl Pts',(-45.0912047671612,-8.,90.9944488862457));
#4168=CARTESIAN_POINT('Ctrl Pts',(-45.088072482665,-8.,90.9976619604066));
#4169=CARTESIAN_POINT('',(-51.8249664392261,-8.,82.7660697375909));
#4170=CARTESIAN_POINT('Ctrl Pts',(-45.088072482665,-8.,90.9976619604066));
#4171=CARTESIAN_POINT('Ctrl Pts',(-45.6454246544165,-8.,90.4259342441899));
#4172=CARTESIAN_POINT('Ctrl Pts',(-46.1831685830746,-8.,89.8519366491312));
#4173=CARTESIAN_POINT('Ctrl Pts',(-48.4614196088399,-8.,87.3279495462589));
#4174=CARTESIAN_POINT('Ctrl Pts',(-50.2153859826457,-8.,85.123493886931));
#4175=CARTESIAN_POINT('Ctrl Pts',(-51.8249664392261,-8.,82.7660697375909));
#4176=CARTESIAN_POINT('',(-53.2707638571216,-6.00000001662846,80.9674219947754));
#4177=CARTESIAN_POINT('Ctrl Pts',(-51.8249664392261,-8.,82.7660697375909));
#4178=CARTESIAN_POINT('Ctrl Pts',(-51.9738657227887,-8.00000000044499,82.5479888298509));
#4179=CARTESIAN_POINT('Ctrl Pts',(-52.124989658459,-7.96494383617419,82.3315271607461));
#4180=CARTESIAN_POINT('Ctrl Pts',(-52.4477371650043,-7.80667385851824,81.881634746382));
#4181=CARTESIAN_POINT('Ctrl Pts',(-52.6178315468701,-7.66802215132886,81.6527314408555));
#4182=CARTESIAN_POINT('Ctrl Pts',(-52.8912404696967,-7.31804549100788,81.3057037180461));
#4183=CARTESIAN_POINT('Ctrl Pts',(-52.9991458907195,-7.12800258940239,81.1773168057276));
#4184=CARTESIAN_POINT('Ctrl Pts',(-53.1377565105856,-6.76989626953937,81.0321852240337));
#4185=CARTESIAN_POINT('Ctrl Pts',(-53.1812391466623,-6.62197826365179,80.9928357878528));
#4186=CARTESIAN_POINT('Ctrl Pts',(-53.2445486828916,-6.31398855515333,80.9517724546448));
#4187=CARTESIAN_POINT('Ctrl Pts',(-53.2638775245983,-6.15703314899867,80.9502611370377));
#4188=CARTESIAN_POINT('Ctrl Pts',(-53.27076385858,-6.,80.9674219984099));
#4189=CARTESIAN_POINT('',(-53.4011356215521,0.,81.295245631569));
#4190=CARTESIAN_POINT('Ctrl Pts',(-53.2707638578408,-6.00000001685587,80.9674219965677));
#4191=CARTESIAN_POINT('Ctrl Pts',(-53.2985140715148,-5.36719547419583,81.0365760008788));
#4192=CARTESIAN_POINT('Ctrl Pts',(-53.3217793767156,-4.73300542130633,81.0949369289758));
#4193=CARTESIAN_POINT('Ctrl Pts',(-53.381066116812,-2.7341134791917,81.2441065191284));
#4194=CARTESIAN_POINT('Ctrl Pts',(-53.4011356215521,-1.367844272739,81.2952456315691));
#4195=CARTESIAN_POINT('Ctrl Pts',(-53.4011356215521,-6.38378239159465E-15,
81.2952456315691));
#4196=CARTESIAN_POINT('Ctrl Pts',(-53.4011356215521,9.71445146547012E-16,
81.2952456315691));
#4197=CARTESIAN_POINT('Ctrl Pts',(-53.4011356215521,0.555286785662993,81.2952456315691));
#4198=CARTESIAN_POINT('Ctrl Pts',(-53.336608736567,1.10112087696845,81.3834863255227));
#4199=CARTESIAN_POINT('Ctrl Pts',(-53.0806074420629,2.17040913224618,81.731989966142));
#4200=CARTESIAN_POINT('Ctrl Pts',(-52.8839583221744,2.67260964692253,81.9991482734339));
#4201=CARTESIAN_POINT('Ctrl Pts',(-52.3534869717303,3.61753162298091,82.7144182247619));
#4202=CARTESIAN_POINT('Ctrl Pts',(-52.0075471268415,4.02688912959931,83.1779959575816));
#4203=CARTESIAN_POINT('Ctrl Pts',(-51.1733009410055,4.69567535884466,84.283702181685));
#4204=CARTESIAN_POINT('Ctrl Pts',(-50.6731087171737,4.90915546962143,84.9392790584857));
#4205=CARTESIAN_POINT('Ctrl Pts',(-50.0430025460471,4.99220607464032,85.7533120457175));
#4206=CARTESIAN_POINT('Ctrl Pts',(-49.9237882520562,4.99999999999882,85.9068400040269));
#4207=CARTESIAN_POINT('Ctrl Pts',(-49.8042965137805,5.,86.0602303490444));
#4208=CARTESIAN_POINT('Origin',(0.,-64.3739755756,29.8442132837907));
#4209=CARTESIAN_POINT('',(0.,-59.6187514629586,31.3894781926504));
#4210=CARTESIAN_POINT('',(10.1699061442219,-59.3739755756,29.8442132837907));
#4211=CARTESIAN_POINT('',(0.,-59.3739755756,29.8442132837907));
#4212=CARTESIAN_POINT('',(10.1699061442219,-59.6187514629586,31.3894781926504));
#4213=CARTESIAN_POINT('Origin',(10.1699061442219,-64.3739755756,29.8442132837907));
#4214=CARTESIAN_POINT('',(0.,-59.6187514629586,31.3894781926504));
#4215=CARTESIAN_POINT('Ctrl Pts',(10.1699061442219,-59.6187514629586,31.3894781926504));
#4216=CARTESIAN_POINT('Ctrl Pts',(11.0207008372066,-59.6014322462132,31.3361819865387));
#4217=CARTESIAN_POINT('Ctrl Pts',(11.8417186329798,-59.6136398850545,31.6763879519408));
#4218=CARTESIAN_POINT('Ctrl Pts',(12.4842440623147,-59.6445581377123,32.2848935179816));
#4219=CARTESIAN_POINT('Ctrl Pts',(10.1699061442219,-59.4569122093615,30.8914523094092));
#4220=CARTESIAN_POINT('Ctrl Pts',(11.129542898064,-59.4509680681264,30.8541029570146));
#4221=CARTESIAN_POINT('Ctrl Pts',(12.0649413559013,-59.4551703639197,31.2243054016314));
#4222=CARTESIAN_POINT('Ctrl Pts',(12.8021146261169,-59.4658146480382,31.8720886598636));
#4223=CARTESIAN_POINT('Ctrl Pts',(10.1699061442219,-59.3739755756,30.3678751254241));
#4224=CARTESIAN_POINT('Ctrl Pts',(11.2439766986221,-59.3739959813282,30.3491918406582));
#4225=CARTESIAN_POINT('Ctrl Pts',(12.2986927470047,-59.3740158848184,30.7492902083723));
#4226=CARTESIAN_POINT('Ctrl Pts',(13.1381049397434,-59.3739755756,31.4357524603533));
#4227=CARTESIAN_POINT('Ctrl Pts',(10.1699061442219,-59.3739755756,29.8442132837906));
#4228=CARTESIAN_POINT('Ctrl Pts',(11.3584316304941,-59.3739755756,29.8442132837906));
#4229=CARTESIAN_POINT('Ctrl Pts',(12.5324700332154,-59.3739755756,30.2742026453082));
#4230=CARTESIAN_POINT('Ctrl Pts',(13.4741617247246,-59.3739755756,30.9993299373477));
#4231=CARTESIAN_POINT('',(13.4741617247246,-59.3739755756,30.9993299373477));
#4232=CARTESIAN_POINT('',(12.4842440623148,-59.6445581377123,32.2848935179816));
#4233=CARTESIAN_POINT('Origin',(13.4741617247246,-64.3739755756,30.9993299373477));
#4234=CARTESIAN_POINT('Ctrl Pts',(12.4842440623147,-59.6445581377123,32.2848935179816));
#4235=CARTESIAN_POINT('Ctrl Pts',(11.8417186329798,-59.6136398850545,31.6763879519408));
#4236=CARTESIAN_POINT('Ctrl Pts',(11.0207008372066,-59.6014322462132,31.3361819865387));
#4237=CARTESIAN_POINT('Ctrl Pts',(10.1699061442219,-59.6187514629586,31.3894781926504));
#4238=CARTESIAN_POINT('Ctrl Pts',(10.1699061442219,-59.3739755756,29.8442132837906));
#4239=CARTESIAN_POINT('Ctrl Pts',(11.3584316304941,-59.3739755756,29.8442132837906));
#4240=CARTESIAN_POINT('Ctrl Pts',(12.5324700332154,-59.3739755756,30.2742026453082));
#4241=CARTESIAN_POINT('Ctrl Pts',(13.4741617247246,-59.3739755756,30.9993299373477));
#4242=CARTESIAN_POINT('Ctrl Pts',(12.4842440623148,-59.6445581377123,32.2848935179816));
#4243=CARTESIAN_POINT('Ctrl Pts',(14.2182697648935,-59.6440516349716,33.618275415994));
#4244=CARTESIAN_POINT('Ctrl Pts',(17.7584902554458,-59.6428017865948,37.3880214336053));
#4245=CARTESIAN_POINT('Ctrl Pts',(19.6622369626287,-59.6419796240498,42.2502135049244));
#4246=CARTESIAN_POINT('Ctrl Pts',(20.1082891223199,-59.6417891663169,45.1300014610369));
#4247=CARTESIAN_POINT('Ctrl Pts',(12.8021146261169,-59.4658146480383,31.8720886598636));
#4248=CARTESIAN_POINT('Ctrl Pts',(14.5803486272115,-59.4656402734014,33.240062601334));
#4249=CARTESIAN_POINT('Ctrl Pts',(18.2109213581095,-59.4652084472926,37.1076450604096));
#4250=CARTESIAN_POINT('Ctrl Pts',(20.1633509231092,-59.4649235297952,42.096126781825));
#4251=CARTESIAN_POINT('Ctrl Pts',(20.6208075656859,-59.464857982278,45.0507176947884));
#4252=CARTESIAN_POINT('Ctrl Pts',(13.1381049397434,-59.3739755756,31.4357524603534));
#4253=CARTESIAN_POINT('Ctrl Pts',(14.9630352328408,-59.3739762359455,32.8403398315872));
#4254=CARTESIAN_POINT('Ctrl Pts',(18.6889837527312,-59.3739762569866,36.8114191588316));
#4255=CARTESIAN_POINT('Ctrl Pts',(20.6927431131859,-59.3739753298609,41.9333415573122));
#4256=CARTESIAN_POINT('Ctrl Pts',(21.1622265858793,-59.3739755756,44.9669631692778));
#4257=CARTESIAN_POINT('Ctrl Pts',(13.4741617247247,-59.3739755756,30.9993299373477));
#4258=CARTESIAN_POINT('Ctrl Pts',(15.3457985749359,-59.3739755756,32.4405393831908));
#4259=CARTESIAN_POINT('Ctrl Pts',(19.1671408311585,-59.3739755756,36.5151361488355));
#4260=CARTESIAN_POINT('Ctrl Pts',(21.2222377302797,-59.3739755756,41.770522584735));
#4261=CARTESIAN_POINT('Ctrl Pts',(21.7037505232719,-59.3739755756,44.8831924136573));
#4262=CARTESIAN_POINT('',(21.7037505234156,-59.3739755756,44.8831924136351));
#4263=CARTESIAN_POINT('',(19.9289584598829,-59.6418655000509,44.1384554281374));
#4264=CARTESIAN_POINT('Ctrl Pts',(21.7037505232077,-59.3739755756,44.8831924132426));
#4265=CARTESIAN_POINT('Ctrl Pts',(21.5542502317586,-59.3739755756,44.8250237941409));
#4266=CARTESIAN_POINT('Ctrl Pts',(21.4051821343479,-59.3798068932563,44.765888127975));
#4267=CARTESIAN_POINT('Ctrl Pts',(21.2568579945607,-59.3911576680421,44.7059345376232));
#4268=CARTESIAN_POINT('Ctrl Pts',(21.1085338547735,-59.4025084428278,44.6459809472715));
#4269=CARTESIAN_POINT('Ctrl Pts',(20.9609531022196,-59.4193788551789,44.5852095153996));
#4270=CARTESIAN_POINT('Ctrl Pts',(20.8143962419473,-59.441503926703,44.5237477046861));
#4271=CARTESIAN_POINT('Ctrl Pts',(20.6641358403898,-59.4641881062462,44.4607327332879));
#4272=CARTESIAN_POINT('Ctrl Pts',(20.5149844956962,-59.4923912190019,44.3970025662804));
#4273=CARTESIAN_POINT('Ctrl Pts',(20.3672542289893,-59.5258618825579,44.332748157463));
#4274=CARTESIAN_POINT('Ctrl Pts',(20.2195239622824,-59.5593325461138,44.2684937486456));
#4275=CARTESIAN_POINT('Ctrl Pts',(20.0732143119321,-59.5980709076694,44.2037151525924));
#4276=CARTESIAN_POINT('Ctrl Pts',(19.9286199012494,-59.6418659503663,44.1385687326269));
#4277=CARTESIAN_POINT('Ctrl Pts',(19.9286112841444,-59.6418659540454,44.1385272456296));
#4278=CARTESIAN_POINT('Ctrl Pts',(19.4043299459186,-59.6420897943702,41.6143916190866));
#4279=CARTESIAN_POINT('Ctrl Pts',(17.5252897719512,-59.642884116282,37.1397017042821));
#4280=CARTESIAN_POINT('Ctrl Pts',(14.2182697648935,-59.6440516349716,33.618275415994));
#4281=CARTESIAN_POINT('Ctrl Pts',(12.4842440623148,-59.6445581377123,32.2848935179816));
#4282=CARTESIAN_POINT('Ctrl Pts',(13.4741617247247,-59.3739755756,30.9993299373477));
#4283=CARTESIAN_POINT('Ctrl Pts',(15.3457985749359,-59.3739755756,32.4405393831908));
#4284=CARTESIAN_POINT('Ctrl Pts',(19.1671408311585,-59.3739755756,36.5151361488355));
#4285=CARTESIAN_POINT('Ctrl Pts',(21.2222377302797,-59.3739755756,41.770522584735));
#4286=CARTESIAN_POINT('Ctrl Pts',(21.7037505232719,-59.3739755756,44.8831924136573));
#4287=CARTESIAN_POINT('Ctrl Pts',(6.02974326680793,-39.4759405502473,-1.77635683940025E-14));
#4288=CARTESIAN_POINT('Ctrl Pts',(41.9028272070076,-33.9965147700628,-1.77635683940025E-14));
#4289=CARTESIAN_POINT('Ctrl Pts',(39.8711582241077,2.23571645304972,-1.77635683940025E-14));
#4290=CARTESIAN_POINT('Ctrl Pts',(37.8394892412078,38.4679476761622,-1.77635683940025E-14));
#4291=CARTESIAN_POINT('Ctrl Pts',(1.57871005200651,39.9025733601476,-1.77635683940025E-14));
#4292=CARTESIAN_POINT('Ctrl Pts',(9.88591496784298,-64.7217923362707,20.5379125413657));
#4293=CARTESIAN_POINT('Ctrl Pts',(68.7007337378715,-55.738136658309,20.5379125413657));
#4294=CARTESIAN_POINT('Ctrl Pts',(65.3697616020736,3.66551306897642,20.5379125413657));
#4295=CARTESIAN_POINT('Ctrl Pts',(62.0387894662756,63.0691627962618,20.5379125413657));
#4296=CARTESIAN_POINT('Ctrl Pts',(2.58833463423353,65.4212675037101,20.5379125413657));
#4297=CARTESIAN_POINT('Ctrl Pts',(9.48414056246208,-62.0914278514784,53.2020932926234));
#4298=CARTESIAN_POINT('Ctrl Pts',(65.9086607191829,-53.4728777737469,53.2020932926234));
#4299=CARTESIAN_POINT('Ctrl Pts',(62.7130629370541,3.51654260559551,53.2020932926234));
#4300=CARTESIAN_POINT('Ctrl Pts',(59.5174651549254,60.5059629849379,53.2020932926234));
#4301=CARTESIAN_POINT('Ctrl Pts',(2.48314188151629,62.76247558247,53.2020932926234));
#4302=CARTESIAN_POINT('Ctrl Pts',(9.08236615708118,-59.461063366686,85.8662740438812));
#4303=CARTESIAN_POINT('Ctrl Pts',(63.1165877004942,-51.2076188891848,85.8662740438812));
#4304=CARTESIAN_POINT('Ctrl Pts',(60.0563642720347,3.36757214221459,85.8662740438812));
#4305=CARTESIAN_POINT('Ctrl Pts',(56.9961408435751,57.942763173614,85.8662740438812));
#4306=CARTESIAN_POINT('Ctrl Pts',(2.37794912879905,60.1036836612298,85.8662740438812));
#4307=CARTESIAN_POINT('Ctrl Pts',(4.77512769044946,-31.2621364603826,102.000001519918));
#4308=CARTESIAN_POINT('Ctrl Pts',(33.1840580353975,-26.922821067843,102.000001519918));
#4309=CARTESIAN_POINT('Ctrl Pts',(31.5751207409232,1.77052837418778,102.000001519918));
#4310=CARTESIAN_POINT('Ctrl Pts',(29.9661834464488,30.4638778162186,102.000001519918));
#4311=CARTESIAN_POINT('Ctrl Pts',(1.2502260462771,31.599999293685,102.000001519918));
#4312=CARTESIAN_POINT('',(20.7840158565421,-59.3739755756,44.5109348594242));
#4313=CARTESIAN_POINT('Ctrl Pts',(19.9289584641436,-59.641865497873,44.138455417223));
#4314=CARTESIAN_POINT('Ctrl Pts',(20.2129402050995,-59.5558216131762,44.2664833709563));
#4315=CARTESIAN_POINT('Ctrl Pts',(20.4979958875022,-59.4665169920659,44.3906421784511));
#4316=CARTESIAN_POINT('Ctrl Pts',(20.7840158565421,-59.3739755756001,44.5109348594242));
#4317=CARTESIAN_POINT('',(29.2219720874901,-55.8160846087095,46.9208883371868));
#4318=CARTESIAN_POINT('Ctrl Pts',(20.7840158565421,-59.3739755756001,44.5109348594242));
#4319=CARTESIAN_POINT('Ctrl Pts',(23.5880559995784,-58.4667317648454,45.6902424004135));
#4320=CARTESIAN_POINT('Ctrl Pts',(26.4307920654413,-57.2671201857439,46.4753512245864));
#4321=CARTESIAN_POINT('Ctrl Pts',(29.2219720874901,-55.8160846087095,46.9208883371869));
#4322=CARTESIAN_POINT('',(31.41976181976,-54.3739755818127,43.0113854843275));
#4323=CARTESIAN_POINT('Ctrl Pts',(29.2219720874901,-55.8160846087095,46.9208883371868));
#4324=CARTESIAN_POINT('Ctrl Pts',(29.4712707659836,-55.6793408355379,46.6505264547078));
#4325=CARTESIAN_POINT('Ctrl Pts',(29.7050781794587,-55.5461392540776,46.3632859935428));
#4326=CARTESIAN_POINT('Ctrl Pts',(30.5799170954802,-55.026427595636,45.1492245035769));
#4327=CARTESIAN_POINT('Ctrl Pts',(31.0808127853363,-54.676736574287,44.1143108383081));
#4328=CARTESIAN_POINT('Ctrl Pts',(31.4197618336706,-54.3739755756,43.011385439063));
#4329=CARTESIAN_POINT('',(31.4665259450159,-53.,35.1986818225915));
#4330=CARTESIAN_POINT('Ctrl Pts',(31.419761820208,-54.3739755876253,43.0113854828696));
#4331=CARTESIAN_POINT('Ctrl Pts',(31.7239335295728,-54.1022789115629,42.0216240375969));
#4332=CARTESIAN_POINT('Ctrl Pts',(31.9159598387097,-53.8594795396685,40.9931142657422));
#4333=CARTESIAN_POINT('Ctrl Pts',(32.0413578742786,-53.4954376314052,39.1445701291453));
#4334=CARTESIAN_POINT('Ctrl Pts',(32.0247678193116,-53.359874083718,38.3368106350315));
#4335=CARTESIAN_POINT('Ctrl Pts',(31.848049178208,-53.1411236842027,36.7442565387272));
#4336=CARTESIAN_POINT('Ctrl Pts',(31.6916084373576,-53.0574204136231,35.963582110009));
#4337=CARTESIAN_POINT('Ctrl Pts',(31.4665259450159,-53.,35.1986818225915));
#4338=CARTESIAN_POINT('',(29.1630096858533,-53.,30.7030319486909));
#4339=CARTESIAN_POINT('Ctrl Pts',(31.4665259450159,-53.,35.1986818225915));
#4340=CARTESIAN_POINT('Ctrl Pts',(31.4161778686926,-53.,35.0790063406832));
#4341=CARTESIAN_POINT('Ctrl Pts',(31.3651076918968,-53.,34.9595585652676));
#4342=CARTESIAN_POINT('Ctrl Pts',(30.6759276119902,-53.,33.3731937640085));
#4343=CARTESIAN_POINT('Ctrl Pts',(29.9277935445733,-53.,31.9540207591072));
#4344=CARTESIAN_POINT('Ctrl Pts',(29.1630096858534,-53.,30.7030319486909));
#4345=CARTESIAN_POINT('',(25.2610117325295,-53.7401580868865,27.295819693791));
#4346=CARTESIAN_POINT('Ctrl Pts',(29.1630096858533,-53.,30.7030319486909));
#4347=CARTESIAN_POINT('Ctrl Pts',(28.5840936699951,-53.0680552169809,29.9583859872403));
#4348=CARTESIAN_POINT('Ctrl Pts',(27.9315523598701,-53.1730651024356,29.2793121923505));
#4349=CARTESIAN_POINT('Ctrl Pts',(26.6041600011904,-53.4313555035984,28.1558630402871));
#4350=CARTESIAN_POINT('Ctrl Pts',(25.9490602056898,-53.5750197286193,27.694949335562));
#4351=CARTESIAN_POINT('Ctrl Pts',(25.2610117325295,-53.7401580868865,27.295819693791));
#4352=CARTESIAN_POINT('',(13.7497312371713,-54.7080054991825,20.3740217176695));
#4353=CARTESIAN_POINT('Ctrl Pts',(25.2610117325295,-53.7401580868866,27.295819693791));
#4354=CARTESIAN_POINT('Ctrl Pts',(24.2424479311019,-53.7223590260692,26.0436371833299));
#4355=CARTESIAN_POINT('Ctrl Pts',(23.075012862499,-53.7524840437213,24.9216197546976));
#4356=CARTESIAN_POINT('Ctrl Pts',(20.4878198574015,-53.9080395015016,22.9813584721475));
#4357=CARTESIAN_POINT('Ctrl Pts',(19.0787141649168,-54.0332796371353,22.173875896243));
#4358=CARTESIAN_POINT('Ctrl Pts',(16.3500311856118,-54.3426382761089,21.0257137990175));
#4359=CARTESIAN_POINT('Ctrl Pts',(15.0629998873557,-54.5125046504763,20.6331849286082));
#4360=CARTESIAN_POINT('Ctrl Pts',(13.7497312371713,-54.7080054991824,20.3740217176693));
#4361=CARTESIAN_POINT('',(6.02974326685551,-39.4759405503321,1.46505585441048E-10));
#4362=CARTESIAN_POINT('Ctrl Pts',(6.0303393753749,-39.4754186872158,-0.000288790494537533));
#4363=CARTESIAN_POINT('Ctrl Pts',(6.71334060108759,-39.9879626791654,0.490183434123023));
#4364=CARTESIAN_POINT('Ctrl Pts',(8.15446368703353,-41.3085835580623,1.78591357527566));
#4365=CARTESIAN_POINT('Ctrl Pts',(10.5517399917993,-44.3581805556617,5.01488308002665));
#4366=CARTESIAN_POINT('Ctrl Pts',(12.9894177293416,-49.2824849958281,11.0349332476786));
#4367=CARTESIAN_POINT('Ctrl Pts',(13.7054270087219,-52.8517006430567,16.7773823597048));
#4368=CARTESIAN_POINT('Ctrl Pts',(13.7497312371713,-54.7080054991825,20.3740217176694));
#4369=CARTESIAN_POINT('',(11.2676035252383,38.3112098084661,0.));
#4370=CARTESIAN_POINT('Origin',(0.,0.,0.));
#4371=CARTESIAN_POINT('Ctrl Pts',(11.2676035252383,38.3112098084661,-1.80411241501588E-14));
#4372=CARTESIAN_POINT('Ctrl Pts',(15.5918002869462,39.5808686322663,1.96075246787262));
#4373=CARTESIAN_POINT('Ctrl Pts',(19.2495153601302,41.3629303206188,4.90805850159883));
#4374=CARTESIAN_POINT('Ctrl Pts',(22.2837374758494,43.1016130675122,8.40418778633855));
#4375=CARTESIAN_POINT('Ctrl Pts',(25.9085291431469,45.1787064682765,12.5807904923391));
#4376=CARTESIAN_POINT('Ctrl Pts',(28.6569617876587,47.1887645613591,17.5246407372537));
#4377=CARTESIAN_POINT('Ctrl Pts',(30.7236655867407,48.7292853648737,22.8905453314639));
#4378=CARTESIAN_POINT('Ctrl Pts',(33.0586748556243,50.4698010385334,28.9530671930828));
#4379=CARTESIAN_POINT('Ctrl Pts',(34.5169958906,51.6191633970307,35.5886639253955));
#4380=CARTESIAN_POINT('Ctrl Pts',(35.1743785792467,51.9483909219294,42.3130020103545));
#4381=CARTESIAN_POINT('Ctrl Pts',(35.92492093684,52.324274265056,49.9902661773346));
#4382=CARTESIAN_POINT('Ctrl Pts',(35.6411740970743,51.6325768710253,57.859748459896));
#4383=CARTESIAN_POINT('Ctrl Pts',(34.3028341372184,49.964276475721,65.2743949534215));
#4384=CARTESIAN_POINT('Ctrl Pts',(33.1884358981699,48.5751294140647,71.4483636335777));
#4385=CARTESIAN_POINT('Ctrl Pts',(31.3400229945784,46.5049115158509,77.3470480557841));
#4386=CARTESIAN_POINT('Ctrl Pts',(28.6375760953712,44.0543803891429,82.6092575366001));
#4387=CARTESIAN_POINT('Ctrl Pts',(26.4562347464103,42.0763785733915,86.8567693492337));
#4388=CARTESIAN_POINT('Ctrl Pts',(23.7184262456662,39.8469325774708,90.6957745129739));
#4389=CARTESIAN_POINT('Ctrl Pts',(20.2853887392698,37.7312328572082,93.8762455244336));
#4390=CARTESIAN_POINT('Ctrl Pts',(17.8960298234148,36.2587275378044,96.0898207486165));
#4391=CARTESIAN_POINT('Ctrl Pts',(15.1671876982471,34.8492876790108,97.9772630406306));
#4392=CARTESIAN_POINT('Ctrl Pts',(12.0952656084778,33.7427623008831,99.3839955107469));
#4393=CARTESIAN_POINT('Ctrl Pts',(9.32928654956494,32.7464394988661,100.650626772911));
#4394=CARTESIAN_POINT('Ctrl Pts',(6.30725855132867,32.0173264445947,101.508666549068));
#4395=CARTESIAN_POINT('Ctrl Pts',(3.16447399527788,31.7244013357171,101.853769319125));
#4396=CARTESIAN_POINT('Ctrl Pts',(2.53200523385499,31.6654517076095,101.923219425439));
#4397=CARTESIAN_POINT('Ctrl Pts',(1.89380676468531,31.6236778216803,101.972227990039));
#4398=CARTESIAN_POINT('Ctrl Pts',(1.25039597815479,31.5999992936849,101.999997720122));
#4399=CARTESIAN_POINT('',(34.1742454874197,-40.1707583737031,82.3145676808813));
#4400=CARTESIAN_POINT('Ctrl Pts',(34.1742454874197,-40.1707583737031,82.3145676808813));
#4401=CARTESIAN_POINT('Ctrl Pts',(32.3086747847526,-39.0591055682539,85.4192819890897));
#4402=CARTESIAN_POINT('Ctrl Pts',(28.1407541959717,-36.4580722144945,91.2294649822811));
#4403=CARTESIAN_POINT('Ctrl Pts',(21.6436533158986,-32.7676995096261,97.1450542869137));
#4404=CARTESIAN_POINT('Ctrl Pts',(16.1437665055708,-30.3371548710789,100.423003353175));
#4405=CARTESIAN_POINT('Ctrl Pts',(13.4847208697312,-29.3997620518103,101.597574918862));
#4406=CARTESIAN_POINT('Ctrl Pts',(12.448308676746,-29.073044745538,101.997997628983));
#4407=CARTESIAN_POINT('',(34.8288531243597,-40.0281997340873,81.8279782338606));
#4408=CARTESIAN_POINT('Ctrl Pts',(34.1742454874198,-40.1707583737031,82.3145676808813));
#4409=CARTESIAN_POINT('Ctrl Pts',(34.3988722148466,-40.1078457299801,82.1671021719851));
#4410=CARTESIAN_POINT('Ctrl Pts',(34.6176451674406,-40.059790957425,82.0049798653253));
#4411=CARTESIAN_POINT('Ctrl Pts',(34.8288531243597,-40.0281997340873,81.8279782338606));
#4412=CARTESIAN_POINT('',(46.7956919719437,-41.2028196581933,57.2313753696335));
#4413=CARTESIAN_POINT('Ctrl Pts',(34.8288531243597,-40.0281997340873,81.8279782338606));
#4414=CARTESIAN_POINT('Ctrl Pts',(36.6812184150069,-39.7511340096073,80.2756139986501));
#4415=CARTESIAN_POINT('Ctrl Pts',(38.3653092291809,-39.5681432814156,78.5231968981038));
#4416=CARTESIAN_POINT('Ctrl Pts',(41.5236084689992,-39.3944251661698,74.424015873641));
#4417=CARTESIAN_POINT('Ctrl Pts',(42.9232405570371,-39.4326681498864,72.0555886230723));
#4418=CARTESIAN_POINT('Ctrl Pts',(45.7290858968694,-39.8547343509505,65.62297774252));
#4419=CARTESIAN_POINT('Ctrl Pts',(46.6594606200422,-40.4145521564103,61.4432298840805));
#4420=CARTESIAN_POINT('Ctrl Pts',(46.7956919719437,-41.2028196581933,57.2313753696335));
#4421=CARTESIAN_POINT('',(45.1625521850176,-43.7294200805234,52.5066285257877));
#4422=CARTESIAN_POINT('Ctrl Pts',(46.7956919719437,-41.2028196581933,57.2313753696335));
#4423=CARTESIAN_POINT('Ctrl Pts',(46.8085387090964,-41.2771539818276,56.8341937582274));
#4424=CARTESIAN_POINT('Ctrl Pts',(46.7873166432388,-41.3825404823476,56.4441486754068));
#4425=CARTESIAN_POINT('Ctrl Pts',(46.6815416741248,-41.6527127454393,55.6635759559532));
#4426=CARTESIAN_POINT('Ctrl Pts',(46.5937129960657,-41.8196028823167,55.2773432654952));
#4427=CARTESIAN_POINT('Ctrl Pts',(46.2118232982564,-42.4408612384041,54.0600463793687));
#4428=CARTESIAN_POINT('Ctrl Pts',(45.7991593158999,-42.9837946271721,53.3104813972639));
#4429=CARTESIAN_POINT('Ctrl Pts',(45.2561539514316,-43.6210314673213,52.6200252331369));
#4430=CARTESIAN_POINT('Ctrl Pts',(45.2097894433184,-43.6749580571818,52.5629463286349));
#4431=CARTESIAN_POINT('Ctrl Pts',(45.1625521850176,-43.7294200805234,52.5066285257877));
#4432=CARTESIAN_POINT('',(45.8265344419028,-43.2478113358657,48.9068410197486));
#4433=CARTESIAN_POINT('Ctrl Pts',(45.8265344419028,-43.2478113358657,48.9068410197487));
#4434=CARTESIAN_POINT('Ctrl Pts',(45.6246926169291,-43.4412126936465,50.1055412510849));
#4435=CARTESIAN_POINT('Ctrl Pts',(45.4033992844111,-43.6016686561787,51.306307454946));
#4436=CARTESIAN_POINT('Ctrl Pts',(45.1625521850176,-43.7294200805234,52.5066285257877));
#4437=CARTESIAN_POINT('',(44.9792091623482,-44.1189314093398,49.3416377549736));
#4438=CARTESIAN_POINT('Ctrl Pts',(44.9792091623468,-44.1189314093386,49.341637754973));
#4439=CARTESIAN_POINT('Ctrl Pts',(45.2671462342648,-43.8290077247819,49.2062106928816));
#4440=CARTESIAN_POINT('Ctrl Pts',(45.549749343025,-43.5384591092927,49.0614583970977));
#4441=CARTESIAN_POINT('Ctrl Pts',(45.826534432182,-43.2478113468149,48.906840981765));
#4442=CARTESIAN_POINT('',(41.8907248417749,-47.0286782324603,50.2716738878499));
#4443=CARTESIAN_POINT('Ctrl Pts',(41.890724841777,-47.0286782324603,50.2716738878452));
#4444=CARTESIAN_POINT('Ctrl Pts',(42.559564399722,-46.4378275328362,50.1630963029502));
#4445=CARTESIAN_POINT('Ctrl Pts',(43.2053726935554,-45.8437459777746,50.0080295441183));
#4446=CARTESIAN_POINT('Ctrl Pts',(44.2189616184604,-44.8745282235673,49.6707641702312));
#4447=CARTESIAN_POINT('Ctrl Pts',(44.6053897100781,-44.4953300169885,49.5174583599273));
#4448=CARTESIAN_POINT('Ctrl Pts',(44.9792091623468,-44.1189314093386,49.341637754973));
#4449=CARTESIAN_POINT('',(41.1394816592074,-47.7,49.9630434410128));
#4450=CARTESIAN_POINT('Ctrl Pts',(41.8907248417744,-47.0286782324622,50.2716738878552));
#4451=CARTESIAN_POINT('Ctrl Pts',(41.6430510892289,-47.2540967376359,50.1656060073525));
#4452=CARTESIAN_POINT('Ctrl Pts',(41.3926215747911,-47.4778845033658,50.0626811147854));
#4453=CARTESIAN_POINT('Ctrl Pts',(41.1394816592075,-47.7,49.9630434410128));
#4454=CARTESIAN_POINT('',(38.5798664519417,-49.7725403841593,50.4555155568181));
#4455=CARTESIAN_POINT('Ctrl Pts',(41.1394816592075,-47.6999999999999,49.9630434410128));
#4456=CARTESIAN_POINT('Ctrl Pts',(40.6988104297689,-48.0866632757362,49.7895921064077));
#4457=CARTESIAN_POINT('Ctrl Pts',(40.2476439753233,-48.4660779312404,49.7297168756852));
#4458=CARTESIAN_POINT('Ctrl Pts',(39.5156658474105,-49.0602001017427,49.8253732468235));
#4459=CARTESIAN_POINT('Ctrl Pts',(39.2267764925722,-49.287419182768,49.9293964300082));
#4460=CARTESIAN_POINT('Ctrl Pts',(38.8359144448127,-49.5852837799933,50.1862391350391));
#4461=CARTESIAN_POINT('Ctrl Pts',(38.6983785580378,-49.6876060466131,50.3067196126142));
#4462=CARTESIAN_POINT('Ctrl Pts',(38.579866451957,-49.7725403841501,50.4555155568356));
#4463=CARTESIAN_POINT('',(38.2854058290637,-50.0000000045783,50.4424385448369));
#4464=CARTESIAN_POINT('Ctrl Pts',(38.579866451945,-49.7725403841618,50.4555155567813));
#4465=CARTESIAN_POINT('Ctrl Pts',(38.481922406515,-49.8486290476017,50.4518654444126));
#4466=CARTESIAN_POINT('Ctrl Pts',(38.3837662437312,-49.9244513371693,50.4475019465336));
#4467=CARTESIAN_POINT('Ctrl Pts',(38.2854058312725,-50.00000000746,50.4424385449506));
#4468=CARTESIAN_POINT('',(12.80914606743,-61.1206334709279,39.8257044940743));
#4469=CARTESIAN_POINT('Ctrl Pts',(12.809146067422,-61.1206334709279,39.825704494066));
#4470=CARTESIAN_POINT('Ctrl Pts',(13.1919231076342,-61.084580809922,40.1426152073822));
#4471=CARTESIAN_POINT('Ctrl Pts',(13.5826504592937,-61.0378095615577,40.4400219284814));
#4472=CARTESIAN_POINT('Ctrl Pts',(16.4661163405916,-60.6396058441717,42.5347094727795));
#4473=CARTESIAN_POINT('Ctrl Pts',(20.3421538330259,-59.7539726845243,44.7436669861703));
#4474=CARTESIAN_POINT('Ctrl Pts',(27.8988910619063,-56.6314355013413,48.0932210368695));
#4475=CARTESIAN_POINT('Ctrl Pts',(31.1104405236259,-54.9140970350211,49.2235173828813));
#4476=CARTESIAN_POINT('Ctrl Pts',(35.5701301212837,-52.0065646079917,50.1768488657766));
#4477=CARTESIAN_POINT('Ctrl Pts',(36.956524297397,-51.0206873992681,50.3740303235144));
#4478=CARTESIAN_POINT('Ctrl Pts',(38.2854058290637,-50.0000000091566,50.4424385448369));
#4479=CARTESIAN_POINT('',(13.1166670922893,-60.656356603159,37.343751471309));
#4480=CARTESIAN_POINT('Ctrl Pts',(12.809146067438,-61.1206334709269,39.8257044940828));
#4481=CARTESIAN_POINT('Ctrl Pts',(12.9130693659366,-61.0847511525154,39.7245107253592));
#4482=CARTESIAN_POINT('Ctrl Pts',(13.0059641913355,-61.0490538968594,39.6120307798442));
#4483=CARTESIAN_POINT('Ctrl Pts',(13.2320809848684,-60.9505196875143,39.267460338004));
#4484=CARTESIAN_POINT('Ctrl Pts',(13.3328991315451,-60.8906399686294,39.0168990275458));
#4485=CARTESIAN_POINT('Ctrl Pts',(13.4266632064909,-60.7890270387516,38.5043037509195));
#4486=CARTESIAN_POINT('Ctrl Pts',(13.4248981345996,-60.747293818811,38.2482358476471));
#4487=CARTESIAN_POINT('Ctrl Pts',(13.3280592212808,-60.6863724266655,37.7672072383153));
#4488=CARTESIAN_POINT('Ctrl Pts',(13.241009240472,-60.6662345363197,37.5455811047542));
#4489=CARTESIAN_POINT('Ctrl Pts',(13.1166670922893,-60.656356603159,37.343751471309));
#4490=CARTESIAN_POINT('',(11.6666951045557,-60.5599909796148,35.3690858721517));
#4491=CARTESIAN_POINT('Ctrl Pts',(13.1166670922893,-60.656356603159,37.343751471309));
#4492=CARTESIAN_POINT('Ctrl Pts',(12.7659974874989,-60.6284988657123,36.7745517363067));
#4493=CARTESIAN_POINT('Ctrl Pts',(12.3778836972607,-60.6018533145988,36.229225022363));
#4494=CARTESIAN_POINT('Ctrl Pts',(11.8604948087037,-60.5710165192521,35.5958506554375));
#4495=CARTESIAN_POINT('Ctrl Pts',(11.7644247692254,-60.5654655886534,35.4817388874649));
#4496=CARTESIAN_POINT('Ctrl Pts',(11.6666951045531,-60.5599909796168,35.3690858721539));
#4497=CARTESIAN_POINT('Ctrl Pts',(12.4842561775884,-59.6445549625998,32.284897315452));
#4498=CARTESIAN_POINT('Ctrl Pts',(12.2490594742288,-59.9738127530446,33.3151077976572));
#4499=CARTESIAN_POINT('Ctrl Pts',(11.9780544465979,-60.2790713854716,34.3449185491348));
#4500=CARTESIAN_POINT('Ctrl Pts',(11.6666951045559,-60.559990979617,35.3690858721572));
#4501=CARTESIAN_POINT('',(54.135618713349,0.,80.1076288240717));
#4502=CARTESIAN_POINT('',(53.9978487669485,-6.00000001987696,79.7827108264007));
#4503=CARTESIAN_POINT('Ctrl Pts',(54.1356187133489,0.,80.1076288240716));
#4504=CARTESIAN_POINT('Ctrl Pts',(54.1356187133489,-1.31033278172863,80.1076288240716));
#4505=CARTESIAN_POINT('Ctrl Pts',(54.1161369142957,-2.6192768881308,80.0611121837433));
#4506=CARTESIAN_POINT('Ctrl Pts',(54.0561351729295,-4.6186803318505,79.9194270347666));
#4507=CARTESIAN_POINT('Ctrl Pts',(54.0298015960397,-5.31015620365659,79.8574235548567));
#4508=CARTESIAN_POINT('Ctrl Pts',(53.9978487678566,-6.00000002014898,79.782710828524));
#4509=CARTESIAN_POINT('',(52.5929547439392,-8.,81.6135312082428));
#4510=CARTESIAN_POINT('Ctrl Pts',(53.9978487678566,-6.00000002014898,79.782710828524));
#4511=CARTESIAN_POINT('Ctrl Pts',(53.9878233496889,-6.21644320123614,79.7592692056901));
#4512=CARTESIAN_POINT('Ctrl Pts',(53.9550231059085,-6.43162826249111,79.7719507166805));
#4513=CARTESIAN_POINT('Ctrl Pts',(53.8454441989715,-6.84571909289329,79.8695867331433));
#4514=CARTESIAN_POINT('Ctrl Pts',(53.7699678673531,-7.03693682145189,79.9538716233315));
#4515=CARTESIAN_POINT('Ctrl Pts',(53.5753439196594,-7.39863817355559,80.194411172279));
#4516=CARTESIAN_POINT('Ctrl Pts',(53.453985278296,-7.55728975742115,80.3561874940226));
#4517=CARTESIAN_POINT('Ctrl Pts',(53.1643147759816,-7.8304529807733,80.7596549926491));
#4518=CARTESIAN_POINT('Ctrl Pts',(52.9929584405479,-7.92605541513865,81.0091258823113));
#4519=CARTESIAN_POINT('Ctrl Pts',(52.7450653586598,-7.9902796867959,81.3809796258677));
#4520=CARTESIAN_POINT('Ctrl Pts',(52.6687180427932,-8.00000000009165,81.4970017530445));
#4521=CARTESIAN_POINT('Ctrl Pts',(52.5929547439392,-8.,81.6135312082428));
#4522=CARTESIAN_POINT('',(36.1827534292456,-8.,98.5426661889666));
#4523=CARTESIAN_POINT('Ctrl Pts',(52.5929547439392,-8.,81.6135312082428));
#4524=CARTESIAN_POINT('Ctrl Pts',(50.2165086974527,-7.99999999999999,85.26867779298));
#4525=CARTESIAN_POINT('Ctrl Pts',(47.3238291751373,-8.,88.8353861880849));
#4526=CARTESIAN_POINT('Ctrl Pts',(44.0505757564068,-8.,92.0371073797458));
#4527=CARTESIAN_POINT('Ctrl Pts',(41.595635692359,-8.,94.4383982734914));
#4528=CARTESIAN_POINT('Ctrl Pts',(38.9266228115777,-7.99999999999999,96.6343838652997));
#4529=CARTESIAN_POINT('Ctrl Pts',(36.1827534292456,-8.,98.5426661889666));
#4530=CARTESIAN_POINT('',(34.6469458410616,-6.00000000000048,99.8393686966877));
#4531=CARTESIAN_POINT('Ctrl Pts',(36.1827534292456,-8.,98.5426661889666));
#4532=CARTESIAN_POINT('Ctrl Pts',(36.1345390201611,-8.,98.5761979252784));
#4533=CARTESIAN_POINT('Ctrl Pts',(36.0864871393098,-7.99741334940193,98.6099117432319));
#4534=CARTESIAN_POINT('Ctrl Pts',(36.0080577174713,-7.98892959767025,98.6654248462069));
#4535=CARTESIAN_POINT('Ctrl Pts',(35.9775190164538,-7.98454828388398,98.6871633587403));
#4536=CARTESIAN_POINT('Ctrl Pts',(35.9241049844762,-7.97498047930339,98.7254024840594));
#4537=CARTESIAN_POINT('Ctrl Pts',(35.9011608246661,-7.97024280431561,98.7418997944881));
#4538=CARTESIAN_POINT('Ctrl Pts',(35.853879071788,-7.95917311921774,98.7760452788933));
#4539=CARTESIAN_POINT('Ctrl Pts',(35.8295665175773,-7.95275240690598,98.7936861510945));
#4540=CARTESIAN_POINT('Ctrl Pts',(35.7678001754489,-7.93456563597122,98.8387167313272));
#4541=CARTESIAN_POINT('Ctrl Pts',(35.7306080534175,-7.92182259150089,98.8660358267129));
#4542=CARTESIAN_POINT('Ctrl Pts',(35.5945535349058,-7.86848840335874,98.9667391431666));
#4543=CARTESIAN_POINT('Ctrl Pts',(35.4992002857683,-7.81763993219666,99.0388520213152));
#4544=CARTESIAN_POINT('Ctrl Pts',(35.2274771075461,-7.63045139796564,99.2491719428053));
#4545=CARTESIAN_POINT('Ctrl Pts',(35.0701940566093,-7.46162048897273,99.3778102451017));
#4546=CARTESIAN_POINT('Ctrl Pts',(34.8460432144021,-7.09536203880392,99.5755111286486));
#4547=CARTESIAN_POINT('Ctrl Pts',(34.7689557050799,-6.91206709992996,99.6500615709884));
#4548=CARTESIAN_POINT('Ctrl Pts',(34.6578116839272,-6.48712026539816,99.7759647522423));
#4549=CARTESIAN_POINT('Ctrl Pts',(34.633914668827,-6.24447942999396,99.8203756910025));
#4550=CARTESIAN_POINT('Ctrl Pts',(34.6469458410616,-6.0000000000004,99.8393686966877));
#4551=CARTESIAN_POINT('',(34.8064697628708,0.,100.071875696004));
#4552=CARTESIAN_POINT('Ctrl Pts',(34.6469458410616,-6.00000000000047,99.8393686966877));
#4553=CARTESIAN_POINT('Ctrl Pts',(34.7557712265186,-3.95831351728246,99.9979822985545));
#4554=CARTESIAN_POINT('Ctrl Pts',(34.8064697628708,-1.94593347437413,100.071875696004));
#4555=CARTESIAN_POINT('Ctrl Pts',(34.8064697628708,0.,100.071875696004));
#4556=CARTESIAN_POINT('',(38.7784779817396,5.,97.023223239847));
#4557=CARTESIAN_POINT('Ctrl Pts',(34.8064697628708,3.46944695195361E-16,
100.071875696004));
#4558=CARTESIAN_POINT('Ctrl Pts',(34.8064697628708,0.369186582916318,100.071875696004));
#4559=CARTESIAN_POINT('Ctrl Pts',(34.8389915191011,0.737228608545248,100.047000783159));
#4560=CARTESIAN_POINT('Ctrl Pts',(34.9726763252103,1.4844525129484,99.9447213445027));
#4561=CARTESIAN_POINT('Ctrl Pts',(35.078306012525,1.85973968243924,99.8638980979404));
#4562=CARTESIAN_POINT('Ctrl Pts',(35.4101662609123,2.70423582276178,99.6098502711623));
#4563=CARTESIAN_POINT('Ctrl Pts',(35.6645208078588,3.15021872114352,99.415059376501));
#4564=CARTESIAN_POINT('Ctrl Pts',(36.2450268923517,3.88058797176545,98.9700727971336));
#4565=CARTESIAN_POINT('Ctrl Pts',(36.5576974976796,4.17310899145789,98.7302440636126));
#4566=CARTESIAN_POINT('Ctrl Pts',(37.1363098400732,4.56468934553692,98.2860277147709));
#4567=CARTESIAN_POINT('Ctrl Pts',(37.3860677430059,4.69451509443097,98.0941771502552));
#4568=CARTESIAN_POINT('Ctrl Pts',(37.7748187961867,4.84052032207183,97.7953773021889));
#4569=CARTESIAN_POINT('Ctrl Pts',(37.907286410999,4.88105881102446,97.6935309921458));
#4570=CARTESIAN_POINT('Ctrl Pts',(38.1221116921618,4.93222900469768,97.5283155932005));
#4571=CARTESIAN_POINT('Ctrl Pts',(38.2035480107939,4.94833678092278,97.4656743632304));
#4572=CARTESIAN_POINT('Ctrl Pts',(38.3580964318646,4.97272282243625,97.3467737973988));
#4573=CARTESIAN_POINT('Ctrl Pts',(38.431110129738,4.98166249387248,97.2905924841122));
#4574=CARTESIAN_POINT('Ctrl Pts',(38.5955452524083,4.99601364091227,97.1640460130695));
#4575=CARTESIAN_POINT('Ctrl Pts',(38.687001366534,5.,97.0936492665031));
#4576=CARTESIAN_POINT('Ctrl Pts',(38.7784779817396,5.,97.023223239847));
#4577=CARTESIAN_POINT('',(50.6471188360962,5.,84.952742799504));
#4578=CARTESIAN_POINT('Ctrl Pts',(38.7784779817396,5.,97.023223239847));
#4579=CARTESIAN_POINT('Ctrl Pts',(39.891999598067,5.,96.1659450944182));
#4580=CARTESIAN_POINT('Ctrl Pts',(40.9713457554966,5.,95.2739093954196));
#4581=CARTESIAN_POINT('Ctrl Pts',(43.4738686003731,5.,93.0614278876905));
#4582=CARTESIAN_POINT('Ctrl Pts',(44.8493708490699,5.,91.7186289197352));
#4583=CARTESIAN_POINT('Ctrl Pts',(47.3560602576991,5.,89.0499390925245));
#4584=CARTESIAN_POINT('Ctrl Pts',(48.604544954803,5.,87.6003293155069));
#4585=CARTESIAN_POINT('Ctrl Pts',(50.0880088652823,5.,85.6960340324788));
#4586=CARTESIAN_POINT('Ctrl Pts',(50.3691627773568,5.,85.326668410364));
#4587=CARTESIAN_POINT('Ctrl Pts',(50.6471188360975,5.,84.952742799505));
#4588=CARTESIAN_POINT('Ctrl Pts',(50.6471188361035,5.,84.9527427994969));
#4589=CARTESIAN_POINT('Ctrl Pts',(50.9630446416293,4.99999999999893,84.5277376733179));
#4590=CARTESIAN_POINT('Ctrl Pts',(51.2771122337721,4.9422072011055,84.1014090035219));
#4591=CARTESIAN_POINT('Ctrl Pts',(52.0654854493151,4.64002032876473,83.0223657453991));
#4592=CARTESIAN_POINT('Ctrl Pts',(52.5248962301692,4.3052890486602,82.3844113457016));
#4593=CARTESIAN_POINT('Ctrl Pts',(53.2501235643576,3.41918867791686,81.3675269139073));
#4594=CARTESIAN_POINT('Ctrl Pts',(53.5319294001162,2.92002490938087,80.9683185231351));
#4595=CARTESIAN_POINT('Ctrl Pts',(53.8695854626325,1.98179566428363,80.4879875973004));
#4596=CARTESIAN_POINT('Ctrl Pts',(53.9689009661665,1.60248257534309,80.3461278492449));
#4597=CARTESIAN_POINT('Ctrl Pts',(54.1018540789299,0.81192780137773,80.1560290072383));
#4598=CARTESIAN_POINT('Ctrl Pts',(54.1356187133489,0.407869588317856,80.1076288240715));
#4599=CARTESIAN_POINT('Ctrl Pts',(54.1356187133489,0.,80.1076288240715));
#4600=CARTESIAN_POINT('',(54.7629356699406,-6.84689801293949,78.2909997991976));
#4601=CARTESIAN_POINT('',(54.7629356699406,6.84689801293949,78.2909997991976));
#4602=CARTESIAN_POINT('Ctrl Pts',(54.7629356699407,-6.84689801293946,78.2909997991975));
#4603=CARTESIAN_POINT('Ctrl Pts',(55.3216862988018,-6.01100259871685,77.4825763111811));
#4604=CARTESIAN_POINT('Ctrl Pts',(55.8481154162032,-5.05582597792926,76.6702518771512));
#4605=CARTESIAN_POINT('Ctrl Pts',(56.5580870381024,-3.19123657595576,75.5292937978204));
#4606=CARTESIAN_POINT('Ctrl Pts',(56.805063974607,-2.28298440234179,75.1139163149111));
#4607=CARTESIAN_POINT('Ctrl Pts',(57.0037965853498,-0.648619684209448,74.7773110119571));
#4608=CARTESIAN_POINT('Ctrl Pts',(57.02420176026,0.00755992240445147,74.7421934103126));
#4609=CARTESIAN_POINT('Ctrl Pts',(56.9311588733611,1.48955186491588,74.9005187546252));
#4610=CARTESIAN_POINT('Ctrl Pts',(56.7890859644145,2.26167551058264,75.1424223825652));
#4611=CARTESIAN_POINT('Ctrl Pts',(56.1720856689179,4.454129485562,76.1599508656448));
#4612=CARTESIAN_POINT('Ctrl Pts',(55.4862684808189,5.76478633674812,77.2444520124705));
#4613=CARTESIAN_POINT('Ctrl Pts',(54.7629356699407,6.84689801293949,78.2909997991975));
#4614=CARTESIAN_POINT('',(56.000000834465,27.005621358006,38.0000005662441));
#4615=CARTESIAN_POINT('Ctrl Pts',(54.7629356699406,6.84689801293949,78.2909997991976));
#4616=CARTESIAN_POINT('Ctrl Pts',(56.9735628272394,10.034320079372,73.6474374225908));
#4617=CARTESIAN_POINT('Ctrl Pts',(59.4688505104711,13.8051165004795,66.5142424740534));
#4618=CARTESIAN_POINT('Ctrl Pts',(59.7401231376749,21.1940056743696,50.9670866162036));
#4619=CARTESIAN_POINT('Ctrl Pts',(58.5343755377338,24.1685633454726,44.2917121086052));
#4620=CARTESIAN_POINT('Ctrl Pts',(56.0000008344702,27.0056213579944,38.000000566242));
#4621=CARTESIAN_POINT('',(56.000000834465,-27.005621358006,38.0000005662441));
#4622=CARTESIAN_POINT('Ctrl Pts',(56.000000834465,27.0056213580061,38.0000005662441));
#4623=CARTESIAN_POINT('Ctrl Pts',(57.0748265182574,22.558214796974,32.2279124238238));
#4624=CARTESIAN_POINT('Ctrl Pts',(56.685695599565,18.2709929422564,26.8564610124136));
#4625=CARTESIAN_POINT('Ctrl Pts',(54.9286576326173,11.3906050294335,19.4909240640122));
#4626=CARTESIAN_POINT('Ctrl Pts',(54.0327891755723,8.95364178841584,17.2073118051189));
#4627=CARTESIAN_POINT('Ctrl Pts',(52.9412623590973,5.60877843890869,14.779900369538));
#4628=CARTESIAN_POINT('Ctrl Pts',(52.5341839734912,4.3030144433078,13.9714636984774));
#4629=CARTESIAN_POINT('Ctrl Pts',(52.1506132900536,2.34296712329481,13.24578146712));
#4630=CARTESIAN_POINT('Ctrl Pts',(52.0608652765303,1.74050975137283,13.0809531818582));
#4631=CARTESIAN_POINT('Ctrl Pts',(51.9771677474762,0.703413671573331,12.9279103569945));
#4632=CARTESIAN_POINT('Ctrl Pts',(51.9617709980595,0.288439199549545,12.9000392487727));
#4633=CARTESIAN_POINT('Ctrl Pts',(51.9700165982783,-0.570635424945813,12.9150285644502));
#4634=CARTESIAN_POINT('Ctrl Pts',(51.9954514900525,-1.00362664910479,12.9611354889915));
#4635=CARTESIAN_POINT('Ctrl Pts',(52.1149680730997,-2.16799061622225,13.1805096610513));
#4636=CARTESIAN_POINT('Ctrl Pts',(52.2430112003081,-2.8735025427501,13.4175277745451));
#4637=CARTESIAN_POINT('Ctrl Pts',(53.0284963357739,-6.32018036888855,14.9310099952436));
#4638=CARTESIAN_POINT('Ctrl Pts',(54.2903854066934,-9.38394148759957,17.5171643298274));
#4639=CARTESIAN_POINT('Ctrl Pts',(56.5447319639001,-17.2485288841931,25.5924692075092));
#4640=CARTESIAN_POINT('Ctrl Pts',(57.2093773271667,-22.0014713553544,31.5053402520103));
#4641=CARTESIAN_POINT('Ctrl Pts',(56.000000834465,-27.0056213580061,38.0000005662441));
#4642=CARTESIAN_POINT('Ctrl Pts',(56.0000008344702,-27.0056213579944,38.000000566242));
#4643=CARTESIAN_POINT('Ctrl Pts',(57.5876344146573,-25.2283748585648,41.9413800744272));
#4644=CARTESIAN_POINT('Ctrl Pts',(58.6576438458079,-23.3912707216826,46.0430058245992));
#4645=CARTESIAN_POINT('Ctrl Pts',(59.7394130455417,-19.6220117890766,54.273691055683));
#4646=CARTESIAN_POINT('Ctrl Pts',(59.7685688029272,-17.7082564620327,58.3694643607891));
#4647=CARTESIAN_POINT('Ctrl Pts',(58.5429743222437,-12.3821592373756,69.164379470204));
#4648=CARTESIAN_POINT('Ctrl Pts',(56.5309756272346,-9.39616985898848,74.577119871992));
#4649=CARTESIAN_POINT('Ctrl Pts',(54.7629356699406,-6.8468980129395,78.2909997991976));
#4650=CARTESIAN_POINT('Origin',(-15.5913269339537,-59.3739755756,33.4788192281179));
#4651=CARTESIAN_POINT('',(22.7521318899443,-59.3739755756,31.6208077788));
#4652=CARTESIAN_POINT('',(21.640792828941,-59.3739755756,23.8470496101088));
#4653=CARTESIAN_POINT('Origin',(25.2610117325295,-59.3739755756,27.295819693791));
#4654=CARTESIAN_POINT('',(23.8803589805504,-59.3739755756,45.6521331630279));
#4655=CARTESIAN_POINT('Origin',(18.4557067742454,-59.3739755756,39.0272953746287));
#4656=CARTESIAN_POINT('Origin',(35.0034441969433,-59.3739755756,10.7013928259136));
#4657=CARTESIAN_POINT('',(-21.0071817527273,-59.3739755756,44.8285567694495));
#4658=CARTESIAN_POINT('',(0.,-59.3739755756,44.8285567694495));
#4659=CARTESIAN_POINT('',(-23.3233657134345,-59.3739755756,45.6521331630279));
#4660=CARTESIAN_POINT('Origin',(-34.4464509298274,-59.3739755756,10.7013928259136));
#4661=CARTESIAN_POINT('',(-22.1951386228284,-59.3739755756,31.6208077788));
#4662=CARTESIAN_POINT('Origin',(-17.8987135071295,-59.3739755756,39.0272953746287));
#4663=CARTESIAN_POINT('',(-21.0837995618251,-59.3739755756,23.8470496101088));
#4664=CARTESIAN_POINT('Origin',(-24.7040184654136,-59.3739755756,27.295819693791));
#4665=CARTESIAN_POINT('',(0.278496633557959,-59.3739755756,22.5105118262312));
#4666=CARTESIAN_POINT('Origin',(-9.36439584484499,-59.3739755756,39.7735409511472));
#4667=CARTESIAN_POINT('Origin',(-34.4464509298274,-59.3739755756,10.7013928259136));
#4668=CARTESIAN_POINT('Origin',(35.0034441969433,-59.3739755756,10.7013928259136));
#4669=CARTESIAN_POINT('Origin',(9.9213891119609,-59.3739755756,39.7735409511472));
#4670=CARTESIAN_POINT('Origin',(-17.8987135071295,-54.3739755756,39.0272953746287));
#4671=CARTESIAN_POINT('',(-24.7040184654136,-54.3739755756,27.295819693791));
#4672=CARTESIAN_POINT('Origin',(-22.1951386228284,-54.3739755756,31.6208077788));
#4673=CARTESIAN_POINT('Ctrl Pts',(-23.3233657134345,-59.3739755756,45.6521331630279));
#4674=CARTESIAN_POINT('Ctrl Pts',(-23.9628265062185,-59.3739755756,45.8556417817889));
#4675=CARTESIAN_POINT('Ctrl Pts',(-24.5728948904304,-59.2792911331511,46.0303285045005));
#4676=CARTESIAN_POINT('Ctrl Pts',(-25.8496610936205,-58.8889217684142,46.3652543065935));
#4677=CARTESIAN_POINT('Ctrl Pts',(-26.5195342869075,-58.5398758737052,46.5174766321732));
#4678=CARTESIAN_POINT('Ctrl Pts',(-27.609833632975,-57.6402409801727,46.7403871827087));
#4679=CARTESIAN_POINT('Ctrl Pts',(-28.0397172221261,-57.127205614361,46.8169273036801));
#4680=CARTESIAN_POINT('Ctrl Pts',(-28.4169466783137,-56.4202325069131,46.8804832942312));
#4681=CARTESIAN_POINT('Ctrl Pts',(-28.4758181200292,-56.297580029014,46.8902273715708));
#4682=CARTESIAN_POINT('Ctrl Pts',(-28.5292118966207,-56.1728239527371,46.8989556867945));
#4683=CARTESIAN_POINT('Origin',(-17.8987135071295,-54.3739755756,39.0272953746287));
#4684=CARTESIAN_POINT('Ctrl Pts',(-24.7040184654136,-54.3739755756,27.295819693791));
#4685=CARTESIAN_POINT('Ctrl Pts',(-24.7040184654136,-54.3739755756,27.295819693791));
#4686=CARTESIAN_POINT('Ctrl Pts',(-24.7040184654136,-54.3739755756,27.295819693791));
#4687=CARTESIAN_POINT('Ctrl Pts',(-24.7040184654136,-54.3739755756,27.295819693791));
#4688=CARTESIAN_POINT('Ctrl Pts',(-24.7040184654136,-54.3739755756,27.295819693791));
#4689=CARTESIAN_POINT('Ctrl Pts',(-24.7040184654136,-59.3739755756,27.295819693791));
#4690=CARTESIAN_POINT('Ctrl Pts',(-24.7040184654136,-59.3739755756,27.295819693791));
#4691=CARTESIAN_POINT('Ctrl Pts',(-24.7040184654136,-59.3739755756,27.295819693791));
#4692=CARTESIAN_POINT('Ctrl Pts',(-24.7040184654136,-59.3739755756,27.295819693791));
#4693=CARTESIAN_POINT('Ctrl Pts',(-24.7040184654136,-59.3739755756,27.295819693791));
#4694=CARTESIAN_POINT('Ctrl Pts',(-21.5489202384662,-59.3739755756,23.4169854387198));
#4695=CARTESIAN_POINT('Ctrl Pts',(-19.5134140652409,-59.3739755756,25.0726947306771));
#4696=CARTESIAN_POINT('Ctrl Pts',(-19.7194585911683,-59.3739755756,27.6884554793021));
#4697=CARTESIAN_POINT('Ctrl Pts',(-19.9255031170957,-59.3739755756,30.3042162279272));
#4698=CARTESIAN_POINT('Ctrl Pts',(-22.1951386228284,-59.3739755756,31.6208077788));
#4699=CARTESIAN_POINT('Ctrl Pts',(-24.7040184654136,-54.3739755756,27.295819693791));
#4700=CARTESIAN_POINT('Ctrl Pts',(-24.7040184652981,-54.3861259245509,27.2958196938849));
#4701=CARTESIAN_POINT('Ctrl Pts',(-24.7039905177682,-54.3982762735031,27.2957853358127));
#4702=CARTESIAN_POINT('Ctrl Pts',(-24.7007190994555,-55.1093842897661,27.2917636372591));
#4703=CARTESIAN_POINT('Ctrl Pts',(-24.606198863902,-55.7993491119427,27.1732224288921));
#4704=CARTESIAN_POINT('Ctrl Pts',(-24.2470223480176,-57.0231512018606,26.7514192415868));
#4705=CARTESIAN_POINT('Ctrl Pts',(-23.9989981154034,-57.5530467079094,26.4677454724744));
#4706=CARTESIAN_POINT('Ctrl Pts',(-23.3582793145521,-58.4355183646884,25.795640992883));
#4707=CARTESIAN_POINT('Ctrl Pts',(-22.97342371974,-58.7812386701248,25.4159042286614));
#4708=CARTESIAN_POINT('Ctrl Pts',(-22.0891092444932,-59.2535043792997,24.6265292901954));
#4709=CARTESIAN_POINT('Ctrl Pts',(-21.5988686183369,-59.3739755756,24.2260597816606));
#4710=CARTESIAN_POINT('Ctrl Pts',(-21.0837995618251,-59.3739755756,23.8470496101088));
#4711=CARTESIAN_POINT('Origin',(-9.36439584484499,-53.,39.7735409511472));
#4712=CARTESIAN_POINT('',(-24.7040184654136,-53.,27.295819693791));
#4713=CARTESIAN_POINT('',(0.278496633557956,-53.,22.5105118262312));
#4714=CARTESIAN_POINT('',(0.278496633557959,-53.,22.5105118262312));
#4715=CARTESIAN_POINT('Origin',(-17.8987135071295,-53.,39.0272953746287));
#4716=CARTESIAN_POINT('Origin',(18.4557067742454,-54.3739755756,39.0272953746287));
#4717=CARTESIAN_POINT('Ctrl Pts',(29.2219720874901,-55.8160846087095,46.9208883371869));
#4718=CARTESIAN_POINT('Ctrl Pts',(29.1931787808216,-55.9021948536742,46.9162922571727));
#4719=CARTESIAN_POINT('Ctrl Pts',(29.161822730131,-55.9875595415712,46.9112521371261));
#4720=CARTESIAN_POINT('Ctrl Pts',(28.8998840691858,-56.6411023852653,46.8687428908686));
#4721=CARTESIAN_POINT('Ctrl Pts',(28.5639454369364,-57.1566381099647,46.8121907362017));
#4722=CARTESIAN_POINT('Ctrl Pts',(27.6840857779109,-58.0951767786341,46.6447777184876));
#4723=CARTESIAN_POINT('Ctrl Pts',(27.1312640856328,-58.4907358334733,46.5300049750364));
#4724=CARTESIAN_POINT('Ctrl Pts',(25.8470325092639,-59.1094743677589,46.2250253137714));
#4725=CARTESIAN_POINT('Ctrl Pts',(25.1153738144568,-59.2972939887419,46.0298630757268));
#4726=CARTESIAN_POINT('Ctrl Pts',(24.21482282162,-59.3673212144623,45.7572216201134));
#4727=CARTESIAN_POINT('Ctrl Pts',(24.0496533384751,-59.3739755756,45.7060111510673));
#4728=CARTESIAN_POINT('Ctrl Pts',(23.8803589805504,-59.3739755756,45.6521331630279));
#4729=CARTESIAN_POINT('',(25.2610117325295,-54.3739755756,27.295819693791));
#4730=CARTESIAN_POINT('Origin',(22.7521318899443,-54.3739755756,31.6208077788));
#4731=CARTESIAN_POINT('Origin',(18.4557067742454,-54.3739755756,39.0272953746287));
#4732=CARTESIAN_POINT('Ctrl Pts',(25.2610117325295,-54.3739755756,27.295819693791));
#4733=CARTESIAN_POINT('Ctrl Pts',(25.2610117325295,-54.3739755756,27.295819693791));
#4734=CARTESIAN_POINT('Ctrl Pts',(25.2610117325295,-54.3739755756,27.295819693791));
#4735=CARTESIAN_POINT('Ctrl Pts',(25.2610117325295,-54.3739755756,27.295819693791));
#4736=CARTESIAN_POINT('Ctrl Pts',(25.2610117325295,-54.3739755756,27.295819693791));
#4737=CARTESIAN_POINT('Ctrl Pts',(25.2610117325295,-59.3739755756,27.295819693791));
#4738=CARTESIAN_POINT('Ctrl Pts',(25.2610117325295,-59.3739755756,27.295819693791));
#4739=CARTESIAN_POINT('Ctrl Pts',(25.2610117325295,-59.3739755756,27.295819693791));
#4740=CARTESIAN_POINT('Ctrl Pts',(25.2610117325295,-59.3739755756,27.295819693791));
#4741=CARTESIAN_POINT('Ctrl Pts',(25.2610117325295,-59.3739755756,27.295819693791));
#4742=CARTESIAN_POINT('Ctrl Pts',(22.7521318899443,-59.3739755756,31.6208077788));
#4743=CARTESIAN_POINT('Ctrl Pts',(20.4824963840171,-59.3739755756,30.3042162278144));
#4744=CARTESIAN_POINT('Ctrl Pts',(20.2764518582565,-59.3739755756,27.6884554789506));
#4745=CARTESIAN_POINT('Ctrl Pts',(20.0704073324959,-59.3739755756,25.0726947300868));
#4746=CARTESIAN_POINT('Ctrl Pts',(22.1059135061292,-59.3739755756,23.4169854382747));
#4747=CARTESIAN_POINT('Ctrl Pts',(21.640792828941,-59.3739755756,23.8470496101088));
#4748=CARTESIAN_POINT('Ctrl Pts',(22.1558618854528,-59.3739755756,24.2260597816607));
#4749=CARTESIAN_POINT('Ctrl Pts',(22.6461025116091,-59.2535043792997,24.6265292901954));
#4750=CARTESIAN_POINT('Ctrl Pts',(23.5304169868559,-58.7812386701248,25.4159042286614));
#4751=CARTESIAN_POINT('Ctrl Pts',(23.915272581668,-58.4355183646884,25.795640992883));
#4752=CARTESIAN_POINT('Ctrl Pts',(24.5559913825193,-57.5530467079094,26.4677454724744));
#4753=CARTESIAN_POINT('Ctrl Pts',(24.8040156151335,-57.0231512018606,26.7514192415868));
#4754=CARTESIAN_POINT('Ctrl Pts',(25.163192131018,-55.7993491119427,27.1732224288921));
#4755=CARTESIAN_POINT('Ctrl Pts',(25.2577123665714,-55.1093842897661,27.2917636372591));
#4756=CARTESIAN_POINT('Ctrl Pts',(25.2609837848841,-54.3982762735031,27.2957853358127));
#4757=CARTESIAN_POINT('Ctrl Pts',(25.261011732414,-54.386125924551,27.2958196938849));
#4758=CARTESIAN_POINT('Ctrl Pts',(25.2610117325295,-54.3739755756,27.295819693791));
#4759=CARTESIAN_POINT('Origin',(35.0034441969433,-53.,10.7013928259136));
#4760=CARTESIAN_POINT('Origin',(-34.4464509298274,-53.,10.7013928259136));
#4761=CARTESIAN_POINT('Origin',(-34.4464509298274,-53.,10.7013928259136));
#4762=CARTESIAN_POINT('Ctrl Pts',(-21.0071817527273,-59.3739755756,44.8285567694495));
#4763=CARTESIAN_POINT('Ctrl Pts',(-20.7475585606551,-59.4378650962191,44.7263172171489));
#4764=CARTESIAN_POINT('Ctrl Pts',(-20.4891080290301,-59.5014615143853,44.6211169358914));
#4765=CARTESIAN_POINT('Ctrl Pts',(-20.231930757746,-59.5644920104921,44.5129986901878));
#4766=CARTESIAN_POINT('Origin',(9.9213891119609,-53.,39.7735409511472));
#4767=CARTESIAN_POINT('',(0.278496633557959,-53.,22.5105118262312));
#4768=CARTESIAN_POINT('Ctrl Pts',(13.7497312371713,-54.7080054991824,20.3740217176693));
#4769=CARTESIAN_POINT('Ctrl Pts',(13.4844397145199,-54.7474983461529,20.3216685279122));
#4770=CARTESIAN_POINT('Ctrl Pts',(13.2171486421064,-54.7795358781182,20.2745996629601));
#4771=CARTESIAN_POINT('Ctrl Pts',(12.9482997935022,-54.8041438337167,20.2329616925552));
#4772=CARTESIAN_POINT('Ctrl Pts',(12.7826981446948,-54.8193014884436,20.2073141341303));
#4773=CARTESIAN_POINT('Ctrl Pts',(12.6165052473152,-54.8316392855918,20.1837273349742));
#4774=CARTESIAN_POINT('Ctrl Pts',(12.4498233989101,-54.8411536341264,20.162237538265));
#4775=CARTESIAN_POINT('Ctrl Pts',(12.1804765290754,-54.856528193629,20.1275114446177));
#4776=CARTESIAN_POINT('Ctrl Pts',(11.9101566849466,-54.8645154337804,20.0982998179937));
#4777=CARTESIAN_POINT('Ctrl Pts',(11.6392979579327,-54.8650778033299,20.0746668685505));
#4778=CARTESIAN_POINT('Ctrl Pts',(11.4712226183186,-54.8654267692062,20.0600019690749));
#4779=CARTESIAN_POINT('Ctrl Pts',(11.3029396624792,-54.8629157801208,20.0474854347999));
#4780=CARTESIAN_POINT('Ctrl Pts',(11.1345527905169,-54.857526133795,20.0371353594363));
#4781=CARTESIAN_POINT('',(25.2610117325295,-53.,27.295819693791));
#4782=CARTESIAN_POINT('Origin',(35.0034441969433,-53.,10.7013928259136));
#4783=CARTESIAN_POINT('Origin',(18.4557067742454,-53.,39.0272953746287));
#4784=CARTESIAN_POINT('Origin',(18.4557067742454,-53.,39.0272953746287));
#4785=CARTESIAN_POINT('Origin',(16.1483202010696,-53.,33.4788192281179));
#4786=CARTESIAN_POINT('Ctrl Pts',(-10.1942775286667,-59.5757892756746,31.2576895078202));
#4787=CARTESIAN_POINT('Ctrl Pts',(-9.98319737384043,-59.9516640548714,32.4070655308211));
#4788=CARTESIAN_POINT('Ctrl Pts',(-9.73395549918685,-60.2964265612476,33.5565643338202));
#4789=CARTESIAN_POINT('Ctrl Pts',(-9.44062397988932,-60.6097977569076,34.699061216864));
#4790=CARTESIAN_POINT('Ctrl Pts',(-10.9985369193688,-59.6278276627038,31.4168161043288));
#4791=CARTESIAN_POINT('Ctrl Pts',(-10.7707341443294,-60.0066198146629,32.5838908421417));
#4792=CARTESIAN_POINT('Ctrl Pts',(-10.5017226900049,-60.3534157184784,33.7510701849458));
#4793=CARTESIAN_POINT('Ctrl Pts',(-10.1851211266506,-60.6679485701629,34.9110689693654));
#4794=CARTESIAN_POINT('Ctrl Pts',(-11.8027725108339,-59.5994045912848,31.6022504028786));
#4795=CARTESIAN_POINT('Ctrl Pts',(-11.5582493668499,-59.9831972298907,32.7848919248584));
#4796=CARTESIAN_POINT('Ctrl Pts',(-11.2694698824395,-60.3345618167969,33.9676232355746));
#4797=CARTESIAN_POINT('Ctrl Pts',(-10.9296007039676,-60.6532282850533,35.1430588832155));
#4798=CARTESIAN_POINT('Ctrl Pts',(-12.5901300464235,-59.4911157198852,31.8101062819268));
#4799=CARTESIAN_POINT('Ctrl Pts',(-12.3297599070718,-59.881868728724,33.0059763445858));
#4800=CARTESIAN_POINT('Ctrl Pts',(-12.0221967609328,-60.2402302625982,34.201974153884));
#4801=CARTESIAN_POINT('Ctrl Pts',(-11.6601218742867,-60.5659125479628,35.3906868047239));
#4802=CARTESIAN_POINT('Ctrl Pts',(-10.1699071342157,-59.6187513761314,31.3894791257232));
#4803=CARTESIAN_POINT('Ctrl Pts',(-10.0375283395951,-59.8497868557173,32.1004541406918));
#4804=CARTESIAN_POINT('Ctrl Pts',(-9.89046082554098,-60.0689135965119,32.8113719401024));
#4805=CARTESIAN_POINT('Ctrl Pts',(-9.72730151841929,-60.2760655533601,33.5205461870049));
#4806=CARTESIAN_POINT('Ctrl Pts',(-11.6601218742867,-60.5659125479628,35.3906868047239));
#4807=CARTESIAN_POINT('Ctrl Pts',(-11.9742780247039,-60.2833326265079,34.3592941174285));
#4808=CARTESIAN_POINT('Ctrl Pts',(-12.2473963463359,-59.9761509331652,33.3224169770096));
#4809=CARTESIAN_POINT('Ctrl Pts',(-12.4842573844607,-59.6445554395858,32.2848974408257));
#4810=CARTESIAN_POINT('Origin',(0.,11.0550353674579,54.3557401770122));
#4811=CARTESIAN_POINT('Ctrl Pts',(9.73158170948773,-60.2706164957748,33.5019055719184));
#4812=CARTESIAN_POINT('Ctrl Pts',(9.89303618516625,-60.065063247318,32.7988901397665));
#4813=CARTESIAN_POINT('Ctrl Pts',(10.0387022534025,-59.8477354319167,32.09414257214));
#4814=CARTESIAN_POINT('Ctrl Pts',(10.1699069707545,-59.6187513998376,31.3894792924674));
#4815=CARTESIAN_POINT('Origin',(0.,11.0550353674579,54.3557401770122));
#4816=CARTESIAN_POINT('Ctrl Pts',(11.1372714687012,-54.976308711794,20.2662266343854));
#4817=CARTESIAN_POINT('Ctrl Pts',(11.1031869874901,-53.1916889489586,16.8094204390414));
#4818=CARTESIAN_POINT('Ctrl Pts',(10.5271814296901,-49.7608981414816,11.2902310816372));
#4819=CARTESIAN_POINT('Ctrl Pts',(8.55738453751765,-45.0296843500904,5.50423347536127));
#4820=CARTESIAN_POINT('Ctrl Pts',(6.47749624281449,-41.8910486040699,2.17838727191778));
#4821=CARTESIAN_POINT('Ctrl Pts',(5.08152142342281,-40.4437487713374,0.775534559299147));
#4822=CARTESIAN_POINT('Ctrl Pts',(4.26334361529362,-39.8210412067978,0.190639171881941));
#4823=CARTESIAN_POINT('Ctrl Pts',(12.0151219826737,-54.9721010001053,20.2580763022326));
#4824=CARTESIAN_POINT('Ctrl Pts',(11.9775569667463,-53.160506606595,16.750069395861));
#4825=CARTESIAN_POINT('Ctrl Pts',(11.3538263169538,-49.6711466293101,11.1528804538959));
#4826=CARTESIAN_POINT('Ctrl Pts',(9.22561037816088,-44.8524331416337,5.29788581028944));
#4827=CARTESIAN_POINT('Ctrl Pts',(6.98104349091503,-41.6549626918737,1.93786657156827));
#4828=CARTESIAN_POINT('Ctrl Pts',(5.47565702339455,-40.1804382411751,0.522258287205434));
#4829=CARTESIAN_POINT('Ctrl Pts',(4.59371307024245,-39.5460141859051,-0.0676876015436663));
#4830=CARTESIAN_POINT('Ctrl Pts',(12.892938627041,-54.8819480229724,20.2942966947645));
#4831=CARTESIAN_POINT('Ctrl Pts',(12.8518937358378,-53.0462712472713,16.7393021841313));
#4832=CARTESIAN_POINT('Ctrl Pts',(12.1804458605155,-49.5104640929793,11.0670900235858));
#4833=CARTESIAN_POINT('Ctrl Pts',(9.89382602905678,-44.6273809921762,5.13387167387218));
#4834=CARTESIAN_POINT('Ctrl Pts',(7.4845871148612,-41.3869423458019,1.72911297593065));
#4835=CARTESIAN_POINT('Ctrl Pts',(5.86979055617113,-39.8924727953112,0.294704903169047));
#4836=CARTESIAN_POINT('Ctrl Pts',(4.92408116557382,-39.249435656234,-0.303067341245145));
#4837=CARTESIAN_POINT('Ctrl Pts',(13.7497312371713,-54.7080054991825,20.3740217176694));
#4838=CARTESIAN_POINT('Ctrl Pts',(13.7054270087219,-52.8517006430567,16.7773823597048));
#4839=CARTESIAN_POINT('Ctrl Pts',(12.9894177293416,-49.2824849958281,11.0349332476786));
#4840=CARTESIAN_POINT('Ctrl Pts',(10.5517399917993,-44.3581805556617,5.01488308002665));
#4841=CARTESIAN_POINT('Ctrl Pts',(7.98265677246005,-41.0900264189422,1.55450124839441));
#4842=CARTESIAN_POINT('Ctrl Pts',(6.26049140604656,-39.5824156937285,0.0949009715760001));
#4843=CARTESIAN_POINT('Ctrl Pts',(5.25185735191987,-38.9336312095516,-0.513654339829704));
#4844=CARTESIAN_POINT('',(5.74524179112241,-39.5155818120699,8.88178419700125E-15));
#4845=CARTESIAN_POINT('Ctrl Pts',(5.74524179112243,-39.5155818120699,1.82579645846559E-14));
#4846=CARTESIAN_POINT('Ctrl Pts',(5.58514388845505,-39.6004465502847,0.0525969688931065));
#4847=CARTESIAN_POINT('Ctrl Pts',(5.41244348026651,-39.6651674646964,0.0929939648331559));
#4848=CARTESIAN_POINT('Ctrl Pts',(4.91793359311797,-39.7932774414398,0.173109267343026));
#4849=CARTESIAN_POINT('Ctrl Pts',(4.58815144911228,-39.8210412067978,0.190639171881957));
#4850=CARTESIAN_POINT('Ctrl Pts',(4.26334361529362,-39.8210412067978,0.190639171881958));
#4851=CARTESIAN_POINT('Ctrl Pts',(5.74524179112241,-39.5155818120699,3.33066907387547E-15));
#4852=CARTESIAN_POINT('Ctrl Pts',(5.84016483130762,-39.5035998158851,3.33066907387547E-15));
#4853=CARTESIAN_POINT('Ctrl Pts',(5.93499674452426,-39.4904125855381,1.22124532708767E-14));
#4854=CARTESIAN_POINT('Ctrl Pts',(6.02974326666561,-39.475940550269,1.22124532708767E-14));
#4855=CARTESIAN_POINT('Ctrl Pts',(9.4459492277392,-60.6041000350707,34.6783001034773));
#4856=CARTESIAN_POINT('Ctrl Pts',(9.73670394112413,-60.2925345646918,33.543675266852));
#4857=CARTESIAN_POINT('Ctrl Pts',(9.98409349965905,-59.9499056748879,32.4018438765471));
#4858=CARTESIAN_POINT('Ctrl Pts',(10.1937568478461,-59.5767162610193,31.2605243005889));
#4859=CARTESIAN_POINT('Ctrl Pts',(10.1908688185829,-60.6622295695576,34.8899898439675));
#4860=CARTESIAN_POINT('Ctrl Pts',(10.504689147747,-60.3495002227041,33.7379827745402));
#4861=CARTESIAN_POINT('Ctrl Pts',(10.7717012260242,-60.0048467305769,32.5785887552418));
#4862=CARTESIAN_POINT('Ctrl Pts',(10.9979749891655,-59.6287618499965,31.4196945431908));
#4863=CARTESIAN_POINT('Ctrl Pts',(10.9357708013227,-60.6474341248346,35.1216992412965));
#4864=CARTESIAN_POINT('Ctrl Pts',(11.2726543342026,-60.3305947283809,33.9543614268032));
#4865=CARTESIAN_POINT('Ctrl Pts',(11.5592873937978,-59.981400723917,32.7795190907311));
#4866=CARTESIAN_POINT('Ctrl Pts',(11.8021693361112,-59.6003511107394,31.605167235216));
#4867=CARTESIAN_POINT('Ctrl Pts',(11.6666951045559,-60.559990979617,35.3690858721572));
#4868=CARTESIAN_POINT('Ctrl Pts',(12.0255882240864,-60.2361847022179,34.1885637042014));
#4869=CARTESIAN_POINT('Ctrl Pts',(12.3308650934975,-59.8800406690367,33.000543466312));
#4870=CARTESIAN_POINT('Ctrl Pts',(12.5894877795588,-59.4920793979407,31.813055746452));
#4871=CARTESIAN_POINT('Ctrl Pts',(11.6666951045559,-60.559990979617,35.3690858721572));
#4872=CARTESIAN_POINT('Ctrl Pts',(11.4814650633679,-60.549614784623,35.1555711452215));
#4873=CARTESIAN_POINT('Ctrl Pts',(11.2905446699364,-60.5333955913439,34.9476211754244));
#4874=CARTESIAN_POINT('Ctrl Pts',(11.0942734903456,-60.5110076241586,34.7454793216812));
#4875=CARTESIAN_POINT('Ctrl Pts',(10.9692351552023,-60.4967449384707,34.6167009605));
#4876=CARTESIAN_POINT('Ctrl Pts',(10.8420254034947,-60.4799777812544,34.4902800389275));
#4877=CARTESIAN_POINT('Ctrl Pts',(10.7127360732487,-60.4606117314605,34.3662819094336));
#4878=CARTESIAN_POINT('Ctrl Pts',(33.584024684693,-50.,65.9640762253211));
#4879=CARTESIAN_POINT('Ctrl Pts',(33.584024684693,-50.,59.6390762253211));
#4880=CARTESIAN_POINT('Ctrl Pts',(27.259024684693,-50.,59.6390762253211));
#4881=CARTESIAN_POINT('Ctrl Pts',(20.934024684693,-50.,59.6390762253211));
#4882=CARTESIAN_POINT('Ctrl Pts',(20.934024684693,-50.,65.9640762253211));
#4883=CARTESIAN_POINT('Ctrl Pts',(20.934024684693,-50.,72.2890762253211));
#4884=CARTESIAN_POINT('Ctrl Pts',(27.259024684693,-50.,72.2890762253211));
#4885=CARTESIAN_POINT('Ctrl Pts',(33.584024684693,-50.,72.2890762253211));
#4886=CARTESIAN_POINT('Ctrl Pts',(33.584024684693,-50.,65.9640762253211));
#4887=CARTESIAN_POINT('Ctrl Pts',(31.693454023294,-52.5,65.9640762253211));
#4888=CARTESIAN_POINT('Ctrl Pts',(31.693454023294,-52.5,61.5296468867201));
#4889=CARTESIAN_POINT('Ctrl Pts',(27.259024684693,-52.5,61.5296468867201));
#4890=CARTESIAN_POINT('Ctrl Pts',(22.824595346092,-52.5,61.5296468867201));
#4891=CARTESIAN_POINT('Ctrl Pts',(22.824595346092,-52.5,65.9640762253211));
#4892=CARTESIAN_POINT('Ctrl Pts',(22.824595346092,-52.5,70.3985055639222));
#4893=CARTESIAN_POINT('Ctrl Pts',(27.259024684693,-52.5,70.3985055639222));
#4894=CARTESIAN_POINT('Ctrl Pts',(31.693454023294,-52.5,70.3985055639222));
#4895=CARTESIAN_POINT('Ctrl Pts',(31.693454023294,-52.5,65.9640762253211));
#4896=CARTESIAN_POINT('Ctrl Pts',(28.5590868741325,-52.5,65.9640762253211));
#4897=CARTESIAN_POINT('Ctrl Pts',(28.5590868741325,-52.5,64.6640140358816));
#4898=CARTESIAN_POINT('Ctrl Pts',(27.259024684693,-52.5,64.6640140358816));
#4899=CARTESIAN_POINT('Ctrl Pts',(25.9589624952534,-52.5,64.6640140358816));
#4900=CARTESIAN_POINT('Ctrl Pts',(25.9589624952534,-52.5,65.9640762253211));
#4901=CARTESIAN_POINT('Ctrl Pts',(25.9589624952534,-52.5,67.2641384147607));
#4902=CARTESIAN_POINT('Ctrl Pts',(27.259024684693,-52.5,67.2641384147607));
#4903=CARTESIAN_POINT('Ctrl Pts',(28.5590868741325,-52.5,67.2641384147607));
#4904=CARTESIAN_POINT('Ctrl Pts',(28.5590868741325,-52.5,65.9640762253211));
#4905=CARTESIAN_POINT('',(28.5590868741325,-52.5,65.9640762253211));
#4906=CARTESIAN_POINT('Origin',(27.259024684693,-52.5,65.9640762253211));
#4907=CARTESIAN_POINT('',(33.584024684693,-50.,65.9640762253211));
#4908=CARTESIAN_POINT('Origin',(28.5590868741325,-46.2,65.9640762253211));
#4909=CARTESIAN_POINT('Origin',(27.259024684693,-50.,65.9640762253211));
#4910=CARTESIAN_POINT('Origin',(27.259024684693,-52.5,65.9640762253211));
#4911=CARTESIAN_POINT('Ctrl Pts',(-20.715975315307,-50.,65.5502404636296));
#4912=CARTESIAN_POINT('Ctrl Pts',(-20.715975315307,-50.,59.2252404636296));
#4913=CARTESIAN_POINT('Ctrl Pts',(-27.040975315307,-50.,59.2252404636296));
#4914=CARTESIAN_POINT('Ctrl Pts',(-33.365975315307,-50.,59.2252404636296));
#4915=CARTESIAN_POINT('Ctrl Pts',(-33.365975315307,-50.,65.5502404636296));
#4916=CARTESIAN_POINT('Ctrl Pts',(-33.365975315307,-50.,71.8752404636296));
#4917=CARTESIAN_POINT('Ctrl Pts',(-27.040975315307,-50.,71.8752404636296));
#4918=CARTESIAN_POINT('Ctrl Pts',(-20.715975315307,-50.,71.8752404636296));
#4919=CARTESIAN_POINT('Ctrl Pts',(-20.715975315307,-50.,65.5502404636296));
#4920=CARTESIAN_POINT('Ctrl Pts',(-22.606545976706,-52.5,65.5502404636296));
#4921=CARTESIAN_POINT('Ctrl Pts',(-22.606545976706,-52.5,61.1158111250286));
#4922=CARTESIAN_POINT('Ctrl Pts',(-27.040975315307,-52.5,61.1158111250286));
#4923=CARTESIAN_POINT('Ctrl Pts',(-31.475404653908,-52.5,61.1158111250286));
#4924=CARTESIAN_POINT('Ctrl Pts',(-31.475404653908,-52.5,65.5502404636296));
#4925=CARTESIAN_POINT('Ctrl Pts',(-31.475404653908,-52.5,69.9846698022306));
#4926=CARTESIAN_POINT('Ctrl Pts',(-27.040975315307,-52.5,69.9846698022306));
#4927=CARTESIAN_POINT('Ctrl Pts',(-22.606545976706,-52.5,69.9846698022306));
#4928=CARTESIAN_POINT('Ctrl Pts',(-22.606545976706,-52.5,65.5502404636296));
#4929=CARTESIAN_POINT('Ctrl Pts',(-25.7409131258675,-52.5,65.5502404636296));
#4930=CARTESIAN_POINT('Ctrl Pts',(-25.7409131258675,-52.5,64.25017827419));
#4931=CARTESIAN_POINT('Ctrl Pts',(-27.040975315307,-52.5,64.25017827419));
#4932=CARTESIAN_POINT('Ctrl Pts',(-28.3410375047466,-52.5,64.25017827419));
#4933=CARTESIAN_POINT('Ctrl Pts',(-28.3410375047466,-52.5,65.5502404636296));
#4934=CARTESIAN_POINT('Ctrl Pts',(-28.3410375047466,-52.5,66.8503026530691));
#4935=CARTESIAN_POINT('Ctrl Pts',(-27.040975315307,-52.5,66.8503026530691));
#4936=CARTESIAN_POINT('Ctrl Pts',(-25.7409131258675,-52.5,66.8503026530691));
#4937=CARTESIAN_POINT('Ctrl Pts',(-25.7409131258675,-52.5,65.5502404636296));
#4938=CARTESIAN_POINT('',(-25.7409131258675,-52.5,65.5502404636296));
#4939=CARTESIAN_POINT('Origin',(-27.040975315307,-52.5,65.5502404636296));
#4940=CARTESIAN_POINT('',(-20.715975315307,-50.,65.5502404636296));
#4941=CARTESIAN_POINT('Origin',(-25.7409131258675,-46.2,65.5502404636296));
#4942=CARTESIAN_POINT('Origin',(-27.040975315307,-50.,65.5502404636296));
#4943=CARTESIAN_POINT('Origin',(-27.040975315307,-52.5,65.5502404636296));
#4944=CARTESIAN_POINT('Origin',(21.2340476120008,-47.7,57.6058138439571));
#4945=CARTESIAN_POINT('',(16.6251521629307,-50.,56.6848997656953));
#4946=CARTESIAN_POINT('',(14.3697352410453,-47.6999999999292,56.2342396848438));
#4947=CARTESIAN_POINT('Origin',(16.6251521629307,-47.7,56.6848997656953));
#4948=CARTESIAN_POINT('',(17.8472332331974,-47.7,51.4796822453437));
#4949=CARTESIAN_POINT('Origin',(21.2340476120008,-47.7,57.6058138439571));
#4950=CARTESIAN_POINT('',(18.9600436719471,-50.,53.4925540563167));
#4951=CARTESIAN_POINT('Origin',(18.9600436719471,-47.7,53.4925540563167));
#4952=CARTESIAN_POINT('Origin',(21.2340476120008,-50.,57.6058138439571));
#4953=CARTESIAN_POINT('Origin',(31.1041078175818,-47.7,75.4589587000951));
#4954=CARTESIAN_POINT('',(20.0782278461722,-47.70000000011,50.3754901621205));
#4955=CARTESIAN_POINT('',(29.0608392841376,-50.,50.4424385454506));
#4956=CARTESIAN_POINT('Ctrl Pts',(29.0608392841376,-50.,50.4424385454506));
#4957=CARTESIAN_POINT('Ctrl Pts',(28.5288208115204,-50.,50.4424385454506));
#4958=CARTESIAN_POINT('Ctrl Pts',(27.881434703195,-49.9984341850415,50.4425454512931));
#4959=CARTESIAN_POINT('Ctrl Pts',(26.4964828046035,-49.9806583745243,50.4437240182492));
#4960=CARTESIAN_POINT('Ctrl Pts',(25.6022199079942,-49.9554120393319,50.4455206576111));
#4961=CARTESIAN_POINT('Ctrl Pts',(23.7642455232362,-49.8132484425975,50.4537424972489));
#4962=CARTESIAN_POINT('Ctrl Pts',(22.3725354136737,-49.6448386490487,50.4686713475715));
#4963=CARTESIAN_POINT('Ctrl Pts',(21.0771469798529,-49.1068323038329,50.4694417388657));
#4964=CARTESIAN_POINT('Ctrl Pts',(20.7481797341305,-48.944381301038,50.4686941112587));
#4965=CARTESIAN_POINT('Ctrl Pts',(20.354895785772,-48.6097687127542,50.4554218142832));
#4966=CARTESIAN_POINT('Ctrl Pts',(20.2352324983619,-48.4781134240722,50.4486582954481));
#4967=CARTESIAN_POINT('Ctrl Pts',(20.098668447638,-48.2262085414366,50.4303597478061));
#4968=CARTESIAN_POINT('Ctrl Pts',(20.0622404882722,-48.1178442459001,50.4211740256794));
#4969=CARTESIAN_POINT('Ctrl Pts',(20.0396375291305,-47.9005526166302,50.3994576819545));
#4970=CARTESIAN_POINT('Ctrl Pts',(20.0499434179898,-47.7988479274232,50.3879230802342));
#4971=CARTESIAN_POINT('Ctrl Pts',(20.0782278462009,-47.7000000001197,50.3754901621079));
#4972=CARTESIAN_POINT('Origin',(31.1041078175818,-50.,75.4589587000951));
#4973=CARTESIAN_POINT('Origin',(31.1041078175818,-47.7,75.4589587000951));
#4974=CARTESIAN_POINT('Ctrl Pts',(14.2346196026114,-47.7105828183052,57.6952987106919));
#4975=CARTESIAN_POINT('Ctrl Pts',(14.2283661109847,-47.7124353248683,57.2061560651795));
#4976=CARTESIAN_POINT('Ctrl Pts',(14.2739512769701,-47.7087607291624,56.713609353027));
#4977=CARTESIAN_POINT('Ctrl Pts',(14.3697352410446,-47.6999999998585,56.2342396848475));
#4978=CARTESIAN_POINT('Ctrl Pts',(14.2377764406972,-48.3967181637681,57.6952582967728));
#4979=CARTESIAN_POINT('Ctrl Pts',(14.2320871627065,-48.3982133621241,57.2058157442433));
#4980=CARTESIAN_POINT('Ctrl Pts',(14.2764994794627,-48.3952416487944,56.714647882033));
#4981=CARTESIAN_POINT('Ctrl Pts',(14.3697352410031,-48.3881583906718,56.2342396848392));
#4982=CARTESIAN_POINT('Ctrl Pts',(14.8179331246416,-49.5818195927243,57.6878311165919));
#4983=CARTESIAN_POINT('Ctrl Pts',(14.8130758950027,-49.5822691809676,57.2395221853286));
#4984=CARTESIAN_POINT('Ctrl Pts',(14.8530844925432,-49.5813865520161,56.7881161200225));
#4985=CARTESIAN_POINT('Ctrl Pts',(14.9368602039851,-49.5792530191877,56.3475582376922));
#4986=CARTESIAN_POINT('Ctrl Pts',(16.0198420132524,-50.,57.6724442493476));
#4987=CARTESIAN_POINT('Ctrl Pts',(16.0154406962968,-49.9999953383807,57.3082044307039));
#4988=CARTESIAN_POINT('Ctrl Pts',(16.0488714809247,-49.9999776748438,56.9412478181339));
#4989=CARTESIAN_POINT('Ctrl Pts',(16.1190377891552,-50.,56.5837718800301));
#4990=CARTESIAN_POINT('Ctrl Pts',(16.5344068050645,-50.,57.665856778188));
#4991=CARTESIAN_POINT('Ctrl Pts',(16.5302031977844,-50.,57.3375018977604));
#4992=CARTESIAN_POINT('Ctrl Pts',(16.5608093096575,-50.,57.006916217212));
#4993=CARTESIAN_POINT('Ctrl Pts',(16.6251521629307,-50.,56.6848997656953));
#4994=CARTESIAN_POINT('',(16.5344068050645,-50.,57.665856778188));
#4995=CARTESIAN_POINT('Ctrl Pts',(16.6251521629307,-50.,56.6848997656953));
#4996=CARTESIAN_POINT('Ctrl Pts',(16.5608093096575,-50.,57.006916217212));
#4997=CARTESIAN_POINT('Ctrl Pts',(16.5302031977844,-50.,57.3375018977604));
#4998=CARTESIAN_POINT('Ctrl Pts',(16.5344068050645,-50.,57.665856778188));
#4999=CARTESIAN_POINT('',(14.2346196026114,-47.7105828183052,57.6952987106919));
#5000=CARTESIAN_POINT('Origin',(16.5344068050645,-47.7,57.665856778188));
#5001=CARTESIAN_POINT('Ctrl Pts',(14.3697352410446,-47.6999999998585,56.2342396848475));
#5002=CARTESIAN_POINT('Ctrl Pts',(14.2739512769701,-47.7087607291624,56.713609353027));
#5003=CARTESIAN_POINT('Ctrl Pts',(14.2283661109847,-47.7124353248683,57.2061560651795));
#5004=CARTESIAN_POINT('Ctrl Pts',(14.2346196026114,-47.7105828183052,57.6952987106919));
#5005=CARTESIAN_POINT('Origin',(31.1041078175818,-47.7,75.4589587000951));
#5006=CARTESIAN_POINT('',(42.7830380874634,-47.7,50.6728131588712));
#5007=CARTESIAN_POINT('Origin',(31.1041078175818,-47.7,75.4589587000951));
#5008=CARTESIAN_POINT('',(41.802683673229,-50.,52.7534152886622));
#5009=CARTESIAN_POINT('Origin',(41.802683673229,-47.7,52.7534152886622));
#5010=CARTESIAN_POINT('',(33.1473763510259,-50.,50.4424385454506));
#5011=CARTESIAN_POINT('Origin',(31.1041078175818,-50.,75.4589587000951));
#5012=CARTESIAN_POINT('Ctrl Pts',(38.5798664519376,-49.7725403841284,50.4555155567829));
#5013=CARTESIAN_POINT('Ctrl Pts',(38.3768095521926,-49.7999243546756,50.4542018976243));
#5014=CARTESIAN_POINT('Ctrl Pts',(38.1761806115351,-49.8230880927606,50.4530001959651));
#5015=CARTESIAN_POINT('Ctrl Pts',(36.6584501877268,-49.9768953120565,50.4447169805981));
#5016=CARTESIAN_POINT('Ctrl Pts',(35.1739475459559,-49.9973138424778,50.4426185188107));
#5017=CARTESIAN_POINT('Ctrl Pts',(33.4373396996762,-49.9998858797229,50.4424461944436));
#5018=CARTESIAN_POINT('Ctrl Pts',(33.3032105699817,-50.,50.4424385454506));
#5019=CARTESIAN_POINT('Ctrl Pts',(33.1473763510259,-50.,50.4424385454506));
#5020=CARTESIAN_POINT('Origin',(39.7993507397933,-47.7,57.0050805104091));
#5021=CARTESIAN_POINT('',(46.7956919719437,-47.7,57.2313753696335));
#5022=CARTESIAN_POINT('',(44.4968941385229,-50.,57.1570213444598));
#5023=CARTESIAN_POINT('Origin',(44.4968941385229,-47.7,57.1570213444598));
#5024=CARTESIAN_POINT('Origin',(39.7993507397933,-50.,57.0050805104091));
#5025=CARTESIAN_POINT('Origin',(39.7993507397933,-47.7,57.0050805104091));
#5026=CARTESIAN_POINT('Origin',(13.3080833497401,-47.7,56.1482272744407));
#5027=CARTESIAN_POINT('',(34.8288531243597,-47.7,81.8279782338606));
#5028=CARTESIAN_POINT('',(33.3515335734305,-50.,80.0651603350286));
#5029=CARTESIAN_POINT('Origin',(33.3515335734305,-47.7,80.0651603350286));
#5030=CARTESIAN_POINT('Origin',(13.3080833497401,-50.,56.1482272744407));
#5031=CARTESIAN_POINT('Origin',(13.3080833497401,-47.7,56.1482272744407));
#5032=CARTESIAN_POINT('Origin',(30.3326631867493,-47.7,76.4628802808936));
#5033=CARTESIAN_POINT('',(25.9068065550648,-47.7,81.8861443419342));
#5034=CARTESIAN_POINT('',(27.3610165911897,-50.,80.104214721878));
#5035=CARTESIAN_POINT('Origin',(27.3610165911897,-47.7,80.104214721878));
#5036=CARTESIAN_POINT('Origin',(30.3326631867493,-50.,76.4628802808936));
#5037=CARTESIAN_POINT('Origin',(30.3326631867493,-47.7,76.4628802808936));
#5038=CARTESIAN_POINT('Origin',(45.9798562001247,-47.7,57.2894486522899));
#5039=CARTESIAN_POINT('',(14.2613933240872,-47.6999999999994,58.6546862445925));
#5040=CARTESIAN_POINT('',(16.5592657381148,-50.,58.5557803860644));
#5041=CARTESIAN_POINT('Origin',(16.5592657381148,-47.7,58.5557803860644));
#5042=CARTESIAN_POINT('Origin',(45.9798562001247,-50.,57.2894486522899));
#5043=CARTESIAN_POINT('Origin',(45.9798562001247,-47.7,57.2894486522899));
#5044=CARTESIAN_POINT('Ctrl Pts',(14.2613933240872,-47.6999999999988,58.6546862445925));
#5045=CARTESIAN_POINT('Ctrl Pts',(14.2476411702533,-47.7058390786335,58.3351834830918));
#5046=CARTESIAN_POINT('Ctrl Pts',(14.2387114179699,-47.7093706771112,58.0153569291922));
#5047=CARTESIAN_POINT('Ctrl Pts',(14.2346196026114,-47.7105828183052,57.6952987106919));
#5048=CARTESIAN_POINT('Ctrl Pts',(14.2613933240868,-48.3881583907854,58.6546862445925));
#5049=CARTESIAN_POINT('Ctrl Pts',(14.2494373930191,-48.3928794248148,58.3350314956352));
#5050=CARTESIAN_POINT('Ctrl Pts',(14.2414971670295,-48.3957398182354,58.0153635576551));
#5051=CARTESIAN_POINT('Ctrl Pts',(14.2377764406972,-48.3967181637681,57.6952582967728));
#5052=CARTESIAN_POINT('Ctrl Pts',(14.8391966495132,-49.5792510372746,58.629816224128));
#5053=CARTESIAN_POINT('Ctrl Pts',(14.8284715027147,-49.5806730497033,58.3159965244445));
#5054=CARTESIAN_POINT('Ctrl Pts',(14.8213808047819,-49.5815234479035,58.0019946855542));
#5055=CARTESIAN_POINT('Ctrl Pts',(14.8179360102944,-49.5818176246912,57.6878310796497));
#5056=CARTESIAN_POINT('Ctrl Pts',(16.0436243742006,-50.,58.5779748088179));
#5057=CARTESIAN_POINT('Ctrl Pts',(16.0314658952017,-49.9999851201495,58.2763201425895));
#5058=CARTESIAN_POINT('Ctrl Pts',(16.02353714661,-50.0000030502136,57.9744561472099));
#5059=CARTESIAN_POINT('Ctrl Pts',(16.0198420132524,-50.,57.6724442493476));
#5060=CARTESIAN_POINT('Ctrl Pts',(16.5592657381148,-50.,58.5557803860644));
#5061=CARTESIAN_POINT('Ctrl Pts',(16.5465052867151,-50.,58.2593177730484));
#5062=CARTESIAN_POINT('Ctrl Pts',(16.5382067654757,-50.,57.9626817343032));
#5063=CARTESIAN_POINT('Ctrl Pts',(16.5344068050645,-50.,57.665856778188));
#5064=CARTESIAN_POINT('Ctrl Pts',(14.2346196026114,-47.7105828183052,57.6952987106919));
#5065=CARTESIAN_POINT('Ctrl Pts',(14.2387114179699,-47.7093706771112,58.0153569291922));
#5066=CARTESIAN_POINT('Ctrl Pts',(14.2476411702533,-47.7058390786335,58.3351834830918));
#5067=CARTESIAN_POINT('Ctrl Pts',(14.2613933240872,-47.6999999999988,58.6546862445925));
#5068=CARTESIAN_POINT('Ctrl Pts',(16.5344068050645,-50.,57.665856778188));
#5069=CARTESIAN_POINT('Ctrl Pts',(16.5382067654757,-50.,57.9626817343032));
#5070=CARTESIAN_POINT('Ctrl Pts',(16.5465052867151,-50.,58.2593177730484));
#5071=CARTESIAN_POINT('Ctrl Pts',(16.5592657381148,-50.,58.5557803860644));
#5072=CARTESIAN_POINT('Origin',(31.1041078175818,-30.,75.4589587000951));
#5073=CARTESIAN_POINT('',(17.8472332331974,-47.4419204700544,51.4796822453437));
#5074=CARTESIAN_POINT('',(17.8472332331974,-30.,51.4796822453437));
#5075=CARTESIAN_POINT('',(20.1992931471522,-47.3270437399907,50.3226216550307));
#5076=CARTESIAN_POINT('Ctrl Pts',(20.1992931471522,-47.3270437399907,50.3226216550307));
#5077=CARTESIAN_POINT('Ctrl Pts',(19.3964719864208,-47.3647127724463,50.6709069264917));
#5078=CARTESIAN_POINT('Ctrl Pts',(18.6104632951486,-47.4037651510335,51.0577326827949));
#5079=CARTESIAN_POINT('Ctrl Pts',(17.8472332331974,-47.4419204700544,51.4796822453437));
#5080=CARTESIAN_POINT('Ctrl Pts',(20.0782278462009,-47.7000000001198,50.3754901621079));
#5081=CARTESIAN_POINT('Ctrl Pts',(20.1141403954136,-47.574493448396,50.3597041691745));
#5082=CARTESIAN_POINT('Ctrl Pts',(20.1545518814205,-47.4500445244503,50.3420316116227));
#5083=CARTESIAN_POINT('Ctrl Pts',(20.1992931471522,-47.3270437399907,50.3226216550307));
#5084=CARTESIAN_POINT('Origin',(21.2340476120008,-30.,57.6058138439571));
#5085=CARTESIAN_POINT('Ctrl Pts',(17.8472332331974,-47.4419204700544,51.4796822453437));
#5086=CARTESIAN_POINT('Ctrl Pts',(17.2620866162492,-47.4711730597474,51.803178883326));
#5087=CARTESIAN_POINT('Ctrl Pts',(16.7309195616639,-47.5053622167054,52.2094248521513));
#5088=CARTESIAN_POINT('Ctrl Pts',(15.6630700486624,-47.5827692043439,53.2773272113648));
#5089=CARTESIAN_POINT('Ctrl Pts',(15.1244750962275,-47.6303620505485,54.064036563641));
#5090=CARTESIAN_POINT('Ctrl Pts',(14.591860843776,-47.679269923067,55.3494468868235));
#5091=CARTESIAN_POINT('Ctrl Pts',(14.4584049312339,-47.6918899664023,55.7904747981648));
#5092=CARTESIAN_POINT('Ctrl Pts',(14.3697352410451,-47.6999999998585,56.234239684845));
#5093=CARTESIAN_POINT('Origin',(45.9798562001247,-30.,57.2894486522899));
#5094=CARTESIAN_POINT('',(25.9068065550648,-43.0362073506981,81.8861443419342));
#5095=CARTESIAN_POINT('',(25.9068065550648,-30.,81.8861443419342));
#5096=CARTESIAN_POINT('Ctrl Pts',(14.2613933240872,-47.6999999999988,58.6546862445925));
#5097=CARTESIAN_POINT('Ctrl Pts',(14.3299152008079,-47.6709060390671,60.2466498817036));
#5098=CARTESIAN_POINT('Ctrl Pts',(14.5207203305685,-47.5831011590988,61.8634743000933));
#5099=CARTESIAN_POINT('Ctrl Pts',(15.2486076003058,-47.2480629028142,65.5324397304528));
#5100=CARTESIAN_POINT('Ctrl Pts',(15.8704085981054,-46.9616038895303,67.5761931078538));
#5101=CARTESIAN_POINT('Ctrl Pts',(17.5005751100519,-46.2375659028626,71.4784046739844));
#5102=CARTESIAN_POINT('Ctrl Pts',(18.510245219584,-45.7998553526885,73.340541350685));
#5103=CARTESIAN_POINT('Ctrl Pts',(20.829254925876,-44.8525770677281,76.7744264438762));
#5104=CARTESIAN_POINT('Ctrl Pts',(22.1387748874489,-44.3437629403884,78.3462609017587));
#5105=CARTESIAN_POINT('Ctrl Pts',(24.2716100232806,-43.5812726099676,80.4795857954385));
#5106=CARTESIAN_POINT('Ctrl Pts',(25.0661490040433,-43.3086077969431,81.2000944363262));
#5107=CARTESIAN_POINT('Ctrl Pts',(25.9068065550648,-43.0362073506981,81.8861443419342));
#5108=CARTESIAN_POINT('Origin',(30.3326631867493,-30.,76.4628802808936));
#5109=CARTESIAN_POINT('',(34.8288531243597,-30.,81.8279782338606));
#5110=CARTESIAN_POINT('',(26.3849885497177,-42.8931029436907,82.243526002622));
#5111=CARTESIAN_POINT('Ctrl Pts',(26.3849885497177,-42.8931029436907,82.2435260026221));
#5112=CARTESIAN_POINT('Ctrl Pts',(26.9068186324891,-42.7492028071278,82.599890236267));
#5113=CARTESIAN_POINT('Ctrl Pts',(27.4682817811162,-42.5794017013173,82.8799187357517));
#5114=CARTESIAN_POINT('Ctrl Pts',(28.6495669552033,-42.1904268980926,83.2867096190808));
#5115=CARTESIAN_POINT('Ctrl Pts',(29.2645775699038,-41.9722328383696,83.4085424249037));
#5116=CARTESIAN_POINT('Ctrl Pts',(30.739596449867,-41.4235660559266,83.5036622642188));
#5117=CARTESIAN_POINT('Ctrl Pts',(31.5973833503175,-41.0822079436971,83.4008527669597));
#5118=CARTESIAN_POINT('Ctrl Pts',(33.0277642213585,-40.5406669818597,82.9549720106334));
#5119=CARTESIAN_POINT('Ctrl Pts',(33.6217525344025,-40.3254986074713,82.6772745386606));
#5120=CARTESIAN_POINT('Ctrl Pts',(34.1742454874197,-40.1707583737031,82.3145676808814));
#5121=CARTESIAN_POINT('Ctrl Pts',(25.9068065550648,-43.0362073506981,81.8861443419342));
#5122=CARTESIAN_POINT('Ctrl Pts',(26.0591636203772,-42.9868386957336,82.0104809997674));
#5123=CARTESIAN_POINT('Ctrl Pts',(26.2188973974658,-42.9389043267079,82.1301002954012));
#5124=CARTESIAN_POINT('Ctrl Pts',(26.3849885497177,-42.8931029436907,82.243526002622));
#5125=CARTESIAN_POINT('Origin',(13.3080833497401,-30.,56.1482272744407));
#5126=CARTESIAN_POINT('',(46.7956919719437,-30.,57.2313753696335));
#5127=CARTESIAN_POINT('Origin',(39.7993507397933,-30.,57.0050805104091));
#5128=CARTESIAN_POINT('',(42.7830380874634,-45.6650144433175,50.6728131588712));
#5129=CARTESIAN_POINT('',(42.7830380874634,-30.,50.6728131588712));
#5130=CARTESIAN_POINT('Ctrl Pts',(45.1625521850176,-43.7294200805234,52.5066285257877));
#5131=CARTESIAN_POINT('Ctrl Pts',(44.5413711091401,-44.4456085188594,51.7660361497257));
#5132=CARTESIAN_POINT('Ctrl Pts',(43.7443306355507,-45.1092385128164,51.1257625139614));
#5133=CARTESIAN_POINT('Ctrl Pts',(42.7830380874634,-45.6650144433175,50.6728131588712));
#5134=CARTESIAN_POINT('Origin',(31.1041078175818,-30.,75.4589587000951));
#5135=CARTESIAN_POINT('',(41.5100927466095,-46.2912675864803,50.1120476229968));
#5136=CARTESIAN_POINT('Ctrl Pts',(41.5100927173912,-46.2912676050046,50.112047619957));
#5137=CARTESIAN_POINT('Ctrl Pts',(41.5877182066341,-46.418935510109,50.1439161843887));
#5138=CARTESIAN_POINT('Ctrl Pts',(41.6607239242662,-46.549630178328,50.1743049721787));
#5139=CARTESIAN_POINT('Ctrl Pts',(41.7864189834515,-46.7963579967696,50.2271816042762));
#5140=CARTESIAN_POINT('Ctrl Pts',(41.8405323200665,-46.9117066141502,50.2501786170003));
#5141=CARTESIAN_POINT('Ctrl Pts',(41.8907248417548,-47.0286782324695,50.2716738878469));
#5142=CARTESIAN_POINT('Ctrl Pts',(42.7830380874634,-45.6650144433175,50.6728131588712));
#5143=CARTESIAN_POINT('Ctrl Pts',(42.3747607399821,-45.9010619640754,50.4804378391961));
#5144=CARTESIAN_POINT('Ctrl Pts',(41.9497783374958,-46.1101638121977,50.2925572656073));
#5145=CARTESIAN_POINT('Ctrl Pts',(41.5100927445113,-46.2912675894537,50.1120476310909));
#5146=CARTESIAN_POINT('Origin',(-45.9798562001247,-47.7,57.2894486522899));
#5147=CARTESIAN_POINT('',(-16.5592657381148,-50.,58.5557803860644));
#5148=CARTESIAN_POINT('',(-14.2613933240872,-47.6999999999994,58.6546862445925));
#5149=CARTESIAN_POINT('Origin',(-16.5592657381148,-47.7,58.5557803860644));
#5150=CARTESIAN_POINT('',(-25.9068065550648,-47.7,81.8861443419342));
#5151=CARTESIAN_POINT('Origin',(-45.9798562001247,-47.7,57.2894486522899));
#5152=CARTESIAN_POINT('',(-27.3610165911897,-50.,80.104214721878));
#5153=CARTESIAN_POINT('Origin',(-27.3610165911897,-47.7,80.104214721878));
#5154=CARTESIAN_POINT('Origin',(-45.9798562001247,-50.,57.2894486522899));
#5155=CARTESIAN_POINT('Origin',(-30.3326631867493,-47.7,76.4628802808936));
#5156=CARTESIAN_POINT('',(-34.8288531243597,-47.7,81.8279782338606));
#5157=CARTESIAN_POINT('',(-33.3515335734305,-50.,80.0651603350286));
#5158=CARTESIAN_POINT('Origin',(-33.3515335734305,-47.7,80.0651603350286));
#5159=CARTESIAN_POINT('Origin',(-30.3326631867493,-50.,76.4628802808936));
#5160=CARTESIAN_POINT('Origin',(-30.3326631867493,-47.7,76.4628802808936));
#5161=CARTESIAN_POINT('Origin',(-13.3080833497401,-47.7,56.1482272744407));
#5162=CARTESIAN_POINT('',(-46.7956919719437,-47.7,57.2313753696335));
#5163=CARTESIAN_POINT('',(-44.4968941385229,-50.,57.1570213444598));
#5164=CARTESIAN_POINT('Origin',(-44.4968941385229,-47.7,57.1570213444598));
#5165=CARTESIAN_POINT('Origin',(-13.3080833497401,-50.,56.1482272744407));
#5166=CARTESIAN_POINT('Origin',(-13.3080833497401,-47.7,56.1482272744407));
#5167=CARTESIAN_POINT('Origin',(-39.7993507397933,-47.7,57.0050805104091));
#5168=CARTESIAN_POINT('',(-42.7830380874634,-47.7,50.6728131588712));
#5169=CARTESIAN_POINT('',(-41.802683673229,-50.,52.7534152886622));
#5170=CARTESIAN_POINT('Origin',(-41.802683673229,-47.7,52.7534152886622));
#5171=CARTESIAN_POINT('Origin',(-39.7993507397933,-50.,57.0050805104091));
#5172=CARTESIAN_POINT('Origin',(-39.7993507397933,-47.7,57.0050805104091));
#5173=CARTESIAN_POINT('Origin',(-31.1041078175818,-47.7,75.4589587000951));
#5174=CARTESIAN_POINT('',(-33.1473763510261,-50.,50.4424385454506));
#5175=CARTESIAN_POINT('Ctrl Pts',(-33.1473763510261,-50.,50.4424385454506));
#5176=CARTESIAN_POINT('Ctrl Pts',(-34.2859637111074,-50.,50.4424385454506));
#5177=CARTESIAN_POINT('Ctrl Pts',(-35.2411109357541,-49.9940978031143,50.4428747795703));
#5178=CARTESIAN_POINT('Ctrl Pts',(-36.929160568112,-49.9339138648793,50.4467186366676));
#5179=CARTESIAN_POINT('Ctrl Pts',(-37.7746637604762,-49.8811288970813,50.4503063671838));
#5180=CARTESIAN_POINT('Ctrl Pts',(-38.5798664519986,-49.7725403841202,50.4555155567833));
#5181=CARTESIAN_POINT('Origin',(-31.1041078175818,-50.,75.4589587000951));
#5182=CARTESIAN_POINT('Origin',(-31.1041078175818,-47.7,75.4589587000951));
#5183=CARTESIAN_POINT('Ctrl Pts',(-14.2346196026114,-47.7105828183052,57.6952987106919));
#5184=CARTESIAN_POINT('Ctrl Pts',(-14.2387101448016,-47.7093710542689,58.0152573430838));
#5185=CARTESIAN_POINT('Ctrl Pts',(-14.2476402522539,-47.7058394684103,58.3351621552787));
#5186=CARTESIAN_POINT('Ctrl Pts',(-14.2613933240872,-47.6999999999988,58.6546862445925));
#5187=CARTESIAN_POINT('Ctrl Pts',(-14.2377764406972,-48.3967181637681,57.6952582967728));
#5188=CARTESIAN_POINT('Ctrl Pts',(-14.2414960093256,-48.3957401226476,58.0152639569095));
#5189=CARTESIAN_POINT('Ctrl Pts',(-14.2494365949231,-48.3928797399587,58.3350101576764));
#5190=CARTESIAN_POINT('Ctrl Pts',(-14.2613933240868,-48.3881583907853,58.6546862445925));
#5191=CARTESIAN_POINT('Ctrl Pts',(-14.8179360102944,-49.5818176246912,57.6878310796497));
#5192=CARTESIAN_POINT('Ctrl Pts',(-14.8213797329342,-49.5815235394366,58.0018969335544));
#5193=CARTESIAN_POINT('Ctrl Pts',(-14.8284707867775,-49.5806731446271,58.3159755759936));
#5194=CARTESIAN_POINT('Ctrl Pts',(-14.8391966495132,-49.5792510372747,58.629816224128));
#5195=CARTESIAN_POINT('Ctrl Pts',(-16.0198420132524,-50.,57.6724442493476));
#5196=CARTESIAN_POINT('Ctrl Pts',(-16.0235359968693,-50.0000030492646,57.9743621762138));
#5197=CARTESIAN_POINT('Ctrl Pts',(-16.031465083585,-49.9999851191562,58.2763000061928));
#5198=CARTESIAN_POINT('Ctrl Pts',(-16.0436243742006,-50.,58.5779748088179));
#5199=CARTESIAN_POINT('Ctrl Pts',(-16.5344068050645,-50.,57.665856778188));
#5200=CARTESIAN_POINT('Ctrl Pts',(-16.538205583118,-50.,57.962589377224));
#5201=CARTESIAN_POINT('Ctrl Pts',(-16.5465044349149,-50.,58.2592979832376));
#5202=CARTESIAN_POINT('Ctrl Pts',(-16.5592657381148,-50.,58.5557803860644));
#5203=CARTESIAN_POINT('',(-16.5344068050645,-50.,57.665856778188));
#5204=CARTESIAN_POINT('Ctrl Pts',(-16.5592657381148,-50.,58.5557803860644));
#5205=CARTESIAN_POINT('Ctrl Pts',(-16.5465044349149,-50.,58.2592979832376));
#5206=CARTESIAN_POINT('Ctrl Pts',(-16.538205583118,-50.,57.962589377224));
#5207=CARTESIAN_POINT('Ctrl Pts',(-16.5344068050645,-50.,57.665856778188));
#5208=CARTESIAN_POINT('',(-14.2346196026114,-47.7105828183052,57.6952987106919));
#5209=CARTESIAN_POINT('Origin',(-16.5344068050645,-47.7,57.665856778188));
#5210=CARTESIAN_POINT('Ctrl Pts',(-14.2613933240872,-47.6999999999988,58.6546862445925));
#5211=CARTESIAN_POINT('Ctrl Pts',(-14.2476402522539,-47.7058394684103,58.3351621552787));
#5212=CARTESIAN_POINT('Ctrl Pts',(-14.2387101448016,-47.7093710542689,58.0152573430838));
#5213=CARTESIAN_POINT('Ctrl Pts',(-14.2346196026114,-47.7105828183052,57.6952987106919));
#5214=CARTESIAN_POINT('Origin',(-31.1041078175818,-47.7,75.4589587000951));
#5215=CARTESIAN_POINT('',(-17.8472332331974,-47.7,51.4796822453437));
#5216=CARTESIAN_POINT('',(-18.9600436719471,-50.,53.4925540563167));
#5217=CARTESIAN_POINT('Origin',(-18.9600436719471,-47.7,53.4925540563167));
#5218=CARTESIAN_POINT('',(-29.0608392841375,-50.,50.4424385454506));
#5219=CARTESIAN_POINT('Origin',(-31.1041078175818,-50.,75.4589587000951));
#5220=CARTESIAN_POINT('',(-20.0782278461722,-47.70000000011,50.3754901621205));
#5221=CARTESIAN_POINT('Ctrl Pts',(-20.0782278462351,-47.7,50.3754901620929));
#5222=CARTESIAN_POINT('Ctrl Pts',(-20.0484904416422,-47.8039257638116,50.388561761549));
#5223=CARTESIAN_POINT('Ctrl Pts',(-20.0390385697163,-47.9096585845068,50.4004684012996));
#5224=CARTESIAN_POINT('Ctrl Pts',(-20.0644257945008,-48.1222600553144,50.4215029766514));
#5225=CARTESIAN_POINT('Ctrl Pts',(-20.0983711286271,-48.2226242912654,50.4300024672178));
#5226=CARTESIAN_POINT('Ctrl Pts',(-20.214848090645,-48.4442216359566,50.4463147963125));
#5227=CARTESIAN_POINT('Ctrl Pts',(-20.3088801351537,-48.5572251034221,50.4526082488378));
#5228=CARTESIAN_POINT('Ctrl Pts',(-20.6026266713927,-48.8354094001415,50.4651851947808));
#5229=CARTESIAN_POINT('Ctrl Pts',(-20.8402235125264,-48.9805537008984,50.4678867732141));
#5230=CARTESIAN_POINT('Ctrl Pts',(-21.6820905109749,-49.3957892059797,50.4714230953305));
#5231=CARTESIAN_POINT('Ctrl Pts',(-22.4178645126604,-49.5672686161246,50.4640133577683));
#5232=CARTESIAN_POINT('Ctrl Pts',(-24.3776853526433,-49.9274861596653,50.449925751218));
#5233=CARTESIAN_POINT('Ctrl Pts',(-26.0634089093643,-49.9828541246958,50.4435826978433));
#5234=CARTESIAN_POINT('Ctrl Pts',(-28.1901639685376,-49.9990897314729,50.4424998983187));
#5235=CARTESIAN_POINT('Ctrl Pts',(-28.6576264231648,-50.,50.4424385454506));
#5236=CARTESIAN_POINT('Ctrl Pts',(-29.0608392841417,-50.,50.4424385454506));
#5237=CARTESIAN_POINT('Origin',(-31.1041078175818,-47.7,75.4589587000951));
#5238=CARTESIAN_POINT('Origin',(-21.2340476120008,-47.7,57.6058138439571));
#5239=CARTESIAN_POINT('',(-14.3697352410453,-47.6999999999292,56.2342396848438));
#5240=CARTESIAN_POINT('',(-16.6251521629307,-50.,56.6848997656953));
#5241=CARTESIAN_POINT('Origin',(-16.6251521629307,-47.7,56.6848997656953));
#5242=CARTESIAN_POINT('Origin',(-21.2340476120008,-50.,57.6058138439571));
#5243=CARTESIAN_POINT('Origin',(-21.2340476120008,-47.7,57.6058138439571));
#5244=CARTESIAN_POINT('Ctrl Pts',(-14.3697352410453,-47.6999999998584,56.2342396848438));
#5245=CARTESIAN_POINT('Ctrl Pts',(-14.2734704698403,-47.7088047054287,56.7160156467772));
#5246=CARTESIAN_POINT('Ctrl Pts',(-14.228396501547,-47.7124263221032,57.2085331883803));
#5247=CARTESIAN_POINT('Ctrl Pts',(-14.2346196026114,-47.7105828183052,57.6952987106919));
#5248=CARTESIAN_POINT('Ctrl Pts',(-14.3697352410038,-48.3881583906717,56.2342396848355));
#5249=CARTESIAN_POINT('Ctrl Pts',(-14.2760314635549,-48.3952772046522,56.7170593888913));
#5250=CARTESIAN_POINT('Ctrl Pts',(-14.2321148113174,-48.3982060957965,57.2081943249246));
#5251=CARTESIAN_POINT('Ctrl Pts',(-14.2377764406972,-48.3967181637681,57.6952582967728));
#5252=CARTESIAN_POINT('Ctrl Pts',(-14.9368602039857,-49.5792530191877,56.3475582376888));
#5253=CARTESIAN_POINT('Ctrl Pts',(-14.852663963285,-49.5813972617189,56.7903275901033));
#5254=CARTESIAN_POINT('Ctrl Pts',(-14.8130995000459,-49.5822669960699,57.2417008658656));
#5255=CARTESIAN_POINT('Ctrl Pts',(-14.8179331246416,-49.5818195927243,57.6878311165919));
#5256=CARTESIAN_POINT('Ctrl Pts',(-16.1190377891557,-50.,56.5837718800273));
#5257=CARTESIAN_POINT('Ctrl Pts',(-16.0485192668397,-49.9999775627782,56.9430422414626));
#5258=CARTESIAN_POINT('Ctrl Pts',(-16.0154620857069,-49.9999953610351,57.3099745542688));
#5259=CARTESIAN_POINT('Ctrl Pts',(-16.0198420132524,-50.,57.6724442493476));
#5260=CARTESIAN_POINT('Ctrl Pts',(-16.6251521629312,-50.,56.6848997656928));
#5261=CARTESIAN_POINT('Ctrl Pts',(-16.5604863275916,-50.,57.0085326444207));
#5262=CARTESIAN_POINT('Ctrl Pts',(-16.53022362637,-50.,57.3390976285996));
#5263=CARTESIAN_POINT('Ctrl Pts',(-16.5344068050645,-50.,57.665856778188));
#5264=CARTESIAN_POINT('Ctrl Pts',(-14.2346196026114,-47.7105828183052,57.6952987106919));
#5265=CARTESIAN_POINT('Ctrl Pts',(-14.228396501547,-47.7124263221032,57.2085331883807));
#5266=CARTESIAN_POINT('Ctrl Pts',(-14.2734704698402,-47.7088047054287,56.716015646778));
#5267=CARTESIAN_POINT('Ctrl Pts',(-14.3697352410451,-47.6999999998585,56.234239684845));
#5268=CARTESIAN_POINT('Ctrl Pts',(-16.5344068050645,-50.,57.665856778188));
#5269=CARTESIAN_POINT('Ctrl Pts',(-16.53022362637,-50.,57.3390976285996));
#5270=CARTESIAN_POINT('Ctrl Pts',(-16.5604863275916,-50.,57.0085326444207));
#5271=CARTESIAN_POINT('Ctrl Pts',(-16.6251521629312,-50.,56.6848997656928));
#5272=CARTESIAN_POINT('Origin',(-31.1041078175818,-30.,75.4589587000951));
#5273=CARTESIAN_POINT('',(-42.7830380874634,-45.6650144433175,50.6728131588712));
#5274=CARTESIAN_POINT('',(-42.7830380874634,-30.,50.6728131588712));
#5275=CARTESIAN_POINT('',(-41.5100927158598,-46.2912676012148,50.1120476191573));
#5276=CARTESIAN_POINT('Ctrl Pts',(-41.5100927158197,-46.2912676012716,50.1120476193118));
#5277=CARTESIAN_POINT('Ctrl Pts',(-41.9497782185506,-46.1101638626723,50.2925572161936));
#5278=CARTESIAN_POINT('Ctrl Pts',(-42.3747605077992,-45.901062098313,50.4804377297943));
#5279=CARTESIAN_POINT('Ctrl Pts',(-42.7830380874634,-45.6650144433175,50.6728131588712));
#5280=CARTESIAN_POINT('Ctrl Pts',(-41.8907248417581,-47.028678232477,50.2716738878482));
#5281=CARTESIAN_POINT('Ctrl Pts',(-41.8405323200689,-46.9117066141551,50.2501786170013));
#5282=CARTESIAN_POINT('Ctrl Pts',(-41.7864189834527,-46.796357996772,50.2271816042767));
#5283=CARTESIAN_POINT('Ctrl Pts',(-41.660723923657,-46.5496301771323,50.1743049719224));
#5284=CARTESIAN_POINT('Ctrl Pts',(-41.5877182053241,-46.4189355077641,50.1439161838434));
#5285=CARTESIAN_POINT('Ctrl Pts',(-41.510092715302,-46.2912676015684,50.1120476190993));
#5286=CARTESIAN_POINT('Origin',(-39.7993507397933,-30.,57.0050805104091));
#5287=CARTESIAN_POINT('',(-46.7956919719437,-30.,57.2313753696335));
#5288=CARTESIAN_POINT('Ctrl Pts',(-42.7830380874634,-45.6650144433175,50.6728131588712));
#5289=CARTESIAN_POINT('Ctrl Pts',(-43.7443306355506,-45.1092385128165,51.1257625139613));
#5290=CARTESIAN_POINT('Ctrl Pts',(-44.54137110914,-44.4456085188596,51.7660361497255));
#5291=CARTESIAN_POINT('Ctrl Pts',(-45.1625521850176,-43.7294200805234,52.5066285257877));
#5292=CARTESIAN_POINT('Origin',(-13.3080833497401,-30.,56.1482272744407));
#5293=CARTESIAN_POINT('',(-34.8288531243597,-30.,81.8279782338606));
#5294=CARTESIAN_POINT('Origin',(-30.3326631867493,-30.,76.4628802808936));
#5295=CARTESIAN_POINT('',(-25.9068065550648,-43.0362073506981,81.8861443419342));
#5296=CARTESIAN_POINT('',(-25.9068065550648,-30.,81.8861443419342));
#5297=CARTESIAN_POINT('',(-26.3849885497244,-42.8931029437026,82.2435260026063));
#5298=CARTESIAN_POINT('Ctrl Pts',(-26.3849885497129,-42.893102943692,82.2435260026188));
#5299=CARTESIAN_POINT('Ctrl Pts',(-26.2189034532533,-42.9389026567609,82.1301044309733));
#5300=CARTESIAN_POINT('Ctrl Pts',(-26.059191367369,-42.9868297048039,82.0105036437336));
#5301=CARTESIAN_POINT('Ctrl Pts',(-25.9068065550648,-43.0362073506981,81.8861443419342));
#5302=CARTESIAN_POINT('Ctrl Pts',(-34.1742454874197,-40.1707583737031,82.3145676808813));
#5303=CARTESIAN_POINT('Ctrl Pts',(-33.6912809443192,-40.3060253411693,82.6316297373114));
#5304=CARTESIAN_POINT('Ctrl Pts',(-33.1767885331938,-40.4876887433644,82.8836157935676));
#5305=CARTESIAN_POINT('Ctrl Pts',(-32.1996180608947,-40.8523863754891,83.225971022876));
#5306=CARTESIAN_POINT('Ctrl Pts',(-31.7391712277871,-41.0318712762816,83.336216960605));
#5307=CARTESIAN_POINT('Ctrl Pts',(-30.4418897000614,-41.5340090341039,83.512137930454));
#5308=CARTESIAN_POINT('Ctrl Pts',(-29.5897289601438,-41.8584936355052,83.4753942260426));
#5309=CARTESIAN_POINT('Ctrl Pts',(-27.9212011841521,-42.4392109552824,83.0903747579829));
#5310=CARTESIAN_POINT('Ctrl Pts',(-27.1154957506736,-42.6916578958709,82.7423984276425));
#5311=CARTESIAN_POINT('Ctrl Pts',(-26.3849885497177,-42.8931029436907,82.243526002622));
#5312=CARTESIAN_POINT('Origin',(-45.9798562001247,-30.,57.2894486522899));
#5313=CARTESIAN_POINT('Ctrl Pts',(-25.9068065550648,-43.0362073506981,81.8861443419342));
#5314=CARTESIAN_POINT('Ctrl Pts',(-25.0661490040433,-43.3086077969431,81.2000944363262));
#5315=CARTESIAN_POINT('Ctrl Pts',(-24.2716100232806,-43.5812726099676,80.4795857954385));
#5316=CARTESIAN_POINT('Ctrl Pts',(-22.1387748874489,-44.3437629403884,78.3462609017587));
#5317=CARTESIAN_POINT('Ctrl Pts',(-20.8292549258759,-44.8525770677281,76.7744264438762));
#5318=CARTESIAN_POINT('Ctrl Pts',(-18.510245219584,-45.7998553526885,73.340541350685));
#5319=CARTESIAN_POINT('Ctrl Pts',(-17.5005751100519,-46.2375659028626,71.4784046739844));
#5320=CARTESIAN_POINT('Ctrl Pts',(-15.8704085981054,-46.9616038895303,67.5761931078538));
#5321=CARTESIAN_POINT('Ctrl Pts',(-15.2486076003058,-47.2480629028142,65.5324397304528));
#5322=CARTESIAN_POINT('Ctrl Pts',(-14.5207203305685,-47.5831011590988,61.8634743000934));
#5323=CARTESIAN_POINT('Ctrl Pts',(-14.3299152008079,-47.6709060390671,60.2466498817036));
#5324=CARTESIAN_POINT('Ctrl Pts',(-14.2613933240872,-47.6999999999988,58.6546862445925));
#5325=CARTESIAN_POINT('Origin',(-21.2340476120008,-30.,57.6058138439571));
#5326=CARTESIAN_POINT('',(-17.8472332331974,-47.4419204700544,51.4796822453437));
#5327=CARTESIAN_POINT('',(-17.8472332331974,-30.,51.4796822453437));
#5328=CARTESIAN_POINT('Ctrl Pts',(-14.3697352410451,-47.6999999998585,56.234239684845));
#5329=CARTESIAN_POINT('Ctrl Pts',(-14.4584049312339,-47.6918899664023,55.7904747981648));
#5330=CARTESIAN_POINT('Ctrl Pts',(-14.591860843776,-47.679269923067,55.3494468868235));
#5331=CARTESIAN_POINT('Ctrl Pts',(-15.1244750962275,-47.6303620505485,54.064036563641));
#5332=CARTESIAN_POINT('Ctrl Pts',(-15.6630700486624,-47.5827692043439,53.2773272113648));
#5333=CARTESIAN_POINT('Ctrl Pts',(-16.7309195616639,-47.5053622167054,52.2094248521513));
#5334=CARTESIAN_POINT('Ctrl Pts',(-17.2620866162492,-47.4711730597474,51.803178883326));
#5335=CARTESIAN_POINT('Ctrl Pts',(-17.8472332331974,-47.4419204700544,51.4796822453437));
#5336=CARTESIAN_POINT('Origin',(-31.1041078175818,-30.,75.4589587000951));
#5337=CARTESIAN_POINT('',(-20.1992931471522,-47.3270437399907,50.3226216550307));
#5338=CARTESIAN_POINT('Ctrl Pts',(-20.1992931471522,-47.3270437399907,50.3226216550307));
#5339=CARTESIAN_POINT('Ctrl Pts',(-20.1545518814205,-47.4500445244503,50.3420316116227));
#5340=CARTESIAN_POINT('Ctrl Pts',(-20.1141403954135,-47.574493448396,50.3597041691745));
#5341=CARTESIAN_POINT('Ctrl Pts',(-20.0782278462009,-47.7000000001198,50.3754901621079));
#5342=CARTESIAN_POINT('Ctrl Pts',(-17.8472332331974,-47.4419204700544,51.4796822453437));
#5343=CARTESIAN_POINT('Ctrl Pts',(-18.6104597392237,-47.403765328801,51.0577346486779));
#5344=CARTESIAN_POINT('Ctrl Pts',(-19.3964633514345,-47.364713177607,50.6709106725795));
#5345=CARTESIAN_POINT('Ctrl Pts',(-20.1992931471522,-47.3270437399907,50.3226216550307));
#5346=CARTESIAN_POINT('Origin',(30.5166991758971,-50.,65.7610068717996));
#5347=CARTESIAN_POINT('',(0.,-50.,50.4424385454506));
#5348=CARTESIAN_POINT('Origin',(0.,-49.1975396767461,38.4692995489466));
#5349=CARTESIAN_POINT('',(44.9191316765683,-44.1189314093237,49.341637754966));
#5350=CARTESIAN_POINT('',(0.,-44.1189314093425,49.3416377549748));
#5351=CARTESIAN_POINT('Ctrl Pts',(41.5100927497559,-46.2912675864803,50.1120476153329));
#5352=CARTESIAN_POINT('Ctrl Pts',(42.0308059297605,-46.0645128563914,50.0554449181316));
#5353=CARTESIAN_POINT('Ctrl Pts',(42.5345199659307,-45.8034470403833,49.9833854457766));
#5354=CARTESIAN_POINT('Ctrl Pts',(43.7057271062837,-45.0964536907057,49.7551937291359));
#5355=CARTESIAN_POINT('Ctrl Pts',(44.3398859670975,-44.6266876678832,49.5788171991388));
#5356=CARTESIAN_POINT('Ctrl Pts',(44.9191316765579,-44.118931409314,49.3416377549615));
#5357=CARTESIAN_POINT('Origin',(0.,-49.1975396767461,38.4692995489466));
#5358=CARTESIAN_POINT('',(0.,-47.3270437399907,50.3226216550307));
#5359=CARTESIAN_POINT('',(0.,-50.,50.4424385454506));
#5360=CARTESIAN_POINT('',(-12.8073536830843,-61.1208022187294,39.8242203418115));
#5361=CARTESIAN_POINT('Ctrl Pts',(-19.9770934928763,-59.6418450577478,44.3783168198961));
#5362=CARTESIAN_POINT('Ctrl Pts',(-18.4235393953836,-60.1085849915264,43.5533447173676));
#5363=CARTESIAN_POINT('Ctrl Pts',(-17.0086459498557,-60.4451255352846,42.7315670026696));
#5364=CARTESIAN_POINT('Ctrl Pts',(-14.6663281370401,-60.8974851524359,41.2367874368071));
#5365=CARTESIAN_POINT('Ctrl Pts',(-13.6511722820163,-61.0413928947421,40.5230200230679));
#5366=CARTESIAN_POINT('Ctrl Pts',(-12.8073536830847,-61.1208022187294,39.8242203418119));
#5367=CARTESIAN_POINT('',(-12.5002022499814,-61.0900176778018,40.0720992851604));
#5368=CARTESIAN_POINT('Ctrl Pts',(-12.807353683084,-61.1208022187295,39.8242203418112));
#5369=CARTESIAN_POINT('Ctrl Pts',(-12.715949398376,-61.110571065295,39.9142541867034));
#5370=CARTESIAN_POINT('Ctrl Pts',(-12.6126165269291,-61.0999476246769,39.9984209134366));
#5371=CARTESIAN_POINT('Ctrl Pts',(-12.5002022499814,-61.0900176778018,40.0720992851604));
#5372=CARTESIAN_POINT('',(12.5111781266621,-61.0909856062775,40.0649009782869));
#5373=CARTESIAN_POINT('Ctrl Pts',(-12.5002022499814,-61.0900176778018,40.0720992851604));
#5374=CARTESIAN_POINT('Ctrl Pts',(-12.4146549915589,-61.0824609887894,40.1281685218905));
#5375=CARTESIAN_POINT('Ctrl Pts',(-12.3286539502537,-61.074571373018,40.1837122976049));
#5376=CARTESIAN_POINT('Ctrl Pts',(-11.0321751712995,-60.9515807640743,41.0087030956609));
#5377=CARTESIAN_POINT('Ctrl Pts',(-9.73463982156381,-60.7758050049256,41.6722532915759));
#5378=CARTESIAN_POINT('Ctrl Pts',(-7.0361273263834,-60.4261739213474,42.7393192370217));
#5379=CARTESIAN_POINT('Ctrl Pts',(-5.63292976650256,-60.253594550309,43.1435821247232));
#5380=CARTESIAN_POINT('Ctrl Pts',(-2.8064253285743,-60.013156913027,43.6758043466281));
#5381=CARTESIAN_POINT('Ctrl Pts',(-1.38294455548638,-59.946781877098,43.8035091547059));
#5382=CARTESIAN_POINT('Ctrl Pts',(1.38294455548639,-59.946781877098,43.8035091547059));
#5383=CARTESIAN_POINT('Ctrl Pts',(2.80642532857431,-60.013156913027,43.6758043466281));
#5384=CARTESIAN_POINT('Ctrl Pts',(5.63292976650257,-60.253594550309,43.1435821247232));
#5385=CARTESIAN_POINT('Ctrl Pts',(7.03612732638341,-60.4261739213474,42.7393192370217));
#5386=CARTESIAN_POINT('Ctrl Pts',(9.73463982156382,-60.7758050049256,41.6722532915759));
#5387=CARTESIAN_POINT('Ctrl Pts',(11.0321751712995,-60.9515807640743,41.0087030956609));
#5388=CARTESIAN_POINT('Ctrl Pts',(12.332351741699,-61.0749221644301,40.1813592749677));
#5389=CARTESIAN_POINT('Ctrl Pts',(12.4220119112684,-61.0831354065129,40.1234155450949));
#5390=CARTESIAN_POINT('Ctrl Pts',(12.5111781266621,-61.0909856062775,40.0649009782869));
#5391=CARTESIAN_POINT('Ctrl Pts',(12.5111781266621,-61.0909856062775,40.0649009782869));
#5392=CARTESIAN_POINT('Ctrl Pts',(12.6198615674607,-61.1005541039154,39.9935783991076));
#5393=CARTESIAN_POINT('Ctrl Pts',(12.7200477789019,-61.1107636195319,39.9124626294966));
#5394=CARTESIAN_POINT('Ctrl Pts',(12.8091460674382,-61.120633470926,39.8257044940825));
#5395=CARTESIAN_POINT('Origin',(0.,18.5210089837612,57.4444629685578));
#5396=CARTESIAN_POINT('Ctrl Pts',(4.13814705838776,-31.3528110294888,101.025293025947));
#5397=CARTESIAN_POINT('Ctrl Pts',(7.13476519123849,-31.8266958871515,100.482980085442));
#5398=CARTESIAN_POINT('Ctrl Pts',(11.411454675464,-33.2928977857768,98.7882115286959));
#5399=CARTESIAN_POINT('Ctrl Pts',(17.5710218125303,-36.5838668748882,94.3240725822256));
#5400=CARTESIAN_POINT('Ctrl Pts',(22.2332279156152,-39.7989057779898,89.1530474362094));
#5401=CARTESIAN_POINT('Ctrl Pts',(25.2276831247215,-42.0373169348583,84.361688621841));
#5402=CARTESIAN_POINT('Ctrl Pts',(26.3852683187074,-42.8928268191264,82.2435673737855));
#5403=CARTESIAN_POINT('Ctrl Pts',(-26.3856945877687,-42.8918199458507,82.2433925497745));
#5404=CARTESIAN_POINT('Ctrl Pts',(-24.4248771215397,-41.4394163999766,85.8328327428967));
#5405=CARTESIAN_POINT('Ctrl Pts',(-20.355980178299,-38.3647541509585,91.7797511075318));
#5406=CARTESIAN_POINT('Ctrl Pts',(-12.8370904446594,-33.7887327937857,98.2188513811064));
#5407=CARTESIAN_POINT('Ctrl Pts',(-7.13492328800036,-31.8267208885558,100.482951473882));
#5408=CARTESIAN_POINT('Ctrl Pts',(-4.13814705838771,-31.3528110294888,101.025293025947));
#5409=CARTESIAN_POINT('Ctrl Pts',(4.13814705838776,-31.3528110294888,101.025293025947));
#5410=CARTESIAN_POINT('Ctrl Pts',(7.13476519123849,-31.8266958871515,100.482980085442));
#5411=CARTESIAN_POINT('Ctrl Pts',(11.411454675464,-33.2928977857768,98.7882115286959));
#5412=CARTESIAN_POINT('Ctrl Pts',(17.5710218125303,-36.5838668748882,94.3240725822256));
#5413=CARTESIAN_POINT('Ctrl Pts',(22.8204930788093,-40.2038815135876,88.5016899331066));
#5414=CARTESIAN_POINT('Ctrl Pts',(26.1849895832285,-42.7584514595666,82.7830528023526));
#5415=CARTESIAN_POINT('Ctrl Pts',(27.6908153444749,-43.8501684507247,79.7272567036566));
#5416=CARTESIAN_POINT('Ctrl Pts',(4.46241235124966,-30.2685706659594,102.266095660283));
#5417=CARTESIAN_POINT('Ctrl Pts',(7.69505093262652,-30.7606852903704,101.730306813));
#5418=CARTESIAN_POINT('Ctrl Pts',(12.3152269488644,-32.2824567757801,100.055500442577));
#5419=CARTESIAN_POINT('Ctrl Pts',(18.9908279405572,-35.7155264059811,95.6238265421551));
#5420=CARTESIAN_POINT('Ctrl Pts',(24.6993555988681,-39.5159760403022,89.8142738850314));
#5421=CARTESIAN_POINT('Ctrl Pts',(28.3741936127564,-42.2325269706183,84.0596903396723));
#5422=CARTESIAN_POINT('Ctrl Pts',(30.0225595925585,-43.4055777400773,80.9716987798686));
#5423=CARTESIAN_POINT('Ctrl Pts',(4.78651112748695,-28.9155879704126,103.270941690268));
#5424=CARTESIAN_POINT('Ctrl Pts',(8.25501463900848,-29.4107790805779,102.733504187138));
#5425=CARTESIAN_POINT('Ctrl Pts',(13.2185047202614,-30.9408158426537,101.053543541718));
#5426=CARTESIAN_POINT('Ctrl Pts',(20.4090777970792,-34.3850770735889,96.6073478245968));
#5427=CARTESIAN_POINT('Ctrl Pts',(26.574715447067,-38.1936814998472,90.7773213518659));
#5428=CARTESIAN_POINT('Ctrl Pts',(30.5574999362337,-40.9131268184972,84.9999883047079));
#5429=CARTESIAN_POINT('Ctrl Pts',(32.3466365147743,-42.086641334681,81.8991568692115));
#5430=CARTESIAN_POINT('Ctrl Pts',(5.08261467953706,-27.4100366606534,103.953550116514));
#5431=CARTESIAN_POINT('Ctrl Pts',(8.76529364262025,-27.8981070817847,103.40255564845));
#5432=CARTESIAN_POINT('Ctrl Pts',(14.0336205766412,-29.4046258843949,101.680656667862));
#5433=CARTESIAN_POINT('Ctrl Pts',(21.6436533158986,-32.7676995096261,97.1450542869137));
#5434=CARTESIAN_POINT('Ctrl Pts',(28.1407541959717,-36.4580722144945,91.2294649822811));
#5435=CARTESIAN_POINT('Ctrl Pts',(32.3086747847526,-39.0591055682539,85.4192819890897));
#5436=CARTESIAN_POINT('Ctrl Pts',(34.1742454874197,-40.1707583737031,82.3145676808813));
#5437=CARTESIAN_POINT('Origin',(-30.5166991758971,-50.,65.7610068717995));
#5438=CARTESIAN_POINT('Origin',(0.,-49.1975396767461,38.4692995489466));
#5439=CARTESIAN_POINT('',(-44.9191316765253,-44.1189314093425,49.3416377549748));
#5440=CARTESIAN_POINT('Ctrl Pts',(-44.9191316765299,-44.1189314093385,49.3416377549729));
#5441=CARTESIAN_POINT('Ctrl Pts',(-44.5868095978367,-44.4102389021009,49.4777112115805));
#5442=CARTESIAN_POINT('Ctrl Pts',(-44.2358082212133,-44.6896105357233,49.5939701900205));
#5443=CARTESIAN_POINT('Ctrl Pts',(-43.1955652672193,-45.4327262453094,49.874931108529));
#5444=CARTESIAN_POINT('Ctrl Pts',(-42.4744717334413,-45.8533918455468,49.9995283689599));
#5445=CARTESIAN_POINT('Ctrl Pts',(-41.6440560589722,-46.232238822162,50.0971959614101));
#5446=CARTESIAN_POINT('Ctrl Pts',(-41.5772030657503,-46.2620430881331,50.1047525727058));
#5447=CARTESIAN_POINT('Ctrl Pts',(-41.5100927159198,-46.2912676012148,50.112047619011));
#5448=CARTESIAN_POINT('',(0.,-44.1189314093425,49.3416377549748));
#5449=CARTESIAN_POINT('Ctrl Pts',(-19.3541041211534,-57.7819030399477,32.284893517981));
#5450=CARTESIAN_POINT('Ctrl Pts',(-15.5055521082584,-59.0709792464158,32.284893517981));
#5451=CARTESIAN_POINT('Ctrl Pts',(-11.5200362587446,-59.8382689409342,32.284893517981));
#5452=CARTESIAN_POINT('Ctrl Pts',(-19.8568110837596,-59.2827405258364,38.233956907253));
#5453=CARTESIAN_POINT('Ctrl Pts',(-15.9082960924326,-60.605299428288,38.233956907253));
#5454=CARTESIAN_POINT('Ctrl Pts',(-11.8192597412935,-61.3925188425887,38.233956907253));
#5455=CARTESIAN_POINT('Ctrl Pts',(-19.9770934928763,-59.6418450577478,44.3783168198961));
#5456=CARTESIAN_POINT('Ctrl Pts',(-16.0046604165362,-60.97241534583,44.3783168198961));
#5457=CARTESIAN_POINT('Ctrl Pts',(-11.8908547738323,-61.7644033328514,44.3783168198961));
#5458=CARTESIAN_POINT('Ctrl Pts',(-13.1007617928185,-60.659258749052,37.3408141567059));
#5459=CARTESIAN_POINT('Ctrl Pts',(-13.1796494460291,-60.6652629282628,37.4672741847748));
#5460=CARTESIAN_POINT('Ctrl Pts',(-13.2440127741522,-60.6753392042065,37.6019289061557));
#5461=CARTESIAN_POINT('Ctrl Pts',(-13.3386448506239,-60.7023146918144,37.8739424416995));
#5462=CARTESIAN_POINT('Ctrl Pts',(-13.3704483318023,-60.7186736033272,38.0097608797026));
#5463=CARTESIAN_POINT('Ctrl Pts',(-13.4206128164029,-60.7741492440493,38.4047939138836));
#5464=CARTESIAN_POINT('Ctrl Pts',(-13.4027444247056,-60.8201175634946,38.6645996008287));
#5465=CARTESIAN_POINT('Ctrl Pts',(-13.2734923430247,-60.9239910174474,39.1513354795837));
#5466=CARTESIAN_POINT('Ctrl Pts',(-13.1667223529,-60.9805505280172,39.375286131878));
#5467=CARTESIAN_POINT('Ctrl Pts',(-12.9578663466979,-61.0665010215023,39.6632053370475));
#5468=CARTESIAN_POINT('Ctrl Pts',(-12.8857855633335,-61.0935987537581,39.7469644039352));
#5469=CARTESIAN_POINT('Ctrl Pts',(-12.807353683084,-61.1208022187294,39.8242203418112));
#5470=CARTESIAN_POINT('Ctrl Pts',(-41.8899175690606,-45.9721633852369,47.7994785179672));
#5471=CARTESIAN_POINT('Ctrl Pts',(-41.7024146616613,-46.1608878688368,49.0100725469178));
#5472=CARTESIAN_POINT('Ctrl Pts',(-41.4969435957469,-46.3156274664556,50.2223072097698));
#5473=CARTESIAN_POINT('Ctrl Pts',(-41.2734452594547,-46.4367007011069,51.4335661124284));
#5474=CARTESIAN_POINT('Ctrl Pts',(-43.3778034794352,-45.3529288595867,48.151477440322));
#5475=CARTESIAN_POINT('Ctrl Pts',(-43.1834420984394,-45.5421460014538,49.365172530245));
#5476=CARTESIAN_POINT('Ctrl Pts',(-42.9704758288939,-45.6973423213221,50.5804435343683));
#5477=CARTESIAN_POINT('Ctrl Pts',(-42.7387784993219,-45.8187712534165,51.7947920084683));
#5478=CARTESIAN_POINT('Ctrl Pts',(-44.7273099691458,-44.4189972902881,48.5310909163481));
#5479=CARTESIAN_POINT('Ctrl Pts',(-44.52777194556,-44.6099987077917,49.7406433914667));
#5480=CARTESIAN_POINT('Ctrl Pts',(-44.3091043902351,-44.767347254285,50.9519015749682));
#5481=CARTESIAN_POINT('Ctrl Pts',(-44.0711611381122,-44.8912745899822,52.1624161847286));
#5482=CARTESIAN_POINT('Ctrl Pts',(-45.826534449972,-43.2478113281339,48.9068409718271));
#5483=CARTESIAN_POINT('Ctrl Pts',(-45.6246887579166,-43.4412163926604,50.1055641720507));
#5484=CARTESIAN_POINT('Ctrl Pts',(-45.4033975465995,-43.6016695779581,51.3063161157599));
#5485=CARTESIAN_POINT('Ctrl Pts',(-45.1625521850176,-43.7294200805234,52.5066285257877));
#5486=CARTESIAN_POINT('Ctrl Pts',(-44.9191316765253,-44.1189314093425,49.3416377549748));
#5487=CARTESIAN_POINT('Ctrl Pts',(-45.2376616803685,-43.839713798662,49.2112116369554));
#5488=CARTESIAN_POINT('Ctrl Pts',(-45.5401165337226,-43.5485743743701,49.0668394681744));
#5489=CARTESIAN_POINT('Ctrl Pts',(-45.826534449972,-43.2478113281339,48.9068409718272));
#5490=CARTESIAN_POINT('Ctrl Pts',(-13.1007617928184,-61.5,37.3408141567059));
#5491=CARTESIAN_POINT('Ctrl Pts',(-13.1007617928184,-61.9561498885482,37.3408141567059));
#5492=CARTESIAN_POINT('Ctrl Pts',(-12.8888953539657,-62.872095534918,37.3633881674845));
#5493=CARTESIAN_POINT('Ctrl Pts',(-12.1452994195061,-63.894104281468,37.4527924684147));
#5494=CARTESIAN_POINT('Ctrl Pts',(-11.3707532132197,-64.4510638683745,37.5625305576697));
#5495=CARTESIAN_POINT('Ctrl Pts',(-10.7220835492581,-64.7429268973,37.6670917141703));
#5496=CARTESIAN_POINT('Ctrl Pts',(-10.2305147479666,-64.8929370974915,37.7528884923402));
#5497=CARTESIAN_POINT('Ctrl Pts',(-9.7380835554798,-64.9802070082748,37.8458529203743));
#5498=CARTESIAN_POINT('Ctrl Pts',(-9.41341444961663,-64.9994595927854,37.9119817682722));
#5499=CARTESIAN_POINT('Ctrl Pts',(-9.24847389597913,-64.9999925444477,37.9468279268475));
#5500=CARTESIAN_POINT('Ctrl Pts',(-9.24388756871208,-65.,37.9477977498194));
#5501=CARTESIAN_POINT('Ctrl Pts',(-9.23930291609836,-65.,37.9487682690123));
#5502=CARTESIAN_POINT('Ctrl Pts',(-13.4129574841726,-61.5,37.8412761971498));
#5503=CARTESIAN_POINT('Ctrl Pts',(-13.4129574841726,-62.0324384353803,37.8412761971498));
#5504=CARTESIAN_POINT('Ctrl Pts',(-13.1039538873797,-63.0873169743216,37.8374068022772));
#5505=CARTESIAN_POINT('Ctrl Pts',(-12.1861882924063,-64.0870249215274,37.8412384442746));
#5506=CARTESIAN_POINT('Ctrl Pts',(-11.3535727655086,-64.5647838022276,37.8575785789539));
#5507=CARTESIAN_POINT('Ctrl Pts',(-10.6923247153198,-64.8015675552496,37.8777403296646));
#5508=CARTESIAN_POINT('Ctrl Pts',(-10.2042293140641,-64.9188005689082,37.8966745758755));
#5509=CARTESIAN_POINT('Ctrl Pts',(-9.72292122353989,-64.9852164089048,37.9196946468481));
#5510=CARTESIAN_POINT('Ctrl Pts',(-9.4082731588314,-64.9995841427005,37.9379765784401));
#5511=CARTESIAN_POINT('Ctrl Pts',(-9.24820736720886,-64.9999947276366,37.948197244249));
#5512=CARTESIAN_POINT('Ctrl Pts',(-9.24375381182697,-65.,37.9484825042088));
#5513=CARTESIAN_POINT('Ctrl Pts',(-9.23930291609836,-65.,37.9487682690123));
#5514=CARTESIAN_POINT('Ctrl Pts',(-13.5406134378315,-61.5,38.9660340356962));
#5515=CARTESIAN_POINT('Ctrl Pts',(-13.5406134378315,-62.0977370031931,38.9660340356962));
#5516=CARTESIAN_POINT('Ctrl Pts',(-13.153433708787,-63.2694122938173,38.8690865800546));
#5517=CARTESIAN_POINT('Ctrl Pts',(-12.1243677554799,-64.2408119810112,38.6140823760026));
#5518=CARTESIAN_POINT('Ctrl Pts',(-11.2763252474247,-64.6528279617624,38.4102052962991));
#5519=CARTESIAN_POINT('Ctrl Pts',(-10.62677860952,-64.8462104512717,38.2586296699894));
#5520=CARTESIAN_POINT('Ctrl Pts',(-10.1565529027482,-64.9382840641198,38.1512069473372));
#5521=CARTESIAN_POINT('Ctrl Pts',(-9.69784052668046,-64.9889599903179,38.0486802393841));
#5522=CARTESIAN_POINT('Ctrl Pts',(-9.39943728985598,-64.9996769062152,37.9834373257688));
#5523=CARTESIAN_POINT('Ctrl Pts',(-9.247738121496,-64.9999963762958,37.9505940835079));
#5524=CARTESIAN_POINT('Ctrl Pts',(-9.24351973727802,-65.,37.9496808243903));
#5525=CARTESIAN_POINT('Ctrl Pts',(-9.23930291609836,-65.,37.9487682690123));
#5526=CARTESIAN_POINT('Ctrl Pts',(-12.8702033532975,-61.5,39.8295937994821));
#5527=CARTESIAN_POINT('Ctrl Pts',(-12.8702033532975,-62.0125793146303,39.8295937994821));
#5528=CARTESIAN_POINT('Ctrl Pts',(-12.6166160563606,-63.031555466957,39.7042338156534));
#5529=CARTESIAN_POINT('Ctrl Pts',(-11.842189676258,-64.0379656902577,39.3096545241449));
#5530=CARTESIAN_POINT('Ctrl Pts',(-11.1179936402404,-64.5361272841922,38.9343183058284));
#5531=CARTESIAN_POINT('Ctrl Pts',(-10.5350556284207,-64.7868703625278,38.6303934871133));
#5532=CARTESIAN_POINT('Ctrl Pts',(-10.1017080593706,-64.9123445752784,38.403473241636));
#5533=CARTESIAN_POINT('Ctrl Pts',(-9.67229392183608,-64.9839750623673,38.1777028930316));
#5534=CARTESIAN_POINT('Ctrl Pts',(-9.39054306026553,-64.9995541374803,38.0289010974255));
#5535=CARTESIAN_POINT('Ctrl Pts',(-9.24726988581286,-64.9999941621178,37.952990866599));
#5536=CARTESIAN_POINT('Ctrl Pts',(-9.24328566272907,-65.,37.9508791445719));
#5537=CARTESIAN_POINT('Ctrl Pts',(-9.23930291609836,-65.,37.9487682690123));
#5538=CARTESIAN_POINT('Ctrl Pts',(-12.5002022499814,-61.5,40.0720992851604));
#5539=CARTESIAN_POINT('Ctrl Pts',(-12.5002022499814,-61.9561498885469,40.0720992851604));
#5540=CARTESIAN_POINT('Ctrl Pts',(-12.3211067884051,-62.8720955349177,39.9601057879709));
#5541=CARTESIAN_POINT('Ctrl Pts',(-11.6931777110859,-63.8941042814673,39.5627652900165));
#5542=CARTESIAN_POINT('Ctrl Pts',(-11.0397084390501,-64.4510638683741,39.1419323459613));
#5543=CARTESIAN_POINT('Ctrl Pts',(-10.4923886636142,-64.7429268972997,38.7842121468754));
#5544=CARTESIAN_POINT('Ctrl Pts',(-10.0774394248647,-64.8929370974913,38.5103970136223));
#5545=CARTESIAN_POINT('Ctrl Pts',(-9.66140703377544,-64.9802070082747,38.2331848065642));
#5546=CARTESIAN_POINT('Ctrl Pts',(-9.38673840372877,-64.9994595927854,38.0484074189836));
#5547=CARTESIAN_POINT('Ctrl Pts',(-9.24706908683847,-64.9999925444477,37.954017675212));
#5548=CARTESIAN_POINT('Ctrl Pts',(-9.24318534506524,-65.,37.951392710364));
#5549=CARTESIAN_POINT('Ctrl Pts',(-9.23930291609836,-65.,37.9487682690123));
#5550=CARTESIAN_POINT('',(-9.23930291609836,-65.,37.9487682690123));
#5551=CARTESIAN_POINT('Ctrl Pts',(-13.1007617928184,-61.5,37.3408141567059));
#5552=CARTESIAN_POINT('Ctrl Pts',(-13.1007617928184,-61.9561498885482,37.3408141567059));
#5553=CARTESIAN_POINT('Ctrl Pts',(-12.8888953539657,-62.872095534918,37.3633881674845));
#5554=CARTESIAN_POINT('Ctrl Pts',(-12.1452994195061,-63.894104281468,37.4527924684147));
#5555=CARTESIAN_POINT('Ctrl Pts',(-11.3707532132197,-64.4510638683745,37.5625305576697));
#5556=CARTESIAN_POINT('Ctrl Pts',(-10.7220835492581,-64.7429268973,37.6670917141703));
#5557=CARTESIAN_POINT('Ctrl Pts',(-10.2305147479666,-64.8929370974915,37.7528884923402));
#5558=CARTESIAN_POINT('Ctrl Pts',(-9.7380835554798,-64.9802070082748,37.8458529203743));
#5559=CARTESIAN_POINT('Ctrl Pts',(-9.41341444961663,-64.9994595927854,37.9119817682722));
#5560=CARTESIAN_POINT('Ctrl Pts',(-9.24847389597913,-64.9999925444477,37.9468279268475));
#5561=CARTESIAN_POINT('Ctrl Pts',(-9.24388756871208,-65.,37.9477977498194));
#5562=CARTESIAN_POINT('Ctrl Pts',(-9.23930291609836,-65.,37.9487682690123));
#5563=CARTESIAN_POINT('',(-12.5002022499814,-61.5,40.0720992851604));
#5564=CARTESIAN_POINT('Ctrl Pts',(-9.23930291609836,-65.,37.9487682690123));
#5565=CARTESIAN_POINT('Ctrl Pts',(-9.24318534506524,-65.,37.951392710364));
#5566=CARTESIAN_POINT('Ctrl Pts',(-9.24706908683847,-64.9999925444477,37.954017675212));
#5567=CARTESIAN_POINT('Ctrl Pts',(-9.38673840372877,-64.9994595927854,38.0484074189836));
#5568=CARTESIAN_POINT('Ctrl Pts',(-9.66140703377544,-64.9802070082747,38.2331848065642));
#5569=CARTESIAN_POINT('Ctrl Pts',(-10.0774394248647,-64.8929370974913,38.5103970136223));
#5570=CARTESIAN_POINT('Ctrl Pts',(-10.4923886636142,-64.7429268972997,38.7842121468754));
#5571=CARTESIAN_POINT('Ctrl Pts',(-11.0397084390501,-64.4510638683741,39.1419323459613));
#5572=CARTESIAN_POINT('Ctrl Pts',(-11.6931777110859,-63.8941042814673,39.5627652900165));
#5573=CARTESIAN_POINT('Ctrl Pts',(-12.3211067884051,-62.8720955349177,39.9601057879709));
#5574=CARTESIAN_POINT('Ctrl Pts',(-12.5002022499814,-61.9561498885469,40.0720992851604));
#5575=CARTESIAN_POINT('Ctrl Pts',(-12.5002022499814,-61.5,40.0720992851604));
#5576=CARTESIAN_POINT('Origin',(-11.4038620036875,-61.5,38.3993655752244));
#5577=CARTESIAN_POINT('Ctrl Pts',(12.5111781266621,-61.5,40.0649009782869));
#5578=CARTESIAN_POINT('Ctrl Pts',(12.5111781266622,-61.9553703389748,40.0649009782869));
#5579=CARTESIAN_POINT('Ctrl Pts',(12.3786843703924,-62.6403777856323,39.9816818363262));
#5580=CARTESIAN_POINT('Ctrl Pts',(12.0182378640886,-63.3827006398205,39.7531685776389));
#5581=CARTESIAN_POINT('Ctrl Pts',(11.6878634671857,-63.8491326174044,39.5422452557736));
#5582=CARTESIAN_POINT('Ctrl Pts',(11.3138429620866,-64.2292240529425,39.3015508233684));
#5583=CARTESIAN_POINT('Ctrl Pts',(10.7859926764889,-64.6213770953219,38.9588804623977));
#5584=CARTESIAN_POINT('Ctrl Pts',(10.0929986080952,-64.9246800233116,38.502849305331));
#5585=CARTESIAN_POINT('Ctrl Pts',(9.53910305937157,-64.9989090332462,38.1313814408616));
#5586=CARTESIAN_POINT('Ctrl Pts',(9.26367417231646,-64.9999925797076,37.9450562795856));
#5587=CARTESIAN_POINT('Ctrl Pts',(9.25975183643343,-65.,37.9424024943117));
#5588=CARTESIAN_POINT('Ctrl Pts',(9.25582972152032,-65.,37.9397485333366));
#5589=CARTESIAN_POINT('Ctrl Pts',(13.002362617639,-61.5,39.7425653539093));
#5590=CARTESIAN_POINT('Ctrl Pts',(13.002362617639,-62.0307496095132,39.7425653539093));
#5591=CARTESIAN_POINT('Ctrl Pts',(12.7989688170195,-62.8194407666523,39.6472836257486));
#5592=CARTESIAN_POINT('Ctrl Pts',(12.3109802832348,-63.5844257284796,39.4138574640296));
#5593=CARTESIAN_POINT('Ctrl Pts',(11.896165334812,-64.0326193160425,39.2141685207511));
#5594=CARTESIAN_POINT('Ctrl Pts',(11.4539908548798,-64.3735712542377,39.0006124739543));
#5595=CARTESIAN_POINT('Ctrl Pts',(10.8602225813001,-64.7062535099855,38.7137284859045));
#5596=CARTESIAN_POINT('Ctrl Pts',(10.1203930473515,-64.9442857043718,38.3567602780534));
#5597=CARTESIAN_POINT('Ctrl Pts',(9.54872266639216,-64.9991885979619,38.0813661537366));
#5598=CARTESIAN_POINT('Ctrl Pts',(9.26394711377553,-64.9999944932455,37.9436748457163));
#5599=CARTESIAN_POINT('Ctrl Pts',(9.25988744036257,-65.,37.941711109003));
#5600=CARTESIAN_POINT('Ctrl Pts',(9.25582972152032,-65.,37.9397485333366));
#5601=CARTESIAN_POINT('Ctrl Pts',(13.5884844468952,-61.5,38.7803310753723));
#5602=CARTESIAN_POINT('Ctrl Pts',(13.5884844468952,-62.0952026298061,38.7803310753723));
#5603=CARTESIAN_POINT('Ctrl Pts',(13.3042141406662,-62.9714415269421,38.721499240679));
#5604=CARTESIAN_POINT('Ctrl Pts',(12.6778090219364,-63.7501526035297,38.5941710796358));
#5605=CARTESIAN_POINT('Ctrl Pts',(12.1695921633555,-64.1801111189252,38.4920033356945));
#5606=CARTESIAN_POINT('Ctrl Pts',(11.6505113474148,-64.4871645215298,38.3889986669542));
#5607=CARTESIAN_POINT('Ctrl Pts',(10.9776249665088,-64.7712425865041,38.2574440189078));
#5608=CARTESIAN_POINT('Ctrl Pts',(10.1731496695631,-64.9589178647188,38.1043050803012));
#5609=CARTESIAN_POINT('Ctrl Pts',(9.56605949804219,-64.9994089203323,37.9941811891221));
#5610=CARTESIAN_POINT('Ctrl Pts',(9.26441999315966,-64.9999958262247,37.9412540886835));
#5611=CARTESIAN_POINT('Ctrl Pts',(9.26012474723858,-65.,37.9405011847127));
#5612=CARTESIAN_POINT('Ctrl Pts',(9.25582972152031,-65.,37.9397485333366));
#5613=CARTESIAN_POINT('Ctrl Pts',(13.3477873669364,-61.5,37.7189011771452));
#5614=CARTESIAN_POINT('Ctrl Pts',(13.3477873669364,-62.0111337298042,37.7189011771452));
#5615=CARTESIAN_POINT('Ctrl Pts',(13.1392616972877,-62.7730359709245,37.7201537893363));
#5616=CARTESIAN_POINT('Ctrl Pts',(12.6262404295318,-63.5326717822413,37.7316316140825));
#5617=CARTESIAN_POINT('Ctrl Pts',(12.181758854025,-63.985872800784,37.745506118757));
#5618=CARTESIAN_POINT('Ctrl Pts',(11.7011358274843,-64.3370454490084,37.7649626877725));
#5619=CARTESIAN_POINT('Ctrl Pts',(11.0477457997849,-64.6849668026141,37.797576765506));
#5620=CARTESIAN_POINT('Ctrl Pts',(10.2240957823294,-64.939438453692,37.8509879885752));
#5621=CARTESIAN_POINT('Ctrl Pts',(9.58316183765144,-64.9991228021313,37.906889848667));
#5622=CARTESIAN_POINT('Ctrl Pts',(9.264895084225,-64.9999939761447,37.9388343396478));
#5623=CARTESIAN_POINT('Ctrl Pts',(9.26036205411459,-65.,37.9392912604225));
#5624=CARTESIAN_POINT('Ctrl Pts',(9.25582972152032,-65.,37.9397485333366));
#5625=CARTESIAN_POINT('Ctrl Pts',(13.1166670922893,-61.5,37.343751471309));
#5626=CARTESIAN_POINT('Ctrl Pts',(13.1166670922893,-61.9553703389739,37.343751471309));
#5627=CARTESIAN_POINT('Ctrl Pts',(12.9595776841582,-62.6403777856321,37.3598301038697));
#5628=CARTESIAN_POINT('Ctrl Pts',(12.5319168221814,-63.3827006398202,37.4085095713684));
#5629=CARTESIAN_POINT('Ctrl Pts',(12.1397798642826,-63.8491326174042,37.4566387531384));
#5630=CARTESIAN_POINT('Ctrl Pts',(11.6957158038106,-64.2292240529423,37.5157667477268));
#5631=CARTESIAN_POINT('Ctrl Pts',(11.068987187718,-64.6213770953218,37.6066823275506));
#5632=CARTESIAN_POINT('Ctrl Pts',(10.2464783344357,-64.9246800233114,37.7419090187902));
#5633=CARTESIAN_POINT('Ctrl Pts',(9.59054285543899,-64.9989090332462,37.8694202852514));
#5634=CARTESIAN_POINT('Ctrl Pts',(9.26509820519173,-64.9999925797076,37.9377978654358));
#5635=CARTESIAN_POINT('Ctrl Pts',(9.26046375706145,-65.,37.938772721441));
#5636=CARTESIAN_POINT('Ctrl Pts',(9.25582972152032,-65.,37.9397485333366));
#5637=CARTESIAN_POINT('',(12.5111781266621,-61.5,40.0649009782869));
#5638=CARTESIAN_POINT('',(9.25582972152032,-65.,37.9397485333366));
#5639=CARTESIAN_POINT('Ctrl Pts',(12.5111781266621,-61.5,40.0649009782869));
#5640=CARTESIAN_POINT('Ctrl Pts',(12.5111781266622,-61.9553703389748,40.0649009782869));
#5641=CARTESIAN_POINT('Ctrl Pts',(12.3786843703924,-62.6403777856323,39.9816818363262));
#5642=CARTESIAN_POINT('Ctrl Pts',(12.0182378640886,-63.3827006398205,39.7531685776389));
#5643=CARTESIAN_POINT('Ctrl Pts',(11.6878634671857,-63.8491326174044,39.5422452557736));
#5644=CARTESIAN_POINT('Ctrl Pts',(11.3138429620866,-64.2292240529425,39.3015508233684));
#5645=CARTESIAN_POINT('Ctrl Pts',(10.7859926764889,-64.6213770953219,38.9588804623977));
#5646=CARTESIAN_POINT('Ctrl Pts',(10.0929986080952,-64.9246800233116,38.502849305331));
#5647=CARTESIAN_POINT('Ctrl Pts',(9.53910305937157,-64.9989090332462,38.1313814408616));
#5648=CARTESIAN_POINT('Ctrl Pts',(9.26367417231646,-64.9999925797076,37.9450562795856));
#5649=CARTESIAN_POINT('Ctrl Pts',(9.25975183643343,-65.,37.9424024943117));
#5650=CARTESIAN_POINT('Ctrl Pts',(9.25582972152032,-65.,37.9397485333366));
#5651=CARTESIAN_POINT('',(13.1166670922893,-61.5,37.343751471309));
#5652=CARTESIAN_POINT('Ctrl Pts',(9.25582972152032,-65.,37.9397485333366));
#5653=CARTESIAN_POINT('Ctrl Pts',(9.26046375706145,-65.,37.938772721441));
#5654=CARTESIAN_POINT('Ctrl Pts',(9.26509820519173,-64.9999925797076,37.9377978654358));
#5655=CARTESIAN_POINT('Ctrl Pts',(9.59054285543899,-64.9989090332462,37.8694202852514));
#5656=CARTESIAN_POINT('Ctrl Pts',(10.2464783344357,-64.9246800233114,37.7419090187902));
#5657=CARTESIAN_POINT('Ctrl Pts',(11.068987187718,-64.6213770953218,37.6066823275506));
#5658=CARTESIAN_POINT('Ctrl Pts',(11.6957158038106,-64.2292240529423,37.5157667477268));
#5659=CARTESIAN_POINT('Ctrl Pts',(12.1397798642826,-63.8491326174042,37.4566387531384));
#5660=CARTESIAN_POINT('Ctrl Pts',(12.5319168221814,-63.3827006398202,37.4085095713684));
#5661=CARTESIAN_POINT('Ctrl Pts',(12.9595776841582,-62.6403777856321,37.3598301038697));
#5662=CARTESIAN_POINT('Ctrl Pts',(13.1166670922893,-61.9553703389739,37.343751471309));
#5663=CARTESIAN_POINT('Ctrl Pts',(13.1166670922893,-61.5,37.343751471309));
#5664=CARTESIAN_POINT('Origin',(11.4138752323165,-61.5,38.3927986016183));
#5665=CARTESIAN_POINT('Origin',(0.013650635810722,-61.5,45.5217803918848));
#5666=CARTESIAN_POINT('',(8.29006870964652,-65.,36.8922632608951));
#5667=CARTESIAN_POINT('Origin',(8.29006870964652,-61.5,36.8922632608951));
#5668=CARTESIAN_POINT('Origin',(0.013650635810722,-65.,45.5217803918848));
#5669=CARTESIAN_POINT('Origin',(0.261174580842448,-61.5,45.2636962660069));
#5670=CARTESIAN_POINT('Origin',(0.261174580842448,-65.,45.2636962660069));
#5671=CARTESIAN_POINT('Origin',(0.261174580842448,-61.5,45.2636962660069));
#5672=CARTESIAN_POINT('Origin',(4.44089209850063E-15,-61.5,21.0000003129244));
#5673=CARTESIAN_POINT('Origin',(4.44089209850063E-15,-65.,21.0000003129244));
#5674=CARTESIAN_POINT('Origin',(4.44089209850063E-15,-61.5,21.0000003129244));
#5675=CARTESIAN_POINT('Origin',(-11.4038620036876,-40.,38.3993655752244));
#5676=CARTESIAN_POINT('',(-12.5002022499814,-40.,40.0720992851604));
#5677=CARTESIAN_POINT('Origin',(4.44089209850063E-15,-40.,21.0000003129244));
#5678=CARTESIAN_POINT('',(12.5111781266621,-40.,40.0649009782869));
#5679=CARTESIAN_POINT('Origin',(11.4138752323165,-40.,38.3927986016183));
#5680=CARTESIAN_POINT('',(13.1166670922893,-40.,37.343751471309));
#5681=CARTESIAN_POINT('Origin',(0.00500661431444671,-65.,36.9341904988411));
#5682=CARTESIAN_POINT('Origin',(0.261174580842448,-40.,45.2636962660069));
#5683=CARTESIAN_POINT('Origin',(39.9337912824499,0.,7.33571845077567E-15));
#5684=CARTESIAN_POINT('',(-5.76424151505488,-39.5155818120699,0.));
#5685=CARTESIAN_POINT('',(0.,-39.5155818120699,8.88178419700125E-15));
#5686=CARTESIAN_POINT('',(0.,38.3112098084661,8.88178419700125E-15));
#5687=CARTESIAN_POINT('',(5.76424151505488,-39.5155818120699,0.));
#5688=CARTESIAN_POINT('',(0.,-39.5155818120699,8.88178419700125E-15));
#5689=CARTESIAN_POINT('Origin',(0.,0.,0.));
#5690=CARTESIAN_POINT('Ctrl Pts',(-5.76424151505492,-39.5155818120699,-8.62118477422922E-15));
#5691=CARTESIAN_POINT('Ctrl Pts',(0.,-40.3564268337098,-8.88178419700125E-15));
#5692=CARTESIAN_POINT('Ctrl Pts',(5.7642415150549,-39.5155818120699,-9.14238361977329E-15));
#5693=CARTESIAN_POINT('Ctrl Pts',(-5.87572737851286,-40.2798504061001,0.621121254720541));
#5694=CARTESIAN_POINT('Ctrl Pts',(0.,-41.1369581629198,0.62112125472054));
#5695=CARTESIAN_POINT('Ctrl Pts',(5.87572737851284,-40.2798504061001,0.62112125472054));
#5696=CARTESIAN_POINT('Ctrl Pts',(-5.98428233946056,-41.0240267958699,1.26667877810657));
#5697=CARTESIAN_POINT('Ctrl Pts',(0.,-41.8969697494364,1.26667877810657));
#5698=CARTESIAN_POINT('Ctrl Pts',(5.98428233946054,-41.0240267958699,1.26667877810657));
#5699=CARTESIAN_POINT('',(-5.28075973593385,-39.8210412067979,0.190639171882045));
#5700=CARTESIAN_POINT('Ctrl Pts',(-5.76424151505493,-39.5155818120699,2.75647560332715E-14));
#5701=CARTESIAN_POINT('Ctrl Pts',(-5.6055295021254,-39.620264287446,0.0648794896070374));
#5702=CARTESIAN_POINT('Ctrl Pts',(-5.44434631889148,-39.722232307251,0.128542159920115));
#5703=CARTESIAN_POINT('Ctrl Pts',(-5.28075973593387,-39.821041206798,0.190639171882062));
#5704=CARTESIAN_POINT('',(5.28075973593385,-39.8210412067979,0.190639171882045));
#5705=CARTESIAN_POINT('Ctrl Pts',(5.28075973593386,-39.8210412067979,0.190639171882055));
#5706=CARTESIAN_POINT('Ctrl Pts',(5.44246973557031,-39.7233657934423,0.129254505730104));
#5707=CARTESIAN_POINT('Ctrl Pts',(5.60362465532993,-39.6215206767645,0.0656581671978836));
#5708=CARTESIAN_POINT('Ctrl Pts',(5.76424151505491,-39.5155818120699,1.35655375821386E-14));
#5709=CARTESIAN_POINT('Ctrl Pts',(5.2807597359339,-39.8210412067979,0.190639171882054));
#5710=CARTESIAN_POINT('Ctrl Pts',(4.63459969349003,-40.2113321559134,0.435919727044497));
#5711=CARTESIAN_POINT('Ctrl Pts',(3.94597514871802,-40.5552669523207,0.658789254492776));
#5712=CARTESIAN_POINT('Ctrl Pts',(2.50469170046461,-41.08523928535,1.00732941475395));
#5713=CARTESIAN_POINT('Ctrl Pts',(1.75998417091166,-41.2715065363771,1.13273212171267));
#5714=CARTESIAN_POINT('Ctrl Pts',(-0.00535024573660656,-41.4701816590151,
1.26659657556341));
#5715=CARTESIAN_POINT('Ctrl Pts',(-0.982317769206828,-41.4123553159151,
1.22697760144915));
#5716=CARTESIAN_POINT('Ctrl Pts',(-3.15220184109316,-40.9296477905747,0.904095816144904));
#5717=CARTESIAN_POINT('Ctrl Pts',(-4.26770235601203,-40.4329439868317,0.575192936022036));
#5718=CARTESIAN_POINT('Ctrl Pts',(-5.28075973593389,-39.8210412067979,0.190639171882046));
#5719=CARTESIAN_POINT('Origin',(0.,-52.0581166378279,32.345346184622));
#5720=CARTESIAN_POINT('Origin',(0.,-52.0581166378279,32.345346184622));
#5721=CARTESIAN_POINT('Ctrl Pts',(45.8265344419028,-43.2478113358656,48.9068410197485));
#5722=CARTESIAN_POINT('Ctrl Pts',(45.6554332214649,-43.4274820942829,49.0024214136778));
#5723=CARTESIAN_POINT('Ctrl Pts',(45.4788468493219,-43.6033495608121,49.0922665418489));
#5724=CARTESIAN_POINT('Ctrl Pts',(45.2968115039096,-43.7750473924291,49.1768032154635));
#5725=CARTESIAN_POINT('Ctrl Pts',(45.173330753999,-43.8915158560568,49.2341473088825));
#5726=CARTESIAN_POINT('Ctrl Pts',(45.0473432514226,-44.0060649361795,49.2890493437205));
#5727=CARTESIAN_POINT('Ctrl Pts',(44.9188675092226,-44.1185708360996,49.3416492259194));
#5728=CARTESIAN_POINT('Ctrl Pts',(41.2734452887749,-46.4367006887426,51.4335661196562));
#5729=CARTESIAN_POINT('Ctrl Pts',(41.4969452399126,-46.3156265793807,50.2222984660989));
#5730=CARTESIAN_POINT('Ctrl Pts',(41.7024182798417,-46.1608842440926,49.0100493839656));
#5731=CARTESIAN_POINT('Ctrl Pts',(41.8899175964627,-45.9721633752313,47.7994785403077));
#5732=CARTESIAN_POINT('Ctrl Pts',(42.7387785171278,-45.818771241096,51.7947920133733));
#5733=CARTESIAN_POINT('Ctrl Pts',(42.9704775206995,-45.6973414316956,50.5804347661656));
#5734=CARTESIAN_POINT('Ctrl Pts',(43.1834458362141,-45.5421423672795,49.3651493058416));
#5735=CARTESIAN_POINT('Ctrl Pts',(43.3778034950158,-45.3529288495734,48.1514774607191));
#5736=CARTESIAN_POINT('Ctrl Pts',(44.0711611453915,-44.891274582233,52.1624161870244));
#5737=CARTESIAN_POINT('Ctrl Pts',(44.3091061165736,-44.767346351187,50.9518928318724));
#5738=CARTESIAN_POINT('Ctrl Pts',(44.5277757717576,-44.6099950440561,49.7406202437787));
#5739=CARTESIAN_POINT('Ctrl Pts',(44.7273099739561,-44.4189972848903,48.531090934138));
#5740=CARTESIAN_POINT('Ctrl Pts',(45.1625521850176,-43.7294200805234,52.5066285257877));
#5741=CARTESIAN_POINT('Ctrl Pts',(45.4033992866062,-43.6016686550144,51.3063074440065));
#5742=CARTESIAN_POINT('Ctrl Pts',(45.6246926209627,-43.4412126907217,50.1055412291977));
#5743=CARTESIAN_POINT('Ctrl Pts',(45.8265344474215,-43.2478113305778,48.9068409869743));
#5744=CARTESIAN_POINT('Ctrl Pts',(-27.6908153444749,-43.8501684507247,79.7272567036566));
#5745=CARTESIAN_POINT('Ctrl Pts',(-25.4319847097139,-42.2125262695498,84.3111375343339));
#5746=CARTESIAN_POINT('Ctrl Pts',(-21.0088157331195,-38.7620720459417,91.2206694148136));
#5747=CARTESIAN_POINT('Ctrl Pts',(-12.8370904446594,-33.7887327937857,98.2188513811064));
#5748=CARTESIAN_POINT('Ctrl Pts',(-7.13492328800036,-31.8267208885558,100.482951473882));
#5749=CARTESIAN_POINT('Ctrl Pts',(-4.13814705838771,-31.3528110294888,101.025293025947));
#5750=CARTESIAN_POINT('Ctrl Pts',(-30.0225595925585,-43.4055777400773,80.9716987798687));
#5751=CARTESIAN_POINT('Ctrl Pts',(-27.5499099219931,-41.6459299226627,85.6038747690708));
#5752=CARTESIAN_POINT('Ctrl Pts',(-22.7230138212651,-37.9926248408785,92.53908170046));
#5753=CARTESIAN_POINT('Ctrl Pts',(-13.8554319645163,-32.7965864797177,99.492941416753));
#5754=CARTESIAN_POINT('Ctrl Pts',(-7.69522148144837,-30.760711253548,101.73027854564));
#5755=CARTESIAN_POINT('Ctrl Pts',(-4.46241235124961,-30.2685706659594,102.266095660283));
#5756=CARTESIAN_POINT('Ctrl Pts',(-32.3466365147742,-42.086641334681,81.8991568692115));
#5757=CARTESIAN_POINT('Ctrl Pts',(-29.6628223462388,-40.3262978688483,86.5505934563578));
#5758=CARTESIAN_POINT('Ctrl Pts',(-24.4346850562833,-36.6681590359929,93.5123303923794));
#5759=CARTESIAN_POINT('Ctrl Pts',(-14.873286065021,-31.4577123284562,100.489252720915));
#5760=CARTESIAN_POINT('Ctrl Pts',(-8.25519763168541,-29.4108052060659,102.733475832798));
#5761=CARTESIAN_POINT('Ctrl Pts',(-4.78651112748689,-28.9155879704126,103.270941690268));
#5762=CARTESIAN_POINT('Ctrl Pts',(-34.1742454874197,-40.1707583737031,82.3145676808813));
#5763=CARTESIAN_POINT('Ctrl Pts',(-31.3757754632325,-38.5032112531861,86.9718288143055));
#5764=CARTESIAN_POINT('Ctrl Pts',(-25.8963314235301,-34.9901788236429,93.9919708000558));
#5765=CARTESIAN_POINT('Ctrl Pts',(-15.7904030969924,-29.9139746367901,101.102182011945));
#5766=CARTESIAN_POINT('Ctrl Pts',(-8.76548793485018,-27.8981328315966,103.402526578866));
#5767=CARTESIAN_POINT('Ctrl Pts',(-5.082614679537,-27.4100366606534,103.953550116514));
#5768=CARTESIAN_POINT('Origin',(0.,-9.15574714786115,48.9853213073748));
#5769=CARTESIAN_POINT('Origin',(0.,-33.4936925554081,46.4962963822347));
#5770=CARTESIAN_POINT('Origin',(0.,0.,7.00000151991844));
#5771=CARTESIAN_POINT('Origin',(-18.9071013475157,0.,31.0928986524843));
#5772=CARTESIAN_POINT('',(-56.000000834465,0.,38.0000005662441));
#5773=CARTESIAN_POINT('Origin',(-9.48605173597543,0.,56.7363611178001));
#5774=CARTESIAN_POINT('',(-54.7629356699372,0.,78.2909997991952));
#5775=CARTESIAN_POINT('Origin',(-8.55452669058581,0.,46.3535586453813));
#5776=CARTESIAN_POINT('Origin',(18.9071013475157,0.,31.0928986524843));
#5777=CARTESIAN_POINT('',(56.000000834465,0.,38.0000005662441));
#5778=CARTESIAN_POINT('Origin',(8.55452669058581,0.,46.3535586453813));
#5779=CARTESIAN_POINT('',(54.7629356699406,0.,78.2909997991976));
#5780=CARTESIAN_POINT('Origin',(9.48605173597543,0.,56.7363611178001));
#5781=CARTESIAN_POINT('Ctrl Pts',(53.7899141081502,-1.38777878078145E-16,
125.039661046931));
#5782=CARTESIAN_POINT('Ctrl Pts',(53.7899141081502,0.433412205408976,125.039661046931));
#5783=CARTESIAN_POINT('Ctrl Pts',(53.7502902545924,1.29982359544265,124.827635125241));
#5784=CARTESIAN_POINT('Ctrl Pts',(53.5663435033318,2.65032585361989,123.866809735112));
#5785=CARTESIAN_POINT('Ctrl Pts',(53.2438711921741,3.74268853606962,122.264059911586));
#5786=CARTESIAN_POINT('Ctrl Pts',(52.8637938248846,4.38767230449976,120.522270974183));
#5787=CARTESIAN_POINT('Ctrl Pts',(52.5378058086531,4.71591655318311,119.114367248308));
#5788=CARTESIAN_POINT('Ctrl Pts',(52.2814135985093,4.88321833730168,118.048401250107));
#5789=CARTESIAN_POINT('Ctrl Pts',(52.0152955021841,4.97894102033671,116.98287002568));
#5790=CARTESIAN_POINT('Ctrl Pts',(51.8320758515896,4.99967049017527,116.275587419044));
#5791=CARTESIAN_POINT('Ctrl Pts',(51.7378915067644,4.99999759505501,115.91845738178));
#5792=CARTESIAN_POINT('Ctrl Pts',(51.7364304704565,5.,115.912918928591));
#5793=CARTESIAN_POINT('Ctrl Pts',(51.7349691085602,5.,115.907380796929));
#5794=CARTESIAN_POINT('Ctrl Pts',(53.7085528393467,3.05964325799468E-16,
125.225168004339));
#5795=CARTESIAN_POINT('Ctrl Pts',(53.7085528393467,0.465057665140387,125.225168004339));
#5796=CARTESIAN_POINT('Ctrl Pts',(53.662144735442,1.38898349604671,124.981455343003));
#5797=CARTESIAN_POINT('Ctrl Pts',(53.4644257516795,2.75468478117201,123.946141597837));
#5798=CARTESIAN_POINT('Ctrl Pts',(53.1460483729381,3.80970357296965,122.299592188438));
#5799=CARTESIAN_POINT('Ctrl Pts',(52.7869343044337,4.42305888599827,120.540253706003));
#5800=CARTESIAN_POINT('Ctrl Pts',(52.4823628899372,4.73288136518673,119.124633609759));
#5801=CARTESIAN_POINT('Ctrl Pts',(52.243716719113,4.89038776833745,118.054630306077));
#5802=CARTESIAN_POINT('Ctrl Pts',(51.9962027167345,4.98024231903292,116.985935943832));
#5803=CARTESIAN_POINT('Ctrl Pts',(51.8255616674344,4.99969024964192,116.27667942465));
#5804=CARTESIAN_POINT('Ctrl Pts',(51.7376956431289,4.99999775465353,115.918490382767));
#5805=CARTESIAN_POINT('Ctrl Pts',(51.7363325345065,5.,115.912935420934));
#5806=CARTESIAN_POINT('Ctrl Pts',(51.7349691085602,5.,115.907380796929));
#5807=CARTESIAN_POINT('Ctrl Pts',(53.4304377786043,1.20065322256453E-15,
125.54378733686));
#5808=CARTESIAN_POINT('Ctrl Pts',(53.4304377786043,0.517050867259427,125.54378733686));
#5809=CARTESIAN_POINT('Ctrl Pts',(53.3833907002871,1.53434053309336,125.2432479735));
#5810=CARTESIAN_POINT('Ctrl Pts',(53.1996546585526,2.9168006578446,124.079068627251));
#5811=CARTESIAN_POINT('Ctrl Pts',(52.9256752967533,3.90902360124235,122.361203398));
#5812=CARTESIAN_POINT('Ctrl Pts',(52.624490566936,4.47467867186063,120.573053242807));
#5813=CARTESIAN_POINT('Ctrl Pts',(52.3687760034973,4.75732101125934,119.144237253435));
#5814=CARTESIAN_POINT('Ctrl Pts',(52.1677631717868,4.90066982556353,118.066886913693));
#5815=CARTESIAN_POINT('Ctrl Pts',(51.9581018051156,4.98209587704627,116.9920803209));
#5816=CARTESIAN_POINT('Ctrl Pts',(51.8125426968914,4.99971891216288,116.278864470208));
#5817=CARTESIAN_POINT('Ctrl Pts',(51.7373038192478,4.99999797802978,115.918556374103));
#5818=CARTESIAN_POINT('Ctrl Pts',(51.7361366626064,5.,115.912968405619));
#5819=CARTESIAN_POINT('Ctrl Pts',(51.7349691085602,5.,115.907380796929));
#5820=CARTESIAN_POINT('Ctrl Pts',(52.7089899066957,2.24462460665234E-15,
125.726313399163));
#5821=CARTESIAN_POINT('Ctrl Pts',(52.7089899066957,0.537315967667153,125.726313399163));
#5822=CARTESIAN_POINT('Ctrl Pts',(52.6925104154199,1.59068856838408,125.400567626502));
#5823=CARTESIAN_POINT('Ctrl Pts',(52.6230388168572,2.97744863190368,124.178398916979));
#5824=CARTESIAN_POINT('Ctrl Pts',(52.496010399656,3.94485368766058,122.424784796136));
#5825=CARTESIAN_POINT('Ctrl Pts',(52.3242019331366,4.49306715355879,120.61658924494));
#5826=CARTESIAN_POINT('Ctrl Pts',(52.1647264952801,4.76593916481055,119.174495835271));
#5827=CARTESIAN_POINT('Ctrl Pts',(52.0333693845835,4.90428330673537,118.087542222323));
#5828=CARTESIAN_POINT('Ctrl Pts',(51.8912868604798,4.98274454911489,117.002920108603));
#5829=CARTESIAN_POINT('Ctrl Pts',(51.7897434583488,4.99972924420267,116.282698645316));
#5830=CARTESIAN_POINT('Ctrl Pts',(51.7366182916242,4.99999805308496,115.918671752293));
#5831=CARTESIAN_POINT('Ctrl Pts',(51.7357938867812,5.,115.913026128819));
#5832=CARTESIAN_POINT('Ctrl Pts',(51.7349691085602,5.,115.907380796929));
#5833=CARTESIAN_POINT('Ctrl Pts',(52.2214448043002,2.16619973061257E-15,
125.454298245134));
#5834=CARTESIAN_POINT('Ctrl Pts',(52.2214448043002,0.481315404343058,125.454298245134));
#5835=CARTESIAN_POINT('Ctrl Pts',(52.2251270790232,1.43467420451179,125.191663110738));
#5836=CARTESIAN_POINT('Ctrl Pts',(52.2287656667893,2.80767152077738,124.107303308214));
#5837=CARTESIAN_POINT('Ctrl Pts',(52.1961138201465,3.84338179371041,122.422259055518));
#5838=CARTESIAN_POINT('Ctrl Pts',(52.1127656070019,4.44078088018331,120.631749124314));
#5839=CARTESIAN_POINT('Ctrl Pts',(52.0201804891507,4.74134802647954,119.191004761998));
#5840=CARTESIAN_POINT('Ctrl Pts',(51.9379325592152,4.89395611721953,118.100898334654));
#5841=CARTESIAN_POINT('Ctrl Pts',(51.8437653391836,4.98088235122274,117.010484233875));
#5842=CARTESIAN_POINT('Ctrl Pts',(51.7734817500519,4.99969905481311,116.285418077801));
#5843=CARTESIAN_POINT('Ctrl Pts',(51.736128388368,4.99999784545189,115.918754362231));
#5844=CARTESIAN_POINT('Ctrl Pts',(51.7355490469061,5.,115.913067359675));
#5845=CARTESIAN_POINT('Ctrl Pts',(51.7349691085602,5.,115.907380796929));
#5846=CARTESIAN_POINT('Ctrl Pts',(52.0495442566127,1.83193261341379E-15,
125.20375224507));
#5847=CARTESIAN_POINT('Ctrl Pts',(52.0495442566127,0.433412205408923,125.20375224507));
#5848=CARTESIAN_POINT('Ctrl Pts',(52.051009114123,1.29982359544267,124.990666453025));
#5849=CARTESIAN_POINT('Ctrl Pts',(52.0530437130051,2.65032585361993,124.023564494507));
#5850=CARTESIAN_POINT('Ctrl Pts',(52.0399422178501,3.74268853606954,122.40507388608));
#5851=CARTESIAN_POINT('Ctrl Pts',(51.9937481981017,4.38767230449973,120.636091700677));
#5852=CARTESIAN_POINT('Ctrl Pts',(51.9356376201419,4.71591655318309,119.199774153375));
#5853=CARTESIAN_POINT('Ctrl Pts',(51.8809003585168,4.88321833730167,118.109009018976));
#5854=CARTESIAN_POINT('Ctrl Pts',(51.8150119030886,4.9789410203367,117.015314025475));
#5855=CARTESIAN_POINT('Ctrl Pts',(51.7636978210902,4.99967049017527,116.287082629274));
#5856=CARTESIAN_POINT('Ctrl Pts',(51.7358347225521,4.99999759505501,115.918803590671));
#5857=CARTESIAN_POINT('Ctrl Pts',(51.7354021429811,5.,115.913092098189));
#5858=CARTESIAN_POINT('Ctrl Pts',(51.7349691085602,5.,115.907380796929));
#5859=CARTESIAN_POINT('',(53.7899141081502,-1.38777878078145E-16,125.039661046931));
#5860=CARTESIAN_POINT('',(51.7349691085602,5.,115.907380796929));
#5861=CARTESIAN_POINT('Ctrl Pts',(53.7899141081502,-1.38777878078145E-16,
125.039661046931));
#5862=CARTESIAN_POINT('Ctrl Pts',(53.7899141081502,0.433412205408976,125.039661046931));
#5863=CARTESIAN_POINT('Ctrl Pts',(53.7502902545924,1.29982359544265,124.827635125241));
#5864=CARTESIAN_POINT('Ctrl Pts',(53.5663435033318,2.65032585361989,123.866809735112));
#5865=CARTESIAN_POINT('Ctrl Pts',(53.2438711921741,3.74268853606962,122.264059911586));
#5866=CARTESIAN_POINT('Ctrl Pts',(52.8637938248846,4.38767230449976,120.522270974183));
#5867=CARTESIAN_POINT('Ctrl Pts',(52.5378058086531,4.71591655318311,119.114367248308));
#5868=CARTESIAN_POINT('Ctrl Pts',(52.2814135985093,4.88321833730168,118.048401250107));
#5869=CARTESIAN_POINT('Ctrl Pts',(52.0152955021841,4.97894102033671,116.98287002568));
#5870=CARTESIAN_POINT('Ctrl Pts',(51.8320758515896,4.99967049017527,116.275587419044));
#5871=CARTESIAN_POINT('Ctrl Pts',(51.7378915067644,4.99999759505501,115.91845738178));
#5872=CARTESIAN_POINT('Ctrl Pts',(51.7364304704565,5.,115.912918928591));
#5873=CARTESIAN_POINT('Ctrl Pts',(51.7349691085602,5.,115.907380796929));
#5874=CARTESIAN_POINT('',(52.0495442566127,6.80011602582908E-15,125.20375224507));
#5875=CARTESIAN_POINT('Ctrl Pts',(51.7349691085602,5.,115.907380796929));
#5876=CARTESIAN_POINT('Ctrl Pts',(51.7354021429811,5.,115.913092098189));
#5877=CARTESIAN_POINT('Ctrl Pts',(51.7358347225521,4.99999759505501,115.918803590671));
#5878=CARTESIAN_POINT('Ctrl Pts',(51.7636978210902,4.99967049017527,116.287082629274));
#5879=CARTESIAN_POINT('Ctrl Pts',(51.8150119030886,4.9789410203367,117.015314025475));
#5880=CARTESIAN_POINT('Ctrl Pts',(51.8809003585168,4.88321833730167,118.109009018976));
#5881=CARTESIAN_POINT('Ctrl Pts',(51.9356376201419,4.71591655318309,119.199774153375));
#5882=CARTESIAN_POINT('Ctrl Pts',(51.9937481981017,4.38767230449973,120.636091700677));
#5883=CARTESIAN_POINT('Ctrl Pts',(52.0399422178501,3.74268853606954,122.40507388608));
#5884=CARTESIAN_POINT('Ctrl Pts',(52.0530437130051,2.65032585361993,124.023564494507));
#5885=CARTESIAN_POINT('Ctrl Pts',(52.051009114123,1.29982359544267,124.990666453025));
#5886=CARTESIAN_POINT('Ctrl Pts',(52.0495442566127,0.433412205408923,125.20375224507));
#5887=CARTESIAN_POINT('Ctrl Pts',(52.0495442566127,1.83193261341379E-15,
125.20375224507));
#5888=CARTESIAN_POINT('Origin',(52.8741232993482,-6.93889390390723E-17,
124.638005479917));
#5889=CARTESIAN_POINT('Origin',(50.1576908053477,0.,113.60848893665));
#5890=CARTESIAN_POINT('',(50.1576908053477,5.,113.60848893665));
#5891=CARTESIAN_POINT('',(46.0347955916703,0.,116.437222762416));
#5892=CARTESIAN_POINT('Origin',(1.64877757174001,0.,102.171143958732));
#5893=CARTESIAN_POINT('Origin',(1.64877757174001,0.,102.171143958732));
#5894=CARTESIAN_POINT('Origin',(1.64877757174001,5.,102.171143958732));
#5895=CARTESIAN_POINT('Origin',(46.4473813392192,5.,101.118955450752));
#5896=CARTESIAN_POINT('Ctrl Pts',(-50.8314948872267,3.28209681654812E-14,
125.20375224507));
#5897=CARTESIAN_POINT('Ctrl Pts',(-50.8314948872267,0.433417955779372,125.20375224507));
#5898=CARTESIAN_POINT('Ctrl Pts',(-50.8329753071425,1.2998155646772,124.989101104959));
#5899=CARTESIAN_POINT('Ctrl Pts',(-50.8344525249684,2.31229150251103,124.268715871108));
#5900=CARTESIAN_POINT('Ctrl Pts',(-50.8298227470905,3.08795865650119,123.368227091442));
#5901=CARTESIAN_POINT('Ctrl Pts',(-50.8169228533179,3.67617297565052,122.383155862863));
#5902=CARTESIAN_POINT('Ctrl Pts',(-50.7941515434182,4.13091267142485,121.340231409949));
#5903=CARTESIAN_POINT('Ctrl Pts',(-50.7502544745279,4.58200428949723,119.923410612253));
#5904=CARTESIAN_POINT('Ctrl Pts',(-50.668509731971,4.91840376137767,118.111238693255));
#5905=CARTESIAN_POINT('Ctrl Pts',(-50.5730676653441,4.99938520106878,116.649432436627));
#5906=CARTESIAN_POINT('Ctrl Pts',(-50.5177763620915,4.9999974890676,115.918685120141));
#5907=CARTESIAN_POINT('Ctrl Pts',(-50.5173482726557,5.,115.913032735194));
#5908=CARTESIAN_POINT('Ctrl Pts',(-50.5169197391742,5.,115.907380796929));
#5909=CARTESIAN_POINT('Ctrl Pts',(-50.9460952523518,3.38417317282574E-14,
125.370782911779));
#5910=CARTESIAN_POINT('Ctrl Pts',(-50.9460952523518,0.465063835372272,125.370782911779));
#5911=CARTESIAN_POINT('Ctrl Pts',(-50.9489142659695,1.38874548805455,125.1235286606));
#5912=CARTESIAN_POINT('Ctrl Pts',(-50.9507470463229,2.41338631392653,124.344867682804));
#5913=CARTESIAN_POINT('Ctrl Pts',(-50.941178452824,3.17623430737588,123.407396422894));
#5914=CARTESIAN_POINT('Ctrl Pts',(-50.9188344984753,3.74412294476995,122.399390056475));
#5915=CARTESIAN_POINT('Ctrl Pts',(-50.8829735632605,4.17880160848136,121.343497393385));
#5916=CARTESIAN_POINT('Ctrl Pts',(-50.818413424123,4.60675291581901,119.91795637278));
#5917=CARTESIAN_POINT('Ctrl Pts',(-50.7066865813795,4.92344178141895,118.105115097874));
#5918=CARTESIAN_POINT('Ctrl Pts',(-50.5858034182953,4.99941093103315,116.647269540478));
#5919=CARTESIAN_POINT('Ctrl Pts',(-50.5179701671185,4.99999771389921,115.918652613688));
#5920=CARTESIAN_POINT('Ctrl Pts',(-50.5174451906641,5.,115.913016414272));
#5921=CARTESIAN_POINT('Ctrl Pts',(-50.5169197391742,5.,115.907380796929));
#5922=CARTESIAN_POINT('Ctrl Pts',(-51.2788621279474,3.16895747141427E-14,
125.631805449575));
#5923=CARTESIAN_POINT('Ctrl Pts',(-51.2788621279474,0.517057727319893,125.631805449575));
#5924=CARTESIAN_POINT('Ctrl Pts',(-51.2726125486023,1.53372619477453,125.327845024567));
#5925=CARTESIAN_POINT('Ctrl Pts',(-51.247138150102,2.57224239189507,124.452490940614));
#5926=CARTESIAN_POINT('Ctrl Pts',(-51.2048261728119,3.31129305841889,123.457097351191));
#5927=CARTESIAN_POINT('Ctrl Pts',(-51.1469362257582,3.8457943961087,122.414843221972));
#5928=CARTESIAN_POINT('Ctrl Pts',(-51.0736287042124,4.24927743371972,121.340842946557));
#5929=CARTESIAN_POINT('Ctrl Pts',(-50.9584761921852,4.64241513710356,119.904312779612));
#5930=CARTESIAN_POINT('Ctrl Pts',(-50.782661560904,4.9305676863734,118.093011373556));
#5931=CARTESIAN_POINT('Ctrl Pts',(-50.6112331073579,4.99944208655131,116.642959453087));
#5932=CARTESIAN_POINT('Ctrl Pts',(-50.5183579982771,4.99999806475676,115.918587517628));
#5933=CARTESIAN_POINT('Ctrl Pts',(-50.5176390266809,5.,115.912983772428));
#5934=CARTESIAN_POINT('Ctrl Pts',(-50.5169197391742,5.,115.907380796929));
#5935=CARTESIAN_POINT('Ctrl Pts',(-52.0217120905102,1.45913872249595E-14,
125.676270097792));
#5936=CARTESIAN_POINT('Ctrl Pts',(-52.0217120905102,0.537323096598175,125.676270097792));
#5937=CARTESIAN_POINT('Ctrl Pts',(-51.9807673354784,1.58993049639151,125.350973250807));
#5938=CARTESIAN_POINT('Ctrl Pts',(-51.8632622868389,2.63219347207422,124.442098143616));
#5939=CARTESIAN_POINT('Ctrl Pts',(-51.7281731312755,3.36125004335983,123.429565998875));
#5940=CARTESIAN_POINT('Ctrl Pts',(-51.582894613808,3.88275622438847,122.379709988524));
#5941=CARTESIAN_POINT('Ctrl Pts',(-51.4274299999134,4.27456501949726,121.304627342838));
#5942=CARTESIAN_POINT('Ctrl Pts',(-51.2101102321585,4.65499517907488,119.871960525541));
#5943=CARTESIAN_POINT('Ctrl Pts',(-50.9161316787034,4.93304729966014,118.072236795729));
#5944=CARTESIAN_POINT('Ctrl Pts',(-50.6557936413627,4.99945201560009,116.635469642877));
#5945=CARTESIAN_POINT('Ctrl Pts',(-50.5190363940886,4.99999819273769,115.918473319087));
#5946=CARTESIAN_POINT('Ctrl Pts',(-50.5179782397103,5.,115.9129266492));
#5947=CARTESIAN_POINT('Ctrl Pts',(-50.5169197391742,5.,115.907380796929));
#5948=CARTESIAN_POINT('Ctrl Pts',(-52.449822835559,-4.03292408187046E-15,
125.317921483043));
#5949=CARTESIAN_POINT('Ctrl Pts',(-52.449822835559,0.481321790277046,125.317921483043));
#5950=CARTESIAN_POINT('Ctrl Pts',(-52.399547637704,1.43430661532131,125.056688599828));
#5951=CARTESIAN_POINT('Ctrl Pts',(-52.2462982376714,2.46480632912269,124.256189257302));
#5952=CARTESIAN_POINT('Ctrl Pts',(-52.0662900270311,3.22087532080234,123.309745111115));
#5953=CARTESIAN_POINT('Ctrl Pts',(-51.8730341110235,3.77832069153617,122.301390451897));
#5954=CARTESIAN_POINT('Ctrl Pts',(-51.6681086329966,4.2028043997316,121.251881360762));
#5955=CARTESIAN_POINT('Ctrl Pts',(-51.38546555726,4.61908780660636,119.841398970273));
#5956=CARTESIAN_POINT('Ctrl Pts',(-51.0105628621366,4.92591175603723,118.057026518721));
#5957=CARTESIAN_POINT('Ctrl Pts',(-50.6875230160331,4.99941855092353,116.630085097511));
#5958=CARTESIAN_POINT('Ctrl Pts',(-50.5195214878597,4.99999785400713,115.918391930418));
#5959=CARTESIAN_POINT('Ctrl Pts',(-50.5182205347313,5.,115.912885846895));
#5960=CARTESIAN_POINT('Ctrl Pts',(-50.5169197391742,5.,115.907380796929));
#5961=CARTESIAN_POINT('Ctrl Pts',(-52.5718647387643,-1.33646628206522E-14,
125.039661046931));
#5962=CARTESIAN_POINT('Ctrl Pts',(-52.5718647387643,0.433417955779078,125.039661046931));
#5963=CARTESIAN_POINT('Ctrl Pts',(-52.5319549326049,1.29981556467708,124.82607579856));
#5964=CARTESIAN_POINT('Ctrl Pts',(-52.3948983477768,2.31229150251087,124.1103785702));
#5965=CARTESIAN_POINT('Ctrl Pts',(-52.2178447119352,3.08795865650108,123.217802611294));
#5966=CARTESIAN_POINT('Ctrl Pts',(-52.017300861215,3.67617297565041,122.2438571544));
#5967=CARTESIAN_POINT('Ctrl Pts',(-51.7970908397678,4.13091267142477,121.215565471524));
#5968=CARTESIAN_POINT('Ctrl Pts',(-51.4868560586025,4.58200428949717,119.822645911691));
#5969=CARTESIAN_POINT('Ctrl Pts',(-51.0684462092348,4.91840376137763,118.048916425336));
#5970=CARTESIAN_POINT('Ctrl Pts',(-50.706698292705,4.99938520106878,116.626966353965));
#5971=CARTESIAN_POINT('Ctrl Pts',(-50.5198118169512,4.9999974890676,115.918342505833));
#5972=CARTESIAN_POINT('Ctrl Pts',(-50.5183659117439,5.,115.912861365512));
#5973=CARTESIAN_POINT('Ctrl Pts',(-50.5169197391742,5.,115.907380796929));
#5974=CARTESIAN_POINT('',(-50.8314948872267,3.28209681654812E-14,125.20375224507));
#5975=CARTESIAN_POINT('',(-50.5169197391742,5.,115.907380796929));
#5976=CARTESIAN_POINT('Ctrl Pts',(-50.8314948872267,3.28209681654812E-14,
125.20375224507));
#5977=CARTESIAN_POINT('Ctrl Pts',(-50.8314948872267,0.433417955779372,125.20375224507));
#5978=CARTESIAN_POINT('Ctrl Pts',(-50.8329753071425,1.2998155646772,124.989101104959));
#5979=CARTESIAN_POINT('Ctrl Pts',(-50.8344525249684,2.31229150251103,124.268715871108));
#5980=CARTESIAN_POINT('Ctrl Pts',(-50.8298227470905,3.08795865650119,123.368227091442));
#5981=CARTESIAN_POINT('Ctrl Pts',(-50.8169228533179,3.67617297565052,122.383155862863));
#5982=CARTESIAN_POINT('Ctrl Pts',(-50.7941515434182,4.13091267142485,121.340231409949));
#5983=CARTESIAN_POINT('Ctrl Pts',(-50.7502544745279,4.58200428949723,119.923410612253));
#5984=CARTESIAN_POINT('Ctrl Pts',(-50.668509731971,4.91840376137767,118.111238693255));
#5985=CARTESIAN_POINT('Ctrl Pts',(-50.5730676653441,4.99938520106878,116.649432436627));
#5986=CARTESIAN_POINT('Ctrl Pts',(-50.5177763620915,4.9999974890676,115.918685120141));
#5987=CARTESIAN_POINT('Ctrl Pts',(-50.5173482726557,5.,115.913032735194));
#5988=CARTESIAN_POINT('Ctrl Pts',(-50.5169197391742,5.,115.907380796929));
#5989=CARTESIAN_POINT('',(-52.5718647387643,-1.38777878078145E-16,125.039661046931));
#5990=CARTESIAN_POINT('Ctrl Pts',(-50.5169197391742,5.,115.907380796929));
#5991=CARTESIAN_POINT('Ctrl Pts',(-50.5183659117439,5.,115.912861365512));
#5992=CARTESIAN_POINT('Ctrl Pts',(-50.5198118169512,4.9999974890676,115.918342505833));
#5993=CARTESIAN_POINT('Ctrl Pts',(-50.706698292705,4.99938520106878,116.626966353965));
#5994=CARTESIAN_POINT('Ctrl Pts',(-51.0684462092348,4.91840376137763,118.048916425336));
#5995=CARTESIAN_POINT('Ctrl Pts',(-51.4868560586025,4.58200428949717,119.822645911691));
#5996=CARTESIAN_POINT('Ctrl Pts',(-51.7970908397678,4.13091267142477,121.215565471524));
#5997=CARTESIAN_POINT('Ctrl Pts',(-52.017300861215,3.67617297565041,122.2438571544));
#5998=CARTESIAN_POINT('Ctrl Pts',(-52.2178447119352,3.08795865650108,123.217802611294));
#5999=CARTESIAN_POINT('Ctrl Pts',(-52.3948983477768,2.31229150251087,124.1103785702));
#6000=CARTESIAN_POINT('Ctrl Pts',(-52.5319549326049,1.29981556467708,124.82607579856));
#6001=CARTESIAN_POINT('Ctrl Pts',(-52.5718647387643,0.433417955779078,125.039661046931));
#6002=CARTESIAN_POINT('Ctrl Pts',(-52.5718647387643,-1.33646628206522E-14,
125.039661046931));
#6003=CARTESIAN_POINT('Origin',(-51.6560739299622,-2.08166817117217E-16,
124.638005479917));
#6004=CARTESIAN_POINT('Origin',(-0.430728202354059,0.,102.171143958732));
#6005=CARTESIAN_POINT('Origin',(-0.430728202354059,5.,102.171143958732));
#6006=CARTESIAN_POINT('Origin',(-0.430728202354059,0.,102.171143958732));
#6007=CARTESIAN_POINT('Origin',(-38.8164942995685,0.,98.8539459337643));
#6008=CARTESIAN_POINT('',(-34.6935990858911,0.,101.682679759531));
#6009=CARTESIAN_POINT('',(-38.8164942995685,5.,98.8539459337643));
#6010=CARTESIAN_POINT('Origin',(-45.2293319698332,5.,101.118955450752));
#6011=CARTESIAN_POINT('Ctrl Pts',(52.6608787546868,-8.,122.559625089732));
#6012=CARTESIAN_POINT('Ctrl Pts',(52.6626028628136,-8.,122.563302501298));
#6013=CARTESIAN_POINT('Ctrl Pts',(52.6643264162259,-7.99999209818016,122.566979145807));
#6014=CARTESIAN_POINT('Ctrl Pts',(52.7569052671347,-7.99938197010921,122.764500911861));
#6015=CARTESIAN_POINT('Ctrl Pts',(53.028597769645,-7.93862763979679,123.348063746437));
#6016=CARTESIAN_POINT('Ctrl Pts',(53.3833618616488,-7.63735629923633,124.12683341055));
#6017=CARTESIAN_POINT('Ctrl Pts',(53.65355160154,-7.02390058086703,124.731779937256));
#6018=CARTESIAN_POINT('Ctrl Pts',(53.7657267677833,-6.49665335477527,124.984888000518));
#6019=CARTESIAN_POINT('Ctrl Pts',(53.7899141081502,-6.16575461487017,125.039661046931));
#6020=CARTESIAN_POINT('Ctrl Pts',(53.7899141081502,-6.,125.039661046931));
#6021=CARTESIAN_POINT('Ctrl Pts',(52.6608787546868,-8.,122.559625089732));
#6022=CARTESIAN_POINT('Ctrl Pts',(52.6620944377482,-8.00001332041428,122.563330577454));
#6023=CARTESIAN_POINT('Ctrl Pts',(52.6633509017855,-7.99997873091507,122.567119437889));
#6024=CARTESIAN_POINT('Ctrl Pts',(52.7288633685838,-8.00012318263909,122.76658503871));
#6025=CARTESIAN_POINT('Ctrl Pts',(52.9235294733511,-7.95425359356426,123.362196816113));
#6026=CARTESIAN_POINT('Ctrl Pts',(53.1883747177902,-7.74586458977083,124.16500537031));
#6027=CARTESIAN_POINT('Ctrl Pts',(53.4496055516545,-7.23230028359785,124.898742032642));
#6028=CARTESIAN_POINT('Ctrl Pts',(53.5903605463325,-6.6689596324956,125.298327910184));
#6029=CARTESIAN_POINT('Ctrl Pts',(53.6274079898091,-6.22797791312979,125.411837358221));
#6030=CARTESIAN_POINT('Ctrl Pts',(53.6271915705432,-6.,125.410674961747));
#6031=CARTESIAN_POINT('Ctrl Pts',(52.6608787546868,-8.,122.559625089732));
#6032=CARTESIAN_POINT('Ctrl Pts',(52.6612406758027,-8.00000912408411,122.563397264591));
#6033=CARTESIAN_POINT('Ctrl Pts',(52.6616038022013,-7.99998449493265,122.56734529712));
#6034=CARTESIAN_POINT('Ctrl Pts',(52.6810146417903,-8.00020202521423,122.770848459662));
#6035=CARTESIAN_POINT('Ctrl Pts',(52.7373101620238,-7.9668453185374,123.385521350756));
#6036=CARTESIAN_POINT('Ctrl Pts',(52.8055271012449,-7.82827744460708,124.215559814557));
#6037=CARTESIAN_POINT('Ctrl Pts',(52.8627505728296,-7.42251234800446,125.086283648528));
#6038=CARTESIAN_POINT('Ctrl Pts',(52.8987696502695,-6.84310422035971,125.658084919657));
#6039=CARTESIAN_POINT('Ctrl Pts',(52.9111322876257,-6.29157245947312,125.84466026223));
#6040=CARTESIAN_POINT('Ctrl Pts',(52.910912942648,-5.99999999999999,125.842166388616));
#6041=CARTESIAN_POINT('Ctrl Pts',(52.6608787546868,-8.,122.559625089732));
#6042=CARTESIAN_POINT('Ctrl Pts',(52.6603808986712,-8.00000999031071,122.563528496774));
#6043=CARTESIAN_POINT('Ctrl Pts',(52.6598631801502,-7.99998207273134,122.567497796147));
#6044=CARTESIAN_POINT('Ctrl Pts',(52.6329811364613,-7.99993787950662,122.777489347111));
#6045=CARTESIAN_POINT('Ctrl Pts',(52.5510863547178,-7.9503471051224,123.401674059131));
#6046=CARTESIAN_POINT('Ctrl Pts',(52.4293182593184,-7.7187375171372,124.237423319518));
#6047=CARTESIAN_POINT('Ctrl Pts',(52.3019591759489,-7.18020035791513,124.972623716699));
#6048=CARTESIAN_POINT('Ctrl Pts',(52.2368396957542,-6.62588306306551,125.352251298055));
#6049=CARTESIAN_POINT('Ctrl Pts',(52.221445015593,-6.21242208856488,125.455187325808));
#6050=CARTESIAN_POINT('Ctrl Pts',(52.2214448043002,-5.99999999999999,125.454298245134));
#6051=CARTESIAN_POINT('Ctrl Pts',(52.6608787546868,-8.,122.559625089732));
#6052=CARTESIAN_POINT('Ctrl Pts',(52.6600031187495,-8.,122.563591091038));
#6053=CARTESIAN_POINT('Ctrl Pts',(52.6591275413627,-7.99999209818016,122.56755608444));
#6054=CARTESIAN_POINT('Ctrl Pts',(52.6120784180656,-7.99938197010921,122.780554073523));
#6055=CARTESIAN_POINT('Ctrl Pts',(52.4719215813535,-7.9386276397968,123.40815767753));
#6056=CARTESIAN_POINT('Ctrl Pts',(52.2800361746062,-7.63735629923633,124.23859743442));
#6057=CARTESIAN_POINT('Ctrl Pts',(52.1277370370787,-7.023900580867,124.878891185295));
#6058=CARTESIAN_POINT('Ctrl Pts',(52.0634976108322,-6.49665335477525,125.146021569628));
#6059=CARTESIAN_POINT('Ctrl Pts',(52.0495442566127,-6.16575461487016,125.20375224507));
#6060=CARTESIAN_POINT('Ctrl Pts',(52.0495442566127,-5.99999999999999,125.20375224507));
#6061=CARTESIAN_POINT('',(53.7899141081502,-6.,125.039661046931));
#6062=CARTESIAN_POINT('',(52.0495442566127,-6.,125.20375224507));
#6063=CARTESIAN_POINT('Origin',(52.8741232993482,-6.,124.638005479917));
#6064=CARTESIAN_POINT('',(52.6608787546868,-8.,122.559625089732));
#6065=CARTESIAN_POINT('Ctrl Pts',(52.0495442566127,-5.99999999999999,125.20375224507));
#6066=CARTESIAN_POINT('Ctrl Pts',(52.0495442566127,-6.16575461487016,125.20375224507));
#6067=CARTESIAN_POINT('Ctrl Pts',(52.0634976108322,-6.49665335477525,125.146021569628));
#6068=CARTESIAN_POINT('Ctrl Pts',(52.1277370370787,-7.023900580867,124.878891185295));
#6069=CARTESIAN_POINT('Ctrl Pts',(52.2800361746062,-7.63735629923633,124.23859743442));
#6070=CARTESIAN_POINT('Ctrl Pts',(52.4719215813535,-7.9386276397968,123.40815767753));
#6071=CARTESIAN_POINT('Ctrl Pts',(52.6120784180656,-7.99938197010921,122.780554073523));
#6072=CARTESIAN_POINT('Ctrl Pts',(52.6591275413627,-7.99999209818016,122.56755608444));
#6073=CARTESIAN_POINT('Ctrl Pts',(52.6600031187495,-8.,122.563591091038));
#6074=CARTESIAN_POINT('Ctrl Pts',(52.6608787546868,-8.,122.559625089732));
#6075=CARTESIAN_POINT('Ctrl Pts',(52.6608787546868,-8.,122.559625089732));
#6076=CARTESIAN_POINT('Ctrl Pts',(52.6626028628136,-8.,122.563302501298));
#6077=CARTESIAN_POINT('Ctrl Pts',(52.6643264162259,-7.99999209818016,122.566979145807));
#6078=CARTESIAN_POINT('Ctrl Pts',(52.7569052671347,-7.99938197010921,122.764500911861));
#6079=CARTESIAN_POINT('Ctrl Pts',(53.028597769645,-7.93862763979679,123.348063746437));
#6080=CARTESIAN_POINT('Ctrl Pts',(53.3833618616488,-7.63735629923633,124.12683341055));
#6081=CARTESIAN_POINT('Ctrl Pts',(53.65355160154,-7.02390058086703,124.731779937256));
#6082=CARTESIAN_POINT('Ctrl Pts',(53.7657267677833,-6.49665335477527,124.984888000518));
#6083=CARTESIAN_POINT('Ctrl Pts',(53.7899141081502,-6.16575461487017,125.039661046931));
#6084=CARTESIAN_POINT('Ctrl Pts',(53.7899141081502,-6.,125.039661046931));
#6085=CARTESIAN_POINT('Origin',(52.8741232993482,0.,124.638005479917));
#6086=CARTESIAN_POINT('',(52.0495442566127,0.,125.20375224507));
#6087=CARTESIAN_POINT('',(53.7899141081502,0.,125.039661046931));
#6088=CARTESIAN_POINT('Ctrl Pts',(52.6608787546869,-8.,122.559625089732));
#6089=CARTESIAN_POINT('Ctrl Pts',(52.6608734245237,-8.,122.554092024399));
#6090=CARTESIAN_POINT('Ctrl Pts',(52.6608676629758,-7.99999805843837,122.548558666207));
#6091=CARTESIAN_POINT('Ctrl Pts',(52.660487703679,-7.99971953420783,122.206470004257));
#6092=CARTESIAN_POINT('Ctrl Pts',(52.6566471022456,-7.98348487717196,121.530538550663));
#6093=CARTESIAN_POINT('Ctrl Pts',(52.6412897946192,-7.91314603130687,120.513851712364));
#6094=CARTESIAN_POINT('Ctrl Pts',(52.6162898461174,-7.7971936013741,119.500524979386));
#6095=CARTESIAN_POINT('Ctrl Pts',(52.581754999411,-7.63333338253238,118.495514166561));
#6096=CARTESIAN_POINT('Ctrl Pts',(52.538242809091,-7.41978718049982,117.507802550405));
#6097=CARTESIAN_POINT('Ctrl Pts',(52.485804595229,-7.14441958200502,116.532813316653));
#6098=CARTESIAN_POINT('Ctrl Pts',(52.4264615512986,-6.80106372964211,115.598768540432));
#6099=CARTESIAN_POINT('Ctrl Pts',(52.363217789151,-6.36010754554156,114.729574133095));
#6100=CARTESIAN_POINT('Ctrl Pts',(52.3025979546116,-5.78704312931736,113.987886017201));
#6101=CARTESIAN_POINT('Ctrl Pts',(52.2803329264752,-5.26564873206499,113.736453617295));
#6102=CARTESIAN_POINT('Ctrl Pts',(52.2803329264752,-5.,113.736453617295));
#6103=CARTESIAN_POINT('Ctrl Pts',(52.6608787546868,-8.,122.559625089732));
#6104=CARTESIAN_POINT('Ctrl Pts',(52.6606442162919,-8.00000030820337,122.554117338627));
#6105=CARTESIAN_POINT('Ctrl Pts',(52.6604095088304,-7.99999727958123,122.54860970986));
#6106=CARTESIAN_POINT('Ctrl Pts',(52.6458619540845,-7.99968269901319,122.208090967119));
#6107=CARTESIAN_POINT('Ctrl Pts',(52.6142200481848,-7.98020263428746,121.535525856373));
#6108=CARTESIAN_POINT('Ctrl Pts',(52.5588099995988,-7.89596822607762,120.526002032218));
#6109=CARTESIAN_POINT('Ctrl Pts',(52.4970231105299,-7.75716795736896,119.523411828134));
#6110=CARTESIAN_POINT('Ctrl Pts',(52.4305705419896,-7.56241078135379,118.534076440032));
#6111=CARTESIAN_POINT('Ctrl Pts',(52.3621758927857,-7.31018177229133,117.569144955361));
#6112=CARTESIAN_POINT('Ctrl Pts',(52.2939661546059,-6.99092308054714,116.62678570959));
#6113=CARTESIAN_POINT('Ctrl Pts',(52.232613284874,-6.60018926807412,115.741421964974));
#6114=CARTESIAN_POINT('Ctrl Pts',(52.1853434841556,-6.12435420180072,114.944473036278));
#6115=CARTESIAN_POINT('Ctrl Pts',(52.1683141440195,-5.55667719599949,114.322256084524));
#6116=CARTESIAN_POINT('Ctrl Pts',(52.1826398882486,-5.16839009220738,114.167346783018));
#6117=CARTESIAN_POINT('Ctrl Pts',(52.1821101714264,-5.00000000000001,114.166461200851));
#6118=CARTESIAN_POINT('Ctrl Pts',(52.6608787546868,-8.,122.559625089732));
#6119=CARTESIAN_POINT('Ctrl Pts',(52.6602432828458,-8.00000067731354,122.554161671154));
#6120=CARTESIAN_POINT('Ctrl Pts',(52.6596075155632,-7.99999647490552,122.54869900833));
#6121=CARTESIAN_POINT('Ctrl Pts',(52.6202768496588,-7.99966671128159,122.210928809295));
#6122=CARTESIAN_POINT('Ctrl Pts',(52.5399557232836,-7.9777826784017,121.544224953162));
#6123=CARTESIAN_POINT('Ctrl Pts',(52.411162666004,-7.88310860859502,120.545998616516));
#6124=CARTESIAN_POINT('Ctrl Pts',(52.2750094506608,-7.72646853379745,119.558775494246));
#6125=CARTESIAN_POINT('Ctrl Pts',(52.1324981975349,-7.50671108367086,118.590450638843));
#6126=CARTESIAN_POINT('Ctrl Pts',(51.9859207470656,-7.22091771111729,117.655083057632));
#6127=CARTESIAN_POINT('Ctrl Pts',(51.8357769867682,-6.86092329610768,116.754643191248));
#6128=CARTESIAN_POINT('Ctrl Pts',(51.6898057174387,-6.41981286100022,115.932589552353));
#6129=CARTESIAN_POINT('Ctrl Pts',(51.5568848194504,-5.89936817987766,115.23136015902));
#6130=CARTESIAN_POINT('Ctrl Pts',(51.461385597682,-5.31470598853584,114.772429727282));
#6131=CARTESIAN_POINT('Ctrl Pts',(51.4522606646312,-5.06326033543336,114.752468993787));
#6132=CARTESIAN_POINT('Ctrl Pts',(51.4519392630077,-5.00000000000002,114.750677585507));
#6133=CARTESIAN_POINT('Ctrl Pts',(52.6608787546868,-8.,122.559625089732));
#6134=CARTESIAN_POINT('Ctrl Pts',(52.6598423552816,-8.00000023115253,122.554206373208));
#6135=CARTESIAN_POINT('Ctrl Pts',(52.6588055202432,-7.99999747429552,122.548787854392));
#6136=CARTESIAN_POINT('Ctrl Pts',(52.5946913494044,-7.99969190781185,122.213786476193));
#6137=CARTESIAN_POINT('Ctrl Pts',(52.46569043198,-7.98102319500858,121.55288850874));
#6138=CARTESIAN_POINT('Ctrl Pts',(52.2639436112535,-7.90026267738492,120.56309544315));
#6139=CARTESIAN_POINT('Ctrl Pts',(52.0545529226784,-7.76717436837022,119.582213518072));
#6140=CARTESIAN_POINT('Ctrl Pts',(51.8380213215361,-7.58014143164841,118.616361471407));
#6141=CARTESIAN_POINT('Ctrl Pts',(51.6159535526408,-7.33758312434339,117.676219430016));
#6142=CARTESIAN_POINT('Ctrl Pts',(51.3869083510203,-7.02929720591156,116.759825366634));
#6143=CARTESIAN_POINT('Ctrl Pts',(51.1572580984494,-6.65040788346609,115.89979466716));
#6144=CARTESIAN_POINT('Ctrl Pts',(50.9337735707907,-6.18329253773588,115.125140332943));
#6145=CARTESIAN_POINT('Ctrl Pts',(50.7350689124174,-5.61426867932902,114.514499163063));
#6146=CARTESIAN_POINT('Ctrl Pts',(50.6679121427894,-5.19270475217167,114.353049964483));
#6147=CARTESIAN_POINT('Ctrl Pts',(50.6680194968652,-5.00000000000002,114.352295830212));
#6148=CARTESIAN_POINT('Ctrl Pts',(52.6608787546868,-8.,122.559625089732));
#6149=CARTESIAN_POINT('Ctrl Pts',(52.6596704903112,-8.,122.554225558494));
#6150=CARTESIAN_POINT('Ctrl Pts',(52.6584618580635,-7.99999805843837,122.548825902986));
#6151=CARTESIAN_POINT('Ctrl Pts',(52.5837237517932,-7.99971953420783,122.215012169142));
#6152=CARTESIAN_POINT('Ctrl Pts',(52.4338668449478,-7.98348487717196,121.556593402213));
#6153=CARTESIAN_POINT('Ctrl Pts',(52.2017847368913,-7.91314603130686,120.569770831173));
#6154=CARTESIAN_POINT('Ctrl Pts',(51.9637981689912,-7.79719360137408,119.58969005708));
#6155=CARTESIAN_POINT('Ctrl Pts',(51.7211438608648,-7.63333338253235,118.621062008588));
#6156=CARTESIAN_POINT('Ctrl Pts',(51.4762378923883,-7.41978718049976,117.672369112593));
#6157=CARTESIAN_POINT('Ctrl Pts',(51.2281880969376,-7.14441958200498,116.739040720701));
#6158=CARTESIAN_POINT('Ctrl Pts',(50.9845765727859,-6.80106372964208,115.847837211024));
#6159=CARTESIAN_POINT('Ctrl Pts',(50.7526662667056,-6.36010754554151,115.021016381073));
#6160=CARTESIAN_POINT('Ctrl Pts',(50.5504946582065,-5.78704312931742,114.317501036212));
#6161=CARTESIAN_POINT('Ctrl Pts',(50.4808635275912,-5.26564873206488,114.079514968718));
#6162=CARTESIAN_POINT('Ctrl Pts',(50.4808635275911,-5.00000000000001,114.079514968718));
#6163=CARTESIAN_POINT('',(50.4808635275912,-5.00000000000001,114.079514968718));
#6164=CARTESIAN_POINT('',(52.2803329264752,-5.,113.736453617295));
#6165=CARTESIAN_POINT('Origin',(51.3054425703266,-5.,113.513768203565));
#6166=CARTESIAN_POINT('Ctrl Pts',(52.2803329264752,-5.,113.736453617295));
#6167=CARTESIAN_POINT('Ctrl Pts',(52.2803329264752,-5.26564873206499,113.736453617295));
#6168=CARTESIAN_POINT('Ctrl Pts',(52.3025979546116,-5.78704312931736,113.987886017201));
#6169=CARTESIAN_POINT('Ctrl Pts',(52.363217789151,-6.36010754554156,114.729574133095));
#6170=CARTESIAN_POINT('Ctrl Pts',(52.4264615512986,-6.80106372964211,115.598768540432));
#6171=CARTESIAN_POINT('Ctrl Pts',(52.485804595229,-7.14441958200502,116.532813316653));
#6172=CARTESIAN_POINT('Ctrl Pts',(52.538242809091,-7.41978718049982,117.507802550405));
#6173=CARTESIAN_POINT('Ctrl Pts',(52.581754999411,-7.63333338253238,118.495514166561));
#6174=CARTESIAN_POINT('Ctrl Pts',(52.6162898461174,-7.7971936013741,119.500524979386));
#6175=CARTESIAN_POINT('Ctrl Pts',(52.6412897946192,-7.91314603130687,120.513851712364));
#6176=CARTESIAN_POINT('Ctrl Pts',(52.6566471022456,-7.98348487717196,121.530538550663));
#6177=CARTESIAN_POINT('Ctrl Pts',(52.660487703679,-7.99971953420783,122.206470004257));
#6178=CARTESIAN_POINT('Ctrl Pts',(52.6608676629758,-7.99999805843837,122.548558666207));
#6179=CARTESIAN_POINT('Ctrl Pts',(52.6608734245237,-8.,122.554092024399));
#6180=CARTESIAN_POINT('Ctrl Pts',(52.6608787546869,-8.,122.559625089732));
#6181=CARTESIAN_POINT('Ctrl Pts',(52.6608787546868,-8.,122.559625089732));
#6182=CARTESIAN_POINT('Ctrl Pts',(52.6596704903112,-8.,122.554225558494));
#6183=CARTESIAN_POINT('Ctrl Pts',(52.6584618580635,-7.99999805843837,122.548825902986));
#6184=CARTESIAN_POINT('Ctrl Pts',(52.5837237517932,-7.99971953420783,122.215012169142));
#6185=CARTESIAN_POINT('Ctrl Pts',(52.4338668449478,-7.98348487717196,121.556593402213));
#6186=CARTESIAN_POINT('Ctrl Pts',(52.2017847368913,-7.91314603130686,120.569770831173));
#6187=CARTESIAN_POINT('Ctrl Pts',(51.9637981689912,-7.79719360137408,119.58969005708));
#6188=CARTESIAN_POINT('Ctrl Pts',(51.7211438608648,-7.63333338253235,118.621062008588));
#6189=CARTESIAN_POINT('Ctrl Pts',(51.4762378923883,-7.41978718049976,117.672369112593));
#6190=CARTESIAN_POINT('Ctrl Pts',(51.2281880969376,-7.14441958200498,116.739040720701));
#6191=CARTESIAN_POINT('Ctrl Pts',(50.9845765727859,-6.80106372964208,115.847837211024));
#6192=CARTESIAN_POINT('Ctrl Pts',(50.7526662667056,-6.36010754554151,115.021016381073));
#6193=CARTESIAN_POINT('Ctrl Pts',(50.5504946582065,-5.78704312931742,114.317501036212));
#6194=CARTESIAN_POINT('Ctrl Pts',(50.4808635275912,-5.26564873206488,114.079514968718));
#6195=CARTESIAN_POINT('Ctrl Pts',(50.4808635275911,-5.00000000000001,114.079514968718));
#6196=CARTESIAN_POINT('Origin',(51.3054425703266,0.,113.513768203565));
#6197=CARTESIAN_POINT('',(52.2803329264752,0.,113.736453617295));
#6198=CARTESIAN_POINT('',(50.4808635275911,0.,114.079514968718));
#6199=CARTESIAN_POINT('Origin',(51.3054425703266,0.,113.513768203565));
#6200=CARTESIAN_POINT('',(52.2803329264752,0.,113.736453617295));
#6201=CARTESIAN_POINT('',(50.4808635275911,0.,114.079514968718));
#6202=CARTESIAN_POINT('Origin',(46.4473813392192,0.,101.118955450752));
#6203=CARTESIAN_POINT('',(39.3103443083209,0.,97.7984213557686));
#6204=CARTESIAN_POINT('',(51.7349691085602,0.,115.907380796929));
#6205=CARTESIAN_POINT('',(51.109729219091,0.,86.3305301045751));
#6206=CARTESIAN_POINT('',(39.3103443083209,0.,97.7984213557686));
#6207=CARTESIAN_POINT('Origin',(1.64877757174001,0.,102.171143958732));
#6208=CARTESIAN_POINT('Origin',(39.3103443083209,0.,97.7984213557686));
#6209=CARTESIAN_POINT('',(39.3103443083209,-5.,97.7984213557686));
#6210=CARTESIAN_POINT('',(41.3351917274603,-5.,100.74964768069));
#6211=CARTESIAN_POINT('',(39.3103443083209,0.,97.7984213557686));
#6212=CARTESIAN_POINT('Origin',(1.64877757174001,0.,102.171143958732));
#6213=CARTESIAN_POINT('Origin',(1.64877757174001,-6.,102.171143958732));
#6214=CARTESIAN_POINT('Origin',(1.64877757174001,-6.,102.171143958732));
#6215=CARTESIAN_POINT('Origin',(1.64877757174001,-8.,102.171143958732));
#6216=CARTESIAN_POINT('Origin',(38.8614545992539,-5.,102.44688797615));
#6217=CARTESIAN_POINT('',(38.8614545992539,-8.,102.44688797615));
#6218=CARTESIAN_POINT('',(39.2738103604745,-5.54658859765354,97.833928913497));
#6219=CARTESIAN_POINT('Ctrl Pts',(36.1827534292456,-8.,98.5426661889666));
#6220=CARTESIAN_POINT('Ctrl Pts',(36.1897576965979,-8.,98.5377949222567));
#6221=CARTESIAN_POINT('Ctrl Pts',(36.1968014377313,-7.99996360926969,98.5329802223229));
#6222=CARTESIAN_POINT('Ctrl Pts',(36.221415570495,-7.99971059840982,98.5164423998894));
#6223=CARTESIAN_POINT('Ctrl Pts',(36.2391664561591,-7.99930759781194,98.5050190028012));
#6224=CARTESIAN_POINT('Ctrl Pts',(36.2894502170451,-7.99755802132352,98.4739976508818));
#6225=CARTESIAN_POINT('Ctrl Pts',(36.3223796853731,-7.99571823204127,98.4552111186272));
#6226=CARTESIAN_POINT('Ctrl Pts',(36.4278877550254,-7.98770235613459,98.399316902153));
#6227=CARTESIAN_POINT('Ctrl Pts',(36.5020896690362,-7.97900054765639,98.3662142002581));
#6228=CARTESIAN_POINT('Ctrl Pts',(36.7261536989877,-7.94420415780992,98.2796668634053));
#6229=CARTESIAN_POINT('Ctrl Pts',(36.8803485810551,-7.90915279533353,98.237243583336));
#6230=CARTESIAN_POINT('Ctrl Pts',(37.2387639677621,-7.8030414786167,98.1572494516777));
#6231=CARTESIAN_POINT('Ctrl Pts',(37.4463511108646,-7.72188629003796,98.1256390350211));
#6232=CARTESIAN_POINT('Ctrl Pts',(37.8055596530371,-7.54266107672638,98.0785915123116));
#6233=CARTESIAN_POINT('Ctrl Pts',(37.9615130678184,-7.45021770459089,98.0613053600109));
#6234=CARTESIAN_POINT('Ctrl Pts',(38.3572649103282,-7.17087769223823,98.0185210882676));
#6235=CARTESIAN_POINT('Ctrl Pts',(38.582286056633,-6.96211334980992,97.9953353792057));
#6236=CARTESIAN_POINT('Ctrl Pts',(38.9062629055328,-6.54458075622244,97.950207374614));
#6237=CARTESIAN_POINT('Ctrl Pts',(39.0215777299173,-6.35161058939175,97.9298069450948));
#6238=CARTESIAN_POINT('Ctrl Pts',(39.1902571882702,-5.95323050325969,97.8847971077231));
#6239=CARTESIAN_POINT('Ctrl Pts',(39.2460299865866,-5.75264744106408,97.8609288214645));
#6240=CARTESIAN_POINT('Ctrl Pts',(39.2738103604743,-5.54658859765354,97.8339289134972));
#6241=CARTESIAN_POINT('Origin',(37.1276238848807,-5.,99.9198201097769));
#6242=CARTESIAN_POINT('Origin',(47.7921080723466,-6.,115.463364861969));
#6243=CARTESIAN_POINT('',(46.1429499868757,-6.,116.594858392276));
#6244=CARTESIAN_POINT('Ctrl Pts',(-51.4428293853009,-8.,122.559625089732));
#6245=CARTESIAN_POINT('Ctrl Pts',(-51.4419540082941,-8.,122.563589918266));
#6246=CARTESIAN_POINT('Ctrl Pts',(-51.4410786898591,-7.99999210232952,122.567553739275));
#6247=CARTESIAN_POINT('Ctrl Pts',(-51.3940297814106,-7.99938219751555,122.780550783008));
#6248=CARTESIAN_POINT('Ctrl Pts',(-51.2538724470335,-7.93862801610361,123.408156653287));
#6249=CARTESIAN_POINT('Ctrl Pts',(-51.0619872363362,-7.63735732463638,124.238595583971));
#6250=CARTESIAN_POINT('Ctrl Pts',(-50.9096878039603,-7.02390149893543,124.878890619551));
#6251=CARTESIAN_POINT('Ctrl Pts',(-50.8454482802586,-6.49665390899214,125.146021407165));
#6252=CARTESIAN_POINT('Ctrl Pts',(-50.8314948872267,-6.16575480298659,125.20375224507));
#6253=CARTESIAN_POINT('Ctrl Pts',(-50.8314948872267,-6.,125.20375224507));
#6254=CARTESIAN_POINT('Ctrl Pts',(-51.4428293853009,-8.,122.559625089732));
#6255=CARTESIAN_POINT('Ctrl Pts',(-51.4424575669026,-8.00001331793748,122.563506478293));
#6256=CARTESIAN_POINT('Ctrl Pts',(-51.4420592507713,-7.99997873730761,122.56747604975));
#6257=CARTESIAN_POINT('Ctrl Pts',(-51.4218996352694,-8.00012331009448,122.776464515029));
#6258=CARTESIAN_POINT('Ctrl Pts',(-51.3594253277314,-7.95425386957065,123.399511842537));
#6259=CARTESIAN_POINT('Ctrl Pts',(-51.2610298595395,-7.74586535759589,124.237029971108));
#6260=CARTESIAN_POINT('Ctrl Pts',(-51.141983995355,-7.23230116156329,125.003867110269));
#6261=CARTESIAN_POINT('Ctrl Pts',(-51.0765710573356,-6.66896032549489,125.420994235516));
#6262=CARTESIAN_POINT('Ctrl Pts',(-51.0606959031028,-6.22797818351048,125.538999025911));
#6263=CARTESIAN_POINT('Ctrl Pts',(-51.0606956174768,-6.,125.537813578488));
#6264=CARTESIAN_POINT('Ctrl Pts',(-51.4428293853009,-8.,122.559625089732));
#6265=CARTESIAN_POINT('Ctrl Pts',(-51.4433060202162,-8.00000911199699,122.563383108479));
#6266=CARTESIAN_POINT('Ctrl Pts',(-51.4438115883677,-7.99998451126344,122.567314774852));
#6267=CARTESIAN_POINT('Ctrl Pts',(-51.469560378632,-8.00020170735394,122.770104971332));
#6268=CARTESIAN_POINT('Ctrl Pts',(-51.5462271443288,-7.96684528655172,123.382621167562));
#6269=CARTESIAN_POINT('Ctrl Pts',(-51.6465149485615,-7.82827792638318,124.209533004683));
#6270=CARTESIAN_POINT('Ctrl Pts',(-51.7540598423356,-7.42251238787412,125.075719650639));
#6271=CARTESIAN_POINT('Ctrl Pts',(-51.823453515324,-6.84310480836552,125.644571007279));
#6272=CARTESIAN_POINT('Ctrl Pts',(-51.8452407317293,-6.29157094312422,125.830312675277));
#6273=CARTESIAN_POINT('Ctrl Pts',(-51.8450013972173,-5.99999999999999,125.827823633726));
#6274=CARTESIAN_POINT('Ctrl Pts',(-51.4428293853009,-8.,122.559625089732));
#6275=CARTESIAN_POINT('Ctrl Pts',(-51.4441717760982,-8.00000998845311,122.563322460676));
#6276=CARTESIAN_POINT('Ctrl Pts',(-51.4455446091734,-7.99998207856309,122.567082162946));
#6277=CARTESIAN_POINT('Ctrl Pts',(-51.5178233739406,-7.99993803194974,122.766060905086));
#6278=CARTESIAN_POINT('Ctrl Pts',(-51.7317468515485,-7.95034740620383,123.358662578479));
#6279=CARTESIAN_POINT('Ctrl Pts',(-52.0190714432586,-7.71873834935586,124.155460528521));
#6280=CARTESIAN_POINT('Ctrl Pts',(-52.2825424227311,-7.18020124590618,124.85700081419));
#6281=CARTESIAN_POINT('Ctrl Pts',(-52.4161526464364,-6.62588372136925,125.219967673574));
#6282=CARTESIAN_POINT('Ctrl Pts',(-52.4499851480405,-6.21242233837949,125.318793285775));
#6283=CARTESIAN_POINT('Ctrl Pts',(-52.449822835559,-5.99999999999999,125.317921483043));
#6284=CARTESIAN_POINT('Ctrl Pts',(-51.4428293853009,-8.,122.559625089732));
#6285=CARTESIAN_POINT('Ctrl Pts',(-51.444552983598,-8.,122.563301413864));
#6286=CARTESIAN_POINT('Ctrl Pts',(-51.4462760274195,-7.99999210232952,122.566976971185));
#6287=CARTESIAN_POINT('Ctrl Pts',(-51.5388544717727,-7.99938219751555,122.764497854402));
#6288=CARTESIAN_POINT('Ctrl Pts',(-51.8105479614281,-7.93862801610354,123.348062787584));
#6289=CARTESIAN_POINT('Ctrl Pts',(-52.1653117045159,-7.63735732463623,124.126831671568));
#6290=CARTESIAN_POINT('Ctrl Pts',(-52.4355019947355,-7.02390149893528,124.731779400987));
#6291=CARTESIAN_POINT('Ctrl Pts',(-52.5476773299826,-6.49665390899218,124.984887846847));
#6292=CARTESIAN_POINT('Ctrl Pts',(-52.5718647387642,-6.16575480298657,125.039661046931));
#6293=CARTESIAN_POINT('Ctrl Pts',(-52.5718647387642,-5.99999999999999,125.039661046931));
#6294=CARTESIAN_POINT('',(-50.8314948872267,-6.,125.20375224507));
#6295=CARTESIAN_POINT('',(-52.5718647387643,-6.,125.039661046931));
#6296=CARTESIAN_POINT('Origin',(-51.6560739299622,-6.,124.638005479917));
#6297=CARTESIAN_POINT('',(-51.4428293853009,-8.,122.559625089732));
#6298=CARTESIAN_POINT('Ctrl Pts',(-52.5718647387642,-5.99999999999999,125.039661046931));
#6299=CARTESIAN_POINT('Ctrl Pts',(-52.5718647387642,-6.16575480298657,125.039661046931));
#6300=CARTESIAN_POINT('Ctrl Pts',(-52.5476773299826,-6.49665390899218,124.984887846847));
#6301=CARTESIAN_POINT('Ctrl Pts',(-52.4355019947355,-7.02390149893528,124.731779400987));
#6302=CARTESIAN_POINT('Ctrl Pts',(-52.1653117045159,-7.63735732463623,124.126831671568));
#6303=CARTESIAN_POINT('Ctrl Pts',(-51.8105479614281,-7.93862801610354,123.348062787584));
#6304=CARTESIAN_POINT('Ctrl Pts',(-51.5388544717727,-7.99938219751555,122.764497854402));
#6305=CARTESIAN_POINT('Ctrl Pts',(-51.4462760274195,-7.99999210232952,122.566976971185));
#6306=CARTESIAN_POINT('Ctrl Pts',(-51.444552983598,-8.,122.563301413864));
#6307=CARTESIAN_POINT('Ctrl Pts',(-51.4428293853009,-8.,122.559625089732));
#6308=CARTESIAN_POINT('Ctrl Pts',(-51.4428293853009,-8.,122.559625089732));
#6309=CARTESIAN_POINT('Ctrl Pts',(-51.4419540082941,-8.,122.563589918266));
#6310=CARTESIAN_POINT('Ctrl Pts',(-51.4410786898591,-7.99999210232952,122.567553739275));
#6311=CARTESIAN_POINT('Ctrl Pts',(-51.3940297814106,-7.99938219751555,122.780550783008));
#6312=CARTESIAN_POINT('Ctrl Pts',(-51.2538724470335,-7.93862801610361,123.408156653287));
#6313=CARTESIAN_POINT('Ctrl Pts',(-51.0619872363362,-7.63735732463638,124.238595583971));
#6314=CARTESIAN_POINT('Ctrl Pts',(-50.9096878039603,-7.02390149893543,124.878890619551));
#6315=CARTESIAN_POINT('Ctrl Pts',(-50.8454482802586,-6.49665390899214,125.146021407165));
#6316=CARTESIAN_POINT('Ctrl Pts',(-50.8314948872267,-6.16575480298659,125.20375224507));
#6317=CARTESIAN_POINT('Ctrl Pts',(-50.8314948872267,-6.,125.20375224507));
#6318=CARTESIAN_POINT('Origin',(-51.6560739299622,0.,124.638005479917));
#6319=CARTESIAN_POINT('',(-52.5718647387643,0.,125.039661046931));
#6320=CARTESIAN_POINT('',(-50.8314948872267,0.,125.20375224507));
#6321=CARTESIAN_POINT('Ctrl Pts',(-51.4428293853009,-8.,122.559625089732));
#6322=CARTESIAN_POINT('Ctrl Pts',(-51.4416269531106,-8.,122.554251621554));
#6323=CARTESIAN_POINT('Ctrl Pts',(-51.4404244476226,-7.99999660976469,122.548878888148));
#6324=CARTESIAN_POINT('Ctrl Pts',(-51.2921109878911,-7.99970664044474,121.886521370386));
#6325=CARTESIAN_POINT('Ctrl Pts',(-50.8351952452655,-7.89774402296193,119.909692482563));
#6326=CARTESIAN_POINT('Ctrl Pts',(-50.2561327034688,-7.48599165075994,117.63858338511));
#6327=CARTESIAN_POINT('Ctrl Pts',(-49.7662122081776,-6.80110813989349,115.846722178287));
#6328=CARTESIAN_POINT('Ctrl Pts',(-49.5347781343121,-6.35990210044306,115.021574307348));
#6329=CARTESIAN_POINT('Ctrl Pts',(-49.3323747373737,-5.78703532781794,114.317249962957));
#6330=CARTESIAN_POINT('Ctrl Pts',(-49.2628141582052,-5.26564992633746,114.079514968718));
#6331=CARTESIAN_POINT('Ctrl Pts',(-49.2628141582052,-5.00000000000002,114.079514968718));
#6332=CARTESIAN_POINT('Ctrl Pts',(-51.4428293853009,-8.,122.559625089732));
#6333=CARTESIAN_POINT('Ctrl Pts',(-51.4418561648976,-7.99998722558096,122.55419788485));
#6334=CARTESIAN_POINT('Ctrl Pts',(-51.4408792620124,-8.00000932594841,122.548857460323));
#6335=CARTESIAN_POINT('Ctrl Pts',(-51.3207153091139,-7.99904812782585,121.882102820595));
#6336=CARTESIAN_POINT('Ctrl Pts',(-50.9468671787913,-7.8801147666299,119.899061392615));
#6337=CARTESIAN_POINT('Ctrl Pts',(-50.4488739908724,-7.38053636981069,117.627349754914));
#6338=CARTESIAN_POINT('Ctrl Pts',(-49.9965312874328,-6.60000322627566,115.915190631848));
#6339=CARTESIAN_POINT('Ctrl Pts',(-49.7762058986989,-6.12429871238162,115.160921771609));
#6340=CARTESIAN_POINT('Ctrl Pts',(-49.5785104618657,-5.55655512531597,114.579522476245));
#6341=CARTESIAN_POINT('Ctrl Pts',(-49.5121937650316,-5.16844840352829,114.444425818346));
#6342=CARTESIAN_POINT('Ctrl Pts',(-49.5123554505706,-5.00000000000001,114.443222784044));
#6343=CARTESIAN_POINT('Ctrl Pts',(-51.4428293853009,-8.,122.559625089732));
#6344=CARTESIAN_POINT('Ctrl Pts',(-51.4422395153025,-7.99998854934285,122.554126769553));
#6345=CARTESIAN_POINT('Ctrl Pts',(-51.4416933729731,-8.00000765225336,122.548796576603));
#6346=CARTESIAN_POINT('Ctrl Pts',(-51.3700199004499,-7.99901660287433,121.875336515061));
#6347=CARTESIAN_POINT('Ctrl Pts',(-51.1440157303883,-7.86621756220002,119.878487807833));
#6348=CARTESIAN_POINT('Ctrl Pts',(-50.8240995705522,-7.30013184101373,117.582328903156));
#6349=CARTESIAN_POINT('Ctrl Pts',(-50.5714386014617,-6.41985731806463,115.912508197984));
#6350=CARTESIAN_POINT('Ctrl Pts',(-50.4652102553731,-5.89921946589538,115.210220731917));
#6351=CARTESIAN_POINT('Ctrl Pts',(-50.3999208429655,-5.31467827266565,114.741927127774));
#6352=CARTESIAN_POINT('Ctrl Pts',(-50.4067671891472,-5.06328804001498,114.719990234551));
#6353=CARTESIAN_POINT('Ctrl Pts',(-50.4062557305754,-5.,114.717818994777));
#6354=CARTESIAN_POINT('Ctrl Pts',(-51.4428293853009,-8.,122.559625089732));
#6355=CARTESIAN_POINT('Ctrl Pts',(-51.4426433716986,-7.99999041918572,122.554119914601));
#6356=CARTESIAN_POINT('Ctrl Pts',(-51.4424864122344,-8.00000614690248,122.548669322205));
#6357=CARTESIAN_POINT('Ctrl Pts',(-51.4202083645199,-7.99921275598053,121.871427676292));
#6358=CARTESIAN_POINT('Ctrl Pts',(-51.338908799839,-7.88452208071292,119.849530348712));
#6359=CARTESIAN_POINT('Ctrl Pts',(-51.1864244270102,-7.406900190048,117.511233626832));
#6360=CARTESIAN_POINT('Ctrl Pts',(-51.0626340025835,-6.65027945468014,115.704084695723));
#6361=CARTESIAN_POINT('Ctrl Pts',(-51.0120054372535,-6.18319955939698,114.891656265874));
#6362=CARTESIAN_POINT('Ctrl Pts',(-50.9836697265475,-5.61417517594144,114.238156937963));
#6363=CARTESIAN_POINT('Ctrl Pts',(-50.9890877207698,-5.19274878423055,114.059745754277));
#6364=CARTESIAN_POINT('Ctrl Pts',(-50.9886164908026,-4.99999999999999,114.058959304962));
#6365=CARTESIAN_POINT('Ctrl Pts',(-51.4428293853009,-8.,122.559625089732));
#6366=CARTESIAN_POINT('Ctrl Pts',(-51.4428240808659,-8.,122.554118732016));
#6367=CARTESIAN_POINT('Ctrl Pts',(-51.4428184862954,-7.9999966097647,122.548613010269));
#6368=CARTESIAN_POINT('Ctrl Pts',(-51.4420409434252,-7.9997066404447,121.86982815554));
#6369=CARTESIAN_POINT('Ctrl Pts',(-51.4217151680599,-7.89774402296195,119.837003772303));
#6370=CARTESIAN_POINT('Ctrl Pts',(-51.3278002546654,-7.48599165075993,117.475648317976));
#6371=CARTESIAN_POINT('Ctrl Pts',(-51.2083234571926,-6.80110813989351,115.597594758155));
#6372=CARTESIAN_POINT('Ctrl Pts',(-51.1452180182337,-6.35990210044306,114.730163054492));
#6373=CARTESIAN_POINT('Ctrl Pts',(-51.0845291460998,-5.78703532781791,113.987621878921));
#6374=CARTESIAN_POINT('Ctrl Pts',(-51.0622835570893,-5.26564992633744,113.736453617295));
#6375=CARTESIAN_POINT('Ctrl Pts',(-51.0622835570893,-4.99999999999998,113.736453617295));
#6376=CARTESIAN_POINT('',(-51.0622835570893,-5.,113.736453617295));
#6377=CARTESIAN_POINT('',(-49.2628141582052,-5.00000000000001,114.079514968718));
#6378=CARTESIAN_POINT('Origin',(-50.0873932009407,-5.,113.513768203565));
#6379=CARTESIAN_POINT('Ctrl Pts',(-49.2628141582052,-5.00000000000002,114.079514968718));
#6380=CARTESIAN_POINT('Ctrl Pts',(-49.2628141582052,-5.26564992633746,114.079514968718));
#6381=CARTESIAN_POINT('Ctrl Pts',(-49.3323747373737,-5.78703532781794,114.317249962957));
#6382=CARTESIAN_POINT('Ctrl Pts',(-49.5347781343121,-6.35990210044306,115.021574307348));
#6383=CARTESIAN_POINT('Ctrl Pts',(-49.7662122081776,-6.80110813989349,115.846722178287));
#6384=CARTESIAN_POINT('Ctrl Pts',(-50.2561327034688,-7.48599165075994,117.63858338511));
#6385=CARTESIAN_POINT('Ctrl Pts',(-50.8351952452655,-7.89774402296193,119.909692482563));
#6386=CARTESIAN_POINT('Ctrl Pts',(-51.2921109878911,-7.99970664044474,121.886521370386));
#6387=CARTESIAN_POINT('Ctrl Pts',(-51.4404244476226,-7.99999660976469,122.548878888148));
#6388=CARTESIAN_POINT('Ctrl Pts',(-51.4416269531106,-8.,122.554251621554));
#6389=CARTESIAN_POINT('Ctrl Pts',(-51.4428293853009,-8.,122.559625089732));
#6390=CARTESIAN_POINT('Ctrl Pts',(-51.4428293853009,-8.,122.559625089732));
#6391=CARTESIAN_POINT('Ctrl Pts',(-51.4428240808659,-8.,122.554118732016));
#6392=CARTESIAN_POINT('Ctrl Pts',(-51.4428184862954,-7.9999966097647,122.548613010269));
#6393=CARTESIAN_POINT('Ctrl Pts',(-51.4420409434252,-7.9997066404447,121.86982815554));
#6394=CARTESIAN_POINT('Ctrl Pts',(-51.4217151680599,-7.89774402296195,119.837003772303));
#6395=CARTESIAN_POINT('Ctrl Pts',(-51.3278002546654,-7.48599165075993,117.475648317976));
#6396=CARTESIAN_POINT('Ctrl Pts',(-51.2083234571926,-6.80110813989351,115.597594758155));
#6397=CARTESIAN_POINT('Ctrl Pts',(-51.1452180182337,-6.35990210044306,114.730163054492));
#6398=CARTESIAN_POINT('Ctrl Pts',(-51.0845291460998,-5.78703532781791,113.987621878921));
#6399=CARTESIAN_POINT('Ctrl Pts',(-51.0622835570893,-5.26564992633744,113.736453617295));
#6400=CARTESIAN_POINT('Ctrl Pts',(-51.0622835570893,-4.99999999999998,113.736453617295));
#6401=CARTESIAN_POINT('Origin',(-50.0873932009407,0.,113.513768203565));
#6402=CARTESIAN_POINT('',(-49.2628141582052,0.,114.079514968718));
#6403=CARTESIAN_POINT('',(-51.0622835570893,0.,113.736453617295));
#6404=CARTESIAN_POINT('Origin',(-50.0873932009407,0.,113.513768203565));
#6405=CARTESIAN_POINT('',(-49.2628141582052,0.,114.079514968718));
#6406=CARTESIAN_POINT('',(-51.0622835570893,0.,113.736453617295));
#6407=CARTESIAN_POINT('Origin',(-45.2293319698332,0.,101.118955450752));
#6408=CARTESIAN_POINT('',(-49.891679849705,0.,86.3305301045751));
#6409=CARTESIAN_POINT('Origin',(-0.430728202354061,0.,102.171143958732));
#6410=CARTESIAN_POINT('',(-38.092294938935,0.,97.7984213557686));
#6411=CARTESIAN_POINT('',(-38.092294938935,0.,97.7984213557686));
#6412=CARTESIAN_POINT('',(-38.092294938935,0.,97.7984213557686));
#6413=CARTESIAN_POINT('',(-50.5169197391742,0.,115.907380796929));
#6414=CARTESIAN_POINT('Origin',(-0.430728202354061,0.,102.171143958732));
#6415=CARTESIAN_POINT('',(-49.891679849705,-5.,86.3305301045751));
#6416=CARTESIAN_POINT('Origin',(-0.430728202354061,-5.,102.171143958732));
#6417=CARTESIAN_POINT('',(-49.891679849705,0.,86.3305301045751));
#6418=CARTESIAN_POINT('Origin',(-31.5844123986565,0.,97.1510229474039));
#6419=CARTESIAN_POINT('',(-34.8017534810964,-6.,101.840315389391));
#6420=CARTESIAN_POINT('Origin',(-36.4509115665674,-6.,100.708821859084));
#6421=CARTESIAN_POINT('',(-43.8557176299875,-8.,111.50136769673));
#6422=CARTESIAN_POINT('Origin',(-0.430728202354061,-5.,102.171143958732));
#6423=CARTESIAN_POINT('Origin',(-0.430728202354061,-8.,102.171143958732));
#6424=CARTESIAN_POINT('',(-50.0862629140529,-6.18308133287013,86.1414136855296));
#6425=CARTESIAN_POINT('Ctrl Pts',(-51.8249664392261,-8.,82.7660697375909));
#6426=CARTESIAN_POINT('Ctrl Pts',(-51.8200802679045,-7.99999999999026,82.7732261231325));
#6427=CARTESIAN_POINT('Ctrl Pts',(-51.815220458193,-7.99997480174809,82.7803987952548));
#6428=CARTESIAN_POINT('Ctrl Pts',(-51.7663686103538,-7.99946968594052,82.8530402721355));
#6429=CARTESIAN_POINT('Ctrl Pts',(-51.7242852849679,-7.99695548279817,82.9200728761128));
#6430=CARTESIAN_POINT('Ctrl Pts',(-51.6161168859895,-7.98538168527627,83.1016759906527));
#6431=CARTESIAN_POINT('Ctrl Pts',(-51.5522678062305,-7.97289863218537,83.2191065594753));
#6432=CARTESIAN_POINT('Ctrl Pts',(-51.366789107934,-7.92120856027419,83.5796897482144));
#6433=CARTESIAN_POINT('Ctrl Pts',(-51.2513155390138,-7.86630587147823,83.8322323323186));
#6434=CARTESIAN_POINT('Ctrl Pts',(-50.981777698398,-7.68745682165309,84.436491834868));
#6435=CARTESIAN_POINT('Ctrl Pts',(-50.8263108238583,-7.53782754555842,84.7993361741267));
#6436=CARTESIAN_POINT('Ctrl Pts',(-50.5585279355548,-7.1856965645632,85.3770251055369));
#6437=CARTESIAN_POINT('Ctrl Pts',(-50.4398277040712,-6.99539696502639,85.6170004052445));
#6438=CARTESIAN_POINT('Ctrl Pts',(-50.2421061517772,-6.5938752111078,85.952545048721));
#6439=CARTESIAN_POINT('Ctrl Pts',(-50.1604870636886,-6.39931973257555,86.0692748000985));
#6440=CARTESIAN_POINT('Ctrl Pts',(-50.0862629140529,-6.18308133287013,86.1414136855296));
#6441=CARTESIAN_POINT('Ctrl Pts',(-49.891679849705,-5.,86.3305301045751));
#6442=CARTESIAN_POINT('Ctrl Pts',(-49.891679849705,-5.35773617769827,86.3305301045751));
#6443=CARTESIAN_POINT('Ctrl Pts',(-49.9566915066607,-5.77733761071973,86.2673448946964));
#6444=CARTESIAN_POINT('Ctrl Pts',(-50.0686023360037,-6.13059345342901,86.1585781046949));
#6445=CARTESIAN_POINT('Ctrl Pts',(-50.0772387671424,-6.15679114165607,86.1501843067261));
#6446=CARTESIAN_POINT('Ctrl Pts',(-50.0862629140529,-6.18308133287013,86.1414136855296));
#6447=CARTESIAN_POINT('Origin',(-0.430728202354059,-6.,102.171143958732));
#6448=CARTESIAN_POINT('Origin',(-0.430728202354059,-6.,102.171143958732));
#6449=CARTESIAN_POINT('Origin',(53.0487560408291,0.,126.660108953174));
#6450=CARTESIAN_POINT('Origin',(-0.430728202354059,0.,102.171143958732));
#6451=CARTESIAN_POINT('Ctrl Pts',(36.1827534292456,-8.,98.5426661889666));
#6452=CARTESIAN_POINT('Ctrl Pts',(38.9266228115777,-8.,96.6343838652997));
#6453=CARTESIAN_POINT('Ctrl Pts',(45.1543195334007,-8.,91.5104174844137));
#6454=CARTESIAN_POINT('Ctrl Pts',(50.2165086974527,-8.,85.26867779298));
#6455=CARTESIAN_POINT('Ctrl Pts',(52.5929547439392,-8.,81.6135312082428));
#6456=CARTESIAN_POINT('Ctrl Pts',(36.5916182463478,-7.71665351469498,98.929318543336));
#6457=CARTESIAN_POINT('Ctrl Pts',(39.2289249725545,-7.65371129638631,96.8981983275535));
#6458=CARTESIAN_POINT('Ctrl Pts',(45.2474096466822,-7.7283182028429,91.6291842257631));
#6459=CARTESIAN_POINT('Ctrl Pts',(50.5533099675861,-7.62014572546261,85.6572315251563));
#6460=CARTESIAN_POINT('Ctrl Pts',(53.1125048272499,-7.83252585531687,82.1602398640948));
#6461=CARTESIAN_POINT('Ctrl Pts',(37.2114109333988,-6.90249259286871,99.469242658532));
#6462=CARTESIAN_POINT('Ctrl Pts',(39.6574638769835,-6.88853579837163,97.230875966352));
#6463=CARTESIAN_POINT('Ctrl Pts',(45.3831863034597,-7.2069673536406,91.797839259426));
#6464=CARTESIAN_POINT('Ctrl Pts',(50.9525831727038,-6.75300006786034,86.205100263346));
#6465=CARTESIAN_POINT('Ctrl Pts',(53.9139086861522,-7.00581420583938,83.0447382697123));
#6466=CARTESIAN_POINT('Ctrl Pts',(37.4619026531178,-5.80309620446792,99.594932618546));
#6467=CARTESIAN_POINT('Ctrl Pts',(39.8370026268831,-5.99328372138251,97.2860728805251));
#6468=CARTESIAN_POINT('Ctrl Pts',(45.4236685161334,-6.62979156901529,91.8570622014311));
#6469=CARTESIAN_POINT('Ctrl Pts',(50.9936507612946,-5.73547302547702,86.4415000002759));
#6470=CARTESIAN_POINT('Ctrl Pts',(54.1450124036019,-5.65394177067018,83.3805206134214));
#6471=CARTESIAN_POINT('Ctrl Pts',(37.4901689731064,-5.33220993201593,99.5674604167193));
#6472=CARTESIAN_POINT('Ctrl Pts',(39.8649963850949,-5.6094243384255,97.2593517562264));
#6473=CARTESIAN_POINT('Ctrl Pts',(45.4197785708862,-6.3825439887972,91.8606264402503));
#6474=CARTESIAN_POINT('Ctrl Pts',(50.9530227138923,-5.29866150456714,86.4828340741094));
#6475=CARTESIAN_POINT('Ctrl Pts',(54.1240459923097,-5.07524955722584,83.4008979912632));
#6476=CARTESIAN_POINT('',(51.128629473272,-5.37558637273807,86.3121608369221));
#6477=CARTESIAN_POINT('Ctrl Pts',(51.128629473272,-5.37558637273807,86.3121608369221));
#6478=CARTESIAN_POINT('Ctrl Pts',(51.1501560791011,-5.58864221835873,86.2912390027314));
#6479=CARTESIAN_POINT('Ctrl Pts',(51.1813441178953,-5.79102371233265,86.2287865624034));
#6480=CARTESIAN_POINT('Ctrl Pts',(51.2695022988583,-6.22875669434599,86.0095038869558));
#6481=CARTESIAN_POINT('Ctrl Pts',(51.3299556606264,-6.44775671197177,85.8330967182126));
#6482=CARTESIAN_POINT('Ctrl Pts',(51.4925023469412,-6.93321263595265,85.3199595608642));
#6483=CARTESIAN_POINT('Ctrl Pts',(51.6108839079382,-7.19329973456349,84.9102953108508));
#6484=CARTESIAN_POINT('Ctrl Pts',(51.9160777552336,-7.68847064252642,83.7808450851595));
#6485=CARTESIAN_POINT('Ctrl Pts',(52.0804908764608,-7.83766845019016,83.1165962970762));
#6486=CARTESIAN_POINT('Ctrl Pts',(52.3096541688061,-7.96225394429691,82.2939566338801));
#6487=CARTESIAN_POINT('Ctrl Pts',(52.3978079608156,-7.98704068398092,82.004770895544));
#6488=CARTESIAN_POINT('Ctrl Pts',(52.513911551329,-7.99752235300298,81.7536534668193));
#6489=CARTESIAN_POINT('Ctrl Pts',(52.5328788086291,-7.99870724010647,81.7157637219503));
#6490=CARTESIAN_POINT('Ctrl Pts',(52.5632948985375,-7.99969738600339,81.6615106204854));
#6491=CARTESIAN_POINT('Ctrl Pts',(52.5736451591521,-7.99990196308816,81.6439992146029));
#6492=CARTESIAN_POINT('Ctrl Pts',(52.587254383223,-7.99999071631748,81.6223721380296));
#6493=CARTESIAN_POINT('Ctrl Pts',(52.5900876505421,-7.99999999999769,81.6179410060997));
#6494=CARTESIAN_POINT('Ctrl Pts',(52.5929547439392,-8.,81.6135312082428));
#6495=CARTESIAN_POINT('Ctrl Pts',(51.1284670587099,-5.37304952839671,86.3123186885855));
#6496=CARTESIAN_POINT('Ctrl Pts',(48.9595676552257,-5.62879918134716,88.4202847124104));
#6497=CARTESIAN_POINT('Ctrl Pts',(45.0133605279593,-6.16294696961207,92.2556265147503));
#6498=CARTESIAN_POINT('Ctrl Pts',(41.0562138944322,-5.75389454790522,96.1016004872489));
#6499=CARTESIAN_POINT('Ctrl Pts',(39.2739530849995,-5.54429706252368,97.8337901986959));
#6500=CARTESIAN_POINT('Origin',(1.64877757174001,-5.,102.171143958732));
#6501=CARTESIAN_POINT('',(51.109729219091,-5.,86.3305301045751));
#6502=CARTESIAN_POINT('Origin',(1.64877757174001,-5.,102.171143958732));
#6503=CARTESIAN_POINT('Ctrl Pts',(51.128629473272,-5.37558637273807,86.3121608369221));
#6504=CARTESIAN_POINT('Ctrl Pts',(51.1156692600262,-5.24731491115993,86.3247569440259));
#6505=CARTESIAN_POINT('Ctrl Pts',(51.109729219091,-5.12003054128372,86.3305301045751));
#6506=CARTESIAN_POINT('Ctrl Pts',(51.109729219091,-5.,86.3305301045751));
#6507=CARTESIAN_POINT('Origin',(1.64877757174001,0.,102.171143958732));
#6508=CARTESIAN_POINT('',(51.109729219091,0.,86.3305301045751));
#6509=CARTESIAN_POINT('Ctrl Pts',(-51.8249664392262,-8.,82.7660697375909));
#6510=CARTESIAN_POINT('Ctrl Pts',(-50.9715804754014,-8.,84.0159561111509));
#6511=CARTESIAN_POINT('Ctrl Pts',(-49.4533874097676,-8.,86.0719393302372));
#6512=CARTESIAN_POINT('Ctrl Pts',(-47.4725177592535,-8.,88.4299918652793));
#6513=CARTESIAN_POINT('Ctrl Pts',(-46.255235438068,-8.,89.7722361522001));
#6514=CARTESIAN_POINT('Ctrl Pts',(-45.6343059704337,-8.,90.4313891877715));
#6515=CARTESIAN_POINT('Ctrl Pts',(-45.3339634315956,-8.,90.7441952180646));
#6516=CARTESIAN_POINT('Ctrl Pts',(-45.1719537890295,-8.,90.9115779833381));
#6517=CARTESIAN_POINT('Ctrl Pts',(-45.088072482665,-8.,90.9976619604066));
#6518=CARTESIAN_POINT('Ctrl Pts',(-45.0880696888449,-8.0000009081341,90.9976646751556));
#6519=CARTESIAN_POINT('Ctrl Pts',(-52.2850891236028,-7.45055130703347,83.3601901007707));
#6520=CARTESIAN_POINT('Ctrl Pts',(-51.3007548268785,-7.4315049223429,84.4961271183494));
#6521=CARTESIAN_POINT('Ctrl Pts',(-49.6012604554163,-7.49008719166936,86.3743514965324));
#6522=CARTESIAN_POINT('Ctrl Pts',(-47.4997563021371,-7.66262303617497,88.5686824137829));
#6523=CARTESIAN_POINT('Ctrl Pts',(-46.2480033822882,-7.79254640881126,89.8405814804201));
#6524=CARTESIAN_POINT('Ctrl Pts',(-45.6183558973873,-7.87019961200265,90.4713322669777));
#6525=CARTESIAN_POINT('Ctrl Pts',(-45.3159446808971,-7.91675509594897,90.7723477619763));
#6526=CARTESIAN_POINT('Ctrl Pts',(-45.153262843823,-7.95174818483863,90.9337807307225));
#6527=CARTESIAN_POINT('Ctrl Pts',(-45.0692408139865,-7.97893900585377,91.0169793462028));
#6528=CARTESIAN_POINT('Ctrl Pts',(-45.0692408139865,-8.00000000000001,91.0169793462028));
#6529=CARTESIAN_POINT('Ctrl Pts',(-52.5072301330594,-6.54141794353574,83.7884614765606));
#6530=CARTESIAN_POINT('Ctrl Pts',(-51.4304283739972,-6.64237398301174,84.8305640896022));
#6531=CARTESIAN_POINT('Ctrl Pts',(-49.6323174952309,-6.90050177631678,86.5811857301738));
#6532=CARTESIAN_POINT('Ctrl Pts',(-47.4838915991399,-7.30822545976346,88.6690256532743));
#6533=CARTESIAN_POINT('Ctrl Pts',(-46.2248707682424,-7.58116068712974,89.8940768987388));
#6534=CARTESIAN_POINT('Ctrl Pts',(-45.5961135633906,-7.73945093129081,90.5052644981504));
#6535=CARTESIAN_POINT('Ctrl Pts',(-45.2951902357771,-7.83322730126986,90.7978578330949));
#6536=CARTESIAN_POINT('Ctrl Pts',(-45.1335383371605,-7.90345260364383,90.9549768425836));
#6537=CARTESIAN_POINT('Ctrl Pts',(-45.0501485609181,-7.95787034546993,91.0360426994207));
#6538=CARTESIAN_POINT('Ctrl Pts',(-45.0501485609181,-8.00000000000001,91.0360426994207));
#6539=CARTESIAN_POINT('Ctrl Pts',(-52.4062028824998,-5.62123417034411,83.886650452646));
#6540=CARTESIAN_POINT('Ctrl Pts',(-51.3317059081093,-5.85063747086176,84.9309603505966));
#6541=CARTESIAN_POINT('Ctrl Pts',(-49.5455846443605,-6.3106785956587,86.6669020601869));
#6542=CARTESIAN_POINT('Ctrl Pts',(-47.4264270640997,-6.95415101014119,88.7265237149046));
#6543=CARTESIAN_POINT('Ctrl Pts',(-46.1863662763351,-7.36981481389711,89.9317460520429));
#6544=CARTESIAN_POINT('Ctrl Pts',(-45.5677947396127,-7.60873336259296,90.5329393488005));
#6545=CARTESIAN_POINT('Ctrl Pts',(-45.2717817663817,-7.74970468391321,90.8206360899126));
#6546=CARTESIAN_POINT('Ctrl Pts',(-45.1128111288806,-7.85516080295054,90.9751405828824));
#6547=CARTESIAN_POINT('Ctrl Pts',(-45.0308026703067,-7.93680168487441,91.0548450837286));
#6548=CARTESIAN_POINT('Ctrl Pts',(-45.0308026703067,-8.00000000000001,91.0548450837286));
#6549=CARTESIAN_POINT('Ctrl Pts',(-46.5750096167638,-7.24133382777408,89.5540213149282));
#6550=CARTESIAN_POINT('Ctrl Pts',(-46.740608857602,-7.18508725604159,89.3930744435807));
#6551=CARTESIAN_POINT('Ctrl Pts',(-47.6144340696426,-6.89706355099083,88.5437986058982));
#6552=CARTESIAN_POINT('Ctrl Pts',(-48.7810265708012,-6.54283312450912,87.4099805264886));
#6553=CARTESIAN_POINT('Ctrl Pts',(-49.7889146311968,-6.26325868450641,86.4304082218813));
#6554=CARTESIAN_POINT('Ctrl Pts',(-50.0863117110742,-6.18343485845424,86.141366259419));
#6555=CARTESIAN_POINT('Ctrl Pts',(-41.0311998159566,-8.,94.7984406423423));
#6556=CARTESIAN_POINT('Ctrl Pts',(-39.2169914668204,-8.,96.349967773371));
#6557=CARTESIAN_POINT('Ctrl Pts',(-37.3084206662541,-8.,97.7967026180917));
#6558=CARTESIAN_POINT('Ctrl Pts',(-35.3535207023547,-8.,99.1093685982703));
#6559=CARTESIAN_POINT('Ctrl Pts',(-41.1218950047028,-7.75343904422546,94.8055028961692));
#6560=CARTESIAN_POINT('Ctrl Pts',(-39.4001376453374,-7.5812305002556,96.4068664730778));
#6561=CARTESIAN_POINT('Ctrl Pts',(-37.634893652396,-7.46120519100692,97.9787332841628));
#6562=CARTESIAN_POINT('Ctrl Pts',(-35.8448457017635,-7.44793826646396,99.4805135323556));
#6563=CARTESIAN_POINT('Ctrl Pts',(-41.1907404726871,-7.49813149148447,94.7870240077269));
#6564=CARTESIAN_POINT('Ctrl Pts',(-39.5308422477191,-7.13425354952735,96.4004709852828));
#6565=CARTESIAN_POINT('Ctrl Pts',(-37.8570351096216,-6.83751918731392,98.0220262411267));
#6566=CARTESIAN_POINT('Ctrl Pts',(-36.1942987361835,-6.638745860677,99.6430949733285));
#6567=CARTESIAN_POINT('Ctrl Pts',(-41.2353830949219,-7.24280370531953,94.7436355819041));
#6568=CARTESIAN_POINT('Ctrl Pts',(-39.6011796025801,-6.68717042211549,96.3319275203584));
#6569=CARTESIAN_POINT('Ctrl Pts',(-37.952062597741,-6.21578640512111,97.9347139888908));
#6570=CARTESIAN_POINT('Ctrl Pts',(-36.2934937214509,-5.82340127634075,99.5466867866041));
#6571=CARTESIAN_POINT('Origin',(-39.144497833908,-7.24280370531952,92.5923106819238));
#6572=CARTESIAN_POINT('',(-37.8996082624474,-6.23242467661575,97.985694664354));
#6573=CARTESIAN_POINT('Ctrl Pts',(-37.899608262447,-6.23242467661576,97.9856946643544));
#6574=CARTESIAN_POINT('Ctrl Pts',(-37.800451957295,-6.53488379105931,98.0820652576483));
#6575=CARTESIAN_POINT('Ctrl Pts',(-37.6361430198233,-6.81092779906908,98.1688434239987));
#6576=CARTESIAN_POINT('Ctrl Pts',(-37.1671106773652,-7.33786474111069,98.3578349750104));
#6577=CARTESIAN_POINT('Ctrl Pts',(-36.8539042665337,-7.55942347549189,98.4546302933939));
#6578=CARTESIAN_POINT('Ctrl Pts',(-36.2909003499247,-7.82912625359017,98.6494240890495));
#6579=CARTESIAN_POINT('Ctrl Pts',(-36.0415256561453,-7.91070914223793,98.7416401465544));
#6580=CARTESIAN_POINT('Ctrl Pts',(-35.7143797526628,-7.97232570615135,98.8982769254106));
#6581=CARTESIAN_POINT('Ctrl Pts',(-35.631695072233,-7.98385564356361,98.9411074786795));
#6582=CARTESIAN_POINT('Ctrl Pts',(-35.4997078815206,-7.99557172769255,99.0164664914357));
#6583=CARTESIAN_POINT('Ctrl Pts',(-35.4496268793498,-7.99838087135815,99.0467709648331));
#6584=CARTESIAN_POINT('Ctrl Pts',(-35.3846488140864,-7.99982543639492,99.0886783015237));
#6585=CARTESIAN_POINT('Ctrl Pts',(-35.3690345543291,-8.,99.09895143827));
#6586=CARTESIAN_POINT('Ctrl Pts',(-35.3535207023547,-8.,99.1093685982703));
#6587=CARTESIAN_POINT('Ctrl Pts',(-37.9000569632114,-6.22921106425991,97.9852585694555));
#6588=CARTESIAN_POINT('Ctrl Pts',(-39.0175300256442,-6.52960373787854,96.8991799600171));
#6589=CARTESIAN_POINT('Ctrl Pts',(-40.129869009827,-6.86692614563487,95.8180911912772));
#6590=CARTESIAN_POINT('Ctrl Pts',(-41.2353830949219,-7.24280370531953,94.7436355819041));
#6591=CARTESIAN_POINT('Ctrl Pts',(-42.7442675676912,-8.,93.2771419320072));
#6592=CARTESIAN_POINT('Ctrl Pts',(-42.7408381678447,-8.,93.2803038739713));
#6593=CARTESIAN_POINT('Ctrl Pts',(-42.7374085328867,-8.,93.2834653093024));
#6594=CARTESIAN_POINT('Ctrl Pts',(-42.1697914450831,-8.,93.8065747025463));
#6595=CARTESIAN_POINT('Ctrl Pts',(-41.5988962090692,-8.,94.3129416330799));
#6596=CARTESIAN_POINT('Ctrl Pts',(-41.0311998159566,-8.,94.7984406423423));
#6597=CARTESIAN_POINT('Ctrl Pts',(-42.7442675676912,-8.,93.2771419320072));
#6598=CARTESIAN_POINT('Ctrl Pts',(-42.7408895015393,-7.99968431312895,93.2803110196743));
#6599=CARTESIAN_POINT('Ctrl Pts',(-42.7375117184077,-7.99936734409012,93.2834795546335));
#6600=CARTESIAN_POINT('Ctrl Pts',(-42.1785709481157,-7.94701742857096,93.8079982703515));
#6601=CARTESIAN_POINT('Ctrl Pts',(-41.6303366163638,-7.85857830608234,94.3130790567979));
#6602=CARTESIAN_POINT('Ctrl Pts',(-41.1218950047028,-7.75343904422547,94.8055028961692));
#6603=CARTESIAN_POINT('Ctrl Pts',(-42.7442675676912,-8.,93.2771419320072));
#6604=CARTESIAN_POINT('Ctrl Pts',(-42.7409408353701,-7.999368625408,93.2803181653984));
#6605=CARTESIAN_POINT('Ctrl Pts',(-42.7376148005577,-7.99873466967764,93.2834936879812));
#6606=CARTESIAN_POINT('Ctrl Pts',(-42.1876683822825,-7.89318000458789,93.8088660771381));
#6607=CARTESIAN_POINT('Ctrl Pts',(-41.6596119310299,-7.71751798896972,94.3103069483792));
#6608=CARTESIAN_POINT('Ctrl Pts',(-41.1907404726871,-7.49813149148447,94.7870240077269));
#6609=CARTESIAN_POINT('Ctrl Pts',(-42.7442675676912,-8.,93.2771419320072));
#6610=CARTESIAN_POINT('Ctrl Pts',(-42.7409921690649,-7.99905293853699,93.2803253111015));
#6611=CARTESIAN_POINT('Ctrl Pts',(-42.7377177796085,-7.99810197512488,93.2835077093777));
#6612=CARTESIAN_POINT('Ctrl Pts',(-42.1959996647888,-7.84007999707694,93.8100067155999));
#6613=CARTESIAN_POINT('Ctrl Pts',(-41.6866135377385,-7.57535386902105,94.3050820736847));
#6614=CARTESIAN_POINT('Ctrl Pts',(-41.2353830949219,-7.24280370531953,94.7436355819041));
#6615=CARTESIAN_POINT('Origin',(-38.092294938935,0.,97.7984213557686));
#6616=CARTESIAN_POINT('',(-38.092294938935,-5.,97.7984213557686));
#6617=CARTESIAN_POINT('Origin',(-35.9095745154947,-5.,99.9198201097769));
#6618=CARTESIAN_POINT('',(-38.092294938935,0.,97.7984213557686));
#6619=CARTESIAN_POINT('Origin',(-43.8557176299875,-5.,111.50136769673));
#6620=CARTESIAN_POINT('',(-46.329454758194,-5.,109.80412740127));
#6621=CARTESIAN_POINT('Origin',(-50.5169197391742,0.,115.907380796929));
#6622=CARTESIAN_POINT('Origin',(51.109729219091,0.,86.3305301045751));
#6623=CARTESIAN_POINT('Origin',(-38.092294938935,0.,97.7984213557686));
#6624=CARTESIAN_POINT('Origin',(0.,0.,102.000001519918));
#6625=CARTESIAN_POINT('',(-1.25022604627709,31.599999293685,101.999997720122));
#6626=CARTESIAN_POINT('',(1.25022604627709,31.599999293685,101.999997720122));
#6627=CARTESIAN_POINT('Ctrl Pts',(-1.25022604627709,31.599999293685,101.999997720122));
#6628=CARTESIAN_POINT('Ctrl Pts',(-0.831445413862622,31.6165679793186,101.99254854928));
#6629=CARTESIAN_POINT('Ctrl Pts',(-0.41447372407704,31.624721667197,101.988875827236));
#6630=CARTESIAN_POINT('Ctrl Pts',(0.,31.624721667197,101.988875827236));
#6631=CARTESIAN_POINT('Ctrl Pts',(0.414473724118802,31.624721667197,101.988875827236));
#6632=CARTESIAN_POINT('Ctrl Pts',(0.831445413893721,31.6165679793174,101.992548549281));
#6633=CARTESIAN_POINT('Ctrl Pts',(1.25022604627709,31.599999293685,101.999997720122));
#6634=CARTESIAN_POINT('Origin',(0.,0.,102.000001519918));
#6635=CARTESIAN_POINT('Ctrl Pts',(1.25404231839107,31.6963031706049,101.945377198297));
#6636=CARTESIAN_POINT('Ctrl Pts',(0.,31.7459184878187,101.945377198297));
#6637=CARTESIAN_POINT('Ctrl Pts',(-1.25404231839047,31.6963031706049,101.945377198297));
#6638=CARTESIAN_POINT('Ctrl Pts',(1.25213818280689,31.6481755612979,101.972732531089));
#6639=CARTESIAN_POINT('Ctrl Pts',(0.,31.6977155427039,101.972732531089));
#6640=CARTESIAN_POINT('Ctrl Pts',(-1.2521381828063,31.6481755612979,101.972732531089));
#6641=CARTESIAN_POINT('Ctrl Pts',(1.25023211259469,31.5999990536759,102.000001519918));
#6642=CARTESIAN_POINT('Ctrl Pts',(0.,31.649463622732,102.000001519918));
#6643=CARTESIAN_POINT('Ctrl Pts',(-1.2502321125941,31.5999990536759,102.000001519918));
#6644=CARTESIAN_POINT('Ctrl Pts',(1.25023336715139,31.60003076298,101.999983571725));
#6645=CARTESIAN_POINT('Ctrl Pts',(0.837544774453416,31.6798911359091,101.964078822754));
#6646=CARTESIAN_POINT('Ctrl Pts',(0.42042719815228,31.721120507112,101.945377198349));
#6647=CARTESIAN_POINT('Ctrl Pts',(-0.422362036540104,31.7209300275596,101.945463356238));
#6648=CARTESIAN_POINT('Ctrl Pts',(-0.838507534704102,31.6797048298323,101.964162584859));
#6649=CARTESIAN_POINT('Ctrl Pts',(-1.2502333671508,31.6000307629802,101.999983571725));
#6650=CARTESIAN_POINT('Origin',(0.,7.58194492033432,48.5782678549014));
#6651=UNCERTAINTY_MEASURE_WITH_UNIT(LENGTH_MEASURE(0.01),#6655,
'DISTANCE_ACCURACY_VALUE',
'Maximum model space distance between geometric entities at asserted c
onnectivities');
#6652=UNCERTAINTY_MEASURE_WITH_UNIT(LENGTH_MEASURE(0.01),#6655,
'DISTANCE_ACCURACY_VALUE',
'Maximum model space distance between geometric entities at asserted c
onnectivities');
#6653=(
GEOMETRIC_REPRESENTATION_CONTEXT(3)
GLOBAL_UNCERTAINTY_ASSIGNED_CONTEXT((#6651))
GLOBAL_UNIT_ASSIGNED_CONTEXT((#6655,#6657,#6658))
REPRESENTATION_CONTEXT('','3D')
);
#6654=(
GEOMETRIC_REPRESENTATION_CONTEXT(3)
GLOBAL_UNCERTAINTY_ASSIGNED_CONTEXT((#6652))
GLOBAL_UNIT_ASSIGNED_CONTEXT((#6655,#6657,#6658))
REPRESENTATION_CONTEXT('','3D')
);
#6655=(
LENGTH_UNIT()
NAMED_UNIT(*)
SI_UNIT(.MILLI.,.METRE.)
);
#6656=(
LENGTH_UNIT()
NAMED_UNIT(*)
SI_UNIT($,.METRE.)
);
#6657=(
NAMED_UNIT(*)
PLANE_ANGLE_UNIT()
SI_UNIT($,.RADIAN.)
);
#6658=(
NAMED_UNIT(*)
SI_UNIT($,.STERADIAN.)
SOLID_ANGLE_UNIT()
);
#6659=SHAPE_DEFINITION_REPRESENTATION(#6660,#6661);
#6660=PRODUCT_DEFINITION_SHAPE('',$,#6663);
#6661=SHAPE_REPRESENTATION('',(#2497),#6653);
#6662=PRODUCT_DEFINITION_CONTEXT('part definition',#6667,'design');
#6663=PRODUCT_DEFINITION('2025-12-05-20-08-04-922','Happy_Head',#6664,#6662);
#6664=PRODUCT_DEFINITION_FORMATION('',$,#6669);
#6665=PRODUCT_RELATED_PRODUCT_CATEGORY('Happy_Head','Happy_Head',(#6669));
#6666=APPLICATION_PROTOCOL_DEFINITION('international standard',
'automotive_design',2009,#6667);
#6667=APPLICATION_CONTEXT(
'Core Data for Automotive Mechanical Design Process');
#6668=PRODUCT_CONTEXT('part definition',#6667,'mechanical');
#6669=PRODUCT('2025-12-05-20-08-04-922','Happy_Head',$,(#6668));
#6670=PRESENTATION_STYLE_ASSIGNMENT((#6671));
#6671=SURFACE_STYLE_USAGE(.BOTH.,#6672);
#6672=SURFACE_SIDE_STYLE('',(#6673));
#6673=SURFACE_STYLE_FILL_AREA(#6674);
#6674=FILL_AREA_STYLE('Steel - Satin',(#6675));
#6675=FILL_AREA_STYLE_COLOUR('Steel - Satin',#6676);
#6676=COLOUR_RGB('Steel - Satin',0.627450980392157,0.627450980392157,0.627450980392157);
ENDSEC;
END-ISO-10303-21;
