ISO-10303-21;
HEADER;
/* Generated by software containing ST-Developer
 * from STEP Tools, Inc. (www.steptools.com) 
 */

FILE_DESCRIPTION(
/* description */ (''),
/* implementation_level */ '2;1');

FILE_NAME(
/* name */ 'Happy_Assembly_With_Mustache.step',
/* time_stamp */ '2025-12-07T12:19:46-05:00',
/* author */ (''),
/* organization */ (''),
/* preprocessor_version */ 'ST-DEVELOPER v20.1',
/* originating_system */ 'Autodesk Translation Framework v14.21.0.0',
/* authorisation */ '');

FILE_SCHEMA (('AUTOMOTIVE_DESIGN { 1 0 10303 214 3 1 1 }'));
ENDSEC;

DATA;
#10=MECHANICAL_DESIGN_GEOMETRIC_PRESENTATION_REPRESENTATION('',(#23,#24,
#25),#9439);
#11=ITEM_DEFINED_TRANSFORMATION($,$,#3635,#3975);
#12=ITEM_DEFINED_TRANSFORMATION($,$,#3745,#3976);
#13=(
REPRESENTATION_RELATIONSHIP($,$,#9453,#9452)
REPRESENTATION_RELATIONSHIP_WITH_TRANSFORMATION(#11)
SHAPE_REPRESENTATION_RELATIONSHIP()
);
#14=(
REPRESENTATION_RELATIONSHIP($,$,#9454,#9452)
REPRESENTATION_RELATIONSHIP_WITH_TRANSFORMATION(#12)
SHAPE_REPRESENTATION_RELATIONSHIP()
);
#15=CONTEXT_DEPENDENT_SHAPE_REPRESENTATION(#13,#9450);
#16=CONTEXT_DEPENDENT_SHAPE_REPRESENTATION(#14,#9451);
#17=NEXT_ASSEMBLY_USAGE_OCCURRENCE('Happy:1','Happy:1','Happy:1',#9456,
#9457,'Happy:1');
#18=NEXT_ASSEMBLY_USAGE_OCCURRENCE('Happy_Head:1','Happy_Head:1',
'Happy_Head:1',#9456,#9458,'Happy_Head:1');
#19=SHAPE_REPRESENTATION_RELATIONSHIP('SRR','None',#9453,#21);
#20=SHAPE_REPRESENTATION_RELATIONSHIP('SRR','None',#9454,#22);
#21=ADVANCED_BREP_SHAPE_REPRESENTATION('',(#26),#9437);
#22=ADVANCED_BREP_SHAPE_REPRESENTATION('',(#27,#28),#9438);
#23=STYLED_ITEM('',(#9471),#26);
#24=STYLED_ITEM('',(#9471),#27);
#25=STYLED_ITEM('',(#9471),#28);
#26=MANIFOLD_SOLID_BREP('Body2',#3608);
#27=MANIFOLD_SOLID_BREP('Body1',#3609);
#28=MANIFOLD_SOLID_BREP('Body1',#3610);
#29=FACE_BOUND('',#815,.T.);
#30=FACE_BOUND('',#816,.T.);
#31=FACE_BOUND('',#817,.T.);
#32=FACE_BOUND('',#818,.T.);
#33=FACE_BOUND('',#819,.T.);
#34=FACE_BOUND('',#820,.T.);
#35=FACE_BOUND('',#821,.T.);
#36=FACE_BOUND('',#823,.T.);
#37=FACE_BOUND('',#838,.T.);
#38=FACE_BOUND('',#839,.T.);
#39=FACE_BOUND('',#844,.T.);
#40=FACE_BOUND('',#845,.T.);
#41=FACE_BOUND('',#902,.T.);
#42=FACE_BOUND('',#908,.T.);
#43=PLANE('',#3653);
#44=PLANE('',#3664);
#45=PLANE('',#3665);
#46=PLANE('',#3667);
#47=PLANE('',#3669);
#48=PLANE('',#3683);
#49=PLANE('',#3684);
#50=PLANE('',#3692);
#51=PLANE('',#3699);
#52=PLANE('',#3701);
#53=PLANE('',#3705);
#54=PLANE('',#3708);
#55=PLANE('',#3709);
#56=PLANE('',#3710);
#57=PLANE('',#3716);
#58=PLANE('',#3717);
#59=PLANE('',#3722);
#60=PLANE('',#3725);
#61=PLANE('',#3726);
#62=PLANE('',#3730);
#63=PLANE('',#3743);
#64=PLANE('',#3744);
#65=PLANE('',#3749);
#66=PLANE('',#3751);
#67=PLANE('',#3752);
#68=PLANE('',#3774);
#69=PLANE('',#3800);
#70=PLANE('',#3806);
#71=PLANE('',#3810);
#72=PLANE('',#3883);
#73=PLANE('',#3887);
#74=PLANE('',#3903);
#75=PLANE('',#3905);
#76=PLANE('',#3911);
#77=PLANE('',#3923);
#78=PLANE('',#3929);
#79=PLANE('',#3935);
#80=PLANE('',#3937);
#81=PLANE('',#3950);
#82=PLANE('',#3954);
#83=PLANE('',#3960);
#84=PLANE('',#3966);
#85=PLANE('',#3969);
#86=PLANE('',#3970);
#87=PLANE('',#3971);
#88=ELLIPSE('',#3646,13.3600871911604,8.48202420701862);
#89=ELLIPSE('',#3662,2.16325058824072,2.);
#90=ELLIPSE('',#3663,5.2479921008861,2.);
#91=ELLIPSE('',#3666,13.3600871911604,8.48202420701862);
#92=ELLIPSE('',#3680,13.3600871911604,8.48202420701862);
#93=ELLIPSE('',#3691,13.3600871911604,8.48202420701862);
#94=ELLIPSE('',#3697,13.716405692839,2.);
#95=ELLIPSE('',#3700,13.3600871911604,8.48202420701862);
#96=ELLIPSE('',#3715,13.3600871911604,8.48202420701862);
#97=ELLIPSE('',#3746,33.4293301060971,13.5137805193425);
#98=ELLIPSE('',#3747,33.4293301060971,13.5137805193425);
#99=ELLIPSE('',#3748,33.4293301060971,13.5137805193425);
#100=ELLIPSE('',#3943,3.04378072804384,3.);
#101=ELLIPSE('',#3967,3.04378072804384,3.);
#102=(
BOUNDED_SURFACE()
B_SPLINE_SURFACE(1,2,((#5031,#5032,#5033,#5034,#5035),(#5036,#5037,#5038,
#5039,#5040)),.UNSPECIFIED.,.F.,.F.,.F.)
B_SPLINE_SURFACE_WITH_KNOTS((2,2),(3,2,3),(0.1871245272751,0.22454943273012),
(-1.06254341020427,0.0271626839235823,1.11686877805143),.UNSPECIFIED.)
GEOMETRIC_REPRESENTATION_ITEM()
RATIONAL_B_SPLINE_SURFACE(((1.,0.855203464607463,1.,0.855203464607463,1.),
(1.,0.855203464607463,1.,0.855203464607463,1.)))
REPRESENTATION_ITEM('')
SURFACE()
);
#103=(
BOUNDED_SURFACE()
B_SPLINE_SURFACE(1,2,((#5271,#5272,#5273),(#5274,#5275,#5276)),
 .UNSPECIFIED.,.F.,.F.,.F.)
B_SPLINE_SURFACE_WITH_KNOTS((2,2),(3,3),(0.1871245272751,0.22454943273012),
(-1.89408176868145,-1.10832446166046),.UNSPECIFIED.)
GEOMETRIC_REPRESENTATION_ITEM()
RATIONAL_B_SPLINE_SURFACE(((1.,0.923810798458644,1.),(1.,0.923810798458644,
1.)))
REPRESENTATION_ITEM('')
SURFACE()
);
#104=(
BOUNDED_SURFACE()
B_SPLINE_SURFACE(1,2,((#5709,#5710,#5711),(#5712,#5713,#5714)),
 .UNSPECIFIED.,.F.,.F.,.F.)
B_SPLINE_SURFACE_WITH_KNOTS((2,2),(3,3),(0.1871245272751,0.22454943273012),
(2.66785571552804,3.91959747448955),.UNSPECIFIED.)
GEOMETRIC_REPRESENTATION_ITEM()
RATIONAL_B_SPLINE_SURFACE(((1.,0.810453262830586,1.),(1.,0.810453262830586,
1.)))
REPRESENTATION_ITEM('')
SURFACE()
);
#105=(
BOUNDED_SURFACE()
B_SPLINE_SURFACE(1,2,((#5817,#5818,#5819),(#5820,#5821,#5822)),
 .UNSPECIFIED.,.F.,.F.,.F.)
B_SPLINE_SURFACE_WITH_KNOTS((2,2),(3,3),(0.1871245272751,0.22454943273012),
(1.16125919332405,1.89418026092657),.UNSPECIFIED.)
GEOMETRIC_REPRESENTATION_ITEM()
RATIONAL_B_SPLINE_SURFACE(((1.,0.933601428523034,1.),(1.,0.933601428523034,
1.)))
REPRESENTATION_ITEM('')
SURFACE()
);
#106=(
BOUNDED_SURFACE()
B_SPLINE_SURFACE(1,2,((#5928,#5929,#5930),(#5931,#5932,#5933)),
 .UNSPECIFIED.,.F.,.F.,.F.)
B_SPLINE_SURFACE_WITH_KNOTS((2,2),(3,3),(0.1871245272751,0.22454943273012),
(1.92622017536366,2.64063915998144),.UNSPECIFIED.)
GEOMETRIC_REPRESENTATION_ITEM()
RATIONAL_B_SPLINE_SURFACE(((1.,0.936876202478833,1.),(1.,0.936876202478833,
1.)))
REPRESENTATION_ITEM('')
SURFACE()
);
#107=(
BOUNDED_SURFACE()
B_SPLINE_SURFACE(1,2,((#5970,#5971,#5972),(#5973,#5974,#5975)),
 .UNSPECIFIED.,.F.,.F.,.F.)
B_SPLINE_SURFACE_WITH_KNOTS((2,2),(3,3),(0.1871245272751,0.22454943273012),
(-2.3360196785588,-1.92612221396277),.UNSPECIFIED.)
GEOMETRIC_REPRESENTATION_ITEM()
RATIONAL_B_SPLINE_SURFACE(((1.,0.979071419653318,1.),(1.,0.979071419653318,
1.)))
REPRESENTATION_ITEM('')
SURFACE()
);
#108=(
BOUNDED_SURFACE()
B_SPLINE_SURFACE(1,2,((#6041,#6042,#6043,#6044,#6045),(#6046,#6047,#6048,
#6049,#6050)),.UNSPECIFIED.,.F.,.F.,.F.)
B_SPLINE_SURFACE_WITH_KNOTS((2,2),(3,2,3),(-1.16009632455949E-17,0.744727026966685),
(-1.05822032900279,-0.00421858425740651,1.04978316048797),.UNSPECIFIED.)
GEOMETRIC_REPRESENTATION_ITEM()
RATIONAL_B_SPLINE_SURFACE(((1.,0.864319346880811,1.,0.864319346880811,1.),
(1.,0.864319346880811,1.,0.864319346880811,1.)))
REPRESENTATION_ITEM('')
SURFACE()
);
#109=(
BOUNDED_SURFACE()
B_SPLINE_SURFACE(2,2,((#6542,#6543,#6544,#6545,#6546),(#6547,#6548,#6549,
#6550,#6551),(#6552,#6553,#6554,#6555,#6556),(#6557,#6558,#6559,#6560,#6561),
(#6562,#6563,#6564,#6565,#6566)),.UNSPECIFIED.,.F.,.F.,.F.)
B_SPLINE_SURFACE_WITH_KNOTS((3,2,3),(3,2,3),(-0.893506233786254,0.0812819877106296,
1.05607020920751),(-1.47523796692739,-2.22044604925031E-16,1.47523796692739),
 .UNSPECIFIED.)
GEOMETRIC_REPRESENTATION_ITEM()
RATIONAL_B_SPLINE_SURFACE(((1.,0.740071954603757,1.,0.740071954603757,1.),
(0.883556260356608,0.653895208604501,0.883556260356608,0.653895208604501,
0.883556260356608),(1.,0.740071954603757,1.,0.740071954603757,1.),(0.883556260356606,
0.6538952086045,0.883556260356606,0.6538952086045,0.883556260356606),(1.,
0.740071954603757,1.,0.740071954603757,1.)))
REPRESENTATION_ITEM('')
SURFACE()
);
#110=(
BOUNDED_SURFACE()
B_SPLINE_SURFACE(2,2,((#7066,#7067,#7068,#7069,#7070),(#7071,#7072,#7073,
#7074,#7075),(#7076,#7077,#7078,#7079,#7080),(#7081,#7082,#7083,#7084,#7085),
(#7086,#7087,#7088,#7089,#7090)),.UNSPECIFIED.,.F.,.F.,.F.)
B_SPLINE_SURFACE_WITH_KNOTS((3,2,3),(3,2,3),(-0.893506233786254,0.0812819877106297,
1.05607020920751),(-1.41922309920919,0.0560148677189338,1.53125283464706),
 .UNSPECIFIED.)
GEOMETRIC_REPRESENTATION_ITEM()
RATIONAL_B_SPLINE_SURFACE(((1.,0.740071954603509,1.,0.740071954603509,1.),
(0.883556260356607,0.653895208604281,0.883556260356607,0.653895208604281,
0.883556260356607),(1.,0.740071954603509,1.,0.740071954603509,1.),(0.883556260356605,
0.653895208604279,0.883556260356605,0.653895208604279,0.883556260356605),
(1.,0.740071954603509,1.,0.740071954603509,1.)))
REPRESENTATION_ITEM('')
SURFACE()
);
#111=(
BOUNDED_SURFACE()
B_SPLINE_SURFACE(2,2,((#7463,#7464,#7465,#7466,#7467),(#7468,#7469,#7470,
#7471,#7472),(#7473,#7474,#7475,#7476,#7477)),.UNSPECIFIED.,.F.,.F.,.F.)
B_SPLINE_SURFACE_WITH_KNOTS((3,3),(3,2,3),(-3.14159265358979,-1.5707963267949),
(1.20851758527696,2.17505511943338,3.14159265358979),.UNSPECIFIED.)
GEOMETRIC_REPRESENTATION_ITEM()
RATIONAL_B_SPLINE_SURFACE(((1.,0.885480738206503,1.,0.885480738206503,1.),
(0.707106781186549,0.62612943459589,0.707106781186549,0.62612943459589,
0.707106781186549),(1.,0.885480738206503,1.,0.885480738206503,1.)))
REPRESENTATION_ITEM('')
SURFACE()
);
#112=(
BOUNDED_SURFACE()
B_SPLINE_SURFACE(2,2,((#7511,#7512,#7513,#7514,#7515),(#7516,#7517,#7518,
#7519,#7520),(#7521,#7522,#7523,#7524,#7525)),.UNSPECIFIED.,.F.,.F.,.F.)
B_SPLINE_SURFACE_WITH_KNOTS((3,3),(3,2,3),(-3.14159265358979,-1.5707963267949),
(-3.14159265358979,-2.17505511936285,-1.2085175851359),.UNSPECIFIED.)
GEOMETRIC_REPRESENTATION_ITEM()
RATIONAL_B_SPLINE_SURFACE(((1.,0.885480738190117,1.,0.885480738190117,1.),
(0.707106781186548,0.626129434584302,0.707106781186548,0.626129434584302,
0.707106781186548),(1.,0.885480738190117,1.,0.885480738190117,1.)))
REPRESENTATION_ITEM('')
SURFACE()
);
#113=(
BOUNDED_SURFACE()
B_SPLINE_SURFACE(2,2,((#7657,#7658,#7659,#7660,#7661,#7662,#7663,#7664,
#7665),(#7666,#7667,#7668,#7669,#7670,#7671,#7672,#7673,#7674),(#7675,#7676,
#7677,#7678,#7679,#7680,#7681,#7682,#7683)),.UNSPECIFIED.,.F.,.T.,.F.)
B_SPLINE_SURFACE_WITH_KNOTS((3,3),(3,2,2,2,3),(0.647475296026791,1.5707963267949),
(-3.14159265358979,-1.5707963267949,0.,1.5707963267949,3.14159265358979),
 .UNSPECIFIED.)
GEOMETRIC_REPRESENTATION_ITEM()
RATIONAL_B_SPLINE_SURFACE(((1.,0.707106781186548,1.,0.707106781186548,1.,
0.707106781186548,1.,0.707106781186548,1.),(0.895314079855382,0.633082657157535,
0.895314079855382,0.633082657157535,0.895314079855382,0.633082657157535,
0.895314079855382,0.633082657157535,0.895314079855382),(1.,0.707106781186548,
1.,0.707106781186548,1.,0.707106781186548,1.,0.707106781186548,1.)))
REPRESENTATION_ITEM('')
SURFACE()
);
#114=(
BOUNDED_SURFACE()
B_SPLINE_SURFACE(2,2,((#7690,#7691,#7692,#7693,#7694,#7695,#7696,#7697,
#7698),(#7699,#7700,#7701,#7702,#7703,#7704,#7705,#7706,#7707),(#7708,#7709,
#7710,#7711,#7712,#7713,#7714,#7715,#7716)),.UNSPECIFIED.,.F.,.T.,.F.)
B_SPLINE_SURFACE_WITH_KNOTS((3,3),(3,2,2,2,3),(0.647475296026791,1.5707963267949),
(-3.14159265358979,-1.5707963267949,0.,1.5707963267949,3.14159265358979),
 .UNSPECIFIED.)
GEOMETRIC_REPRESENTATION_ITEM()
RATIONAL_B_SPLINE_SURFACE(((1.,0.707106781186548,1.,0.707106781186548,1.,
0.707106781186548,1.,0.707106781186548,1.),(0.895314079855382,0.633082657157535,
0.895314079855382,0.633082657157535,0.895314079855382,0.633082657157535,
0.895314079855382,0.633082657157535,0.895314079855382),(1.,0.707106781186548,
1.,0.707106781186548,1.,0.707106781186548,1.,0.707106781186548,1.)))
REPRESENTATION_ITEM('')
SURFACE()
);
#115=(
BOUNDED_SURFACE()
B_SPLINE_SURFACE(2,2,((#8228,#8229,#8230),(#8231,#8232,#8233),(#8234,#8235,
#8236)),.UNSPECIFIED.,.F.,.F.,.F.)
B_SPLINE_SURFACE_WITH_KNOTS((3,3),(3,3),(-0.260033283020065,-0.0615580840449552),
(-1.89400204153069,-1.76098890317528),.UNSPECIFIED.)
GEOMETRIC_REPRESENTATION_ITEM()
RATIONAL_B_SPLINE_SURFACE(((1.,0.997789253175581,1.),(0.995079989143312,
0.99288011921727,0.995079989143312),(1.,0.997789253175581,1.)))
REPRESENTATION_ITEM('')
SURFACE()
);
#116=(
BOUNDED_SURFACE()
B_SPLINE_SURFACE(2,2,((#8469,#8470,#8471),(#8472,#8473,#8474),(#8475,#8476,
#8477)),.UNSPECIFIED.,.F.,.F.,.F.)
B_SPLINE_SURFACE_WITH_KNOTS((3,3),(3,3),(-0.893506233786254,-0.861448999284122),
(-1.71564729497848,-1.42594535861132),.UNSPECIFIED.)
GEOMETRIC_REPRESENTATION_ITEM()
RATIONAL_B_SPLINE_SURFACE(((1.,0.989527428852872,1.),(0.999871544464741,
0.989400318577345,0.999871544464741),(1.,0.989527428852872,1.)))
REPRESENTATION_ITEM('')
SURFACE()
);
#117=(
BOUNDED_SURFACE()
B_SPLINE_SURFACE(2,2,((#9414,#9415,#9416),(#9417,#9418,#9419),(#9420,#9421,
#9422)),.UNSPECIFIED.,.F.,.F.,.F.)
B_SPLINE_SURFACE_WITH_KNOTS((3,3),(3,3),(1.05427845943076,1.05607020920751),
(1.53125264267498,1.61034001091479),.UNSPECIFIED.)
GEOMETRIC_REPRESENTATION_ITEM()
RATIONAL_B_SPLINE_SURFACE(((1.,0.999218250399758,1.),(0.999999598704119,
0.99921784941759,0.999999598704119),(1.,0.999218250399758,1.)))
REPRESENTATION_ITEM('')
SURFACE()
);
#118=LINE('',#5029,#258);
#119=LINE('',#5042,#259);
#120=LINE('',#5090,#260);
#121=LINE('',#5107,#261);
#122=LINE('',#5122,#262);
#123=LINE('',#5126,#263);
#124=LINE('',#5252,#264);
#125=LINE('',#5257,#265);
#126=LINE('',#5258,#266);
#127=LINE('',#5261,#267);
#128=LINE('',#5263,#268);
#129=LINE('',#5265,#269);
#130=LINE('',#5266,#270);
#131=LINE('',#5269,#271);
#132=LINE('',#5270,#272);
#133=LINE('',#5278,#273);
#134=LINE('',#5509,#274);
#135=LINE('',#5667,#275);
#136=LINE('',#5683,#276);
#137=LINE('',#5716,#277);
#138=LINE('',#5719,#278);
#139=LINE('',#5722,#279);
#140=LINE('',#5726,#280);
#141=LINE('',#5727,#281);
#142=LINE('',#5791,#282);
#143=LINE('',#5807,#283);
#144=LINE('',#5813,#284);
#145=LINE('',#5816,#285);
#146=LINE('',#5824,#286);
#147=LINE('',#5915,#287);
#148=LINE('',#5918,#288);
#149=LINE('',#5920,#289);
#150=LINE('',#5921,#290);
#151=LINE('',#5924,#291);
#152=LINE('',#5926,#292);
#153=LINE('',#5927,#293);
#154=LINE('',#5935,#294);
#155=LINE('',#5943,#295);
#156=LINE('',#5945,#296);
#157=LINE('',#5946,#297);
#158=LINE('',#5951,#298);
#159=LINE('',#5952,#299);
#160=LINE('',#5954,#300);
#161=LINE('',#5955,#301);
#162=LINE('',#5958,#302);
#163=LINE('',#5960,#303);
#164=LINE('',#5961,#304);
#165=LINE('',#5965,#305);
#166=LINE('',#5968,#306);
#167=LINE('',#5977,#307);
#168=LINE('',#5980,#308);
#169=LINE('',#5982,#309);
#170=LINE('',#5986,#310);
#171=LINE('',#5992,#311);
#172=LINE('',#5995,#312);
#173=LINE('',#5999,#313);
#174=LINE('',#6001,#314);
#175=LINE('',#6003,#315);
#176=LINE('',#6004,#316);
#177=LINE('',#6010,#317);
#178=LINE('',#6013,#318);
#179=LINE('',#6015,#319);
#180=LINE('',#6016,#320);
#181=LINE('',#6022,#321);
#182=LINE('',#6028,#322);
#183=LINE('',#6034,#323);
#184=LINE('',#6061,#324);
#185=LINE('',#6072,#325);
#186=LINE('',#6076,#326);
#187=LINE('',#6087,#327);
#188=LINE('',#6128,#328);
#189=LINE('',#6131,#329);
#190=LINE('',#6134,#330);
#191=LINE('',#6155,#331);
#192=LINE('',#6193,#332);
#193=LINE('',#6310,#333);
#194=LINE('',#6392,#334);
#195=LINE('',#6407,#335);
#196=LINE('',#6460,#336);
#197=LINE('',#6988,#337);
#198=LINE('',#6990,#338);
#199=LINE('',#6993,#339);
#200=LINE('',#7437,#340);
#201=LINE('',#7491,#341);
#202=LINE('',#7492,#342);
#203=LINE('',#7493,#343);
#204=LINE('',#7546,#344);
#205=LINE('',#7560,#345);
#206=LINE('',#7853,#346);
#207=LINE('',#7874,#347);
#208=LINE('',#7888,#348);
#209=LINE('',#7905,#349);
#210=LINE('',#7908,#350);
#211=LINE('',#8053,#351);
#212=LINE('',#8066,#352);
#213=LINE('',#8072,#353);
#214=LINE('',#8075,#354);
#215=LINE('',#8106,#355);
#216=LINE('',#8126,#356);
#217=LINE('',#8129,#357);
#218=LINE('',#8137,#358);
#219=LINE('',#8138,#359);
#220=LINE('',#8227,#360);
#221=LINE('',#8455,#361);
#222=LINE('',#8457,#362);
#223=LINE('',#8459,#363);
#224=LINE('',#8464,#364);
#225=LINE('',#8465,#365);
#226=LINE('',#8467,#366);
#227=LINE('',#8551,#367);
#228=LINE('',#8553,#368);
#229=LINE('',#8556,#369);
#230=LINE('',#8558,#370);
#231=LINE('',#8669,#371);
#232=LINE('',#8670,#372);
#233=LINE('',#8787,#373);
#234=LINE('',#8788,#374);
#235=LINE('',#8865,#375);
#236=LINE('',#8866,#376);
#237=LINE('',#8979,#377);
#238=LINE('',#8980,#378);
#239=LINE('',#8983,#379);
#240=LINE('',#8985,#380);
#241=LINE('',#8989,#381);
#242=LINE('',#8990,#382);
#243=LINE('',#8996,#383);
#244=LINE('',#9022,#384);
#245=LINE('',#9098,#385);
#246=LINE('',#9099,#386);
#247=LINE('',#9184,#387);
#248=LINE('',#9185,#388);
#249=LINE('',#9189,#389);
#250=LINE('',#9191,#390);
#251=LINE('',#9192,#391);
#252=LINE('',#9196,#392);
#253=LINE('',#9198,#393);
#254=LINE('',#9200,#394);
#255=LINE('',#9287,#395);
#256=LINE('',#9397,#396);
#257=LINE('',#9399,#397);
#258=VECTOR('',#3999,10.);
#259=VECTOR('',#4002,10.);
#260=VECTOR('',#4017,10.);
#261=VECTOR('',#4018,10.);
#262=VECTOR('',#4021,10.);
#263=VECTOR('',#4026,10.);
#264=VECTOR('',#4039,10.);
#265=VECTOR('',#4044,10.);
#266=VECTOR('',#4045,10.);
#267=VECTOR('',#4048,10.);
#268=VECTOR('',#4049,10.);
#269=VECTOR('',#4050,10.);
#270=VECTOR('',#4051,10.);
#271=VECTOR('',#4054,10.);
#272=VECTOR('',#4055,10.);
#273=VECTOR('',#4056,10.);
#274=VECTOR('',#4063,10.);
#275=VECTOR('',#4068,10.);
#276=VECTOR('',#4069,10.);
#277=VECTOR('',#4088,10.);
#278=VECTOR('',#4091,10.);
#279=VECTOR('',#4094,10.);
#280=VECTOR('',#4099,10.);
#281=VECTOR('',#4100,10.);
#282=VECTOR('',#4105,10.);
#283=VECTOR('',#4106,10.);
#284=VECTOR('',#4115,10.);
#285=VECTOR('',#4118,10.);
#286=VECTOR('',#4119,10.);
#287=VECTOR('',#4132,10.);
#288=VECTOR('',#4135,10.);
#289=VECTOR('',#4138,10.);
#290=VECTOR('',#4139,10.);
#291=VECTOR('',#4142,10.);
#292=VECTOR('',#4143,10.);
#293=VECTOR('',#4144,10.);
#294=VECTOR('',#4145,10.);
#295=VECTOR('',#4158,10.);
#296=VECTOR('',#4159,10.);
#297=VECTOR('',#4160,10.);
#298=VECTOR('',#4167,10.);
#299=VECTOR('',#4168,10.);
#300=VECTOR('',#4171,10.);
#301=VECTOR('',#4172,10.);
#302=VECTOR('',#4175,10.);
#303=VECTOR('',#4176,10.);
#304=VECTOR('',#4177,10.);
#305=VECTOR('',#4182,10.);
#306=VECTOR('',#4185,10.);
#307=VECTOR('',#4188,10.);
#308=VECTOR('',#4193,10.);
#309=VECTOR('',#4196,10.);
#310=VECTOR('',#4201,10.);
#311=VECTOR('',#4210,10.);
#312=VECTOR('',#4215,10.);
#313=VECTOR('',#4218,10.);
#314=VECTOR('',#4219,10.);
#315=VECTOR('',#4220,10.);
#316=VECTOR('',#4221,10.);
#317=VECTOR('',#4228,10.);
#318=VECTOR('',#4231,10.);
#319=VECTOR('',#4232,10.);
#320=VECTOR('',#4233,10.);
#321=VECTOR('',#4240,10.);
#322=VECTOR('',#4247,10.);
#323=VECTOR('',#4254,10.);
#324=VECTOR('',#4267,10.);
#325=VECTOR('',#4270,10.);
#326=VECTOR('',#4273,10.);
#327=VECTOR('',#4276,10.);
#328=VECTOR('',#4279,10.);
#329=VECTOR('',#4284,10.);
#330=VECTOR('',#4287,10.);
#331=VECTOR('',#4292,10.);
#332=VECTOR('',#4297,10.);
#333=VECTOR('',#4302,31.624721667197);
#334=VECTOR('',#4313,10.);
#335=VECTOR('',#4318,10.);
#336=VECTOR('',#4319,10.);
#337=VECTOR('',#4330,10.);
#338=VECTOR('',#4331,10.);
#339=VECTOR('',#4334,10.);
#340=VECTOR('',#4347,10.);
#341=VECTOR('',#4370,10.);
#342=VECTOR('',#4371,10.);
#343=VECTOR('',#4372,10.);
#344=VECTOR('',#4389,10.);
#345=VECTOR('',#4390,10.);
#346=VECTOR('',#4479,10.);
#347=VECTOR('',#4484,10.);
#348=VECTOR('',#4487,10.);
#349=VECTOR('',#4490,10.);
#350=VECTOR('',#4493,10.);
#351=VECTOR('',#4556,10.);
#352=VECTOR('',#4559,10.);
#353=VECTOR('',#4562,10.);
#354=VECTOR('',#4565,10.);
#355=VECTOR('',#4570,10.);
#356=VECTOR('',#4575,10.);
#357=VECTOR('',#4578,10.);
#358=VECTOR('',#4581,10.);
#359=VECTOR('',#4582,10.);
#360=VECTOR('',#4589,10.);
#361=VECTOR('',#4614,10.);
#362=VECTOR('',#4617,10.);
#363=VECTOR('',#4620,10.);
#364=VECTOR('',#4627,10.);
#365=VECTOR('',#4628,10.);
#366=VECTOR('',#4629,10.);
#367=VECTOR('',#4644,10.);
#368=VECTOR('',#4647,10.);
#369=VECTOR('',#4652,10.);
#370=VECTOR('',#4655,10.);
#371=VECTOR('',#4662,10.);
#372=VECTOR('',#4663,10.);
#373=VECTOR('',#4682,10.);
#374=VECTOR('',#4683,10.);
#375=VECTOR('',#4690,10.);
#376=VECTOR('',#4691,10.);
#377=VECTOR('',#4698,10.);
#378=VECTOR('',#4699,10.);
#379=VECTOR('',#4702,10.);
#380=VECTOR('',#4703,10.);
#381=VECTOR('',#4708,10.);
#382=VECTOR('',#4709,10.);
#383=VECTOR('',#4720,10.);
#384=VECTOR('',#4725,10.);
#385=VECTOR('',#4730,10.);
#386=VECTOR('',#4731,10.);
#387=VECTOR('',#4738,10.);
#388=VECTOR('',#4739,10.);
#389=VECTOR('',#4744,10.);
#390=VECTOR('',#4745,10.);
#391=VECTOR('',#4746,10.);
#392=VECTOR('',#4751,10.);
#393=VECTOR('',#4754,10.);
#394=VECTOR('',#4757,10.);
#395=VECTOR('',#4776,10.);
#396=VECTOR('',#4783,10.);
#397=VECTOR('',#4786,10.);
#398=CYLINDRICAL_SURFACE('',#3644,112.255301913932);
#399=CYLINDRICAL_SURFACE('',#3647,118.848766714606);
#400=CYLINDRICAL_SURFACE('',#3652,2.);
#401=CYLINDRICAL_SURFACE('',#3655,2.);
#402=CYLINDRICAL_SURFACE('',#3661,2.);
#403=CYLINDRICAL_SURFACE('',#3670,2.);
#404=CYLINDRICAL_SURFACE('',#3681,80.2870647972009);
#405=CYLINDRICAL_SURFACE('',#3685,2.);
#406=CYLINDRICAL_SURFACE('',#3689,118.598766619693);
#407=CYLINDRICAL_SURFACE('',#3696,2.);
#408=CYLINDRICAL_SURFACE('',#3698,2.);
#409=CYLINDRICAL_SURFACE('',#3706,112.005301913932);
#410=CYLINDRICAL_SURFACE('',#3711,117.294418429636);
#411=CYLINDRICAL_SURFACE('',#3713,80.5370647972009);
#412=CYLINDRICAL_SURFACE('',#3718,57.8202551148916);
#413=CYLINDRICAL_SURFACE('',#3720,10.6665298777854);
#414=CYLINDRICAL_SURFACE('',#3723,58.0702551148915);
#415=CYLINDRICAL_SURFACE('',#3727,10.9165298777854);
#416=CYLINDRICAL_SURFACE('',#3731,118.848767148617);
#417=CYLINDRICAL_SURFACE('',#3734,50.);
#418=CYLINDRICAL_SURFACE('',#3737,112.255301913932);
#419=CYLINDRICAL_SURFACE('',#3740,117.544418429636);
#420=CYLINDRICAL_SURFACE('',#3754,19.2987017548196);
#421=CYLINDRICAL_SURFACE('',#3755,74.3117307999584);
#422=CYLINDRICAL_SURFACE('',#3756,74.3117307999584);
#423=CYLINDRICAL_SURFACE('',#3757,31.624721667197);
#424=CYLINDRICAL_SURFACE('',#3763,77.2617307999584);
#425=CYLINDRICAL_SURFACE('',#3764,15.4569085489085);
#426=CYLINDRICAL_SURFACE('',#3770,5.);
#427=CYLINDRICAL_SURFACE('',#3788,19.7736579801953);
#428=CYLINDRICAL_SURFACE('',#3789,13.5624369943359);
#429=CYLINDRICAL_SURFACE('',#3793,36.6780216866113);
#430=CYLINDRICAL_SURFACE('',#3794,36.6780216866113);
#431=CYLINDRICAL_SURFACE('',#3795,36.6780216866113);
#432=CYLINDRICAL_SURFACE('',#3796,19.7736579801953);
#433=CYLINDRICAL_SURFACE('',#3797,36.6780216866113);
#434=CYLINDRICAL_SURFACE('',#3798,13.5624369943359);
#435=CYLINDRICAL_SURFACE('',#3801,74.3117307999584);
#436=CYLINDRICAL_SURFACE('',#3802,74.3117307999584);
#437=CYLINDRICAL_SURFACE('',#3840,27.3998252373895);
#438=CYLINDRICAL_SURFACE('',#3841,6.99999999999994);
#439=CYLINDRICAL_SURFACE('',#3842,31.7478308062457);
#440=CYLINDRICAL_SURFACE('',#3843,6.99999999999996);
#441=CYLINDRICAL_SURFACE('',#3844,33.5051211164802);
#442=CYLINDRICAL_SURFACE('',#3845,6.99999999999998);
#443=CYLINDRICAL_SURFACE('',#3846,27.3998252373895);
#444=CYLINDRICAL_SURFACE('',#3876,27.3998252373896);
#445=CYLINDRICAL_SURFACE('',#3877,6.99999999999998);
#446=CYLINDRICAL_SURFACE('',#3878,33.5051211164802);
#447=CYLINDRICAL_SURFACE('',#3879,6.99999999999994);
#448=CYLINDRICAL_SURFACE('',#3880,31.7478308062457);
#449=CYLINDRICAL_SURFACE('',#3881,6.99999999999994);
#450=CYLINDRICAL_SURFACE('',#3882,27.3998252373896);
#451=CYLINDRICAL_SURFACE('',#3884,12.);
#452=CYLINDRICAL_SURFACE('',#3885,12.);
#453=CYLINDRICAL_SURFACE('',#3886,66.232066789472);
#454=CYLINDRICAL_SURFACE('',#3888,12.);
#455=CYLINDRICAL_SURFACE('',#3900,2.);
#456=CYLINDRICAL_SURFACE('',#3901,22.8035088417815);
#457=CYLINDRICAL_SURFACE('',#3902,1.99999999999999);
#458=CYLINDRICAL_SURFACE('',#3904,15.0993116817598);
#459=CYLINDRICAL_SURFACE('',#3907,18.7591201615813);
#460=CYLINDRICAL_SURFACE('',#3908,18.7591201615813);
#461=CYLINDRICAL_SURFACE('',#3909,57.6305584254121);
#462=CYLINDRICAL_SURFACE('',#3910,85.5444304484525);
#463=CYLINDRICAL_SURFACE('',#3912,37.7305082021962);
#464=CYLINDRICAL_SURFACE('',#3913,50.1457741734514);
#465=CYLINDRICAL_SURFACE('',#3914,56.1713201541172);
#466=CYLINDRICAL_SURFACE('',#3915,37.7305082021962);
#467=CYLINDRICAL_SURFACE('',#3916,56.1713201541213);
#468=CYLINDRICAL_SURFACE('',#3917,50.145774173457);
#469=CYLINDRICAL_SURFACE('',#3919,5.);
#470=CYLINDRICAL_SURFACE('',#3928,5.);
#471=CYLINDRICAL_SURFACE('',#3931,1.);
#472=CYLINDRICAL_SURFACE('',#3933,1.);
#473=CYLINDRICAL_SURFACE('',#3938,56.9356407983774);
#474=CYLINDRICAL_SURFACE('',#3942,3.);
#475=CYLINDRICAL_SURFACE('',#3944,2.);
#476=CYLINDRICAL_SURFACE('',#3946,1.);
#477=CYLINDRICAL_SURFACE('',#3948,1.);
#478=CYLINDRICAL_SURFACE('',#3952,51.9356407983774);
#479=CYLINDRICAL_SURFACE('',#3955,2.);
#480=CYLINDRICAL_SURFACE('',#3961,56.9356407983774);
#481=CYLINDRICAL_SURFACE('',#3964,51.9356407983774);
#482=CYLINDRICAL_SURFACE('',#3968,3.);
#483=CYLINDRICAL_SURFACE('',#3972,31.624721667197);
#484=CYLINDRICAL_SURFACE('',#3974,58.5725887909513);
#485=B_SPLINE_SURFACE_WITH_KNOTS('',3,3,((#4827,#4828,#4829,#4830,#4831),
(#4832,#4833,#4834,#4835,#4836),(#4837,#4838,#4839,#4840,#4841),(#4842,
#4843,#4844,#4845,#4846),(#4847,#4848,#4849,#4850,#4851),(#4852,#4853,#4854,
#4855,#4856)),.UNSPECIFIED.,.F.,.F.,.F.,(4,1,1,4),(4,1,4),(0.,0.285714285714286,
0.571428571428571,1.),(1.91398744822832,2.05259124335306,2.23739630351937),
 .UNSPECIFIED.);
#486=B_SPLINE_SURFACE_WITH_KNOTS('',3,3,((#4881,#4882,#4883,#4884,#4885,
#4886,#4887,#4888,#4889,#4890),(#4891,#4892,#4893,#4894,#4895,#4896,#4897,
#4898,#4899,#4900),(#4901,#4902,#4903,#4904,#4905,#4906,#4907,#4908,#4909,
#4910),(#4911,#4912,#4913,#4914,#4915,#4916,#4917,#4918,#4919,#4920),(#4921,
#4922,#4923,#4924,#4925,#4926,#4927,#4928,#4929,#4930)),.UNSPECIFIED.,.F.,
 .F.,.F.,(4,1,4),(4,1,1,1,1,1,1,4),(0.,0.571428571428571,1.),(6.83950256051663,
7.22775091543675,7.61599927035687,8.00424762527699,8.39249598019712,8.78074433511724,
9.16899269003736,9.55724104495748),.UNSPECIFIED.);
#487=B_SPLINE_SURFACE_WITH_KNOTS('',3,3,((#4967,#4968,#4969,#4970,#4971),
(#4972,#4973,#4974,#4975,#4976),(#4977,#4978,#4979,#4980,#4981),(#4982,
#4983,#4984,#4985,#4986),(#4987,#4988,#4989,#4990,#4991),(#4992,#4993,#4994,
#4995,#4996)),.UNSPECIFIED.,.F.,.F.,.F.,(4,1,1,4),(4,1,4),(0.,0.285714285714286,
0.571428571428571,1.),(-0.00183388587359718,0.182406977974903,0.320587625861279),
 .UNSPECIFIED.);
#488=B_SPLINE_SURFACE_WITH_KNOTS('',3,3,((#5139,#5140,#5141,#5142),(#5143,
#5144,#5145,#5146),(#5147,#5148,#5149,#5150),(#5151,#5152,#5153,#5154),
(#5155,#5156,#5157,#5158)),.UNSPECIFIED.,.F.,.F.,.F.,(4,1,4),(4,4),(0.,
0.537746167312957,0.941055792797675),(0.258931181655952,0.820119259104375),
 .UNSPECIFIED.);
#489=B_SPLINE_SURFACE_WITH_KNOTS('',3,3,((#5165,#5166,#5167,#5168,#5169),
(#5170,#5171,#5172,#5173,#5174),(#5175,#5176,#5177,#5178,#5179),(#5180,
#5181,#5182,#5183,#5184),(#5185,#5186,#5187,#5188,#5189)),.UNSPECIFIED.,
 .F.,.F.,.F.,(4,1,4),(4,1,4),(0.,0.571428571428571,1.),(0.154210777355676,
0.64102995175223,1.29012218428097),.UNSPECIFIED.);
#490=B_SPLINE_SURFACE_WITH_KNOTS('',3,3,((#5281,#5282,#5283,#5284,#5285,
#5286,#5287,#5288,#5289,#5290,#5291,#5292,#5293,#5294,#5295,#5296,#5297,
#5298,#5299,#5300,#5301,#5302,#5303,#5304),(#5305,#5306,#5307,#5308,#5309,
#5310,#5311,#5312,#5313,#5314,#5315,#5316,#5317,#5318,#5319,#5320,#5321,
#5322,#5323,#5324,#5325,#5326,#5327,#5328),(#5329,#5330,#5331,#5332,#5333,
#5334,#5335,#5336,#5337,#5338,#5339,#5340,#5341,#5342,#5343,#5344,#5345,
#5346,#5347,#5348,#5349,#5350,#5351,#5352),(#5353,#5354,#5355,#5356,#5357,
#5358,#5359,#5360,#5361,#5362,#5363,#5364,#5365,#5366,#5367,#5368,#5369,
#5370,#5371,#5372,#5373,#5374,#5375,#5376),(#5377,#5378,#5379,#5380,#5381,
#5382,#5383,#5384,#5385,#5386,#5387,#5388,#5389,#5390,#5391,#5392,#5393,
#5394,#5395,#5396,#5397,#5398,#5399,#5400)),.UNSPECIFIED.,.F.,.T.,.F.,(4,
1,4),(4,1,1,1,1,1,1,1,1,1,1,1,1,1,1,1,1,1,1,1,1,4),(0.,0.571428571428571,
1.),(-3.14159265358979,-3.02939291596159,-2.91719317833338,-2.69279370307697,
-2.24399475256414,-1.34639685153848,-1.0471975511966,-0.747998250854713,
-0.448798950512828,-0.299199300341885,-0.149599650170943,2.77555756156289E-17,
0.149599650170943,0.299199300341885,0.448798950512828,0.897597901025655,
1.34639685153848,2.24399475256414,2.69279370307697,2.91719317833338,3.02939291596159,
3.14159265358979),.UNSPECIFIED.);
#491=B_SPLINE_SURFACE_WITH_KNOTS('',3,1,((#5452,#5453),(#5454,#5455),(#5456,
#5457),(#5458,#5459),(#5460,#5461),(#5462,#5463),(#5464,#5465),(#5466,#5467),
(#5468,#5469),(#5470,#5471),(#5472,#5473),(#5474,#5475),(#5476,#5477),(#5478,
#5479),(#5480,#5481),(#5482,#5483),(#5484,#5485),(#5486,#5487),(#5488,#5489),
(#5490,#5491),(#5492,#5493),(#5494,#5495),(#5496,#5497),(#5498,#5499),(#5500,
#5501),(#5502,#5503),(#5504,#5505),(#5506,#5507)),.UNSPECIFIED.,.T.,.F.,
 .F.,(4,3,3,3,3,3,3,3,3,4),(2,2),(-3.14159265358979,-2.44172724473557,-1.67187862340132,
-0.931866478737455,-0.221767527735273,0.519329255694138,1.27099384228553,
2.03768296854747,2.74467002840528,3.14159265358979),(0.,0.5),
 .UNSPECIFIED.);
#492=B_SPLINE_SURFACE_WITH_KNOTS('',3,3,((#5539,#5540,#5541,#5542,#5543,
#5544,#5545),(#5546,#5547,#5548,#5549,#5550,#5551,#5552),(#5553,#5554,#5555,
#5556,#5557,#5558,#5559),(#5560,#5561,#5562,#5563,#5564,#5565,#5566),(#5567,
#5568,#5569,#5570,#5571,#5572,#5573)),.UNSPECIFIED.,.F.,.F.,.F.,(4,1,4),
(4,1,1,1,4),(0.,0.571428571428571,1.),(0.35826818451995,0.785968499535003,
0.99981865704253,1.42751897205758,1.85521928707264),.UNSPECIFIED.);
#493=B_SPLINE_SURFACE_WITH_KNOTS('',3,3,((#5729,#5730,#5731,#5732),(#5733,
#5734,#5735,#5736),(#5737,#5738,#5739,#5740),(#5741,#5742,#5743,#5744),
(#5745,#5746,#5747,#5748)),.UNSPECIFIED.,.F.,.F.,.F.,(4,1,4),(4,4),(0.,
0.571428571428571,1.),(1.03036985874276,2.09202173935189),.UNSPECIFIED.);
#494=B_SPLINE_SURFACE_WITH_KNOTS('',3,3,((#5827,#5828,#5829,#5830,#5831),
(#5832,#5833,#5834,#5835,#5836),(#5837,#5838,#5839,#5840,#5841),(#5842,
#5843,#5844,#5845,#5846),(#5847,#5848,#5849,#5850,#5851)),.UNSPECIFIED.,
 .F.,.F.,.F.,(4,1,4),(4,1,4),(0.,0.571428571428571,1.),(0.394303122082545,
0.799190874882155,1.3390412119483),.UNSPECIFIED.);
#495=B_SPLINE_SURFACE_WITH_KNOTS('',3,3,((#6201,#6202,#6203,#6204,#6205,
#6206,#6207),(#6208,#6209,#6210,#6211,#6212,#6213,#6214),(#6215,#6216,#6217,
#6218,#6219,#6220,#6221),(#6222,#6223,#6224,#6225,#6226,#6227,#6228)),
 .UNSPECIFIED.,.F.,.F.,.F.,(4,4),(4,1,1,1,4),(0.,1.),(9.56166930197456,
9.88943326490677,10.217197227839,10.8727251537034,11.8560170425001),
 .UNSPECIFIED.);
#496=B_SPLINE_SURFACE_WITH_KNOTS('',3,3,((#6461,#6462,#6463,#6464,#6465),
(#6466,#6467,#6468,#6469,#6470),(#6471,#6472,#6473,#6474,#6475),(#6476,
#6477,#6478,#6479,#6480)),.UNSPECIFIED.,.F.,.F.,.F.,(4,4),(4,1,4),(0.,1.),
(4.30321192899985,5.00950976159527,5.95124020505584),.UNSPECIFIED.);
#497=B_SPLINE_SURFACE_WITH_KNOTS('',3,3,((#6515,#6516,#6517,#6518),(#6519,
#6520,#6521,#6522),(#6523,#6524,#6525,#6526),(#6527,#6528,#6529,#6530)),
 .UNSPECIFIED.,.F.,.F.,.F.,(4,4),(4,4),(0.,1.),(8.83989914179124E-14,0.356555602045902),
 .UNSPECIFIED.);
#498=B_SPLINE_SURFACE_WITH_KNOTS('',3,3,((#6994,#6995,#6996,#6997),(#6998,
#6999,#7000,#7001),(#7002,#7003,#7004,#7005),(#7006,#7007,#7008,#7009)),
 .UNSPECIFIED.,.F.,.F.,.F.,(4,4),(4,4),(0.,1.),(0.,0.356557645881606),
 .UNSPECIFIED.);
#499=B_SPLINE_SURFACE_WITH_KNOTS('',3,3,((#7021,#7022,#7023,#7024,#7025),
(#7026,#7027,#7028,#7029,#7030),(#7031,#7032,#7033,#7034,#7035),(#7036,
#7037,#7038,#7039,#7040)),.UNSPECIFIED.,.F.,.F.,.F.,(4,4),(4,1,4),(0.,1.),
(0.,0.708667640665928,1.6535578282205),.UNSPECIFIED.);
#500=B_SPLINE_SURFACE_WITH_KNOTS('',3,3,((#7565,#7566,#7567,#7568),(#7569,
#7570,#7571,#7572),(#7573,#7574,#7575,#7576),(#7577,#7578,#7579,#7580)),
 .UNSPECIFIED.,.F.,.F.,.F.,(4,4),(4,4),(0.,1.),(12.8518351253157,13.1626172931621),
 .UNSPECIFIED.);
#501=B_SPLINE_SURFACE_WITH_KNOTS('',3,3,((#7595,#7596,#7597,#7598,#7599,
#7600,#7601),(#7602,#7603,#7604,#7605,#7606,#7607,#7608),(#7609,#7610,#7611,
#7612,#7613,#7614,#7615),(#7616,#7617,#7618,#7619,#7620,#7621,#7622)),
 .UNSPECIFIED.,.F.,.F.,.F.,(4,4),(4,1,1,1,4),(0.,1.),(10.7719947882235,
11.7507434839143,12.4032426143749,12.7294921796051,13.0557417448354),
 .UNSPECIFIED.);
#502=B_SPLINE_SURFACE_WITH_KNOTS('',3,3,((#7634,#7635,#7636,#7637),(#7638,
#7639,#7640,#7641),(#7642,#7643,#7644,#7645),(#7646,#7647,#7648,#7649)),
 .UNSPECIFIED.,.F.,.F.,.F.,(4,4),(4,4),(0.,1.),(9.45659240712,9.76514477267933),
 .UNSPECIFIED.);
#503=B_SPLINE_SURFACE_WITH_KNOTS('',3,3,((#7753,#7754,#7755,#7756),(#7757,
#7758,#7759,#7760),(#7761,#7762,#7763,#7764),(#7765,#7766,#7767,#7768),
(#7769,#7770,#7771,#7772)),.UNSPECIFIED.,.F.,.F.,.F.,(4,1,4),(4,4),(0.,
0.571428571428571,1.),(-0.505944236244635,-0.407429700244466),
 .UNSPECIFIED.);
#504=B_SPLINE_SURFACE_WITH_KNOTS('',3,3,((#7823,#7824,#7825,#7826),(#7827,
#7828,#7829,#7830),(#7831,#7832,#7833,#7834),(#7835,#7836,#7837,#7838),
(#7839,#7840,#7841,#7842)),.UNSPECIFIED.,.F.,.F.,.F.,(4,1,4),(4,4),(0.,
0.571428571428571,1.),(-0.0890547836136376,0.),.UNSPECIFIED.);
#505=B_SPLINE_SURFACE_WITH_KNOTS('',3,3,((#7962,#7963,#7964,#7965),(#7966,
#7967,#7968,#7969),(#7970,#7971,#7972,#7973),(#7974,#7975,#7976,#7977),
(#7978,#7979,#7980,#7981)),.UNSPECIFIED.,.F.,.F.,.F.,(4,1,4),(4,4),(0.,
0.571428571428571,1.),(-3.78370291647646,-3.69467584225697),
 .UNSPECIFIED.);
#506=B_SPLINE_SURFACE_WITH_KNOTS('',3,3,((#8023,#8024,#8025,#8026),(#8027,
#8028,#8029,#8030),(#8031,#8032,#8033,#8034),(#8035,#8036,#8037,#8038),
(#8039,#8040,#8041,#8042)),.UNSPECIFIED.,.F.,.F.,.F.,(4,1,4),(4,4),(0.,
0.571428571428571,1.),(-0.0980357775209295,0.),.UNSPECIFIED.);
#507=B_SPLINE_SURFACE_WITH_KNOTS('',3,3,((#8188,#8189,#8190,#8191,#8192,
#8193,#8194),(#8195,#8196,#8197,#8198,#8199,#8200,#8201),(#8202,#8203,#8204,
#8205,#8206,#8207,#8208),(#8209,#8210,#8211,#8212,#8213,#8214,#8215)),
 .UNSPECIFIED.,.F.,.F.,.F.,(4,4),(4,1,1,1,4),(0.,1.),(29.4066756574562,
30.3228968020212,30.7810073743037,31.6972285188687,32.6134496634337),
 .UNSPECIFIED.);
#508=B_SPLINE_SURFACE_WITH_KNOTS('',3,3,((#8249,#8250,#8251,#8252),(#8253,
#8254,#8255,#8256),(#8257,#8258,#8259,#8260),(#8261,#8262,#8263,#8264)),
 .UNSPECIFIED.,.F.,.F.,.F.,(4,4),(4,4),(0.502561261847331,1.),(29.7269384645807,
30.0245964245555),.UNSPECIFIED.);
#509=B_SPLINE_SURFACE_WITH_KNOTS('',3,3,((#8269,#8270,#8271,#8272,#8273,
#8274,#8275,#8276,#8277,#8278,#8279,#8280),(#8281,#8282,#8283,#8284,#8285,
#8286,#8287,#8288,#8289,#8290,#8291,#8292),(#8293,#8294,#8295,#8296,#8297,
#8298,#8299,#8300,#8301,#8302,#8303,#8304),(#8305,#8306,#8307,#8308,#8309,
#8310,#8311,#8312,#8313,#8314,#8315,#8316),(#8317,#8318,#8319,#8320,#8321,
#8322,#8323,#8324,#8325,#8326,#8327,#8328)),.UNSPECIFIED.,.F.,.F.,.F.,(4,
1,4),(4,1,1,1,1,1,1,2,4),(0.,0.571428571428571,1.),(0.,0.0586478428133455,
0.117295685626691,0.175943528440037,0.205267449846709,0.234591371253382,
0.263915292660055,0.293239214066728,0.294077957862958),.UNSPECIFIED.);
#510=B_SPLINE_SURFACE_WITH_KNOTS('',3,3,((#8356,#8357,#8358,#8359,#8360,
#8361,#8362,#8363,#8364,#8365,#8366,#8367),(#8368,#8369,#8370,#8371,#8372,
#8373,#8374,#8375,#8376,#8377,#8378,#8379),(#8380,#8381,#8382,#8383,#8384,
#8385,#8386,#8387,#8388,#8389,#8390,#8391),(#8392,#8393,#8394,#8395,#8396,
#8397,#8398,#8399,#8400,#8401,#8402,#8403),(#8404,#8405,#8406,#8407,#8408,
#8409,#8410,#8411,#8412,#8413,#8414,#8415)),.UNSPECIFIED.,.F.,.F.,.F.,(4,
1,4),(4,1,1,1,1,1,1,2,4),(0.,0.571428571428571,1.),(4.48656504234841E-17,
0.0585476150110474,0.087821422516571,0.117095230022095,0.146369037527618,
0.175642845033142,0.234190460044189,0.292738075055237,0.293584515570439),
 .UNSPECIFIED.);
#511=B_SPLINE_SURFACE_WITH_KNOTS('',3,3,((#8507,#8508,#8509,#8510),(#8511,
#8512,#8513,#8514),(#8515,#8516,#8517,#8518),(#8519,#8520,#8521,#8522)),
 .UNSPECIFIED.,.F.,.F.,.F.,(4,4),(4,4),(0.502561265165116,1.),(35.2201187638297,
35.517748365107),.UNSPECIFIED.);
#512=B_SPLINE_SURFACE_WITH_KNOTS('',3,3,((#8523,#8524,#8525,#8526,#8527,
#8528),(#8529,#8530,#8531,#8532,#8533,#8534),(#8535,#8536,#8537,#8538,#8539,
#8540),(#8541,#8542,#8543,#8544,#8545,#8546)),.UNSPECIFIED.,.F.,.F.,.F.,
(4,4),(4,1,1,4),(0.,1.),(32.631341269408,34.0057307229973,34.9219903587235,
35.8382499944496),.UNSPECIFIED.);
#513=B_SPLINE_SURFACE_WITH_KNOTS('',3,3,((#8560,#8561,#8562,#8563,#8564,
#8565,#8566,#8567,#8568,#8569,#8570,#8571,#8572),(#8573,#8574,#8575,#8576,
#8577,#8578,#8579,#8580,#8581,#8582,#8583,#8584,#8585),(#8586,#8587,#8588,
#8589,#8590,#8591,#8592,#8593,#8594,#8595,#8596,#8597,#8598),(#8599,#8600,
#8601,#8602,#8603,#8604,#8605,#8606,#8607,#8608,#8609,#8610,#8611),(#8612,
#8613,#8614,#8615,#8616,#8617,#8618,#8619,#8620,#8621,#8622,#8623,#8624),
(#8625,#8626,#8627,#8628,#8629,#8630,#8631,#8632,#8633,#8634,#8635,#8636,
#8637)),.UNSPECIFIED.,.F.,.F.,.F.,(4,1,1,4),(4,1,1,1,1,1,1,1,2,4),(0.,0.285714285714286,
0.571428571428571,1.),(-1.04018929298155,-0.936170363683397,-0.832151434385242,
-0.624113575788931,-0.416075717192621,-0.312056787894466,-0.208037858596311,
-0.104018929298155,0.,0.00163858187875715),.UNSPECIFIED.);
#514=B_SPLINE_SURFACE_WITH_KNOTS('',3,3,((#8675,#8676,#8677,#8678,#8679,
#8680,#8681,#8682,#8683,#8684,#8685,#8686,#8687),(#8688,#8689,#8690,#8691,
#8692,#8693,#8694,#8695,#8696,#8697,#8698,#8699,#8700),(#8701,#8702,#8703,
#8704,#8705,#8706,#8707,#8708,#8709,#8710,#8711,#8712,#8713),(#8714,#8715,
#8716,#8717,#8718,#8719,#8720,#8721,#8722,#8723,#8724,#8725,#8726),(#8727,
#8728,#8729,#8730,#8731,#8732,#8733,#8734,#8735,#8736,#8737,#8738,#8739),
(#8740,#8741,#8742,#8743,#8744,#8745,#8746,#8747,#8748,#8749,#8750,#8751,
#8752)),.UNSPECIFIED.,.F.,.F.,.F.,(4,1,1,4),(4,1,1,1,1,1,1,1,2,4),(0.,0.285714285714286,
0.571428571428571,1.),(0.,0.104020309387041,0.208040618774083,0.312060928161124,
0.416081237548165,0.520101546935207,0.624121856322248,0.832162475096331,
1.04020309387041,1.04182464439388),.UNSPECIFIED.);
#515=B_SPLINE_SURFACE_WITH_KNOTS('',3,3,((#8790,#8791,#8792,#8793,#8794,
#8795,#8796,#8797,#8798,#8799),(#8800,#8801,#8802,#8803,#8804,#8805,#8806,
#8807,#8808,#8809),(#8810,#8811,#8812,#8813,#8814,#8815,#8816,#8817,#8818,
#8819),(#8820,#8821,#8822,#8823,#8824,#8825,#8826,#8827,#8828,#8829),(#8830,
#8831,#8832,#8833,#8834,#8835,#8836,#8837,#8838,#8839)),.UNSPECIFIED.,.F.,
 .F.,.F.,(4,1,4),(4,2,1,1,1,1,4),(0.,0.571428571428571,1.),(-0.249575804979649,
-0.248631922305258,-0.198905537844207,-0.0994527689221034,-0.0497263844610517,
-0.0248631922305259,0.),.UNSPECIFIED.);
#516=B_SPLINE_SURFACE_WITH_KNOTS('',3,3,((#8867,#8868,#8869,#8870,#8871,
#8872,#8873,#8874,#8875,#8876,#8877,#8878,#8879,#8880,#8881),(#8882,#8883,
#8884,#8885,#8886,#8887,#8888,#8889,#8890,#8891,#8892,#8893,#8894,#8895,
#8896),(#8897,#8898,#8899,#8900,#8901,#8902,#8903,#8904,#8905,#8906,#8907,
#8908,#8909,#8910,#8911),(#8912,#8913,#8914,#8915,#8916,#8917,#8918,#8919,
#8920,#8921,#8922,#8923,#8924,#8925,#8926),(#8927,#8928,#8929,#8930,#8931,
#8932,#8933,#8934,#8935,#8936,#8937,#8938,#8939,#8940,#8941)),
 .UNSPECIFIED.,.F.,.F.,.F.,(4,1,4),(4,2,1,1,1,1,1,1,1,1,1,4),(0.,0.571428571428571,
1.),(-1.06434191030561,-1.06259492825995,-0.956335435433958,-0.850075942607963,
-0.743816449781967,-0.637556956955972,-0.531297464129977,-0.425037971303981,
-0.318778478477986,-0.212518985651991,-0.106259492825995,0.),
 .UNSPECIFIED.);
#517=B_SPLINE_SURFACE_WITH_KNOTS('',3,3,((#9023,#9024,#9025,#9026,#9027,
#9028,#9029,#9030,#9031,#9032),(#9033,#9034,#9035,#9036,#9037,#9038,#9039,
#9040,#9041,#9042),(#9043,#9044,#9045,#9046,#9047,#9048,#9049,#9050,#9051,
#9052),(#9053,#9054,#9055,#9056,#9057,#9058,#9059,#9060,#9061,#9062),(#9063,
#9064,#9065,#9066,#9067,#9068,#9069,#9070,#9071,#9072)),.UNSPECIFIED.,.F.,
 .F.,.F.,(4,1,4),(4,2,1,1,1,1,4),(0.,0.571428571428571,1.),(-0.000943603560982906,
0.,0.0497264408959721,0.149179322687916,0.198905763583888,0.223768984031874,
0.248632204479861),.UNSPECIFIED.);
#518=B_SPLINE_SURFACE_WITH_KNOTS('',3,3,((#9100,#9101,#9102,#9103,#9104,
#9105,#9106,#9107,#9108,#9109,#9110),(#9111,#9112,#9113,#9114,#9115,#9116,
#9117,#9118,#9119,#9120,#9121),(#9122,#9123,#9124,#9125,#9126,#9127,#9128,
#9129,#9130,#9131,#9132),(#9133,#9134,#9135,#9136,#9137,#9138,#9139,#9140,
#9141,#9142,#9143),(#9144,#9145,#9146,#9147,#9148,#9149,#9150,#9151,#9152,
#9153,#9154)),.UNSPECIFIED.,.F.,.F.,.F.,(4,1,4),(4,2,1,1,1,1,1,4),(0.,0.571428571428571,
1.),(-0.00173854950903944,0.,0.212519941069958,0.637559823209873,0.743819793744852,
0.850079764279831,0.95633973481481,1.06259970534979),.UNSPECIFIED.);
#519=B_SPLINE_SURFACE_WITH_KNOTS('',3,3,((#9230,#9231,#9232,#9233,#9234),
(#9235,#9236,#9237,#9238,#9239),(#9240,#9241,#9242,#9243,#9244),(#9245,
#9246,#9247,#9248,#9249),(#9250,#9251,#9252,#9253,#9254)),.UNSPECIFIED.,
 .F.,.F.,.F.,(4,1,4),(4,1,4),(0.,0.571428571428571,1.),(-2.57553725505551,
-1.57948203797797,-0.251408415207921),.UNSPECIFIED.);
#520=B_SPLINE_SURFACE_WITH_KNOTS('',3,3,((#9288,#9289,#9290,#9291,#9292,
#9293,#9294,#9295,#9296,#9297),(#9298,#9299,#9300,#9301,#9302,#9303,#9304,
#9305,#9306,#9307),(#9308,#9309,#9310,#9311,#9312,#9313,#9314,#9315,#9316,
#9317),(#9318,#9319,#9320,#9321,#9322,#9323,#9324,#9325,#9326,#9327)),
 .UNSPECIFIED.,.F.,.F.,.F.,(4,4),(4,1,1,1,1,1,1,4),(0.,1.),(-2.36938376395918,
-1.91471443657487,-1.61160155165199,-1.46004510919055,-1.38426688795983,
-1.34637777734447,-1.32743322203679,-1.30848866672911),.UNSPECIFIED.);
#521=B_SPLINE_SURFACE_WITH_KNOTS('',3,3,((#9334,#9335,#9336,#9337),(#9338,
#9339,#9340,#9341),(#9342,#9343,#9344,#9345),(#9346,#9347,#9348,#9349)),
 .UNSPECIFIED.,.F.,.F.,.F.,(4,4),(4,4),(0.,1.),(-0.903815936995221,-0.200160450574505),
 .UNSPECIFIED.);
#522=B_SPLINE_SURFACE_WITH_KNOTS('',3,3,((#9370,#9371,#9372,#9373,#9374,
#9375),(#9376,#9377,#9378,#9379,#9380,#9381),(#9382,#9383,#9384,#9385,#9386,
#9387),(#9388,#9389,#9390,#9391,#9392,#9393)),.UNSPECIFIED.,.F.,.F.,.F.,
(4,4),(4,2,4),(0.,1.),(-0.00133861501460381,0.,0.220187959167651),
 .UNSPECIFIED.);
#523=FACE_OUTER_BOUND('',#745,.T.);
#524=FACE_OUTER_BOUND('',#746,.T.);
#525=FACE_OUTER_BOUND('',#747,.T.);
#526=FACE_OUTER_BOUND('',#748,.T.);
#527=FACE_OUTER_BOUND('',#749,.T.);
#528=FACE_OUTER_BOUND('',#750,.T.);
#529=FACE_OUTER_BOUND('',#751,.T.);
#530=FACE_OUTER_BOUND('',#752,.T.);
#531=FACE_OUTER_BOUND('',#753,.T.);
#532=FACE_OUTER_BOUND('',#754,.T.);
#533=FACE_OUTER_BOUND('',#755,.T.);
#534=FACE_OUTER_BOUND('',#756,.T.);
#535=FACE_OUTER_BOUND('',#757,.T.);
#536=FACE_OUTER_BOUND('',#758,.T.);
#537=FACE_OUTER_BOUND('',#759,.T.);
#538=FACE_OUTER_BOUND('',#760,.T.);
#539=FACE_OUTER_BOUND('',#761,.T.);
#540=FACE_OUTER_BOUND('',#762,.T.);
#541=FACE_OUTER_BOUND('',#763,.T.);
#542=FACE_OUTER_BOUND('',#764,.T.);
#543=FACE_OUTER_BOUND('',#765,.T.);
#544=FACE_OUTER_BOUND('',#766,.T.);
#545=FACE_OUTER_BOUND('',#767,.T.);
#546=FACE_OUTER_BOUND('',#768,.T.);
#547=FACE_OUTER_BOUND('',#769,.T.);
#548=FACE_OUTER_BOUND('',#770,.T.);
#549=FACE_OUTER_BOUND('',#771,.T.);
#550=FACE_OUTER_BOUND('',#772,.T.);
#551=FACE_OUTER_BOUND('',#773,.T.);
#552=FACE_OUTER_BOUND('',#774,.T.);
#553=FACE_OUTER_BOUND('',#775,.T.);
#554=FACE_OUTER_BOUND('',#776,.T.);
#555=FACE_OUTER_BOUND('',#777,.T.);
#556=FACE_OUTER_BOUND('',#778,.T.);
#557=FACE_OUTER_BOUND('',#779,.T.);
#558=FACE_OUTER_BOUND('',#780,.T.);
#559=FACE_OUTER_BOUND('',#781,.T.);
#560=FACE_OUTER_BOUND('',#782,.T.);
#561=FACE_OUTER_BOUND('',#783,.T.);
#562=FACE_OUTER_BOUND('',#784,.T.);
#563=FACE_OUTER_BOUND('',#785,.T.);
#564=FACE_OUTER_BOUND('',#786,.T.);
#565=FACE_OUTER_BOUND('',#787,.T.);
#566=FACE_OUTER_BOUND('',#788,.T.);
#567=FACE_OUTER_BOUND('',#789,.T.);
#568=FACE_OUTER_BOUND('',#790,.T.);
#569=FACE_OUTER_BOUND('',#791,.T.);
#570=FACE_OUTER_BOUND('',#792,.T.);
#571=FACE_OUTER_BOUND('',#793,.T.);
#572=FACE_OUTER_BOUND('',#794,.T.);
#573=FACE_OUTER_BOUND('',#795,.T.);
#574=FACE_OUTER_BOUND('',#796,.T.);
#575=FACE_OUTER_BOUND('',#797,.T.);
#576=FACE_OUTER_BOUND('',#798,.T.);
#577=FACE_OUTER_BOUND('',#799,.T.);
#578=FACE_OUTER_BOUND('',#800,.T.);
#579=FACE_OUTER_BOUND('',#801,.T.);
#580=FACE_OUTER_BOUND('',#802,.T.);
#581=FACE_OUTER_BOUND('',#803,.T.);
#582=FACE_OUTER_BOUND('',#804,.T.);
#583=FACE_OUTER_BOUND('',#805,.T.);
#584=FACE_OUTER_BOUND('',#806,.T.);
#585=FACE_OUTER_BOUND('',#807,.T.);
#586=FACE_OUTER_BOUND('',#808,.T.);
#587=FACE_OUTER_BOUND('',#809,.T.);
#588=FACE_OUTER_BOUND('',#810,.T.);
#589=FACE_OUTER_BOUND('',#811,.T.);
#590=FACE_OUTER_BOUND('',#812,.T.);
#591=FACE_OUTER_BOUND('',#813,.T.);
#592=FACE_OUTER_BOUND('',#814,.T.);
#593=FACE_OUTER_BOUND('',#822,.T.);
#594=FACE_OUTER_BOUND('',#824,.T.);
#595=FACE_OUTER_BOUND('',#825,.T.);
#596=FACE_OUTER_BOUND('',#826,.T.);
#597=FACE_OUTER_BOUND('',#827,.T.);
#598=FACE_OUTER_BOUND('',#828,.T.);
#599=FACE_OUTER_BOUND('',#829,.T.);
#600=FACE_OUTER_BOUND('',#830,.T.);
#601=FACE_OUTER_BOUND('',#831,.T.);
#602=FACE_OUTER_BOUND('',#832,.T.);
#603=FACE_OUTER_BOUND('',#833,.T.);
#604=FACE_OUTER_BOUND('',#834,.T.);
#605=FACE_OUTER_BOUND('',#835,.T.);
#606=FACE_OUTER_BOUND('',#836,.T.);
#607=FACE_OUTER_BOUND('',#837,.T.);
#608=FACE_OUTER_BOUND('',#840,.T.);
#609=FACE_OUTER_BOUND('',#841,.T.);
#610=FACE_OUTER_BOUND('',#842,.T.);
#611=FACE_OUTER_BOUND('',#843,.T.);
#612=FACE_OUTER_BOUND('',#846,.T.);
#613=FACE_OUTER_BOUND('',#847,.T.);
#614=FACE_OUTER_BOUND('',#848,.T.);
#615=FACE_OUTER_BOUND('',#849,.T.);
#616=FACE_OUTER_BOUND('',#850,.T.);
#617=FACE_OUTER_BOUND('',#851,.T.);
#618=FACE_OUTER_BOUND('',#852,.T.);
#619=FACE_OUTER_BOUND('',#853,.T.);
#620=FACE_OUTER_BOUND('',#854,.T.);
#621=FACE_OUTER_BOUND('',#855,.T.);
#622=FACE_OUTER_BOUND('',#856,.T.);
#623=FACE_OUTER_BOUND('',#857,.T.);
#624=FACE_OUTER_BOUND('',#858,.T.);
#625=FACE_OUTER_BOUND('',#859,.T.);
#626=FACE_OUTER_BOUND('',#860,.T.);
#627=FACE_OUTER_BOUND('',#861,.T.);
#628=FACE_OUTER_BOUND('',#862,.T.);
#629=FACE_OUTER_BOUND('',#863,.T.);
#630=FACE_OUTER_BOUND('',#864,.T.);
#631=FACE_OUTER_BOUND('',#865,.T.);
#632=FACE_OUTER_BOUND('',#866,.T.);
#633=FACE_OUTER_BOUND('',#867,.T.);
#634=FACE_OUTER_BOUND('',#868,.T.);
#635=FACE_OUTER_BOUND('',#869,.T.);
#636=FACE_OUTER_BOUND('',#870,.T.);
#637=FACE_OUTER_BOUND('',#871,.T.);
#638=FACE_OUTER_BOUND('',#872,.T.);
#639=FACE_OUTER_BOUND('',#873,.T.);
#640=FACE_OUTER_BOUND('',#874,.T.);
#641=FACE_OUTER_BOUND('',#875,.T.);
#642=FACE_OUTER_BOUND('',#876,.T.);
#643=FACE_OUTER_BOUND('',#877,.T.);
#644=FACE_OUTER_BOUND('',#878,.T.);
#645=FACE_OUTER_BOUND('',#879,.T.);
#646=FACE_OUTER_BOUND('',#880,.T.);
#647=FACE_OUTER_BOUND('',#881,.T.);
#648=FACE_OUTER_BOUND('',#882,.T.);
#649=FACE_OUTER_BOUND('',#883,.T.);
#650=FACE_OUTER_BOUND('',#884,.T.);
#651=FACE_OUTER_BOUND('',#885,.T.);
#652=FACE_OUTER_BOUND('',#886,.T.);
#653=FACE_OUTER_BOUND('',#887,.T.);
#654=FACE_OUTER_BOUND('',#888,.T.);
#655=FACE_OUTER_BOUND('',#889,.T.);
#656=FACE_OUTER_BOUND('',#890,.T.);
#657=FACE_OUTER_BOUND('',#891,.T.);
#658=FACE_OUTER_BOUND('',#892,.T.);
#659=FACE_OUTER_BOUND('',#893,.T.);
#660=FACE_OUTER_BOUND('',#894,.T.);
#661=FACE_OUTER_BOUND('',#895,.T.);
#662=FACE_OUTER_BOUND('',#896,.T.);
#663=FACE_OUTER_BOUND('',#897,.T.);
#664=FACE_OUTER_BOUND('',#898,.T.);
#665=FACE_OUTER_BOUND('',#899,.T.);
#666=FACE_OUTER_BOUND('',#900,.T.);
#667=FACE_OUTER_BOUND('',#901,.T.);
#668=FACE_OUTER_BOUND('',#903,.T.);
#669=FACE_OUTER_BOUND('',#904,.T.);
#670=FACE_OUTER_BOUND('',#905,.T.);
#671=FACE_OUTER_BOUND('',#906,.T.);
#672=FACE_OUTER_BOUND('',#907,.T.);
#673=FACE_OUTER_BOUND('',#909,.T.);
#674=FACE_OUTER_BOUND('',#910,.T.);
#675=FACE_OUTER_BOUND('',#911,.T.);
#676=FACE_OUTER_BOUND('',#912,.T.);
#677=FACE_OUTER_BOUND('',#913,.T.);
#678=FACE_OUTER_BOUND('',#914,.T.);
#679=FACE_OUTER_BOUND('',#915,.T.);
#680=FACE_OUTER_BOUND('',#916,.T.);
#681=FACE_OUTER_BOUND('',#917,.T.);
#682=FACE_OUTER_BOUND('',#918,.T.);
#683=FACE_OUTER_BOUND('',#919,.T.);
#684=FACE_OUTER_BOUND('',#920,.T.);
#685=FACE_OUTER_BOUND('',#921,.T.);
#686=FACE_OUTER_BOUND('',#922,.T.);
#687=FACE_OUTER_BOUND('',#923,.T.);
#688=FACE_OUTER_BOUND('',#924,.T.);
#689=FACE_OUTER_BOUND('',#925,.T.);
#690=FACE_OUTER_BOUND('',#926,.T.);
#691=FACE_OUTER_BOUND('',#927,.T.);
#692=FACE_OUTER_BOUND('',#928,.T.);
#693=FACE_OUTER_BOUND('',#929,.T.);
#694=FACE_OUTER_BOUND('',#930,.T.);
#695=FACE_OUTER_BOUND('',#931,.T.);
#696=FACE_OUTER_BOUND('',#932,.T.);
#697=FACE_OUTER_BOUND('',#933,.T.);
#698=FACE_OUTER_BOUND('',#934,.T.);
#699=FACE_OUTER_BOUND('',#935,.T.);
#700=FACE_OUTER_BOUND('',#936,.T.);
#701=FACE_OUTER_BOUND('',#937,.T.);
#702=FACE_OUTER_BOUND('',#938,.T.);
#703=FACE_OUTER_BOUND('',#939,.T.);
#704=FACE_OUTER_BOUND('',#940,.T.);
#705=FACE_OUTER_BOUND('',#941,.T.);
#706=FACE_OUTER_BOUND('',#942,.T.);
#707=FACE_OUTER_BOUND('',#943,.T.);
#708=FACE_OUTER_BOUND('',#944,.T.);
#709=FACE_OUTER_BOUND('',#945,.T.);
#710=FACE_OUTER_BOUND('',#946,.T.);
#711=FACE_OUTER_BOUND('',#947,.T.);
#712=FACE_OUTER_BOUND('',#948,.T.);
#713=FACE_OUTER_BOUND('',#949,.T.);
#714=FACE_OUTER_BOUND('',#950,.T.);
#715=FACE_OUTER_BOUND('',#951,.T.);
#716=FACE_OUTER_BOUND('',#952,.T.);
#717=FACE_OUTER_BOUND('',#953,.T.);
#718=FACE_OUTER_BOUND('',#954,.T.);
#719=FACE_OUTER_BOUND('',#955,.T.);
#720=FACE_OUTER_BOUND('',#956,.T.);
#721=FACE_OUTER_BOUND('',#957,.T.);
#722=FACE_OUTER_BOUND('',#958,.T.);
#723=FACE_OUTER_BOUND('',#959,.T.);
#724=FACE_OUTER_BOUND('',#960,.T.);
#725=FACE_OUTER_BOUND('',#961,.T.);
#726=FACE_OUTER_BOUND('',#962,.T.);
#727=FACE_OUTER_BOUND('',#963,.T.);
#728=FACE_OUTER_BOUND('',#964,.T.);
#729=FACE_OUTER_BOUND('',#965,.T.);
#730=FACE_OUTER_BOUND('',#966,.T.);
#731=FACE_OUTER_BOUND('',#967,.T.);
#732=FACE_OUTER_BOUND('',#968,.T.);
#733=FACE_OUTER_BOUND('',#969,.T.);
#734=FACE_OUTER_BOUND('',#970,.T.);
#735=FACE_OUTER_BOUND('',#971,.T.);
#736=FACE_OUTER_BOUND('',#972,.T.);
#737=FACE_OUTER_BOUND('',#973,.T.);
#738=FACE_OUTER_BOUND('',#974,.T.);
#739=FACE_OUTER_BOUND('',#975,.T.);
#740=FACE_OUTER_BOUND('',#976,.T.);
#741=FACE_OUTER_BOUND('',#977,.T.);
#742=FACE_OUTER_BOUND('',#978,.T.);
#743=FACE_OUTER_BOUND('',#979,.T.);
#744=FACE_OUTER_BOUND('',#980,.T.);
#745=EDGE_LOOP('',(#2258,#2259,#2260,#2261));
#746=EDGE_LOOP('',(#2262,#2263,#2264,#2265));
#747=EDGE_LOOP('',(#2266,#2267,#2268,#2269));
#748=EDGE_LOOP('',(#2270,#2271,#2272,#2273));
#749=EDGE_LOOP('',(#2274,#2275,#2276,#2277));
#750=EDGE_LOOP('',(#2278,#2279,#2280,#2281));
#751=EDGE_LOOP('',(#2282,#2283,#2284,#2285));
#752=EDGE_LOOP('',(#2286,#2287,#2288,#2289));
#753=EDGE_LOOP('',(#2290,#2291,#2292,#2293,#2294));
#754=EDGE_LOOP('',(#2295,#2296,#2297,#2298,#2299));
#755=EDGE_LOOP('',(#2300,#2301,#2302,#2303));
#756=EDGE_LOOP('',(#2304,#2305,#2306,#2307));
#757=EDGE_LOOP('',(#2308,#2309,#2310));
#758=EDGE_LOOP('',(#2311,#2312,#2313,#2314));
#759=EDGE_LOOP('',(#2315,#2316,#2317,#2318));
#760=EDGE_LOOP('',(#2319,#2320,#2321,#2322));
#761=EDGE_LOOP('',(#2323,#2324,#2325,#2326,#2327,#2328,#2329));
#762=EDGE_LOOP('',(#2330,#2331,#2332,#2333,#2334));
#763=EDGE_LOOP('',(#2335,#2336,#2337,#2338));
#764=EDGE_LOOP('',(#2339,#2340,#2341,#2342));
#765=EDGE_LOOP('',(#2343,#2344,#2345));
#766=EDGE_LOOP('',(#2346,#2347,#2348,#2349));
#767=EDGE_LOOP('',(#2350,#2351,#2352,#2353));
#768=EDGE_LOOP('',(#2354));
#769=EDGE_LOOP('',(#2355,#2356,#2357,#2358));
#770=EDGE_LOOP('',(#2359,#2360,#2361,#2362));
#771=EDGE_LOOP('',(#2363,#2364,#2365,#2366));
#772=EDGE_LOOP('',(#2367,#2368,#2369,#2370));
#773=EDGE_LOOP('',(#2371,#2372,#2373,#2374));
#774=EDGE_LOOP('',(#2375,#2376,#2377,#2378));
#775=EDGE_LOOP('',(#2379,#2380,#2381,#2382));
#776=EDGE_LOOP('',(#2383,#2384,#2385,#2386));
#777=EDGE_LOOP('',(#2387,#2388,#2389,#2390,#2391));
#778=EDGE_LOOP('',(#2392,#2393,#2394,#2395));
#779=EDGE_LOOP('',(#2396,#2397,#2398,#2399));
#780=EDGE_LOOP('',(#2400,#2401,#2402,#2403));
#781=EDGE_LOOP('',(#2404,#2405,#2406,#2407));
#782=EDGE_LOOP('',(#2408,#2409,#2410,#2411));
#783=EDGE_LOOP('',(#2412,#2413,#2414));
#784=EDGE_LOOP('',(#2415,#2416,#2417,#2418));
#785=EDGE_LOOP('',(#2419,#2420,#2421,#2422));
#786=EDGE_LOOP('',(#2423,#2424,#2425,#2426));
#787=EDGE_LOOP('',(#2427,#2428,#2429,#2430));
#788=EDGE_LOOP('',(#2431,#2432,#2433,#2434));
#789=EDGE_LOOP('',(#2435,#2436,#2437,#2438));
#790=EDGE_LOOP('',(#2439,#2440,#2441,#2442));
#791=EDGE_LOOP('',(#2443,#2444,#2445,#2446));
#792=EDGE_LOOP('',(#2447,#2448,#2449,#2450));
#793=EDGE_LOOP('',(#2451,#2452,#2453,#2454));
#794=EDGE_LOOP('',(#2455,#2456,#2457,#2458,#2459));
#795=EDGE_LOOP('',(#2460,#2461,#2462,#2463));
#796=EDGE_LOOP('',(#2464,#2465,#2466,#2467));
#797=EDGE_LOOP('',(#2468,#2469,#2470,#2471));
#798=EDGE_LOOP('',(#2472,#2473,#2474,#2475));
#799=EDGE_LOOP('',(#2476,#2477,#2478,#2479));
#800=EDGE_LOOP('',(#2480,#2481,#2482,#2483));
#801=EDGE_LOOP('',(#2484,#2485,#2486,#2487));
#802=EDGE_LOOP('',(#2488,#2489,#2490,#2491));
#803=EDGE_LOOP('',(#2492,#2493,#2494,#2495));
#804=EDGE_LOOP('',(#2496,#2497,#2498,#2499));
#805=EDGE_LOOP('',(#2500,#2501,#2502,#2503));
#806=EDGE_LOOP('',(#2504,#2505,#2506,#2507));
#807=EDGE_LOOP('',(#2508,#2509,#2510,#2511));
#808=EDGE_LOOP('',(#2512,#2513,#2514,#2515));
#809=EDGE_LOOP('',(#2516,#2517,#2518,#2519));
#810=EDGE_LOOP('',(#2520,#2521,#2522,#2523));
#811=EDGE_LOOP('',(#2524,#2525,#2526,#2527));
#812=EDGE_LOOP('',(#2528,#2529,#2530,#2531));
#813=EDGE_LOOP('',(#2532,#2533,#2534,#2535));
#814=EDGE_LOOP('',(#2536,#2537,#2538,#2539,#2540,#2541,#2542));
#815=EDGE_LOOP('',(#2543));
#816=EDGE_LOOP('',(#2544,#2545,#2546,#2547,#2548));
#817=EDGE_LOOP('',(#2549,#2550,#2551,#2552,#2553,#2554));
#818=EDGE_LOOP('',(#2555,#2556,#2557,#2558));
#819=EDGE_LOOP('',(#2559,#2560,#2561,#2562,#2563));
#820=EDGE_LOOP('',(#2564,#2565,#2566,#2567,#2568));
#821=EDGE_LOOP('',(#2569,#2570,#2571));
#822=EDGE_LOOP('',(#2572,#2573,#2574,#2575,#2576,#2577,#2578));
#823=EDGE_LOOP('',(#2579,#2580,#2581));
#824=EDGE_LOOP('',(#2582,#2583,#2584,#2585,#2586,#2587,#2588,#2589,#2590,
#2591,#2592,#2593));
#825=EDGE_LOOP('',(#2594,#2595,#2596));
#826=EDGE_LOOP('',(#2597,#2598));
#827=EDGE_LOOP('',(#2599,#2600,#2601));
#828=EDGE_LOOP('',(#2602,#2603,#2604,#2605,#2606,#2607));
#829=EDGE_LOOP('',(#2608,#2609,#2610));
#830=EDGE_LOOP('',(#2611,#2612,#2613,#2614));
#831=EDGE_LOOP('',(#2615,#2616,#2617,#2618,#2619,#2620));
#832=EDGE_LOOP('',(#2621,#2622,#2623,#2624,#2625,#2626,#2627,#2628,#2629,
#2630,#2631,#2632,#2633,#2634,#2635,#2636,#2637));
#833=EDGE_LOOP('',(#2638,#2639,#2640));
#834=EDGE_LOOP('',(#2641,#2642,#2643,#2644,#2645,#2646,#2647,#2648,#2649));
#835=EDGE_LOOP('',(#2650,#2651,#2652,#2653));
#836=EDGE_LOOP('',(#2654,#2655,#2656,#2657));
#837=EDGE_LOOP('',(#2658,#2659,#2660,#2661,#2662,#2663,#2664,#2665,#2666,
#2667,#2668,#2669,#2670,#2671,#2672,#2673,#2674,#2675,#2676,#2677));
#838=EDGE_LOOP('',(#2678,#2679,#2680,#2681));
#839=EDGE_LOOP('',(#2682,#2683,#2684,#2685,#2686,#2687,#2688,#2689,#2690,
#2691,#2692,#2693,#2694,#2695,#2696,#2697,#2698));
#840=EDGE_LOOP('',(#2699,#2700,#2701,#2702,#2703,#2704));
#841=EDGE_LOOP('',(#2705,#2706,#2707,#2708));
#842=EDGE_LOOP('',(#2709,#2710,#2711,#2712));
#843=EDGE_LOOP('',(#2713,#2714,#2715,#2716,#2717,#2718,#2719,#2720,#2721,
#2722,#2723,#2724,#2725,#2726,#2727,#2728,#2729,#2730,#2731,#2732,#2733,
#2734,#2735,#2736,#2737,#2738,#2739));
#844=EDGE_LOOP('',(#2740,#2741,#2742,#2743,#2744,#2745,#2746,#2747));
#845=EDGE_LOOP('',(#2748,#2749,#2750,#2751));
#846=EDGE_LOOP('',(#2752,#2753,#2754,#2755,#2756,#2757,#2758,#2759,#2760,
#2761,#2762,#2763,#2764,#2765,#2766,#2767,#2768));
#847=EDGE_LOOP('',(#2769,#2770,#2771,#2772,#2773));
#848=EDGE_LOOP('',(#2774,#2775,#2776));
#849=EDGE_LOOP('',(#2777,#2778,#2779,#2780,#2781,#2782,#2783,#2784,#2785,
#2786,#2787));
#850=EDGE_LOOP('',(#2788,#2789,#2790));
#851=EDGE_LOOP('',(#2791,#2792,#2793,#2794,#2795));
#852=EDGE_LOOP('',(#2796,#2797,#2798));
#853=EDGE_LOOP('',(#2799,#2800,#2801,#2802,#2803));
#854=EDGE_LOOP('',(#2804,#2805,#2806));
#855=EDGE_LOOP('',(#2807,#2808,#2809,#2810,#2811));
#856=EDGE_LOOP('',(#2812,#2813,#2814,#2815,#2816,#2817,#2818,#2819));
#857=EDGE_LOOP('',(#2820,#2821,#2822));
#858=EDGE_LOOP('',(#2823,#2824,#2825,#2826,#2827));
#859=EDGE_LOOP('',(#2828,#2829));
#860=EDGE_LOOP('',(#2830,#2831,#2832,#2833));
#861=EDGE_LOOP('',(#2834,#2835,#2836));
#862=EDGE_LOOP('',(#2837,#2838,#2839));
#863=EDGE_LOOP('',(#2840,#2841,#2842,#2843,#2844,#2845,#2846,#2847));
#864=EDGE_LOOP('',(#2848,#2849,#2850,#2851,#2852));
#865=EDGE_LOOP('',(#2853,#2854,#2855,#2856));
#866=EDGE_LOOP('',(#2857));
#867=EDGE_LOOP('',(#2858,#2859,#2860,#2861));
#868=EDGE_LOOP('',(#2862));
#869=EDGE_LOOP('',(#2863,#2864,#2865,#2866));
#870=EDGE_LOOP('',(#2867,#2868,#2869,#2870));
#871=EDGE_LOOP('',(#2871,#2872,#2873,#2874));
#872=EDGE_LOOP('',(#2875,#2876,#2877,#2878,#2879));
#873=EDGE_LOOP('',(#2880,#2881,#2882,#2883));
#874=EDGE_LOOP('',(#2884,#2885,#2886,#2887));
#875=EDGE_LOOP('',(#2888,#2889,#2890,#2891));
#876=EDGE_LOOP('',(#2892,#2893,#2894,#2895));
#877=EDGE_LOOP('',(#2896,#2897,#2898,#2899));
#878=EDGE_LOOP('',(#2900,#2901,#2902,#2903));
#879=EDGE_LOOP('',(#2904,#2905,#2906));
#880=EDGE_LOOP('',(#2907,#2908,#2909));
#881=EDGE_LOOP('',(#2910,#2911,#2912,#2913,#2914,#2915));
#882=EDGE_LOOP('',(#2916,#2917,#2918,#2919));
#883=EDGE_LOOP('',(#2920,#2921,#2922,#2923,#2924));
#884=EDGE_LOOP('',(#2925,#2926,#2927,#2928,#2929));
#885=EDGE_LOOP('',(#2930,#2931,#2932,#2933));
#886=EDGE_LOOP('',(#2934,#2935,#2936,#2937));
#887=EDGE_LOOP('',(#2938,#2939,#2940,#2941));
#888=EDGE_LOOP('',(#2942,#2943,#2944,#2945));
#889=EDGE_LOOP('',(#2946,#2947,#2948,#2949,#2950));
#890=EDGE_LOOP('',(#2951,#2952,#2953,#2954));
#891=EDGE_LOOP('',(#2955,#2956,#2957,#2958));
#892=EDGE_LOOP('',(#2959,#2960,#2961,#2962));
#893=EDGE_LOOP('',(#2963,#2964,#2965,#2966));
#894=EDGE_LOOP('',(#2967,#2968,#2969,#2970,#2971));
#895=EDGE_LOOP('',(#2972,#2973,#2974,#2975,#2976));
#896=EDGE_LOOP('',(#2977,#2978,#2979,#2980));
#897=EDGE_LOOP('',(#2981,#2982,#2983,#2984,#2985,#2986));
#898=EDGE_LOOP('',(#2987,#2988,#2989));
#899=EDGE_LOOP('',(#2990,#2991,#2992));
#900=EDGE_LOOP('',(#2993,#2994,#2995,#2996));
#901=EDGE_LOOP('',(#2997,#2998,#2999,#3000,#3001,#3002,#3003,#3004,#3005,
#3006));
#902=EDGE_LOOP('',(#3007));
#903=EDGE_LOOP('',(#3008,#3009,#3010,#3011));
#904=EDGE_LOOP('',(#3012,#3013,#3014,#3015,#3016,#3017,#3018,#3019,#3020,
#3021,#3022,#3023,#3024,#3025,#3026,#3027,#3028,#3029,#3030,#3031));
#905=EDGE_LOOP('',(#3032,#3033,#3034,#3035,#3036,#3037,#3038,#3039,#3040,
#3041,#3042,#3043,#3044,#3045,#3046,#3047));
#906=EDGE_LOOP('',(#3048,#3049,#3050,#3051));
#907=EDGE_LOOP('',(#3052,#3053,#3054,#3055,#3056,#3057,#3058,#3059,#3060,
#3061));
#908=EDGE_LOOP('',(#3062));
#909=EDGE_LOOP('',(#3063,#3064,#3065,#3066));
#910=EDGE_LOOP('',(#3067,#3068,#3069,#3070,#3071));
#911=EDGE_LOOP('',(#3072,#3073,#3074,#3075,#3076));
#912=EDGE_LOOP('',(#3077,#3078,#3079));
#913=EDGE_LOOP('',(#3080,#3081,#3082));
#914=EDGE_LOOP('',(#3083,#3084,#3085,#3086));
#915=EDGE_LOOP('',(#3087,#3088,#3089,#3090));
#916=EDGE_LOOP('',(#3091,#3092,#3093,#3094));
#917=EDGE_LOOP('',(#3095,#3096,#3097,#3098,#3099));
#918=EDGE_LOOP('',(#3100,#3101,#3102,#3103));
#919=EDGE_LOOP('',(#3104,#3105,#3106,#3107,#3108));
#920=EDGE_LOOP('',(#3109,#3110,#3111));
#921=EDGE_LOOP('',(#3112,#3113,#3114,#3115,#3116));
#922=EDGE_LOOP('',(#3117,#3118,#3119,#3120,#3121,#3122,#3123,#3124));
#923=EDGE_LOOP('',(#3125,#3126,#3127,#3128));
#924=EDGE_LOOP('',(#3129,#3130,#3131));
#925=EDGE_LOOP('',(#3132,#3133,#3134));
#926=EDGE_LOOP('',(#3135,#3136,#3137,#3138,#3139));
#927=EDGE_LOOP('',(#3140,#3141,#3142,#3143));
#928=EDGE_LOOP('',(#3144,#3145,#3146,#3147,#3148,#3149,#3150,#3151));
#929=EDGE_LOOP('',(#3152,#3153,#3154,#3155));
#930=EDGE_LOOP('',(#3156,#3157,#3158,#3159,#3160));
#931=EDGE_LOOP('',(#3161,#3162));
#932=EDGE_LOOP('',(#3163,#3164,#3165,#3166));
#933=EDGE_LOOP('',(#3167,#3168));
#934=EDGE_LOOP('',(#3169,#3170));
#935=EDGE_LOOP('',(#3171,#3172));
#936=EDGE_LOOP('',(#3173,#3174,#3175,#3176));
#937=EDGE_LOOP('',(#3177,#3178,#3179));
#938=EDGE_LOOP('',(#3180,#3181,#3182,#3183));
#939=EDGE_LOOP('',(#3184,#3185,#3186,#3187));
#940=EDGE_LOOP('',(#3188,#3189,#3190));
#941=EDGE_LOOP('',(#3191,#3192,#3193));
#942=EDGE_LOOP('',(#3194,#3195,#3196,#3197));
#943=EDGE_LOOP('',(#3198,#3199,#3200,#3201));
#944=EDGE_LOOP('',(#3202,#3203,#3204,#3205,#3206));
#945=EDGE_LOOP('',(#3207,#3208,#3209));
#946=EDGE_LOOP('',(#3210,#3211,#3212,#3213));
#947=EDGE_LOOP('',(#3214,#3215,#3216));
#948=EDGE_LOOP('',(#3217,#3218,#3219,#3220));
#949=EDGE_LOOP('',(#3221,#3222,#3223,#3224));
#950=EDGE_LOOP('',(#3225,#3226,#3227,#3228));
#951=EDGE_LOOP('',(#3229,#3230,#3231,#3232));
#952=EDGE_LOOP('',(#3233,#3234,#3235,#3236));
#953=EDGE_LOOP('',(#3237,#3238,#3239,#3240,#3241));
#954=EDGE_LOOP('',(#3242,#3243,#3244,#3245));
#955=EDGE_LOOP('',(#3246,#3247,#3248));
#956=EDGE_LOOP('',(#3249,#3250,#3251,#3252));
#957=EDGE_LOOP('',(#3253,#3254,#3255));
#958=EDGE_LOOP('',(#3256,#3257,#3258,#3259));
#959=EDGE_LOOP('',(#3260,#3261,#3262,#3263,#3264,#3265));
#960=EDGE_LOOP('',(#3266,#3267,#3268,#3269));
#961=EDGE_LOOP('',(#3270,#3271,#3272,#3273));
#962=EDGE_LOOP('',(#3274,#3275,#3276,#3277));
#963=EDGE_LOOP('',(#3278,#3279,#3280,#3281,#3282));
#964=EDGE_LOOP('',(#3283,#3284,#3285,#3286));
#965=EDGE_LOOP('',(#3287,#3288,#3289,#3290));
#966=EDGE_LOOP('',(#3291,#3292,#3293,#3294));
#967=EDGE_LOOP('',(#3295,#3296,#3297,#3298));
#968=EDGE_LOOP('',(#3299,#3300,#3301,#3302,#3303));
#969=EDGE_LOOP('',(#3304,#3305,#3306,#3307));
#970=EDGE_LOOP('',(#3308,#3309,#3310,#3311));
#971=EDGE_LOOP('',(#3312,#3313,#3314,#3315));
#972=EDGE_LOOP('',(#3316,#3317,#3318));
#973=EDGE_LOOP('',(#3319,#3320,#3321,#3322,#3323));
#974=EDGE_LOOP('',(#3324,#3325,#3326,#3327,#3328));
#975=EDGE_LOOP('',(#3329,#3330,#3331,#3332));
#976=EDGE_LOOP('',(#3333,#3334,#3335,#3336,#3337,#3338));
#977=EDGE_LOOP('',(#3339,#3340,#3341,#3342,#3343));
#978=EDGE_LOOP('',(#3344,#3345));
#979=EDGE_LOOP('',(#3346,#3347));
#980=EDGE_LOOP('',(#3348,#3349));
#981=B_SPLINE_CURVE_WITH_KNOTS('',3,(#4813,#4814,#4815,#4816,#4817,#4818,
#4819,#4820,#4821,#4822,#4823,#4824,#4825,#4826),.UNSPECIFIED.,.F.,.F.,
(4,2,2,2,2,2,4),(-0.318419571932832,-0.317771607109336,-0.275372726991552,
-0.233025206609355,-0.153731609339121,-0.0763696867018092,0.),
 .UNSPECIFIED.);
#982=B_SPLINE_CURVE_WITH_KNOTS('',3,(#4859,#4860,#4861,#4862,#4863,#4864,
#4865,#4866,#4867,#4868,#4869,#4870),.UNSPECIFIED.,.F.,.F.,(4,2,2,2,2,4),
(0.,0.0683955033926147,0.137190833335075,0.211636580564372,0.280627657726772,
0.360223535190138),.UNSPECIFIED.);
#983=B_SPLINE_CURVE_WITH_KNOTS('',3,(#4871,#4872,#4873,#4874,#4875),
 .UNSPECIFIED.,.F.,.F.,(4,1,4),(-2.23522936593228,-2.05259124335306,-1.91398744822832),
 .UNSPECIFIED.);
#984=B_SPLINE_CURVE_WITH_KNOTS('',3,(#4876,#4877,#4878,#4879,#4880),
 .UNSPECIFIED.,.F.,.F.,(4,1,4),(1.91398744822832,2.05259124335306,2.0946351187381),
 .UNSPECIFIED.);
#985=B_SPLINE_CURVE_WITH_KNOTS('',3,(#4932,#4933,#4934,#4935,#4936,#4937,
#4938,#4939,#4940,#4941),.UNSPECIFIED.,.F.,.F.,(4,1,1,1,1,1,1,4),(6.83950256141992,
7.22775091543675,7.61599927035687,8.00424762527699,8.39249598019712,8.78074433511724,
9.16899269003736,9.55724104495748),.UNSPECIFIED.);
#986=B_SPLINE_CURVE_WITH_KNOTS('',3,(#4943,#4944,#4945,#4946,#4947,#4948,
#4949,#4950,#4951,#4952),.UNSPECIFIED.,.F.,.F.,(4,1,1,1,1,1,1,4),(-9.51161372548057,
-9.16899269003736,-8.78074433511724,-8.39249598019712,-8.00424762527699,
-7.61599927035687,-7.22775091543675,-6.88604482409574),.UNSPECIFIED.);
#987=B_SPLINE_CURVE_WITH_KNOTS('',3,(#4953,#4954,#4955,#4956,#4957,#4958,
#4959,#4960,#4961,#4962,#4963,#4964,#4965,#4966),.UNSPECIFIED.,.F.,.F.,
(4,2,2,2,2,2,4),(-0.000649008092154183,0.,0.0425447540334122,0.0850344199527958,
0.164439366355009,0.241831030549179,0.31819162348873),.UNSPECIFIED.);
#988=B_SPLINE_CURVE_WITH_KNOTS('',3,(#5001,#5002,#5003,#5004,#5005),
 .UNSPECIFIED.,.F.,.F.,(4,1,4),(-0.320587625861279,-0.182406977974903,-9.63237169107418E-8),
 .UNSPECIFIED.);
#989=B_SPLINE_CURVE_WITH_KNOTS('',3,(#5007,#5008,#5009,#5010,#5011,#5012,
#5013,#5014,#5015,#5016,#5017,#5018),.UNSPECIFIED.,.F.,.F.,(4,2,2,2,2,4),
(0.,0.126800873986892,0.212509001097812,0.292956784532302,0.353467776397604,
0.413254303710169),.UNSPECIFIED.);
#990=B_SPLINE_CURVE_WITH_KNOTS('',3,(#5019,#5020,#5021,#5022,#5023),
 .UNSPECIFIED.,.F.,.F.,(4,1,4),(0.140394291607315,0.182406977974903,0.320587625861279),
 .UNSPECIFIED.);
#991=B_SPLINE_CURVE_WITH_KNOTS('',3,(#5049,#5050,#5051,#5052,#5053,#5054,
#5055,#5056,#5057,#5058,#5059,#5060,#5061,#5062),.UNSPECIFIED.,.F.,.F.,
(4,2,2,2,2,2,4),(0.000418022929879556,0.0761963695258659,0.153096363245816,
0.231951758359109,0.275077588838826,0.318188154312071,0.319238311235575),
 .UNSPECIFIED.);
#992=B_SPLINE_CURVE_WITH_KNOTS('',3,(#5066,#5067,#5068,#5069,#5070,#5071,
#5072,#5073),.UNSPECIFIED.,.F.,.F.,(4,2,2,4),(-0.00719115261191569,0.,0.248044142864015,
0.434702474387873),.UNSPECIFIED.);
#993=B_SPLINE_CURVE_WITH_KNOTS('',3,(#5075,#5076,#5077,#5078,#5079,#5080,
#5081,#5082,#5083,#5084,#5085,#5086),.UNSPECIFIED.,.F.,.F.,(4,2,2,2,2,4),
(-0.310952965450427,-0.278447833469181,-0.226671715783052,-0.144231514359957,
-0.0702208826353335,0.),.UNSPECIFIED.);
#994=B_SPLINE_CURVE_WITH_KNOTS('',3,(#5092,#5093,#5094,#5095,#5096,#5097,
#5098,#5099,#5100,#5101,#5102,#5103,#5104,#5105),.UNSPECIFIED.,.F.,.F.,
(4,2,2,2,2,2,4),(-0.73882465473095,-0.737270617749008,-0.175685596354718,
-0.0760788919059161,-0.0374845491146871,-0.0163635994642616,0.),
 .UNSPECIFIED.);
#995=B_SPLINE_CURVE_WITH_KNOTS('',3,(#5108,#5109,#5110,#5111,#5112,#5113,
#5114,#5115,#5116,#5117,#5118,#5119),.UNSPECIFIED.,.F.,.F.,(4,2,2,2,2,4),
(0.0400218249630726,0.33805850724942,0.527964668733175,0.619866237593486,
0.67162570954836,0.712091689166722),.UNSPECIFIED.);
#996=B_SPLINE_CURVE_WITH_KNOTS('',3,(#5127,#5128,#5129,#5130,#5131,#5132,
#5133,#5134,#5135,#5136,#5137,#5138),.UNSPECIFIED.,.F.,.F.,(4,2,2,2,2,4),
(-0.315170786853163,-0.314085616844582,-0.234380884213467,-0.156246906716985,
-0.0781213325789208,0.),.UNSPECIFIED.);
#997=B_SPLINE_CURVE_WITH_KNOTS('',3,(#5159,#5160,#5161,#5162),
 .UNSPECIFIED.,.F.,.F.,(4,4),(0.258931181655952,0.820119259104375),
 .UNSPECIFIED.);
#998=B_SPLINE_CURVE_WITH_KNOTS('',3,(#5192,#5193,#5194,#5195,#5196),
 .UNSPECIFIED.,.F.,.F.,(4,1,4),(0.154210802892788,0.64102995175223,1.29012218428097),
 .UNSPECIFIED.);
#999=B_SPLINE_CURVE_WITH_KNOTS('',3,(#5198,#5199,#5200,#5201,#5202,#5203,
#5204,#5205,#5206,#5207,#5208,#5209,#5210,#5211),.UNSPECIFIED.,.F.,.F.,
(4,2,2,2,2,2,4),(0.,0.0744189819067132,0.150843066376293,0.231336051659384,
0.276558476065475,0.321922607515899,0.322588415811644),.UNSPECIFIED.);
#1000=B_SPLINE_CURVE_WITH_KNOTS('',3,(#5213,#5214,#5215,#5216),
 .UNSPECIFIED.,.F.,.F.,(4,4),(-1.2225912971882,-0.832349447588744),
 .UNSPECIFIED.);
#1001=B_SPLINE_CURVE_WITH_KNOTS('',3,(#5217,#5218,#5219,#5220,#5221,#5222,
#5223,#5224,#5225,#5226,#5227,#5228,#5229,#5230),.UNSPECIFIED.,.F.,.F.,
(4,2,2,2,2,2,4),(-0.00175926832835531,0.,0.588333764983282,0.791945029733807,
0.883390099054553,0.932933658861783,0.971145538748052),.UNSPECIFIED.);
#1002=B_SPLINE_CURVE_WITH_KNOTS('',3,(#5236,#5237,#5238,#5239,#5240,#5241,
#5242,#5243,#5244,#5245,#5246,#5247,#5248,#5249),.UNSPECIFIED.,.F.,.F.,
(4,2,2,2,2,2,4),(-0.0034746482717095,0.,1.20389700733847,1.43557146032471,
1.52622929849171,1.57605345650902,1.61471446601688),.UNSPECIFIED.);
#1003=B_SPLINE_CURVE_WITH_KNOTS('',3,(#5404,#5405,#5406,#5407,#5408,#5409,
#5410,#5411,#5412,#5413,#5414,#5415,#5416,#5417,#5418,#5419,#5420,#5421,
#5422,#5423,#5424,#5425,#5426,#5427),.UNSPECIFIED.,.T.,.F.,(4,1,1,1,1,1,
1,1,1,1,1,1,1,1,1,1,1,1,1,1,1,4),(-3.14159265358979,-3.02939291596159,-2.91719317833338,
-2.69279370307697,-2.24399475256414,-1.34639685153848,-1.0471975511966,
-0.747998250854713,-0.448798950512828,-0.299199300341885,-0.149599650170943,
2.77555756156289E-17,0.149599650170943,0.299199300341885,0.448798950512828,
0.897597901025655,1.34639685153848,2.24399475256414,2.69279370307697,2.91719317833338,
3.02939291596159,3.14159265358979),.UNSPECIFIED.);
#1004=B_SPLINE_CURVE_WITH_KNOTS('',3,(#5428,#5429,#5430,#5431,#5432,#5433,
#5434,#5435,#5436,#5437,#5438,#5439,#5440,#5441,#5442,#5443,#5444,#5445,
#5446,#5447,#5448,#5449,#5450,#5451),.UNSPECIFIED.,.T.,.F.,(4,1,1,1,1,1,
1,1,1,1,1,1,1,1,1,1,1,1,1,1,1,4),(-3.14159265358979,-3.02939291596159,-2.91719317833338,
-2.69279370307697,-2.24399475256414,-1.34639685153848,-0.897597901025655,
-0.448798950512828,-0.299199300341885,-0.149599650170943,-2.77555756156289E-17,
0.149599650170943,0.299199300341885,0.448798950512828,0.747998250854713,
1.0471975511966,1.34639685153848,2.24399475256414,2.69279370307697,2.91719317833338,
3.02939291596159,3.14159265358979),.UNSPECIFIED.);
#1005=B_SPLINE_CURVE_WITH_KNOTS('',3,(#5510,#5511,#5512,#5513,#5514,#5515,
#5516,#5517,#5518,#5519,#5520,#5521,#5522,#5523,#5524,#5525,#5526,#5527,
#5528,#5529,#5530,#5531,#5532,#5533,#5534,#5535,#5536,#5537),
 .UNSPECIFIED.,.T.,.F.,(4,3,3,3,3,3,3,3,3,4),(-3.14159265358979,-2.74467002840528,
-2.03768296854747,-1.27099384228553,-0.519329255694138,0.221767527735273,
0.931866478737455,1.67187862340132,2.44172724473557,3.14159265358979),
 .UNSPECIFIED.);
#1006=B_SPLINE_CURVE_WITH_KNOTS('',3,(#5576,#5577,#5578,#5579,#5580,#5581,
#5582),.UNSPECIFIED.,.F.,.F.,(4,1,1,1,4),(-1.58046449549563,-1.42751897205758,
-0.99981865704253,-0.785968499535003,-0.722686278118141),.UNSPECIFIED.);
#1007=B_SPLINE_CURVE_WITH_KNOTS('',3,(#5584,#5585,#5586,#5587,#5588,#5589,
#5590,#5591,#5592,#5593,#5594,#5595,#5596,#5597),.UNSPECIFIED.,.F.,.F.,
(4,2,2,2,2,2,4),(-0.0010972573875581,0.,0.162618363433357,0.325041754177284,
0.417228801052026,0.473397308652595,0.51855988856767),.UNSPECIFIED.);
#1008=B_SPLINE_CURVE_WITH_KNOTS('',3,(#5599,#5600,#5601,#5602,#5603,#5604,
#5605),.UNSPECIFIED.,.F.,.F.,(4,1,1,1,4),(0.35826818451995,0.785968499535003,
0.99981865704253,1.42751897205758,1.8552192868723),.UNSPECIFIED.);
#1009=B_SPLINE_CURVE_WITH_KNOTS('',3,(#5606,#5607,#5608,#5609,#5610,#5611,
#5612,#5613,#5614,#5615,#5616,#5617,#5618,#5619),.UNSPECIFIED.,.F.,.F.,
(4,2,2,2,2,2,4),(-0.368800310108145,-0.368015215889426,-0.272729547264535,
-0.180574092191969,-0.10222671231477,-0.0463806997592616,0.),
 .UNSPECIFIED.);
#1010=B_SPLINE_CURVE_WITH_KNOTS('',3,(#5623,#5624,#5625,#5626,#5627,#5628,
#5629,#5630,#5631,#5632,#5633,#5634,#5635,#5636,#5637,#5638,#5639,#5640,
#5641,#5642,#5643,#5644,#5645,#5646,#5647,#5648,#5649,#5650,#5651,#5652,
#5653,#5654,#5655,#5656,#5657,#5658,#5659,#5660,#5661,#5662,#5663,#5664,
#5665),.UNSPECIFIED.,.F.,.F.,(4,3,3,3,3,3,3,3,3,3,3,3,3,3,4),(0.,0.111855170167766,
0.223706637631522,0.335554676133914,0.447399559329088,0.559241560789747,
0.671080954014074,0.783546501198741,0.895401798946633,1.00724994674944,
1.1190920392919,1.23202036234178,1.34386863823067,1.45733698486104,1.57080533149141),
 .UNSPECIFIED.);
#1011=B_SPLINE_CURVE_WITH_KNOTS('',3,(#5669,#5670,#5671,#5672,#5673,#5674,
#5675,#5676,#5677,#5678,#5679,#5680,#5681,#5682),.UNSPECIFIED.,.F.,.F.,
(4,2,2,2,2,2,4),(-0.324004248150492,-0.323312570091415,-0.277042351777881,
-0.231101170168359,-0.150791422249005,-0.074485533831682,0.),
 .UNSPECIFIED.);
#1012=B_SPLINE_CURVE_WITH_KNOTS('',3,(#5689,#5690,#5691,#5692,#5693,#5694,
#5695,#5696,#5697,#5698,#5699,#5700,#5701,#5702),.UNSPECIFIED.,.F.,.F.,
(4,2,2,2,2,2,4),(-0.000755598942588246,0.,0.0409604519305949,0.081872644132518,
0.160429372140857,0.238290768749604,0.315826150994769),.UNSPECIFIED.);
#1013=B_SPLINE_CURVE_WITH_KNOTS('',3,(#5751,#5752,#5753,#5754),
 .UNSPECIFIED.,.F.,.F.,(4,4),(-1.41938297141664,-1.09789647701118),
 .UNSPECIFIED.);
#1014=B_SPLINE_CURVE_WITH_KNOTS('',3,(#5756,#5757,#5758,#5759,#5760,#5761,
#5762,#5763,#5764,#5765,#5766,#5767,#5768,#5769),.UNSPECIFIED.,.F.,.F.,
(4,2,2,2,2,2,4),(-0.000666956791544861,0.,0.0454408418858166,0.090739729124333,
0.171368101943277,0.247920399180328,0.322464083788042),.UNSPECIFIED.);
#1015=B_SPLINE_CURVE_WITH_KNOTS('',3,(#5771,#5772,#5773,#5774),
 .UNSPECIFIED.,.F.,.F.,(4,4),(1.03036985887737,2.09202173935189),
 .UNSPECIFIED.);
#1016=B_SPLINE_CURVE_WITH_KNOTS('',3,(#5775,#5776,#5777,#5778,#5779,#5780,
#5781,#5782,#5783,#5784,#5785,#5786,#5787,#5788),.UNSPECIFIED.,.F.,.F.,
(4,2,2,2,2,2,4),(-0.475926512079998,-0.475061468971528,-0.189046243497558,
-0.0887016126475674,-0.0434873061322981,-0.0189432932211838,0.),
 .UNSPECIFIED.);
#1017=B_SPLINE_CURVE_WITH_KNOTS('',3,(#5793,#5794,#5795,#5796,#5797,#5798,
#5799,#5800,#5801,#5802,#5803,#5804,#5805,#5806),.UNSPECIFIED.,.F.,.F.,
(4,2,2,2,2,2,4),(-0.740247479623186,-0.738723807484297,-0.173911589273824,
-0.0752952199677201,-0.0370922975653199,-0.0161914102760853,0.),
 .UNSPECIFIED.);
#1018=B_SPLINE_CURVE_WITH_KNOTS('',3,(#5854,#5855,#5856,#5857,#5858),
 .UNSPECIFIED.,.F.,.F.,(4,1,4),(-0.83455238485974,-0.799190874882155,-0.535094948858126),
 .UNSPECIFIED.);
#1019=B_SPLINE_CURVE_WITH_KNOTS('',3,(#5860,#5861,#5862,#5863,#5864,#5865,
#5866,#5867,#5868,#5869,#5870,#5871,#5872,#5873),.UNSPECIFIED.,.F.,.F.,
(4,2,2,2,2,2,4),(-0.000733259729288508,0.,0.0609909929697644,0.121464413081905,
0.207049715763408,0.278541437836141,0.34379899682784),.UNSPECIFIED.);
#1020=B_SPLINE_CURVE_WITH_KNOTS('',3,(#5875,#5876,#5877,#5878,#5879),
 .UNSPECIFIED.,.F.,.F.,(4,1,4),(0.394303122082545,0.799190874882155,1.3390412119483),
 .UNSPECIFIED.);
#1021=B_SPLINE_CURVE_WITH_KNOTS('',3,(#5880,#5881,#5882,#5883,#5884,#5885,
#5886,#5887,#5888,#5889,#5890,#5891,#5892,#5893),.UNSPECIFIED.,.F.,.F.,
(4,2,2,2,2,2,4),(-0.458440221828891,-0.457553261137846,-0.240241521574197,
-0.118420308993255,-0.0593283950884049,-0.0260341916623724,0.),
 .UNSPECIFIED.);
#1022=B_SPLINE_CURVE_WITH_KNOTS('',3,(#5898,#5899,#5900,#5901,#5902,#5903,
#5904,#5905,#5906,#5907,#5908,#5909,#5910,#5911),.UNSPECIFIED.,.F.,.F.,
(4,2,2,2,2,2,4),(-0.000684627931508183,0.,0.0491612866529266,0.0979996349083067,
0.179865818939766,0.255381712568718,0.327919757442131),.UNSPECIFIED.);
#1023=B_SPLINE_CURVE_WITH_KNOTS('',3,(#6053,#6054,#6055,#6056,#6057,#6058,
#6059),.UNSPECIFIED.,.F.,.F.,(4,3,4),(-0.280469547712165,-0.119305335189506,
0.),.UNSPECIFIED.);
#1024=B_SPLINE_CURVE_WITH_KNOTS('',3,(#6065,#6066,#6067,#6068,#6069,#6070),
 .UNSPECIFIED.,.F.,.F.,(4,2,4),(4.3985280351902,4.66962968796437,5.19814920208773),
 .UNSPECIFIED.);
#1025=B_SPLINE_CURVE_WITH_KNOTS('',3,(#6078,#6079,#6080,#6081,#6082,#6083),
 .UNSPECIFIED.,.F.,.F.,(4,2,4),(2.17087470513442,2.67355628762572,2.93203294981755),
 .UNSPECIFIED.);
#1026=B_SPLINE_CURVE_WITH_KNOTS('',3,(#6089,#6090,#6091,#6092,#6093,#6094,
#6095,#6096,#6097,#6098),.UNSPECIFIED.,.F.,.F.,(4,3,3,4),(-0.382626580450118,
-0.227315048041303,-0.0635066312177568,0.),.UNSPECIFIED.);
#1027=B_SPLINE_CURVE_WITH_KNOTS('',3,(#6099,#6100,#6101,#6102,#6103,#6104,
#6105,#6106,#6107,#6108,#6109,#6110,#6111,#6112,#6113,#6114,#6115,#6116,
#6117,#6118,#6119,#6120,#6121,#6122,#6123,#6124,#6125),.UNSPECIFIED.,.F.,
 .F.,(4,2,2,2,2,2,3,2,2,2,2,2,4),(-2.12480623346725,-1.85419510338404,-1.10929111297455,
-0.732845564845482,-0.35640001671641,-0.178200008358205,0.,0.178166373003366,
0.356332746006732,0.73248279910009,1.10863285219345,1.85324563496251,2.05723355178084),
 .UNSPECIFIED.);
#1028=B_SPLINE_CURVE_WITH_KNOTS('',3,(#6138,#6139,#6140,#6141),
 .UNSPECIFIED.,.F.,.F.,(4,4),(-0.0566608302765341,-0.00415541656236564),
 .UNSPECIFIED.);
#1029=B_SPLINE_CURVE_WITH_KNOTS('',3,(#6143,#6144,#6145,#6146,#6147,#6148,
#6149,#6150,#6151,#6152,#6153),.UNSPECIFIED.,.F.,.F.,(4,2,2,3,4),(-1.00012436258467,
-0.732848324727017,-0.36642416236351,0.,0.100790737536919),
 .UNSPECIFIED.);
#1030=B_SPLINE_CURVE_WITH_KNOTS('',3,(#6156,#6157,#6158,#6159,#6160,#6161,
#6162,#6163,#6164,#6165),.UNSPECIFIED.,.F.,.F.,(4,2,2,2,4),(1.83297453587194,
1.95929098925184,2.23309492377406,2.50689885829628,2.82431697419605),
 .UNSPECIFIED.);
#1031=B_SPLINE_CURVE_WITH_KNOTS('',3,(#6168,#6169,#6170,#6171),
 .UNSPECIFIED.,.F.,.F.,(4,4),(10.7936363916142,10.8121688121707),
 .UNSPECIFIED.);
#1032=B_SPLINE_CURVE_WITH_KNOTS('',3,(#6172,#6173,#6174,#6175,#6176,#6177,
#6178,#6179,#6180,#6181,#6182),.UNSPECIFIED.,.F.,.F.,(4,3,2,2,4),(-0.12036648457853,
0.,0.38046362664826,0.760927253296521,0.976268651405134),.UNSPECIFIED.);
#1033=B_SPLINE_CURVE_WITH_KNOTS('',3,(#6185,#6186,#6187,#6188,#6189,#6190,
#6191),.UNSPECIFIED.,.F.,.F.,(4,1,1,1,4),(9.56166930197456,9.88943326490677,
10.217197227839,10.8727251537034,11.5205789583419),.UNSPECIFIED.);
#1034=B_SPLINE_CURVE_WITH_KNOTS('',3,(#6194,#6195,#6196,#6197,#6198,#6199,
#6200),.UNSPECIFIED.,.F.,.F.,(4,1,1,1,4),(11.0390873233939,11.7507434839143,
12.4032426143749,12.7294921796051,13.0557417448354),.UNSPECIFIED.);
#1035=B_SPLINE_CURVE_WITH_KNOTS('',3,(#6230,#6231,#6232,#6233,#6234,#6235,
#6236,#6237,#6238,#6239),.UNSPECIFIED.,.F.,.F.,(4,3,3,4),(-0.194521643461684,
-0.132985905962391,-0.0507904904701954,0.),.UNSPECIFIED.);
#1036=B_SPLINE_CURVE_WITH_KNOTS('',3,(#6241,#6242,#6243,#6244,#6245,#6246,
#6247),.UNSPECIFIED.,.F.,.F.,(4,1,1,1,4),(-11.8560170425001,-10.8727251537034,
-10.217197227839,-9.88943326490677,-9.64895211855702),.UNSPECIFIED.);
#1037=B_SPLINE_CURVE_WITH_KNOTS('',3,(#6249,#6250,#6251,#6252),
 .UNSPECIFIED.,.F.,.F.,(4,4),(0.,0.0287327122918841),.UNSPECIFIED.);
#1038=B_SPLINE_CURVE_WITH_KNOTS('',3,(#6253,#6254,#6255,#6256,#6257,#6258,
#6259,#6260),.UNSPECIFIED.,.F.,.F.,(4,2,2,4),(0.,0.0171665559489577,0.102258889020292,
0.155024232478472),.UNSPECIFIED.);
#1039=B_SPLINE_CURVE_WITH_KNOTS('',3,(#6264,#6265,#6266,#6267,#6268,#6269,
#6270,#6271,#6272,#6273,#6274,#6275,#6276,#6277,#6278,#6279,#6280,#6281,
#6282,#6283,#6284,#6285,#6286,#6287,#6288,#6289,#6290,#6291,#6292,#6293,
#6294,#6295,#6296,#6297,#6298,#6299,#6300,#6301,#6302,#6303,#6304,#6305,
#6306),.UNSPECIFIED.,.F.,.F.,(4,3,3,3,3,3,3,3,3,3,3,3,3,3,4),(0.,0.0770896494200762,
0.152477848196343,0.225540576299185,0.297346833203039,0.367378889203877,
0.399064447469196,0.464193302042126,0.529534772157602,0.595102070660364,
0.660900838363472,0.727042018104296,0.79334076854959,0.859817804075782,
0.899325508984727),.UNSPECIFIED.);
#1040=B_SPLINE_CURVE_WITH_KNOTS('',3,(#6312,#6313,#6314,#6315,#6316,#6317,
#6318,#6319,#6320,#6321,#6322,#6323),.UNSPECIFIED.,.F.,.F.,(4,2,2,2,2,4),
(6.89491241335512,6.91430288782227,7.20120796586392,7.48457716086264,7.76794635586136,
7.93438978933571),.UNSPECIFIED.);
#1041=B_SPLINE_CURVE_WITH_KNOTS('',3,(#6328,#6329,#6330,#6331,#6332,#6333),
 .UNSPECIFIED.,.F.,.F.,(4,2,4),(2.62925730911754,2.75445452055182,2.8796517319861),
 .UNSPECIFIED.);
#1042=B_SPLINE_CURVE_WITH_KNOTS('',3,(#6337,#6338,#6339,#6340,#6341,#6342,
#6343,#6344,#6345,#6346,#6347,#6348,#6349,#6350,#6351,#6352,#6353,#6354,
#6355,#6356,#6357,#6358,#6359,#6360,#6361,#6362,#6363,#6364,#6365,#6366,
#6367,#6368,#6369,#6370,#6371,#6372,#6373,#6374,#6375,#6376,#6377,#6378,
#6379,#6380,#6381,#6382),.UNSPECIFIED.,.F.,.F.,(4,3,3,3,3,3,3,3,3,3,3,3,
3,3,3,4),(0.,0.0298522517353488,0.0896073227162084,0.149163052595978,0.208483444075504,
0.267550754220182,0.326253823966622,0.384747984829957,0.442976995049782,
0.464213332160683,0.526378415813311,0.589776327157635,0.65507483331111,
0.721565427888825,0.78979422366223,0.797995109329727),.UNSPECIFIED.);
#1043=B_SPLINE_CURVE_WITH_KNOTS('',3,(#6383,#6384,#6385,#6386,#6387,#6388),
 .UNSPECIFIED.,.F.,.F.,(4,2,4),(2.6993205980915,3.11867160737513,3.53802261665876),
 .UNSPECIFIED.);
#1044=B_SPLINE_CURVE_WITH_KNOTS('',3,(#6394,#6395,#6396,#6397),
 .UNSPECIFIED.,.F.,.F.,(4,4),(31.7576115159955,31.7663125157164),
 .UNSPECIFIED.);
#1045=B_SPLINE_CURVE_WITH_KNOTS('',3,(#6398,#6399,#6400,#6401),
 .UNSPECIFIED.,.F.,.F.,(4,4),(22.8812865235858,22.8899875233067),
 .UNSPECIFIED.);
#1046=B_SPLINE_CURVE_WITH_KNOTS('',3,(#6409,#6410,#6411,#6412),
 .UNSPECIFIED.,.F.,.F.,(4,4),(-0.243317307695391,0.),.UNSPECIFIED.);
#1047=B_SPLINE_CURVE_WITH_KNOTS('',3,(#6414,#6415,#6416,#6417,#6418,#6419,
#6420,#6421,#6422,#6423,#6424,#6425,#6426),.UNSPECIFIED.,.F.,.F.,(4,3,3,
3,4),(-0.271232532657561,-0.188822439364402,-0.136054150439702,-0.0509445727048739,
0.),.UNSPECIFIED.);
#1048=B_SPLINE_CURVE_WITH_KNOTS('',3,(#6428,#6429,#6430,#6431,#6432,#6433),
 .UNSPECIFIED.,.F.,.F.,(4,2,4),(0.620666194553125,0.877042980335091,1.01513190050338),
 .UNSPECIFIED.);
#1049=B_SPLINE_CURVE_WITH_KNOTS('',3,(#6435,#6436,#6437,#6438,#6439,#6440,
#6441,#6442,#6443,#6444),.UNSPECIFIED.,.F.,.F.,(4,2,2,2,4),(0.802304689326227,
1.06265272745807,1.41105938029856,1.75946603313905,2.0198140712709),
 .UNSPECIFIED.);
#1050=B_SPLINE_CURVE_WITH_KNOTS('',3,(#6446,#6447,#6448,#6449,#6450,#6451),
 .UNSPECIFIED.,.F.,.F.,(4,2,4),(-1.01221107923588,-0.877042980335091,-0.620666194553124),
 .UNSPECIFIED.);
#1051=B_SPLINE_CURVE_WITH_KNOTS('',3,(#6453,#6454,#6455,#6456,#6457,#6458,
#6459),.UNSPECIFIED.,.F.,.F.,(4,3,4),(-0.132272698182979,-0.0499886388391843,
0.),.UNSPECIFIED.);
#1052=B_SPLINE_CURVE_WITH_KNOTS('',3,(#6483,#6484,#6485,#6486,#6487,#6488,
#6489,#6490,#6491,#6492,#6493,#6494,#6495,#6496,#6497,#6498,#6499,#6500,
#6501),.UNSPECIFIED.,.F.,.F.,(4,3,3,3,3,3,4),(0.,0.0327119457799107,0.0644335382468864,
0.0961551307138621,0.127681707125449,0.159017190473014,0.182666523134909),
 .UNSPECIFIED.);
#1053=B_SPLINE_CURVE_WITH_KNOTS('',3,(#6503,#6504,#6505,#6506,#6507),
 .UNSPECIFIED.,.F.,.F.,(4,1,4),(4.30321192899985,5.00950976159527,5.95124020505584),
 .UNSPECIFIED.);
#1054=B_SPLINE_CURVE_WITH_KNOTS('',3,(#6510,#6511,#6512,#6513,#6514),
 .UNSPECIFIED.,.F.,.F.,(4,1,4),(-5.95124020505584,-5.00950976159527,-4.38015663439108),
 .UNSPECIFIED.);
#1055=B_SPLINE_CURVE_WITH_KNOTS('',3,(#6534,#6535,#6536,#6537),
 .UNSPECIFIED.,.F.,.F.,(4,4),(-0.356555602045902,-8.83989914179124E-14),
 .UNSPECIFIED.);
#1056=B_SPLINE_CURVE_WITH_KNOTS('',3,(#6538,#6539,#6540,#6541),
 .UNSPECIFIED.,.F.,.F.,(4,4),(8.83989914179124E-14,0.356555602045902),
 .UNSPECIFIED.);
#1057=B_SPLINE_CURVE_WITH_KNOTS('',3,(#6569,#6570,#6571,#6572,#6573,#6574),
 .UNSPECIFIED.,.F.,.F.,(4,2,4),(-0.529335242741167,-0.483444876380328,-0.462271705565808),
 .UNSPECIFIED.);
#1058=B_SPLINE_CURVE_WITH_KNOTS('',3,(#6576,#6577,#6578,#6579,#6580,#6581,
#6582,#6583,#6584,#6585,#6586),.UNSPECIFIED.,.F.,.F.,(4,2,3,2,4),(-1.20222582603827,
-0.846914469264865,0.,0.800874215908046,0.959759208600231),
 .UNSPECIFIED.);
#1059=B_SPLINE_CURVE_WITH_KNOTS('',3,(#6588,#6589,#6590,#6591,#6592,#6593),
 .UNSPECIFIED.,.F.,.F.,(4,2,4),(1.62255480849672,1.64769410372065,1.65992175495643),
 .UNSPECIFIED.);
#1060=B_SPLINE_CURVE_WITH_KNOTS('',3,(#6595,#6596,#6597,#6598,#6599,#6600,
#6601,#6602,#6603,#6604),.UNSPECIFIED.,.F.,.F.,(4,2,2,2,4),(1.77305057485494,
1.85001578352892,1.9576739743574,2.05093357430929,2.14823094641842),
 .UNSPECIFIED.);
#1061=B_SPLINE_CURVE_WITH_KNOTS('',3,(#6606,#6607,#6608,#6609),
 .UNSPECIFIED.,.F.,.F.,(4,4),(-0.280565264912251,-0.175118142470875),
 .UNSPECIFIED.);
#1062=B_SPLINE_CURVE_WITH_KNOTS('',3,(#6611,#6612,#6613,#6614,#6615,#6616),
 .UNSPECIFIED.,.F.,.F.,(4,2,4),(-2.13007843564181,-2.06586007061932,-1.68039029822926),
 .UNSPECIFIED.);
#1063=B_SPLINE_CURVE_WITH_KNOTS('',3,(#6618,#6619,#6620,#6621,#6622,#6623),
 .UNSPECIFIED.,.F.,.F.,(4,2,4),(-6.80236062294506,-6.70339972842792,-6.6663996793792),
 .UNSPECIFIED.);
#1064=B_SPLINE_CURVE_WITH_KNOTS('',3,(#6625,#6626,#6627,#6628),
 .UNSPECIFIED.,.F.,.F.,(4,4),(-30.0245964245555,-29.7269384645807),
 .UNSPECIFIED.);
#1065=B_SPLINE_CURVE_WITH_KNOTS('',3,(#6630,#6631,#6632,#6633,#6634,#6635,
#6636,#6637),.UNSPECIFIED.,.F.,.F.,(4,2,2,4),(-0.574113384377444,-0.503113075663567,
-0.214030892444361,0.),.UNSPECIFIED.);
#1066=B_SPLINE_CURVE_WITH_KNOTS('',3,(#6639,#6640,#6641,#6642,#6643,#6644,
#6645,#6646),.UNSPECIFIED.,.F.,.F.,(4,2,2,4),(-2.83816181486735,-1.85367093863264,
-0.914788701322754,0.),.UNSPECIFIED.);
#1067=B_SPLINE_CURVE_WITH_KNOTS('',3,(#6648,#6649,#6650,#6651),
 .UNSPECIFIED.,.F.,.F.,(4,4),(-1.17566260303919,-1.09226168245453),
 .UNSPECIFIED.);
#1068=B_SPLINE_CURVE_WITH_KNOTS('',3,(#6652,#6653,#6654,#6655,#6656,#6657),
 .UNSPECIFIED.,.F.,.F.,(4,1,1,4),(-35.2031937684609,-34.9219903587235,-34.0057307229973,
-32.631341269408),.UNSPECIFIED.);
#1069=B_SPLINE_CURVE_WITH_KNOTS('',3,(#6659,#6660,#6661,#6662,#6663,#6664,
#6665,#6666,#6667,#6668,#6669,#6670,#6671,#6672,#6673,#6674,#6675,#6676,
#6677,#6678),.UNSPECIFIED.,.F.,.F.,(4,2,2,2,2,2,2,2,2,4),(-13.1507545347352,
-12.6179278554461,-11.7614400954471,-10.8660038496337,-9.03076087927665,
-6.70990592856977,-4.42299208436472,-2.39558740403925,-0.907979981491168,
0.),.UNSPECIFIED.);
#1070=B_SPLINE_CURVE_WITH_KNOTS('',3,(#6681,#6682,#6683,#6684,#6685,#6686,
#6687,#6688),.UNSPECIFIED.,.F.,.F.,(4,2,2,4),(-1.31935628209033,-1.14356269505882,
-0.50444171959674,0.),.UNSPECIFIED.);
#1071=B_SPLINE_CURVE_WITH_KNOTS('',3,(#6690,#6691,#6692,#6693,#6694,#6695,
#6696,#6697,#6698,#6699,#6700,#6701,#6702,#6703),.UNSPECIFIED.,.F.,.F.,
(4,2,2,2,2,2,4),(-2.30668618409054,-1.95090065700831,-1.64845793606618,
-1.30852952843027,-1.05930546513422,-0.816688387275373,-0.595766292398504),
 .UNSPECIFIED.);
#1072=B_SPLINE_CURVE_WITH_KNOTS('',3,(#6705,#6706,#6707,#6708,#6709,#6710,
#6711,#6712),.UNSPECIFIED.,.F.,.F.,(4,2,2,4),(1.78239251609837,1.91322610956536,
2.28602251141706,2.32964547448671),.UNSPECIFIED.);
#1073=B_SPLINE_CURVE_WITH_KNOTS('',3,(#6713,#6714,#6715,#6716),
 .UNSPECIFIED.,.F.,.F.,(4,4),(-0.865346363639955,0.),.UNSPECIFIED.);
#1074=B_SPLINE_CURVE_WITH_KNOTS('',3,(#6719,#6720,#6721,#6722,#6723,#6724,
#6725,#6726),.UNSPECIFIED.,.F.,.F.,(4,2,2,4),(-3.19563722848035,-2.31448128703042,
-1.45175379163367,0.),.UNSPECIFIED.);
#1075=B_SPLINE_CURVE_WITH_KNOTS('',3,(#6728,#6729,#6730,#6731,#6732,#6733,
#6734,#6735,#6736,#6737,#6738,#6739),.UNSPECIFIED.,.F.,.F.,(4,2,2,2,2,4),
(-1.63803511093565,-1.25112870751992,-0.948288247141267,-0.747794574098045,
-0.501048348414037,0.),.UNSPECIFIED.);
#1076=B_SPLINE_CURVE_WITH_KNOTS('',3,(#6741,#6742,#6743,#6744,#6745,#6746),
 .UNSPECIFIED.,.F.,.F.,(4,2,4),(-5.16135980707811,-2.20571595387348,0.),
 .UNSPECIFIED.);
#1077=B_SPLINE_CURVE_WITH_KNOTS('',3,(#6747,#6748,#6749,#6750,#6751,#6752,
#6753,#6754,#6755,#6756,#6757,#6758,#6759,#6760,#6761,#6762,#6763,#6764,
#6765,#6766),.UNSPECIFIED.,.F.,.F.,(4,2,2,2,2,2,2,2,2,4),(-10.8653817430866,
-8.208060015477,-6.53368933621875,-5.64886602082817,-5.27505524740324,-5.02696110494162,
-4.76701654146703,-4.32265642552169,-2.48628737704795,0.),.UNSPECIFIED.);
#1078=B_SPLINE_CURVE_WITH_KNOTS('',3,(#6769,#6770,#6771,#6772,#6773,#6774),
 .UNSPECIFIED.,.F.,.F.,(4,2,4),(13.0727182337039,13.0727365103833,13.2724347812995),
 .UNSPECIFIED.);
#1079=B_SPLINE_CURVE_WITH_KNOTS('',3,(#6776,#6777,#6778,#6779,#6780,#6781,
#6782,#6783),.UNSPECIFIED.,.F.,.F.,(4,2,2,4),(13.2724347812995,13.6206229515641,
14.1711379609774,14.4927704414839),.UNSPECIFIED.);
#1080=B_SPLINE_CURVE_WITH_KNOTS('',3,(#6785,#6786,#6787,#6788),
 .UNSPECIFIED.,.F.,.F.,(4,4),(14.4927704414839,14.6504396933713),
 .UNSPECIFIED.);
#1081=B_SPLINE_CURVE_WITH_KNOTS('',3,(#6790,#6791,#6792,#6793,#6794,#6795,
#6796,#6797,#6798,#6799,#6800,#6801,#6802,#6803,#6804,#6805,#6806,#6807,
#6808,#6809),.UNSPECIFIED.,.F.,.F.,(4,2,2,2,2,2,2,2,2,4),(-0.787011302395639,
-0.763755800959621,-0.733892834061113,-0.704547092835241,-0.665054390623057,
-0.578690623787786,-0.494318568240816,-0.373518788617759,-0.198218428081994,
0.),.UNSPECIFIED.);
#1082=B_SPLINE_CURVE_WITH_KNOTS('',3,(#6811,#6812,#6813,#6814),
 .UNSPECIFIED.,.F.,.F.,(4,4),(18.5770719759346,19.1604052058258),
 .UNSPECIFIED.);
#1083=B_SPLINE_CURVE_WITH_KNOTS('',3,(#6816,#6817,#6818,#6819,#6820,#6821,
#6822,#6823,#6824,#6825,#6826,#6827,#6828,#6829,#6830,#6831,#6832,#6833,
#6834,#6835,#6836,#6837),.UNSPECIFIED.,.F.,.F.,(4,2,2,2,2,2,2,2,2,2,4),
(-0.31523504582653,-0.292681030838931,-0.222081024774569,-0.157770420886104,
-0.101465238175202,-0.0672751277816299,-0.0503783162383109,-0.0403742802153487,
-0.0315806620364782,-0.0207223478596602,0.),.UNSPECIFIED.);
#1084=B_SPLINE_CURVE_WITH_KNOTS('',3,(#6839,#6840,#6841,#6842),
 .UNSPECIFIED.,.F.,.F.,(4,4),(21.9376340759385,22.5927936174078),
 .UNSPECIFIED.);
#1085=B_SPLINE_CURVE_WITH_KNOTS('',3,(#6844,#6845,#6846,#6847),
 .UNSPECIFIED.,.F.,.F.,(4,4),(22.5927936174078,22.8055178167372),
 .UNSPECIFIED.);
#1086=B_SPLINE_CURVE_WITH_KNOTS('',3,(#6849,#6850,#6851,#6852,#6853,#6854),
 .UNSPECIFIED.,.F.,.F.,(4,2,4),(1.3546314743018,1.44543699664119,1.5632514209661),
 .UNSPECIFIED.);
#1087=B_SPLINE_CURVE_WITH_KNOTS('',3,(#6856,#6857,#6858,#6859,#6860,#6861,
#6862,#6863,#6864,#6865,#6866,#6867,#6868,#6869),.UNSPECIFIED.,.F.,.F.,
(4,2,2,2,2,2,4),(1.5632514209661,1.64194943342228,1.76038693921837,1.87882444501446,
2.03578117710173,2.21830792043808,2.40083466377444),.UNSPECIFIED.);
#1088=B_SPLINE_CURVE_WITH_KNOTS('',3,(#6873,#6874,#6875,#6876,#6877,#6878,
#6879,#6880,#6881,#6882,#6883,#6884,#6885,#6886,#6887,#6888),
 .UNSPECIFIED.,.F.,.F.,(4,2,2,2,2,2,2,4),(0.,0.14535973296793,0.29071946593586,
0.412136364819892,0.499581046530466,0.587025728241041,0.715953382688841,
0.834064840799546),.UNSPECIFIED.);
#1089=B_SPLINE_CURVE_WITH_KNOTS('',3,(#6890,#6891,#6892,#6893,#6894,#6895,
#6896,#6897,#6898,#6899,#6900,#6901,#6902,#6903,#6904,#6905,#6906,#6907,
#6908,#6909,#6910,#6911,#6912,#6913,#6914,#6915,#6916,#6917,#6918,#6919,
#6920,#6921,#6922,#6923,#6924,#6925,#6926,#6927,#6928,#6929,#6930,#6931,
#6932,#6933,#6934,#6935,#6936,#6937,#6938,#6939,#6940,#6941,#6942,#6943,
#6944,#6945,#6946,#6947),.UNSPECIFIED.,.F.,.F.,(4,2,2,2,2,2,2,2,2,2,2,2,
2,2,2,2,2,2,2,2,2,2,2,2,2,2,2,2,4),(0.,0.0996513663214975,0.12902624436674,
0.140327148929683,0.145517325461856,0.148314404368281,0.148699305814267,
0.148912247699411,0.149023357732733,0.149077681099803,0.149109879535646,
0.149129681980879,0.149144520028227,0.149149910083683,0.149152706962623,
0.14915565276718,0.149158050818734,0.149160056519122,0.149161703327057,
0.149162004088815,0.149162303468859,0.1491625614412,0.149162794709009,0.149163030021832,
0.14916342556376,0.149163674382387,0.149188101390552,0.150488978800999,
0.150512748579445),.UNSPECIFIED.);
#1090=B_SPLINE_CURVE_WITH_KNOTS('',3,(#6949,#6950,#6951,#6952,#6953,#6954),
 .UNSPECIFIED.,.F.,.F.,(4,2,4),(23.1157992555469,23.3470967819239,24.1358406649357),
 .UNSPECIFIED.);
#1091=B_SPLINE_CURVE_WITH_KNOTS('',3,(#6956,#6957,#6958,#6959,#6960,#6961,
#6962,#6963,#6964,#6965,#6966,#6967),.UNSPECIFIED.,.F.,.F.,(4,2,2,2,2,4),
(1.05832485188842,1.13685820093916,1.23014268229049,1.30557994307889,1.35328245914147,
1.4007178823564),.UNSPECIFIED.);
#1092=B_SPLINE_CURVE_WITH_KNOTS('',3,(#6969,#6970,#6971,#6972,#6973,#6974),
 .UNSPECIFIED.,.F.,.F.,(4,2,4),(-0.601602642272127,-0.410353281821698,0.),
 .UNSPECIFIED.);
#1093=B_SPLINE_CURVE_WITH_KNOTS('',3,(#6975,#6976,#6977,#6978,#6979,#6980,
#6981,#6982,#6983,#6984,#6985,#6986),.UNSPECIFIED.,.F.,.F.,(4,2,2,2,2,4),
(0.,0.166586035698898,0.345775864505581,0.555136189198948,0.804908452438039,
0.862774219921741),.UNSPECIFIED.);
#1094=B_SPLINE_CURVE_WITH_KNOTS('',3,(#7013,#7014,#7015,#7016),
 .UNSPECIFIED.,.F.,.F.,(4,4),(-0.356557645881606,0.),.UNSPECIFIED.);
#1095=B_SPLINE_CURVE_WITH_KNOTS('',3,(#7017,#7018,#7019,#7020),
 .UNSPECIFIED.,.F.,.F.,(4,4),(0.,0.356557645881606),.UNSPECIFIED.);
#1096=B_SPLINE_CURVE_WITH_KNOTS('',3,(#7043,#7044,#7045,#7046,#7047,#7048,
#7049,#7050,#7051,#7052,#7053,#7054,#7055),.UNSPECIFIED.,.F.,.F.,(4,3,3,
3,4),(0.,0.0481253912736418,0.0962507825472836,0.145592318688649,0.194933854830014),
 .UNSPECIFIED.);
#1097=B_SPLINE_CURVE_WITH_KNOTS('',3,(#7056,#7057,#7058,#7059,#7060),
 .UNSPECIFIED.,.F.,.F.,(4,1,4),(-1.54463509697924,-0.708667640665928,0.),
 .UNSPECIFIED.);
#1098=B_SPLINE_CURVE_WITH_KNOTS('',3,(#7061,#7062,#7063,#7064,#7065),
 .UNSPECIFIED.,.F.,.F.,(4,1,4),(0.,0.708667640665928,1.6535578282205),
 .UNSPECIFIED.);
#1099=B_SPLINE_CURVE_WITH_KNOTS('',3,(#7092,#7093,#7094,#7095),
 .UNSPECIFIED.,.F.,.F.,(4,4),(-1.37557901909129,-1.27802212923026),
 .UNSPECIFIED.);
#1100=B_SPLINE_CURVE_WITH_KNOTS('',3,(#7097,#7098,#7099,#7100),
 .UNSPECIFIED.,.F.,.F.,(4,4),(-0.980417348580954,-0.0268768097748368),
 .UNSPECIFIED.);
#1101=B_SPLINE_CURVE_WITH_KNOTS('',3,(#7102,#7103,#7104,#7105,#7106,#7107),
 .UNSPECIFIED.,.F.,.F.,(4,2,4),(8.12138643568672,8.23966525505625,8.59753332836059),
 .UNSPECIFIED.);
#1102=B_SPLINE_CURVE_WITH_KNOTS('',3,(#7109,#7110,#7111,#7112,#7113,#7114,
#7115,#7116),.UNSPECIFIED.,.F.,.F.,(4,2,2,4),(-0.806208902789399,-0.485132563914033,
-0.239818371638996,0.),.UNSPECIFIED.);
#1103=B_SPLINE_CURVE_WITH_KNOTS('',3,(#7118,#7119,#7120,#7121,#7122,#7123),
 .UNSPECIFIED.,.F.,.F.,(4,2,4),(16.3075524083334,16.3431428896531,16.7814176452509),
 .UNSPECIFIED.);
#1104=B_SPLINE_CURVE_WITH_KNOTS('',3,(#7125,#7126,#7127,#7128,#7129,#7130),
 .UNSPECIFIED.,.F.,.F.,(4,2,4),(-0.527465587865042,-0.243718539458269,0.),
 .UNSPECIFIED.);
#1105=B_SPLINE_CURVE_WITH_KNOTS('',3,(#7132,#7133,#7134,#7135,#7136,#7137,
#7138,#7139),.UNSPECIFIED.,.F.,.F.,(4,2,2,4),(-2.6916292759053,-2.20723292806726,
-1.72009890476608,-1.31411878389812),.UNSPECIFIED.);
#1106=B_SPLINE_CURVE_WITH_KNOTS('',3,(#7141,#7142,#7143,#7144,#7145,#7146,
#7147),.UNSPECIFIED.,.F.,.F.,(4,1,1,1,4),(-12.9684702531823,-12.7294921796051,
-12.4032426143749,-11.7507434839143,-10.7719947882235),.UNSPECIFIED.);
#1107=B_SPLINE_CURVE_WITH_KNOTS('',3,(#7150,#7151,#7152,#7153,#7154,#7155,
#7156,#7157,#7158,#7159,#7160,#7161,#7162,#7163,#7164,#7165,#7166,#7167,
#7168,#7169,#7170,#7171,#7172,#7173,#7174,#7175,#7176,#7177),
 .UNSPECIFIED.,.F.,.F.,(4,3,3,3,3,3,3,3,3,4),(-13.1801472656987,-11.7000248606262,
-9.93181701167132,-7.93405530123351,-5.65318479770904,-3.75396774608713,
-2.22097159856994,-1.15402199309172,-0.193333479702474,0.),
 .UNSPECIFIED.);
#1108=B_SPLINE_CURVE_WITH_KNOTS('',3,(#7179,#7180,#7181,#7182,#7183,#7184,
#7185),.UNSPECIFIED.,.F.,.F.,(4,1,1,1,4),(-32.6134496634337,-31.6972285188687,
-30.7810073743037,-30.3228968020212,-30.0418110058988),.UNSPECIFIED.);
#1109=B_SPLINE_CURVE_WITH_KNOTS('',3,(#7187,#7188,#7189,#7190),
 .UNSPECIFIED.,.F.,.F.,(4,4),(-0.0832122260242752,0.),.UNSPECIFIED.);
#1110=B_SPLINE_CURVE_WITH_KNOTS('',3,(#7192,#7193,#7194,#7195,#7196,#7197,
#7198,#7199),.UNSPECIFIED.,.F.,.F.,(4,2,2,4),(-2.84005657228904,-2.11000181083487,
-1.28614457888015,0.),.UNSPECIFIED.);
#1111=B_SPLINE_CURVE_WITH_KNOTS('',3,(#7201,#7202,#7203,#7204,#7205,#7206,
#7207,#7208,#7209,#7210),.UNSPECIFIED.,.F.,.F.,(4,2,2,2,4),(-1.02922317759373,
-0.897145613026071,-0.75723268385591,-0.433836129667822,-0.404278592103533),
 .UNSPECIFIED.);
#1112=B_SPLINE_CURVE_WITH_KNOTS('',3,(#7212,#7213,#7214,#7215),
 .UNSPECIFIED.,.F.,.F.,(4,4),(-35.5177483623944,-35.2201187638297),
 .UNSPECIFIED.);
#1113=B_SPLINE_CURVE_WITH_KNOTS('',3,(#7217,#7218,#7219,#7220),
 .UNSPECIFIED.,.F.,.F.,(4,4),(-15.6532639672983,-15.4212729977882),
 .UNSPECIFIED.);
#1114=B_SPLINE_CURVE_WITH_KNOTS('',3,(#7222,#7223,#7224,#7225,#7226,#7227),
 .UNSPECIFIED.,.F.,.F.,(4,2,4),(-0.710770313986823,-0.455805066268403,-0.291912841861351),
 .UNSPECIFIED.);
#1115=B_SPLINE_CURVE_WITH_KNOTS('',3,(#7229,#7230,#7231,#7232),
 .UNSPECIFIED.,.F.,.F.,(4,4),(-0.479443835169201,-0.374053700063286),
 .UNSPECIFIED.);
#1116=B_SPLINE_CURVE_WITH_KNOTS('',3,(#7234,#7235,#7236,#7237,#7238,#7239,
#7240,#7241),.UNSPECIFIED.,.F.,.F.,(4,2,2,4),(0.,0.183413872992428,0.320017226475962,
0.400958418663808),.UNSPECIFIED.);
#1117=B_SPLINE_CURVE_WITH_KNOTS('',3,(#7243,#7244,#7245,#7246),
 .UNSPECIFIED.,.F.,.F.,(4,4),(1.322850580328,1.35446121122884),
 .UNSPECIFIED.);
#1118=B_SPLINE_CURVE_WITH_KNOTS('',3,(#7248,#7249,#7250,#7251,#7252,#7253,
#7254,#7255,#7256,#7257),.UNSPECIFIED.,.F.,.F.,(4,2,2,2,4),(-4.0585166499873,
-3.86733901968751,-2.57733141626851,-1.60298638231073,-1.14496224635335),
 .UNSPECIFIED.);
#1119=B_SPLINE_CURVE_WITH_KNOTS('',3,(#7259,#7260,#7261,#7262,#7263,#7264,
#7265,#7266,#7267,#7268),.UNSPECIFIED.,.F.,.F.,(4,2,2,2,4),(-0.275289324853985,
-0.230347134916829,-0.148299628589419,-0.0711789083109373,0.),
 .UNSPECIFIED.);
#1120=B_SPLINE_CURVE_WITH_KNOTS('',3,(#7270,#7271,#7272,#7273,#7274,#7275),
 .UNSPECIFIED.,.F.,.F.,(4,2,4),(-0.384116467731061,-0.183378069868816,-0.138591729775921),
 .UNSPECIFIED.);
#1121=B_SPLINE_CURVE_WITH_KNOTS('',3,(#7276,#7277,#7278,#7279),
 .UNSPECIFIED.,.F.,.F.,(4,4),(-9.72427840135622,-9.45659240712),
 .UNSPECIFIED.);
#1122=B_SPLINE_CURVE_WITH_KNOTS('',3,(#7282,#7283,#7284,#7285,#7286,#7287),
 .UNSPECIFIED.,.F.,.F.,(4,2,4),(-0.80354804868532,-0.410458981633287,-0.201966069312197),
 .UNSPECIFIED.);
#1123=B_SPLINE_CURVE_WITH_KNOTS('',3,(#7289,#7290,#7291,#7292,#7293,#7294,
#7295,#7296,#7297,#7298,#7299,#7300),.UNSPECIFIED.,.F.,.F.,(4,2,2,2,2,4),
(2.02883075054906E-9,0.0653818816976931,0.131793376540265,0.207985376920409,
0.301221905760943,0.342560773410593),.UNSPECIFIED.);
#1124=B_SPLINE_CURVE_WITH_KNOTS('',3,(#7302,#7303,#7304,#7305,#7306,#7307,
#7308),.UNSPECIFIED.,.F.,.F.,(4,3,4),(12.5238361798443,13.7998004283453,
14.7567736147211),.UNSPECIFIED.);
#1125=B_SPLINE_CURVE_WITH_KNOTS('',3,(#7310,#7311,#7312,#7313,#7314,#7315,
#7316,#7317,#7318,#7319,#7320,#7321,#7322,#7323,#7324,#7325,#7326,#7327,
#7328,#7329),.UNSPECIFIED.,.F.,.F.,(4,2,2,2,2,2,2,2,2,4),(-0.531546706265901,
-0.513928158493462,-0.50260808939369,-0.494012886219814,-0.484798991980778,
-0.470441130863352,-0.431557019803359,-0.353054701950301,-0.289748315409966,
-0.215990217372111),.UNSPECIFIED.);
#1126=B_SPLINE_CURVE_WITH_KNOTS('',3,(#7331,#7332,#7333,#7334),
 .UNSPECIFIED.,.F.,.F.,(4,4),(18.0225472069882,18.6063272493004),
 .UNSPECIFIED.);
#1127=B_SPLINE_CURVE_WITH_KNOTS('',3,(#7336,#7337,#7338,#7339,#7340,#7341,
#7342,#7343,#7344,#7345,#7346,#7347,#7348,#7349,#7350,#7351,#7352,#7353,
#7354,#7355),.UNSPECIFIED.,.F.,.F.,(4,2,2,2,2,2,2,2,2,4),(-0.786956147153491,
-0.676196877190753,-0.55716514213953,-0.393513068520131,-0.247065241040199,
-0.145135645115847,-0.0935876319896116,-0.0623963043789137,-0.0346338226651975,
0.),.UNSPECIFIED.);
#1128=B_SPLINE_CURVE_WITH_KNOTS('',3,(#7357,#7358,#7359,#7360,#7361,#7362,
#7363,#7364,#7365,#7366),.UNSPECIFIED.,.F.,.F.,(4,2,2,2,4),(22.4029013478921,
22.7899634429475,23.3404784523609,23.8883648935416,24.017994638712),
 .UNSPECIFIED.);
#1129=B_SPLINE_CURVE_WITH_KNOTS('',3,(#7367,#7368,#7369,#7370,#7371,#7372,
#7373,#7374,#7375,#7376,#7377,#7378),.UNSPECIFIED.,.F.,.F.,(4,2,2,2,2,4),
(2.60730934063055,2.76495294915428,3.01583675203383,3.22290853760132,3.3476651298311,
3.47002600632646),.UNSPECIFIED.);
#1130=B_SPLINE_CURVE_WITH_KNOTS('',3,(#7381,#7382,#7383,#7384,#7385,#7386,
#7387,#7388,#7389,#7390,#7391,#7392),.UNSPECIFIED.,.F.,.F.,(4,2,2,2,2,4),
(-1.63803511092444,-1.25112870751949,-0.948288247137853,-0.747794574094027,
-0.501048348410748,0.),.UNSPECIFIED.);
#1131=B_SPLINE_CURVE_WITH_KNOTS('',3,(#7394,#7395,#7396,#7397,#7398,#7399),
 .UNSPECIFIED.,.F.,.F.,(4,2,4),(-5.16135980708919,-2.20571595387386,0.),
 .UNSPECIFIED.);
#1132=B_SPLINE_CURVE_WITH_KNOTS('',3,(#7401,#7402,#7403,#7404,#7405,#7406,
#7407,#7408,#7409,#7410,#7411,#7412,#7413,#7414,#7415,#7416,#7417,#7418,
#7419,#7420),.UNSPECIFIED.,.F.,.F.,(4,2,2,2,2,2,2,2,2,4),(-10.86538174317,
-8.20806001551363,-6.5336893362261,-5.64886602082874,-5.275055247403,-5.02696110494142,
-4.76701654146704,-4.32265642552159,-2.48628737704794,0.),.UNSPECIFIED.);
#1133=B_SPLINE_CURVE_WITH_KNOTS('',3,(#7421,#7422,#7423,#7424,#7425,#7426,
#7427,#7428),.UNSPECIFIED.,.F.,.F.,(4,2,2,4),(-3.19563722846917,-2.31448128701069,
-1.45175379160558,0.),.UNSPECIFIED.);
#1134=B_SPLINE_CURVE_WITH_KNOTS('',3,(#7452,#7453,#7454,#7455,#7456,#7457,
#7458,#7459,#7460,#7461),.UNSPECIFIED.,.F.,.F.,(4,2,2,2,4),(2.78350841131872,
2.92632886017801,3.1051485947866,3.26241636811366,3.29464855773924),
 .UNSPECIFIED.);
#1135=B_SPLINE_CURVE_WITH_KNOTS('',3,(#7478,#7479,#7480,#7481,#7482,#7483,
#7484,#7485,#7486,#7487,#7488,#7489),.UNSPECIFIED.,.F.,.F.,(4,2,2,2,2,4),
(-0.00364512890149257,0.,0.209692945133006,0.403150008818035,0.594236632622658,
0.786119491141694),.UNSPECIFIED.);
#1136=B_SPLINE_CURVE_WITH_KNOTS('',3,(#7496,#7497,#7498,#7499,#7500,#7501,
#7502,#7503,#7504,#7505,#7506,#7507),.UNSPECIFIED.,.F.,.F.,(4,2,2,2,2,4),
(0.147695025953975,0.175100422867855,0.359596826402117,0.565021353803726,
0.797508847996112,0.848025351584724),.UNSPECIFIED.);
#1137=B_SPLINE_CURVE_WITH_KNOTS('',3,(#7526,#7527,#7528,#7529,#7530,#7531,
#7532,#7533,#7534,#7535,#7536,#7537),.UNSPECIFIED.,.F.,.F.,(4,2,2,2,2,4),
(0.,0.191846386154165,0.382896688939188,0.576316981040406,0.785970068534935,
0.789614504584172),.UNSPECIFIED.);
#1138=B_SPLINE_CURVE_WITH_KNOTS('',3,(#7541,#7542,#7543,#7544),
 .UNSPECIFIED.,.F.,.F.,(4,4),(6.2656976083982,6.34729180149443),
 .UNSPECIFIED.);
#1139=B_SPLINE_CURVE_WITH_KNOTS('',3,(#7547,#7548,#7549,#7550,#7551,#7552,
#7553,#7554,#7555,#7556,#7557,#7558,#7559),.UNSPECIFIED.,.F.,.F.,(4,3,3,
3,4),(-0.264726173687638,-0.182741557558089,-0.1322418523208,-0.0506376604823021,
0.),.UNSPECIFIED.);
#1140=B_SPLINE_CURVE_WITH_KNOTS('',3,(#7581,#7582,#7583,#7584),
 .UNSPECIFIED.,.F.,.F.,(4,4),(12.8637134020894,13.0559555826856),
 .UNSPECIFIED.);
#1141=B_SPLINE_CURVE_WITH_KNOTS('',3,(#7585,#7586,#7587,#7588),
 .UNSPECIFIED.,.F.,.F.,(4,4),(-13.1626172931621,-12.8929655358328),
 .UNSPECIFIED.);
#1142=B_SPLINE_CURVE_WITH_KNOTS('',3,(#7590,#7591,#7592,#7593),
 .UNSPECIFIED.,.F.,.F.,(4,4),(9.56302504285129,9.75352406513612),
 .UNSPECIFIED.);
#1143=B_SPLINE_CURVE_WITH_KNOTS('',3,(#7624,#7625,#7626,#7627,#7628,#7629),
 .UNSPECIFIED.,.F.,.F.,(4,2,4),(0.02308958231,0.0805045191781121,0.177987541430939),
 .UNSPECIFIED.);
#1144=B_SPLINE_CURVE_WITH_KNOTS('',3,(#7630,#7631,#7632,#7633),
 .UNSPECIFIED.,.F.,.F.,(4,4),(0.177036071708535,0.205878161285242),
 .UNSPECIFIED.);
#1145=B_SPLINE_CURVE_WITH_KNOTS('',3,(#7650,#7651,#7652,#7653,#7654,#7655,
#7656),.UNSPECIFIED.,.F.,.F.,(4,3,4),(-0.138908902766587,-0.0540567183417719,
0.),.UNSPECIFIED.);
#1146=B_SPLINE_CURVE_WITH_KNOTS('',3,(#7735,#7736,#7737,#7738,#7739,#7740,
#7741,#7742,#7743,#7744,#7745,#7746,#7747,#7748,#7749,#7750),
 .UNSPECIFIED.,.F.,.F.,(4,2,2,2,2,2,2,4),(1.62009672926269,1.82502079303062,
2.13923759484393,2.51197662633227,2.60547480428314,2.65262198705649,2.68466725684569,
2.71388958584244),.UNSPECIFIED.);
#1147=B_SPLINE_CURVE_WITH_KNOTS('',3,(#7774,#7775,#7776,#7777),
 .UNSPECIFIED.,.F.,.F.,(4,4),(0.407429700244466,0.505944236244635),
 .UNSPECIFIED.);
#1148=B_SPLINE_CURVE_WITH_KNOTS('',3,(#7780,#7781,#7782,#7783),
 .UNSPECIFIED.,.F.,.F.,(4,4),(0.92115517667949,1.06444133964179),
 .UNSPECIFIED.);
#1149=B_SPLINE_CURVE_WITH_KNOTS('',3,(#7791,#7792,#7793,#7794,#7795,#7796,
#7797,#7798),.UNSPECIFIED.,.F.,.F.,(4,2,2,4),(2.99535948591556,3.04714762214459,
3.39824607315479,3.4206981881219),.UNSPECIFIED.);
#1150=B_SPLINE_CURVE_WITH_KNOTS('',3,(#7843,#7844,#7845,#7846),
 .UNSPECIFIED.,.F.,.F.,(4,4),(4.91434755489135,5.00956590453981),
 .UNSPECIFIED.);
#1151=B_SPLINE_CURVE_WITH_KNOTS('',3,(#7847,#7848,#7849,#7850),
 .UNSPECIFIED.,.F.,.F.,(4,4),(0.,0.0890547836136376),.UNSPECIFIED.);
#1152=B_SPLINE_CURVE_WITH_KNOTS('',3,(#7855,#7856,#7857,#7858),
 .UNSPECIFIED.,.F.,.F.,(4,4),(1.07624207645573,1.32387715196314),
 .UNSPECIFIED.);
#1153=B_SPLINE_CURVE_WITH_KNOTS('',3,(#7859,#7860,#7861,#7862),
 .UNSPECIFIED.,.F.,.F.,(4,4),(0.149331930443596,0.187462169160476),
 .UNSPECIFIED.);
#1154=B_SPLINE_CURVE_WITH_KNOTS('',3,(#7864,#7865,#7866,#7867,#7868,#7869,
#7870,#7871),.UNSPECIFIED.,.F.,.F.,(4,2,2,4),(0.337990087046333,0.52778012492579,
0.791646221764026,0.92115517667949),.UNSPECIFIED.);
#1155=B_SPLINE_CURVE_WITH_KNOTS('',3,(#7875,#7876,#7877,#7878,#7879,#7880,
#7881,#7882,#7883,#7884,#7885,#7886),.UNSPECIFIED.,.F.,.F.,(4,2,2,2,2,4),
(5.00956590453981,5.48191918819903,6.0899993602757,6.69807953235238,7.30615970442906,
7.63153050001784),.UNSPECIFIED.);
#1156=B_SPLINE_CURVE_WITH_KNOTS('',3,(#7890,#7891,#7892,#7893,#7894,#7895,
#7896,#7897,#7898,#7899),.UNSPECIFIED.,.F.,.F.,(4,2,2,2,4),(-0.864814026216243,
-0.672203916312102,-0.476007824840673,-0.203635542326081,0.),
 .UNSPECIFIED.);
#1157=B_SPLINE_CURVE_WITH_KNOTS('',3,(#7900,#7901,#7902,#7903),
 .UNSPECIFIED.,.F.,.F.,(4,4),(1.6945387895602,1.75366312915927),
 .UNSPECIFIED.);
#1158=B_SPLINE_CURVE_WITH_KNOTS('',3,(#7909,#7910,#7911,#7912),
 .UNSPECIFIED.,.F.,.F.,(4,4),(-0.359766595112471,0.),.UNSPECIFIED.);
#1159=B_SPLINE_CURVE_WITH_KNOTS('',3,(#7915,#7916,#7917,#7918,#7919,#7920),
 .UNSPECIFIED.,.F.,.F.,(4,2,4),(2.56287920642177,2.60641077277123,2.64345537072465),
 .UNSPECIFIED.);
#1160=B_SPLINE_CURVE_WITH_KNOTS('',3,(#7921,#7922,#7923,#7924),
 .UNSPECIFIED.,.F.,.F.,(4,4),(-0.65446364254725,-0.501440229621627),
 .UNSPECIFIED.);
#1161=B_SPLINE_CURVE_WITH_KNOTS('',3,(#7954,#7955,#7956,#7957,#7958,#7959),
 .UNSPECIFIED.,.F.,.F.,(4,2,4),(1.30962777959581,1.50644440956347,1.6833558781886),
 .UNSPECIFIED.);
#1162=B_SPLINE_CURVE_WITH_KNOTS('',3,(#7983,#7984,#7985,#7986),
 .UNSPECIFIED.,.F.,.F.,(4,4),(3.69467584225697,3.78370291647646),
 .UNSPECIFIED.);
#1163=B_SPLINE_CURVE_WITH_KNOTS('',3,(#7989,#7990,#7991,#7992),
 .UNSPECIFIED.,.F.,.F.,(4,4),(14.4801263726944,14.5753447223428),
 .UNSPECIFIED.);
#1164=B_SPLINE_CURVE_WITH_KNOTS('',3,(#8000,#8001,#8002,#8003,#8004,#8005,
#8006,#8007,#8008,#8009,#8010,#8011,#8012,#8013,#8014,#8015),
 .UNSPECIFIED.,.F.,.F.,(4,2,2,2,2,2,2,4),(0.,0.0326652259984268,0.0652806073077819,
0.10959478873559,0.190639024323877,0.402753495068202,0.960751265384523,
1.08771136084653),.UNSPECIFIED.);
#1165=B_SPLINE_CURVE_WITH_KNOTS('',3,(#8043,#8044,#8045,#8046),
 .UNSPECIFIED.,.F.,.F.,(4,4),(3.15784184994961,3.3011280129119),
 .UNSPECIFIED.);
#1166=B_SPLINE_CURVE_WITH_KNOTS('',3,(#8047,#8048,#8049,#8050),
 .UNSPECIFIED.,.F.,.F.,(4,4),(0.,0.0980357775209295),.UNSPECIFIED.);
#1167=B_SPLINE_CURVE_WITH_KNOTS('',3,(#8055,#8056,#8057,#8058),
 .UNSPECIFIED.,.F.,.F.,(4,4),(-0.193165688424789,-0.0402236944084395),
 .UNSPECIFIED.);
#1168=B_SPLINE_CURVE_WITH_KNOTS('',3,(#8059,#8060,#8061,#8062,#8063,#8064),
 .UNSPECIFIED.,.F.,.F.,(4,2,4),(0.218606510516231,0.255651108470436,0.299182675210405),
 .UNSPECIFIED.);
#1169=B_SPLINE_CURVE_WITH_KNOTS('',3,(#8067,#8068,#8069,#8070),
 .UNSPECIFIED.,.F.,.F.,(4,4),(-0.360907465722836,0.),.UNSPECIFIED.);
#1170=B_SPLINE_CURVE_WITH_KNOTS('',3,(#8077,#8078,#8079,#8080),
 .UNSPECIFIED.,.F.,.F.,(4,4),(2.56357312923552,2.62269746883403),
 .UNSPECIFIED.);
#1171=B_SPLINE_CURVE_WITH_KNOTS('',3,(#8081,#8082,#8083,#8084,#8085,#8086,
#8087,#8088,#8089,#8090),.UNSPECIFIED.,.F.,.F.,(4,2,2,2,4),(-0.872565181120415,
-0.693527532303076,-0.54221547283645,-0.272173679283431,0.),
 .UNSPECIFIED.);
#1172=B_SPLINE_CURVE_WITH_KNOTS('',3,(#8092,#8093,#8094,#8095,#8096,#8097,
#8098,#8099,#8100,#8101,#8102,#8103),.UNSPECIFIED.,.F.,.F.,(4,2,2,2,2,4),
(11.8581617772163,12.1835325728051,12.7916127448818,13.3996929169585,14.0077730890351,
14.4801263726944),.UNSPECIFIED.);
#1173=B_SPLINE_CURVE_WITH_KNOTS('',3,(#8107,#8108,#8109,#8110,#8111,#8112,
#8113,#8114),.UNSPECIFIED.,.F.,.F.,(4,2,2,4),(3.3011280129119,3.43063696782736,
3.6945030646656,3.88429310254506),.UNSPECIFIED.);
#1174=B_SPLINE_CURVE_WITH_KNOTS('',3,(#8117,#8118,#8119,#8120),
 .UNSPECIFIED.,.F.,.F.,(4,4),(2.6745997120812,2.71272995079808),
 .UNSPECIFIED.);
#1175=B_SPLINE_CURVE_WITH_KNOTS('',3,(#8121,#8122,#8123,#8124),
 .UNSPECIFIED.,.F.,.F.,(4,4),(15.855581433822,16.1032165093294),
 .UNSPECIFIED.);
#1176=B_SPLINE_CURVE_WITH_KNOTS('',3,(#8130,#8131,#8132,#8133,#8134,#8135),
 .UNSPECIFIED.,.F.,.F.,(4,2,4),(-0.550361801629291,-0.378869954317,-0.134906467807916),
 .UNSPECIFIED.);
#1177=B_SPLINE_CURVE_WITH_KNOTS('',3,(#8140,#8141,#8142,#8143,#8144,#8145),
 .UNSPECIFIED.,.F.,.F.,(4,2,4),(0.991120268226198,1.56745990598811,2.08657947367981),
 .UNSPECIFIED.);
#1178=B_SPLINE_CURVE_WITH_KNOTS('',3,(#8147,#8148,#8149,#8150),
 .UNSPECIFIED.,.F.,.F.,(4,4),(0.454475238340722,0.492983688446191),
 .UNSPECIFIED.);
#1179=B_SPLINE_CURVE_WITH_KNOTS('',3,(#8152,#8153,#8154,#8155,#8156,#8157,
#8158,#8159,#8160,#8161,#8162,#8163,#8164,#8165,#8166,#8167,#8168,#8169),
 .UNSPECIFIED.,.F.,.F.,(4,2,2,2,2,2,2,2,4),(9.35268188312117,9.38232067620199,
9.79720404284791,10.2120874094938,10.6269707761397,11.0418541427856,11.4567375094316,
11.8716208760775,11.9025275265781),.UNSPECIFIED.);
#1180=B_SPLINE_CURVE_WITH_KNOTS('',3,(#8170,#8171,#8172,#8173),
 .UNSPECIFIED.,.F.,.F.,(4,4),(0.714959419385666,0.752206849146112),
 .UNSPECIFIED.);
#1181=B_SPLINE_CURVE_WITH_KNOTS('',3,(#8175,#8176,#8177,#8178,#8179,#8180,
#8181),.UNSPECIFIED.,.F.,.F.,(4,1,1,1,4),(29.4066756574562,30.3228968020212,
30.7810073743037,31.6972285188687,32.357202542204),.UNSPECIFIED.);
#1182=B_SPLINE_CURVE_WITH_KNOTS('',3,(#8182,#8183,#8184,#8185,#8186,#8187),
 .UNSPECIFIED.,.F.,.F.,(4,1,1,4),(32.8875398031164,34.0057307229973,34.9219903587235,
35.8382499944496),.UNSPECIFIED.);
#1183=B_SPLINE_CURVE_WITH_KNOTS('',3,(#8219,#8220,#8221,#8222,#8223,#8224,
#8225,#8226),.UNSPECIFIED.,.F.,.F.,(4,2,2,4),(-0.927241313599123,-0.787084962212412,
-0.53288083251541,-0.510720653813269),.UNSPECIFIED.);
#1184=B_SPLINE_CURVE_WITH_KNOTS('',3,(#8237,#8238,#8239,#8240,#8241,#8242,
#8243,#8244,#8245,#8246,#8247,#8248),.UNSPECIFIED.,.F.,.F.,(4,2,2,2,2,4),
(-0.312710616553848,-0.267920109031431,-0.225858275079725,-0.147211187588683,
-0.0715476809242416,-0.0374282675969965),.UNSPECIFIED.);
#1185=B_SPLINE_CURVE_WITH_KNOTS('',3,(#8265,#8266,#8267,#8268),
 .UNSPECIFIED.,.F.,.F.,(4,4),(0.929924015906034,1.06336017571392),
 .UNSPECIFIED.);
#1186=B_SPLINE_CURVE_WITH_KNOTS('',3,(#8330,#8331,#8332,#8333,#8334,#8335,
#8336,#8337,#8338,#8339,#8340,#8341),.UNSPECIFIED.,.F.,.F.,(4,1,1,1,1,1,
1,2,4),(0.,0.0586478428133455,0.117295685626691,0.175943528440037,0.205267449846709,
0.234591371253382,0.263915292660055,0.293239214066728,0.294077957862958),
 .UNSPECIFIED.);
#1187=B_SPLINE_CURVE_WITH_KNOTS('',3,(#8343,#8344,#8345,#8346,#8347,#8348,
#8349,#8350,#8351,#8352,#8353,#8354),.UNSPECIFIED.,.F.,.F.,(4,2,1,1,1,1,
1,1,4),(-0.294077957862958,-0.293239214066728,-0.263915292660055,-0.234591371253382,
-0.205267449846709,-0.175943528440037,-0.117295685626691,-0.0586478428133455,
0.),.UNSPECIFIED.);
#1188=B_SPLINE_CURVE_WITH_KNOTS('',3,(#8418,#8419,#8420,#8421,#8422,#8423,
#8424,#8425,#8426,#8427,#8428,#8429),.UNSPECIFIED.,.F.,.F.,(4,1,1,1,1,1,
1,2,4),(4.48656504234841E-17,0.0585476150110474,0.087821422516571,0.117095230022095,
0.146369037527618,0.175642845033142,0.234190460044189,0.292738075055237,
0.293584515570439),.UNSPECIFIED.);
#1189=B_SPLINE_CURVE_WITH_KNOTS('',3,(#8431,#8432,#8433,#8434,#8435,#8436,
#8437,#8438,#8439,#8440,#8441,#8442),.UNSPECIFIED.,.F.,.F.,(4,2,1,1,1,1,
1,1,4),(-0.293584515570439,-0.292738075055237,-0.234190460044189,-0.175642845033142,
-0.146369037527618,-0.117095230022095,-0.087821422516571,-0.0585476150110474,
-4.48656504234841E-17),.UNSPECIFIED.);
#1190=B_SPLINE_CURVE_WITH_KNOTS('',3,(#8479,#8480,#8481,#8482),
 .UNSPECIFIED.,.F.,.F.,(4,4),(-2.22542331603222,-2.15240093380193),
 .UNSPECIFIED.);
#1191=B_SPLINE_CURVE_WITH_KNOTS('',3,(#8484,#8485,#8486,#8487),
 .UNSPECIFIED.,.F.,.F.,(4,4),(-0.700914844521667,-0.627191810174655),
 .UNSPECIFIED.);
#1192=B_SPLINE_CURVE_WITH_KNOTS('',3,(#8488,#8489,#8490,#8491,#8492,#8493,
#8494,#8495,#8496,#8497),.UNSPECIFIED.,.F.,.F.,(4,2,2,2,4),(-1.14505830888712,
-0.907113569152889,-0.673121666635036,-0.373327293171468,0.),
 .UNSPECIFIED.);
#1193=B_SPLINE_CURVE_WITH_KNOTS('',3,(#8500,#8501,#8502,#8503,#8504,#8505,
#8506),.UNSPECIFIED.,.F.,.F.,(4,3,4),(0.,0.0797365954666722,0.133824633046642),
 .UNSPECIFIED.);
#1194=B_SPLINE_CURVE_WITH_KNOTS('',3,(#8640,#8641,#8642,#8643,#8644,#8645,
#8646,#8647,#8648,#8649,#8650,#8651,#8652),.UNSPECIFIED.,.F.,.F.,(4,1,1,
1,1,1,1,1,2,4),(-1.04018929298155,-0.936170363683397,-0.832151434385242,
-0.624113575788931,-0.416075717192621,-0.312056787894466,-0.208037858596311,
-0.104018929298155,0.,0.00163858187875715),.UNSPECIFIED.);
#1195=B_SPLINE_CURVE_WITH_KNOTS('',3,(#8654,#8655,#8656,#8657,#8658,#8659,
#8660,#8661,#8662,#8663,#8664,#8665,#8666),.UNSPECIFIED.,.F.,.F.,(4,2,1,
1,1,1,1,1,1,4),(-0.00163858187875715,0.,0.104018929298155,0.208037858596311,
0.312056787894466,0.416075717192621,0.624113575788931,0.832151434385242,
0.936170363683397,1.04018929298155),.UNSPECIFIED.);
#1196=B_SPLINE_CURVE_WITH_KNOTS('',3,(#8755,#8756,#8757,#8758,#8759,#8760,
#8761,#8762,#8763,#8764,#8765,#8766,#8767),.UNSPECIFIED.,.F.,.F.,(4,1,1,
1,1,1,1,1,2,4),(0.,0.104020309387041,0.208040618774083,0.312060928161124,
0.416081237548165,0.520101546935207,0.624121856322248,0.832162475096331,
1.04020309387041,1.04182464439388),.UNSPECIFIED.);
#1197=B_SPLINE_CURVE_WITH_KNOTS('',3,(#8769,#8770,#8771,#8772,#8773,#8774,
#8775,#8776,#8777,#8778,#8779,#8780,#8781),.UNSPECIFIED.,.F.,.F.,(4,2,1,
1,1,1,1,1,1,4),(-1.04182464439388,-1.04020309387041,-0.832162475096331,
-0.624121856322248,-0.520101546935207,-0.416081237548165,-0.312060928161124,
-0.208040618774083,-0.104020309387041,0.),.UNSPECIFIED.);
#1198=B_SPLINE_CURVE_WITH_KNOTS('',3,(#8844,#8845,#8846,#8847,#8848,#8849,
#8850,#8851,#8852,#8853),.UNSPECIFIED.,.F.,.F.,(4,1,1,1,1,2,4),(0.,0.0248631922305259,
0.0497263844610517,0.0994527689221034,0.198905537844207,0.248631922305258,
0.249575804979649),.UNSPECIFIED.);
#1199=B_SPLINE_CURVE_WITH_KNOTS('',3,(#8854,#8855,#8856,#8857,#8858,#8859,
#8860,#8861,#8862,#8863),.UNSPECIFIED.,.F.,.F.,(4,2,1,1,1,1,4),(-0.249575804979649,
-0.248631922305258,-0.198905537844207,-0.0994527689221034,-0.0497263844610517,
-0.0248631922305259,0.),.UNSPECIFIED.);
#1200=B_SPLINE_CURVE_WITH_KNOTS('',3,(#8945,#8946,#8947,#8948,#8949,#8950,
#8951,#8952,#8953,#8954,#8955,#8956,#8957,#8958,#8959),.UNSPECIFIED.,.F.,
 .F.,(4,1,1,1,1,1,1,1,1,1,2,4),(0.,0.106259492825995,0.212518985651991,
0.318778478477986,0.425037971303981,0.531297464129977,0.637556956955972,
0.743816449781967,0.850075942607963,0.956335435433958,1.06259492825995,
1.06434191030561),.UNSPECIFIED.);
#1201=B_SPLINE_CURVE_WITH_KNOTS('',3,(#8960,#8961,#8962,#8963,#8964,#8965,
#8966,#8967,#8968,#8969,#8970,#8971,#8972,#8973,#8974),.UNSPECIFIED.,.F.,
 .F.,(4,2,1,1,1,1,1,1,1,1,1,4),(-1.06434191030561,-1.06259492825995,-0.956335435433958,
-0.850075942607963,-0.743816449781967,-0.637556956955972,-0.531297464129977,
-0.425037971303981,-0.318778478477986,-0.212518985651991,-0.106259492825995,
0.),.UNSPECIFIED.);
#1202=B_SPLINE_CURVE_WITH_KNOTS('',3,(#8998,#8999,#9000,#9001,#9002,#9003,
#9004,#9005,#9006,#9007,#9008,#9009,#9010,#9011,#9012,#9013,#9014,#9015,
#9016,#9017,#9018,#9019),.UNSPECIFIED.,.F.,.F.,(4,2,2,2,2,2,2,2,2,2,4),
(0.584179086793447,0.588919535688793,0.600652053602664,0.621753909612903,
0.667129849417451,0.756642362000419,0.879213142293028,0.978500854710481,
1.14572551142594,1.26925951034143,1.38428094336289),.UNSPECIFIED.);
#1203=B_SPLINE_CURVE_WITH_KNOTS('',3,(#9077,#9078,#9079,#9080,#9081,#9082,
#9083,#9084,#9085,#9086),.UNSPECIFIED.,.F.,.F.,(4,1,1,1,1,2,4),(-0.248632204479861,
-0.223768984031874,-0.198905763583888,-0.149179322687916,-0.0497264408959721,
0.,0.000943603560982906),.UNSPECIFIED.);
#1204=B_SPLINE_CURVE_WITH_KNOTS('',3,(#9087,#9088,#9089,#9090,#9091,#9092,
#9093,#9094,#9095,#9096),.UNSPECIFIED.,.F.,.F.,(4,2,1,1,1,1,4),(-0.000943603560982906,
0.,0.0497264408959721,0.149179322687916,0.198905763583888,0.223768984031874,
0.248632204479861),.UNSPECIFIED.);
#1205=B_SPLINE_CURVE_WITH_KNOTS('',3,(#9158,#9159,#9160,#9161,#9162,#9163,
#9164,#9165,#9166,#9167,#9168),.UNSPECIFIED.,.F.,.F.,(4,1,1,1,1,1,2,4),
(-1.06259970534979,-0.95633973481481,-0.850079764279831,-0.743819793744852,
-0.637559823209873,-0.212519941069958,0.,0.00173854950903944),
 .UNSPECIFIED.);
#1206=B_SPLINE_CURVE_WITH_KNOTS('',3,(#9169,#9170,#9171,#9172,#9173,#9174,
#9175,#9176,#9177,#9178,#9179),.UNSPECIFIED.,.F.,.F.,(4,2,1,1,1,1,1,4),
(-0.00173854950903944,0.,0.212519941069958,0.637559823209873,0.743819793744852,
0.850079764279831,0.95633973481481,1.06259970534979),.UNSPECIFIED.);
#1207=B_SPLINE_CURVE_WITH_KNOTS('',3,(#9204,#9205,#9206,#9207,#9208,#9209,
#9210,#9211,#9212,#9213,#9214,#9215,#9216,#9217,#9218,#9219),
 .UNSPECIFIED.,.F.,.F.,(4,2,2,2,2,2,2,4),(0.515246216958922,0.518399195461349,
0.547111448756413,0.595467217109221,0.695862342283225,0.842484936992043,
0.957641961934015,1.04419749804541),.UNSPECIFIED.);
#1208=B_SPLINE_CURVE_WITH_KNOTS('',3,(#9220,#9221,#9222,#9223,#9224,#9225),
 .UNSPECIFIED.,.F.,.F.,(4,2,4),(0.934729647701802,1.04205050101128,1.05058712258613),
 .UNSPECIFIED.);
#1209=B_SPLINE_CURVE_WITH_KNOTS('',3,(#9256,#9257,#9258,#9259,#9260,#9261,
#9262,#9263,#9264,#9265,#9266,#9267,#9268,#9269,#9270,#9271,#9272,#9273),
 .UNSPECIFIED.,.F.,.F.,(4,2,2,2,2,2,2,2,4),(0.,0.0645480597166176,0.1491340542149,
0.28142181078053,0.457134732180133,0.56647636498581,0.58596124871271,0.595394922331365,
0.597838836931334),.UNSPECIFIED.);
#1210=B_SPLINE_CURVE_WITH_KNOTS('',3,(#9274,#9275,#9276,#9277,#9278),
 .UNSPECIFIED.,.F.,.F.,(4,1,4),(0.669917262418401,1.57948203797797,2.32628187231247),
 .UNSPECIFIED.);
#1211=B_SPLINE_CURVE_WITH_KNOTS('',3,(#9282,#9283,#9284,#9285),
 .UNSPECIFIED.,.F.,.F.,(4,4),(0.898720485316687,0.934729647701803),
 .UNSPECIFIED.);
#1212=B_SPLINE_CURVE_WITH_KNOTS('',3,(#9328,#9329,#9330,#9331,#9332,#9333),
 .UNSPECIFIED.,.F.,.F.,(4,1,1,4),(1.54071963717277,1.61160155165199,1.91471443657487,
2.04130895886739),.UNSPECIFIED.);
#1213=B_SPLINE_CURVE_WITH_KNOTS('',3,(#9352,#9353,#9354,#9355,#9356,#9357,
#9358,#9359,#9360,#9361,#9362,#9363,#9364,#9365),.UNSPECIFIED.,.F.,.F.,
(4,2,2,2,2,2,4),(0.,0.099770086705321,0.218896616260282,0.305501147591381,
0.335133387306628,0.353653919549421,0.359560557515938),.UNSPECIFIED.);
#1214=B_SPLINE_CURVE_WITH_KNOTS('',3,(#9366,#9367,#9368,#9369),
 .UNSPECIFIED.,.F.,.F.,(4,4),(0.427803583002719,0.903815936995221),
 .UNSPECIFIED.);
#1215=B_SPLINE_CURVE_WITH_KNOTS('',3,(#9406,#9407,#9408,#9409,#9410,#9411,
#9412),.UNSPECIFIED.,.F.,.F.,(4,3,4),(-0.124342117223112,0.,0.124342117235641),
 .UNSPECIFIED.);
#1216=B_SPLINE_CURVE_WITH_KNOTS('',3,(#9423,#9424,#9425,#9426,#9427,#9428),
 .UNSPECIFIED.,.F.,.F.,(4,2,4),(-0.25284721294594,-0.126284281413931,-1.66231490294765E-5),
 .UNSPECIFIED.);
#1217=CIRCLE('',#3637,112.255301913932);
#1218=CIRCLE('',#3638,2.);
#1219=CIRCLE('',#3639,114.255301913932);
#1220=CIRCLE('',#3640,1.99999999999999);
#1221=CIRCLE('',#3642,120.848766714606);
#1222=CIRCLE('',#3643,118.848766714606);
#1223=CIRCLE('',#3645,112.255301913932);
#1224=CIRCLE('',#3648,118.848766714606);
#1225=CIRCLE('',#3650,82.5370647972009);
#1226=CIRCLE('',#3651,80.5370647972009);
#1227=CIRCLE('',#3654,115.294418429636);
#1228=CIRCLE('',#3657,117.294418429636);
#1229=CIRCLE('',#3659,112.005301913932);
#1230=CIRCLE('',#3660,110.005301913932);
#1231=CIRCLE('',#3668,2.);
#1232=CIRCLE('',#3672,10.6665298777854);
#1233=CIRCLE('',#3673,8.66652987778536);
#1234=CIRCLE('',#3675,78.2870647972009);
#1235=CIRCLE('',#3676,80.2870647972009);
#1236=CIRCLE('',#3678,57.8202551148916);
#1237=CIRCLE('',#3679,55.8202551148916);
#1238=CIRCLE('',#3682,80.2870647972009);
#1239=CIRCLE('',#3687,118.598766619693);
#1240=CIRCLE('',#3688,116.598766619693);
#1241=CIRCLE('',#3690,118.598766619693);
#1242=CIRCLE('',#3694,60.0702551148915);
#1243=CIRCLE('',#3695,58.0702551148914);
#1244=CIRCLE('',#3703,49.75);
#1245=CIRCLE('',#3704,45.4198729810778);
#1246=CIRCLE('',#3707,112.005301913932);
#1247=CIRCLE('',#3712,117.294418429636);
#1248=CIRCLE('',#3714,80.5370647972009);
#1249=CIRCLE('',#3719,57.8202551148916);
#1250=CIRCLE('',#3721,10.6665298777854);
#1251=CIRCLE('',#3724,58.0702551148915);
#1252=CIRCLE('',#3728,10.9165298777854);
#1253=CIRCLE('',#3729,10.9165298777854);
#1254=CIRCLE('',#3732,118.848767148617);
#1255=CIRCLE('',#3733,118.848767148617);
#1256=CIRCLE('',#3735,50.);
#1257=CIRCLE('',#3736,50.);
#1258=CIRCLE('',#3738,112.255301913932);
#1259=CIRCLE('',#3739,112.255301913932);
#1260=CIRCLE('',#3741,117.544418429636);
#1261=CIRCLE('',#3742,117.544418429636);
#1262=CIRCLE('',#3750,19.7736579801953);
#1263=CIRCLE('',#3753,19.2987017548196);
#1264=CIRCLE('',#3758,31.624721667197);
#1265=CIRCLE('',#3759,31.624721667197);
#1266=CIRCLE('',#3760,31.624721667197);
#1267=CIRCLE('',#3761,31.624721667197);
#1268=CIRCLE('',#3762,31.624721667197);
#1269=CIRCLE('',#3765,15.4569085489085);
#1270=CIRCLE('',#3766,5.);
#1271=CIRCLE('',#3767,5.);
#1272=CIRCLE('',#3768,39.9337912824499);
#1273=CIRCLE('',#3769,61.8293712895452);
#1274=CIRCLE('',#3771,5.);
#1275=CIRCLE('',#3772,5.);
#1276=CIRCLE('',#3773,39.9337912824499);
#1277=CIRCLE('',#3775,5.);
#1278=CIRCLE('',#3776,8.56243699433595);
#1279=CIRCLE('',#3777,36.6780216866113);
#1280=CIRCLE('',#3778,36.6780216866113);
#1281=CIRCLE('',#3779,8.56243699433595);
#1282=CIRCLE('',#3780,5.);
#1283=CIRCLE('',#3781,19.7736579801953);
#1284=CIRCLE('',#3782,36.6780216866113);
#1285=CIRCLE('',#3783,36.6780216866113);
#1286=CIRCLE('',#3784,19.7736579801953);
#1287=CIRCLE('',#3786,5.);
#1288=CIRCLE('',#3787,13.5624369943359);
#1289=CIRCLE('',#3791,5.);
#1290=CIRCLE('',#3792,13.5624369943359);
#1291=CIRCLE('',#3799,13.5624369943359);
#1292=CIRCLE('',#3803,1.30006218943956);
#1293=CIRCLE('',#3804,6.3);
#1294=CIRCLE('',#3805,6.325);
#1295=CIRCLE('',#3807,1.30006218943955);
#1296=CIRCLE('',#3808,6.3);
#1297=CIRCLE('',#3809,6.325);
#1298=CIRCLE('',#3812,2.3);
#1299=CIRCLE('',#3813,6.99999999999994);
#1300=CIRCLE('',#3814,2.3);
#1301=CIRCLE('',#3815,4.69999999999994);
#1302=CIRCLE('',#3817,25.0998252373895);
#1303=CIRCLE('',#3818,27.3998252373895);
#1304=CIRCLE('',#3819,2.3);
#1305=CIRCLE('',#3821,27.3998252373895);
#1306=CIRCLE('',#3822,2.3);
#1307=CIRCLE('',#3823,25.0998252373895);
#1308=CIRCLE('',#3825,2.29999999999999);
#1309=CIRCLE('',#3826,4.69999999999998);
#1310=CIRCLE('',#3827,6.99999999999998);
#1311=CIRCLE('',#3829,2.30000000000003);
#1312=CIRCLE('',#3830,31.2051211164802);
#1313=CIRCLE('',#3831,33.5051211164802);
#1314=CIRCLE('',#3833,2.30000000000001);
#1315=CIRCLE('',#3834,4.69999999999996);
#1316=CIRCLE('',#3835,6.99999999999996);
#1317=CIRCLE('',#3837,2.3);
#1318=CIRCLE('',#3838,29.4478308062457);
#1319=CIRCLE('',#3839,31.7478308062457);
#1320=CIRCLE('',#3848,2.3);
#1321=CIRCLE('',#3849,31.7478308062457);
#1322=CIRCLE('',#3850,2.29999999999997);
#1323=CIRCLE('',#3851,29.4478308062457);
#1324=CIRCLE('',#3853,2.29999999999999);
#1325=CIRCLE('',#3854,4.69999999999995);
#1326=CIRCLE('',#3855,6.99999999999994);
#1327=CIRCLE('',#3857,2.29999999999999);
#1328=CIRCLE('',#3858,31.2051211164802);
#1329=CIRCLE('',#3859,33.5051211164802);
#1330=CIRCLE('',#3861,2.3);
#1331=CIRCLE('',#3862,4.69999999999998);
#1332=CIRCLE('',#3863,6.99999999999998);
#1333=CIRCLE('',#3865,25.0998252373896);
#1334=CIRCLE('',#3866,27.3998252373896);
#1335=CIRCLE('',#3867,2.3);
#1336=CIRCLE('',#3869,2.30000000000001);
#1337=CIRCLE('',#3870,25.0998252373896);
#1338=CIRCLE('',#3871,27.3998252373896);
#1339=CIRCLE('',#3873,2.3);
#1340=CIRCLE('',#3874,4.69999999999994);
#1341=CIRCLE('',#3875,6.99999999999994);
#1342=CIRCLE('',#3889,2.00000000000001);
#1343=CIRCLE('',#3890,2.);
#1344=CIRCLE('',#3892,3.49999999999956);
#1345=CIRCLE('',#3893,11.9569085489085);
#1346=CIRCLE('',#3895,11.5993116817598);
#1347=CIRCLE('',#3896,15.0993116817598);
#1348=CIRCLE('',#3898,19.3035088417815);
#1349=CIRCLE('',#3899,22.8035088417815);
#1350=CIRCLE('',#3906,39.9337912824499);
#1351=CIRCLE('',#3918,1.);
#1352=CIRCLE('',#3921,56.9356407983774);
#1353=CIRCLE('',#3922,51.9356407983774);
#1354=CIRCLE('',#3924,0.999999999999999);
#1355=CIRCLE('',#3926,51.9356407983774);
#1356=CIRCLE('',#3927,56.9356407983774);
#1357=CIRCLE('',#3930,0.999999999999998);
#1358=CIRCLE('',#3932,0.999999999999996);
#1359=CIRCLE('',#3934,1.);
#1360=CIRCLE('',#3936,51.9356407983774);
#1361=CIRCLE('',#3939,56.9356407983774);
#1362=CIRCLE('',#3941,54.9356407983774);
#1363=CIRCLE('',#3945,0.999999999999981);
#1364=CIRCLE('',#3947,1.);
#1365=CIRCLE('',#3949,1.);
#1366=CIRCLE('',#3951,51.9356407983774);
#1367=CIRCLE('',#3953,51.9356407983774);
#1368=CIRCLE('',#3957,54.9356407983774);
#1369=CIRCLE('',#3959,56.9356407983774);
#1370=CIRCLE('',#3963,51.9356407983774);
#1371=CIRCLE('',#3965,2.99999999999999);
#1372=CIRCLE('',#3973,31.624721667197);
#1373=VERTEX_POINT('',#4806);
#1374=VERTEX_POINT('',#4807);
#1375=VERTEX_POINT('',#4809);
#1376=VERTEX_POINT('',#4811);
#1377=VERTEX_POINT('',#4857);
#1378=VERTEX_POINT('',#4858);
#1379=VERTEX_POINT('',#4931);
#1380=VERTEX_POINT('',#4942);
#1381=VERTEX_POINT('',#4997);
#1382=VERTEX_POINT('',#4998);
#1383=VERTEX_POINT('',#5000);
#1384=VERTEX_POINT('',#5006);
#1385=VERTEX_POINT('',#5028);
#1386=VERTEX_POINT('',#5041);
#1387=VERTEX_POINT('',#5047);
#1388=VERTEX_POINT('',#5048);
#1389=VERTEX_POINT('',#5063);
#1390=VERTEX_POINT('',#5065);
#1391=VERTEX_POINT('',#5074);
#1392=VERTEX_POINT('',#5089);
#1393=VERTEX_POINT('',#5091);
#1394=VERTEX_POINT('',#5106);
#1395=VERTEX_POINT('',#5121);
#1396=VERTEX_POINT('',#5125);
#1397=VERTEX_POINT('',#5190);
#1398=VERTEX_POINT('',#5191);
#1399=VERTEX_POINT('',#5197);
#1400=VERTEX_POINT('',#5212);
#1401=VERTEX_POINT('',#5232);
#1402=VERTEX_POINT('',#5234);
#1403=VERTEX_POINT('',#5251);
#1404=VERTEX_POINT('',#5253);
#1405=VERTEX_POINT('',#5255);
#1406=VERTEX_POINT('',#5260);
#1407=VERTEX_POINT('',#5262);
#1408=VERTEX_POINT('',#5264);
#1409=VERTEX_POINT('',#5268);
#1410=VERTEX_POINT('',#5277);
#1411=VERTEX_POINT('',#5401);
#1412=VERTEX_POINT('',#5402);
#1413=VERTEX_POINT('',#5508);
#1414=VERTEX_POINT('',#5574);
#1415=VERTEX_POINT('',#5575);
#1416=VERTEX_POINT('',#5583);
#1417=VERTEX_POINT('',#5598);
#1418=VERTEX_POINT('',#5621);
#1419=VERTEX_POINT('',#5622);
#1420=VERTEX_POINT('',#5666);
#1421=VERTEX_POINT('',#5668);
#1422=VERTEX_POINT('',#5685);
#1423=VERTEX_POINT('',#5687);
#1424=VERTEX_POINT('',#5715);
#1425=VERTEX_POINT('',#5717);
#1426=VERTEX_POINT('',#5721);
#1427=VERTEX_POINT('',#5725);
#1428=VERTEX_POINT('',#5749);
#1429=VERTEX_POINT('',#5750);
#1430=VERTEX_POINT('',#5755);
#1431=VERTEX_POINT('',#5770);
#1432=VERTEX_POINT('',#5790);
#1433=VERTEX_POINT('',#5792);
#1434=VERTEX_POINT('',#5812);
#1435=VERTEX_POINT('',#5814);
#1436=VERTEX_POINT('',#5823);
#1437=VERTEX_POINT('',#5852);
#1438=VERTEX_POINT('',#5853);
#1439=VERTEX_POINT('',#5859);
#1440=VERTEX_POINT('',#5874);
#1441=VERTEX_POINT('',#5895);
#1442=VERTEX_POINT('',#5897);
#1443=VERTEX_POINT('',#5914);
#1444=VERTEX_POINT('',#5916);
#1445=VERTEX_POINT('',#5923);
#1446=VERTEX_POINT('',#5925);
#1447=VERTEX_POINT('',#5934);
#1448=VERTEX_POINT('',#5942);
#1449=VERTEX_POINT('',#5944);
#1450=VERTEX_POINT('',#5950);
#1451=VERTEX_POINT('',#5957);
#1452=VERTEX_POINT('',#5959);
#1453=VERTEX_POINT('',#5963);
#1454=VERTEX_POINT('',#5967);
#1455=VERTEX_POINT('',#5976);
#1456=VERTEX_POINT('',#5984);
#1457=VERTEX_POINT('',#5991);
#1458=VERTEX_POINT('',#5997);
#1459=VERTEX_POINT('',#5998);
#1460=VERTEX_POINT('',#6000);
#1461=VERTEX_POINT('',#6002);
#1462=VERTEX_POINT('',#6006);
#1463=VERTEX_POINT('',#6008);
#1464=VERTEX_POINT('',#6012);
#1465=VERTEX_POINT('',#6014);
#1466=VERTEX_POINT('',#6018);
#1467=VERTEX_POINT('',#6020);
#1468=VERTEX_POINT('',#6024);
#1469=VERTEX_POINT('',#6026);
#1470=VERTEX_POINT('',#6030);
#1471=VERTEX_POINT('',#6032);
#1472=VERTEX_POINT('',#6051);
#1473=VERTEX_POINT('',#6052);
#1474=VERTEX_POINT('',#6060);
#1475=VERTEX_POINT('',#6062);
#1476=VERTEX_POINT('',#6064);
#1477=VERTEX_POINT('',#6071);
#1478=VERTEX_POINT('',#6073);
#1479=VERTEX_POINT('',#6075);
#1480=VERTEX_POINT('',#6077);
#1481=VERTEX_POINT('',#6084);
#1482=VERTEX_POINT('',#6086);
#1483=VERTEX_POINT('',#6088);
#1484=VERTEX_POINT('',#6127);
#1485=VERTEX_POINT('',#6133);
#1486=VERTEX_POINT('',#6137);
#1487=VERTEX_POINT('',#6142);
#1488=VERTEX_POINT('',#6154);
#1489=VERTEX_POINT('',#6167);
#1490=VERTEX_POINT('',#6184);
#1491=VERTEX_POINT('',#6192);
#1492=VERTEX_POINT('',#6229);
#1493=VERTEX_POINT('',#6240);
#1494=VERTEX_POINT('',#6248);
#1495=VERTEX_POINT('',#6262);
#1496=VERTEX_POINT('',#6263);
#1497=VERTEX_POINT('',#6307);
#1498=VERTEX_POINT('',#6309);
#1499=VERTEX_POINT('',#6325);
#1500=VERTEX_POINT('',#6327);
#1501=VERTEX_POINT('',#6334);
#1502=VERTEX_POINT('',#6336);
#1503=VERTEX_POINT('',#6390);
#1504=VERTEX_POINT('',#6391);
#1505=VERTEX_POINT('',#6393);
#1506=VERTEX_POINT('',#6403);
#1507=VERTEX_POINT('',#6404);
#1508=VERTEX_POINT('',#6406);
#1509=VERTEX_POINT('',#6408);
#1510=VERTEX_POINT('',#6413);
#1511=VERTEX_POINT('',#6427);
#1512=VERTEX_POINT('',#6434);
#1513=VERTEX_POINT('',#6445);
#1514=VERTEX_POINT('',#6452);
#1515=VERTEX_POINT('',#6481);
#1516=VERTEX_POINT('',#6482);
#1517=VERTEX_POINT('',#6502);
#1518=VERTEX_POINT('',#6508);
#1519=VERTEX_POINT('',#6531);
#1520=VERTEX_POINT('',#6532);
#1521=VERTEX_POINT('',#6567);
#1522=VERTEX_POINT('',#6568);
#1523=VERTEX_POINT('',#6575);
#1524=VERTEX_POINT('',#6587);
#1525=VERTEX_POINT('',#6594);
#1526=VERTEX_POINT('',#6605);
#1527=VERTEX_POINT('',#6610);
#1528=VERTEX_POINT('',#6617);
#1529=VERTEX_POINT('',#6624);
#1530=VERTEX_POINT('',#6629);
#1531=VERTEX_POINT('',#6638);
#1532=VERTEX_POINT('',#6647);
#1533=VERTEX_POINT('',#6658);
#1534=VERTEX_POINT('',#6680);
#1535=VERTEX_POINT('',#6689);
#1536=VERTEX_POINT('',#6704);
#1537=VERTEX_POINT('',#6717);
#1538=VERTEX_POINT('',#6718);
#1539=VERTEX_POINT('',#6727);
#1540=VERTEX_POINT('',#6740);
#1541=VERTEX_POINT('',#6767);
#1542=VERTEX_POINT('',#6768);
#1543=VERTEX_POINT('',#6775);
#1544=VERTEX_POINT('',#6784);
#1545=VERTEX_POINT('',#6789);
#1546=VERTEX_POINT('',#6810);
#1547=VERTEX_POINT('',#6815);
#1548=VERTEX_POINT('',#6838);
#1549=VERTEX_POINT('',#6843);
#1550=VERTEX_POINT('',#6848);
#1551=VERTEX_POINT('',#6855);
#1552=VERTEX_POINT('',#6870);
#1553=VERTEX_POINT('',#6872);
#1554=VERTEX_POINT('',#6889);
#1555=VERTEX_POINT('',#6948);
#1556=VERTEX_POINT('',#6955);
#1557=VERTEX_POINT('',#6968);
#1558=VERTEX_POINT('',#6989);
#1559=VERTEX_POINT('',#6991);
#1560=VERTEX_POINT('',#7010);
#1561=VERTEX_POINT('',#7011);
#1562=VERTEX_POINT('',#7041);
#1563=VERTEX_POINT('',#7042);
#1564=VERTEX_POINT('',#7091);
#1565=VERTEX_POINT('',#7096);
#1566=VERTEX_POINT('',#7101);
#1567=VERTEX_POINT('',#7108);
#1568=VERTEX_POINT('',#7117);
#1569=VERTEX_POINT('',#7124);
#1570=VERTEX_POINT('',#7131);
#1571=VERTEX_POINT('',#7140);
#1572=VERTEX_POINT('',#7148);
#1573=VERTEX_POINT('',#7178);
#1574=VERTEX_POINT('',#7186);
#1575=VERTEX_POINT('',#7191);
#1576=VERTEX_POINT('',#7200);
#1577=VERTEX_POINT('',#7211);
#1578=VERTEX_POINT('',#7216);
#1579=VERTEX_POINT('',#7221);
#1580=VERTEX_POINT('',#7228);
#1581=VERTEX_POINT('',#7233);
#1582=VERTEX_POINT('',#7242);
#1583=VERTEX_POINT('',#7247);
#1584=VERTEX_POINT('',#7258);
#1585=VERTEX_POINT('',#7269);
#1586=VERTEX_POINT('',#7280);
#1587=VERTEX_POINT('',#7281);
#1588=VERTEX_POINT('',#7288);
#1589=VERTEX_POINT('',#7301);
#1590=VERTEX_POINT('',#7309);
#1591=VERTEX_POINT('',#7330);
#1592=VERTEX_POINT('',#7335);
#1593=VERTEX_POINT('',#7356);
#1594=VERTEX_POINT('',#7379);
#1595=VERTEX_POINT('',#7380);
#1596=VERTEX_POINT('',#7393);
#1597=VERTEX_POINT('',#7400);
#1598=VERTEX_POINT('',#7430);
#1599=VERTEX_POINT('',#7431);
#1600=VERTEX_POINT('',#7433);
#1601=VERTEX_POINT('',#7436);
#1602=VERTEX_POINT('',#7438);
#1603=VERTEX_POINT('',#7440);
#1604=VERTEX_POINT('',#7442);
#1605=VERTEX_POINT('',#7444);
#1606=VERTEX_POINT('',#7450);
#1607=VERTEX_POINT('',#7508);
#1608=VERTEX_POINT('',#7623);
#1609=VERTEX_POINT('',#7684);
#1610=VERTEX_POINT('',#7686);
#1611=VERTEX_POINT('',#7717);
#1612=VERTEX_POINT('',#7719);
#1613=VERTEX_POINT('',#7724);
#1614=VERTEX_POINT('',#7725);
#1615=VERTEX_POINT('',#7727);
#1616=VERTEX_POINT('',#7729);
#1617=VERTEX_POINT('',#7733);
#1618=VERTEX_POINT('',#7734);
#1619=VERTEX_POINT('',#7773);
#1620=VERTEX_POINT('',#7778);
#1621=VERTEX_POINT('',#7785);
#1622=VERTEX_POINT('',#7787);
#1623=VERTEX_POINT('',#7789);
#1624=VERTEX_POINT('',#7800);
#1625=VERTEX_POINT('',#7801);
#1626=VERTEX_POINT('',#7806);
#1627=VERTEX_POINT('',#7807);
#1628=VERTEX_POINT('',#7812);
#1629=VERTEX_POINT('',#7813);
#1630=VERTEX_POINT('',#7818);
#1631=VERTEX_POINT('',#7819);
#1632=VERTEX_POINT('',#7852);
#1633=VERTEX_POINT('',#7854);
#1634=VERTEX_POINT('',#7873);
#1635=VERTEX_POINT('',#7889);
#1636=VERTEX_POINT('',#7907);
#1637=VERTEX_POINT('',#7914);
#1638=VERTEX_POINT('',#7926);
#1639=VERTEX_POINT('',#7927);
#1640=VERTEX_POINT('',#7929);
#1641=VERTEX_POINT('',#7931);
#1642=VERTEX_POINT('',#7935);
#1643=VERTEX_POINT('',#7936);
#1644=VERTEX_POINT('',#7941);
#1645=VERTEX_POINT('',#7942);
#1646=VERTEX_POINT('',#7947);
#1647=VERTEX_POINT('',#7948);
#1648=VERTEX_POINT('',#7953);
#1649=VERTEX_POINT('',#7982);
#1650=VERTEX_POINT('',#7987);
#1651=VERTEX_POINT('',#7994);
#1652=VERTEX_POINT('',#7995);
#1653=VERTEX_POINT('',#7997);
#1654=VERTEX_POINT('',#7999);
#1655=VERTEX_POINT('',#8018);
#1656=VERTEX_POINT('',#8019);
#1657=VERTEX_POINT('',#8052);
#1658=VERTEX_POINT('',#8054);
#1659=VERTEX_POINT('',#8074);
#1660=VERTEX_POINT('',#8076);
#1661=VERTEX_POINT('',#8105);
#1662=VERTEX_POINT('',#8116);
#1663=VERTEX_POINT('',#8128);
#1664=VERTEX_POINT('',#8139);
#1665=VERTEX_POINT('',#8146);
#1666=VERTEX_POINT('',#8151);
#1667=VERTEX_POINT('',#8218);
#1668=VERTEX_POINT('',#8329);
#1669=VERTEX_POINT('',#8342);
#1670=VERTEX_POINT('',#8416);
#1671=VERTEX_POINT('',#8417);
#1672=VERTEX_POINT('',#8430);
#1673=VERTEX_POINT('',#8445);
#1674=VERTEX_POINT('',#8463);
#1675=VERTEX_POINT('',#8466);
#1676=VERTEX_POINT('',#8478);
#1677=VERTEX_POINT('',#8483);
#1678=VERTEX_POINT('',#8638);
#1679=VERTEX_POINT('',#8639);
#1680=VERTEX_POINT('',#8653);
#1681=VERTEX_POINT('',#8753);
#1682=VERTEX_POINT('',#8754);
#1683=VERTEX_POINT('',#8768);
#1684=VERTEX_POINT('',#8840);
#1685=VERTEX_POINT('',#8841);
#1686=VERTEX_POINT('',#8843);
#1687=VERTEX_POINT('',#8942);
#1688=VERTEX_POINT('',#8943);
#1689=VERTEX_POINT('',#8976);
#1690=VERTEX_POINT('',#8977);
#1691=VERTEX_POINT('',#8982);
#1692=VERTEX_POINT('',#8984);
#1693=VERTEX_POINT('',#8988);
#1694=VERTEX_POINT('',#8997);
#1695=VERTEX_POINT('',#9073);
#1696=VERTEX_POINT('',#9074);
#1697=VERTEX_POINT('',#9076);
#1698=VERTEX_POINT('',#9155);
#1699=VERTEX_POINT('',#9156);
#1700=VERTEX_POINT('',#9181);
#1701=VERTEX_POINT('',#9182);
#1702=VERTEX_POINT('',#9187);
#1703=VERTEX_POINT('',#9190);
#1704=VERTEX_POINT('',#9194);
#1705=VERTEX_POINT('',#9203);
#1706=VERTEX_POINT('',#9255);
#1707=VERTEX_POINT('',#9280);
#1708=VERTEX_POINT('',#9351);
#1709=VERTEX_POINT('',#9395);
#1710=VERTEX_POINT('',#9404);
#1711=VERTEX_POINT('',#9405);
#1712=EDGE_CURVE('',#1373,#1374,#1217,.T.);
#1713=EDGE_CURVE('',#1374,#1375,#1218,.T.);
#1714=EDGE_CURVE('',#1375,#1376,#1219,.T.);
#1715=EDGE_CURVE('',#1376,#1373,#981,.T.);
#1716=EDGE_CURVE('',#1377,#1378,#982,.F.);
#1717=EDGE_CURVE('',#1378,#1375,#983,.T.);
#1718=EDGE_CURVE('',#1374,#1377,#984,.T.);
#1719=EDGE_CURVE('',#1379,#1373,#985,.T.);
#1720=EDGE_CURVE('',#1376,#1380,#986,.T.);
#1721=EDGE_CURVE('',#1380,#1379,#987,.T.);
#1722=EDGE_CURVE('',#1381,#1382,#1220,.T.);
#1723=EDGE_CURVE('',#1382,#1383,#988,.T.);
#1724=EDGE_CURVE('',#1383,#1384,#989,.F.);
#1725=EDGE_CURVE('',#1384,#1381,#990,.T.);
#1726=EDGE_CURVE('',#1380,#1382,#1221,.T.);
#1727=EDGE_CURVE('',#1381,#1379,#1222,.T.);
#1728=EDGE_CURVE('',#1385,#1373,#118,.T.);
#1729=EDGE_CURVE('',#1377,#1385,#1223,.T.);
#1730=EDGE_CURVE('',#1386,#1379,#119,.T.);
#1731=EDGE_CURVE('',#1385,#1386,#88,.T.);
#1732=EDGE_CURVE('',#1386,#1384,#1224,.T.);
#1733=EDGE_CURVE('',#1387,#1388,#991,.T.);
#1734=EDGE_CURVE('',#1388,#1389,#1225,.T.);
#1735=EDGE_CURVE('',#1389,#1390,#992,.T.);
#1736=EDGE_CURVE('',#1390,#1391,#993,.T.);
#1737=EDGE_CURVE('',#1391,#1387,#1226,.T.);
#1738=EDGE_CURVE('',#1389,#1392,#120,.T.);
#1739=EDGE_CURVE('',#1392,#1393,#994,.T.);
#1740=EDGE_CURVE('',#1393,#1394,#121,.T.);
#1741=EDGE_CURVE('',#1390,#1394,#995,.T.);
#1742=EDGE_CURVE('',#1395,#1388,#122,.T.);
#1743=EDGE_CURVE('',#1392,#1395,#1227,.T.);
#1744=EDGE_CURVE('',#1387,#1396,#123,.T.);
#1745=EDGE_CURVE('',#1395,#1396,#996,.T.);
#1746=EDGE_CURVE('',#1394,#1391,#997,.T.);
#1747=EDGE_CURVE('',#1396,#1393,#1228,.T.);
#1748=EDGE_CURVE('',#1397,#1398,#998,.T.);
#1749=EDGE_CURVE('',#1398,#1399,#999,.T.);
#1750=EDGE_CURVE('',#1399,#1400,#1000,.T.);
#1751=EDGE_CURVE('',#1400,#1397,#1001,.T.);
#1752=EDGE_CURVE('',#1401,#1397,#1229,.T.);
#1753=EDGE_CURVE('',#1400,#1402,#1230,.T.);
#1754=EDGE_CURVE('',#1402,#1401,#1002,.T.);
#1755=EDGE_CURVE('',#1398,#1403,#124,.T.);
#1756=EDGE_CURVE('',#1403,#1404,#89,.T.);
#1757=EDGE_CURVE('',#1404,#1405,#90,.T.);
#1758=EDGE_CURVE('',#1405,#1401,#125,.T.);
#1759=EDGE_CURVE('',#1402,#1399,#126,.T.);
#1760=EDGE_CURVE('',#1406,#1403,#127,.T.);
#1761=EDGE_CURVE('',#1407,#1406,#128,.T.);
#1762=EDGE_CURVE('',#1407,#1408,#129,.T.);
#1763=EDGE_CURVE('',#1408,#1404,#130,.T.);
#1764=EDGE_CURVE('',#1409,#1398,#131,.T.);
#1765=EDGE_CURVE('',#1406,#1409,#132,.T.);
#1766=EDGE_CURVE('',#1410,#1397,#133,.T.);
#1767=EDGE_CURVE('',#1409,#1410,#91,.T.);
#1768=EDGE_CURVE('',#1411,#1412,#1231,.T.);
#1769=EDGE_CURVE('',#1412,#1412,#1003,.T.);
#1770=EDGE_CURVE('',#1411,#1411,#1004,.T.);
#1771=EDGE_CURVE('',#1413,#1412,#134,.T.);
#1772=EDGE_CURVE('',#1413,#1413,#1005,.T.);
#1773=EDGE_CURVE('',#1414,#1415,#1006,.T.);
#1774=EDGE_CURVE('',#1415,#1416,#1007,.T.);
#1775=EDGE_CURVE('',#1416,#1417,#1008,.T.);
#1776=EDGE_CURVE('',#1414,#1417,#1009,.T.);
#1777=EDGE_CURVE('',#1418,#1419,#1010,.T.);
#1778=EDGE_CURVE('',#1419,#1420,#135,.T.);
#1779=EDGE_CURVE('',#1420,#1421,#1011,.T.);
#1780=EDGE_CURVE('',#1421,#1418,#136,.T.);
#1781=EDGE_CURVE('',#1422,#1421,#1232,.T.);
#1782=EDGE_CURVE('',#1420,#1423,#1233,.T.);
#1783=EDGE_CURVE('',#1423,#1422,#1012,.T.);
#1784=EDGE_CURVE('',#1415,#1419,#1234,.T.);
#1785=EDGE_CURVE('',#1418,#1416,#1235,.T.);
#1786=EDGE_CURVE('',#1417,#1422,#1236,.T.);
#1787=EDGE_CURVE('',#1423,#1414,#1237,.T.);
#1788=EDGE_CURVE('',#1424,#1416,#137,.T.);
#1789=EDGE_CURVE('',#1425,#1424,#92,.T.);
#1790=EDGE_CURVE('',#1425,#1417,#138,.T.);
#1791=EDGE_CURVE('',#1426,#1418,#139,.T.);
#1792=EDGE_CURVE('',#1424,#1426,#1238,.T.);
#1793=EDGE_CURVE('',#1427,#1421,#140,.T.);
#1794=EDGE_CURVE('',#1426,#1427,#141,.T.);
#1795=EDGE_CURVE('',#1428,#1429,#1013,.T.);
#1796=EDGE_CURVE('',#1429,#1430,#1014,.T.);
#1797=EDGE_CURVE('',#1430,#1431,#1015,.T.);
#1798=EDGE_CURVE('',#1428,#1431,#1016,.T.);
#1799=EDGE_CURVE('',#1429,#1432,#142,.T.);
#1800=EDGE_CURVE('',#1432,#1433,#1017,.T.);
#1801=EDGE_CURVE('',#1433,#1430,#143,.T.);
#1802=EDGE_CURVE('',#1431,#1433,#1239,.T.);
#1803=EDGE_CURVE('',#1432,#1428,#1240,.T.);
#1804=EDGE_CURVE('',#1434,#1431,#144,.T.);
#1805=EDGE_CURVE('',#1435,#1434,#1241,.T.);
#1806=EDGE_CURVE('',#1435,#1433,#145,.T.);
#1807=EDGE_CURVE('',#1436,#1430,#146,.T.);
#1808=EDGE_CURVE('',#1434,#1436,#93,.T.);
#1809=EDGE_CURVE('',#1437,#1438,#1018,.T.);
#1810=EDGE_CURVE('',#1438,#1439,#1019,.T.);
#1811=EDGE_CURVE('',#1439,#1440,#1020,.T.);
#1812=EDGE_CURVE('',#1437,#1440,#1021,.T.);
#1813=EDGE_CURVE('',#1438,#1441,#1242,.T.);
#1814=EDGE_CURVE('',#1441,#1442,#1022,.T.);
#1815=EDGE_CURVE('',#1442,#1439,#1243,.T.);
#1816=EDGE_CURVE('',#1441,#1443,#147,.T.);
#1817=EDGE_CURVE('',#1443,#1444,#94,.T.);
#1818=EDGE_CURVE('',#1444,#1442,#148,.T.);
#1819=EDGE_CURVE('',#1440,#1444,#149,.T.);
#1820=EDGE_CURVE('',#1443,#1437,#150,.T.);
#1821=EDGE_CURVE('',#1445,#1440,#151,.T.);
#1822=EDGE_CURVE('',#1446,#1445,#152,.T.);
#1823=EDGE_CURVE('',#1446,#1444,#153,.T.);
#1824=EDGE_CURVE('',#1447,#1439,#154,.T.);
#1825=EDGE_CURVE('',#1445,#1447,#95,.T.);
#1826=EDGE_CURVE('',#1383,#1378,#1244,.T.);
#1827=EDGE_CURVE('',#1382,#1375,#1245,.T.);
#1828=EDGE_CURVE('',#1448,#1405,#155,.T.);
#1829=EDGE_CURVE('',#1449,#1448,#156,.T.);
#1830=EDGE_CURVE('',#1449,#1401,#157,.T.);
#1831=EDGE_CURVE('',#1410,#1449,#1246,.T.);
#1832=EDGE_CURVE('',#1408,#1450,#158,.T.);
#1833=EDGE_CURVE('',#1448,#1450,#159,.T.);
#1834=EDGE_CURVE('',#1450,#1407,#160,.T.);
#1835=EDGE_CURVE('',#1448,#1406,#161,.T.);
#1836=EDGE_CURVE('',#1451,#1387,#162,.T.);
#1837=EDGE_CURVE('',#1452,#1451,#163,.T.);
#1838=EDGE_CURVE('',#1452,#1396,#164,.T.);
#1839=EDGE_CURVE('',#1453,#1452,#1247,.T.);
#1840=EDGE_CURVE('',#1453,#1393,#165,.T.);
#1841=EDGE_CURVE('',#1454,#1391,#166,.T.);
#1842=EDGE_CURVE('',#1451,#1454,#1248,.T.);
#1843=EDGE_CURVE('',#1455,#1394,#167,.T.);
#1844=EDGE_CURVE('',#1454,#1455,#96,.T.);
#1845=EDGE_CURVE('',#1455,#1453,#168,.T.);
#1846=EDGE_CURVE('',#1436,#1435,#169,.T.);
#1847=EDGE_CURVE('',#1456,#1425,#1249,.T.);
#1848=EDGE_CURVE('',#1456,#1422,#170,.T.);
#1849=EDGE_CURVE('',#1427,#1456,#1250,.T.);
#1850=EDGE_CURVE('',#1457,#1442,#171,.T.);
#1851=EDGE_CURVE('',#1447,#1457,#1251,.T.);
#1852=EDGE_CURVE('',#1457,#1446,#172,.T.);
#1853=EDGE_CURVE('',#1458,#1459,#173,.T.);
#1854=EDGE_CURVE('',#1458,#1460,#174,.T.);
#1855=EDGE_CURVE('',#1461,#1460,#175,.T.);
#1856=EDGE_CURVE('',#1459,#1461,#176,.T.);
#1857=EDGE_CURVE('',#1462,#1459,#1252,.T.);
#1858=EDGE_CURVE('',#1463,#1461,#1253,.T.);
#1859=EDGE_CURVE('',#1462,#1463,#177,.T.);
#1860=EDGE_CURVE('',#1464,#1462,#178,.T.);
#1861=EDGE_CURVE('',#1465,#1463,#179,.T.);
#1862=EDGE_CURVE('',#1464,#1465,#180,.T.);
#1863=EDGE_CURVE('',#1466,#1464,#1254,.T.);
#1864=EDGE_CURVE('',#1467,#1465,#1255,.T.);
#1865=EDGE_CURVE('',#1466,#1467,#181,.T.);
#1866=EDGE_CURVE('',#1468,#1466,#1256,.T.);
#1867=EDGE_CURVE('',#1469,#1467,#1257,.T.);
#1868=EDGE_CURVE('',#1468,#1469,#182,.T.);
#1869=EDGE_CURVE('',#1470,#1468,#1258,.T.);
#1870=EDGE_CURVE('',#1471,#1469,#1259,.T.);
#1871=EDGE_CURVE('',#1470,#1471,#183,.T.);
#1872=EDGE_CURVE('',#1458,#1470,#1260,.T.);
#1873=EDGE_CURVE('',#1460,#1471,#1261,.T.);
#1874=EDGE_CURVE('',#1472,#1473,#1023,.T.);
#1875=EDGE_CURVE('',#1474,#1472,#184,.T.);
#1876=EDGE_CURVE('',#1474,#1475,#97,.T.);
#1877=EDGE_CURVE('',#1476,#1475,#1024,.T.);
#1878=EDGE_CURVE('',#1477,#1476,#185,.T.);
#1879=EDGE_CURVE('',#1477,#1478,#98,.T.);
#1880=EDGE_CURVE('',#1479,#1478,#186,.T.);
#1881=EDGE_CURVE('',#1480,#1479,#1025,.T.);
#1882=EDGE_CURVE('',#1480,#1481,#99,.T.);
#1883=EDGE_CURVE('',#1481,#1482,#187,.T.);
#1884=EDGE_CURVE('',#1483,#1482,#1026,.T.);
#1885=EDGE_CURVE('',#1473,#1483,#1027,.T.);
#1886=EDGE_CURVE('',#1484,#1480,#188,.T.);
#1887=EDGE_CURVE('',#1484,#1481,#1262,.T.);
#1888=EDGE_CURVE('',#1478,#1477,#189,.T.);
#1889=EDGE_CURVE('',#1475,#1485,#190,.T.);
#1890=EDGE_CURVE('',#1474,#1485,#1263,.T.);
#1891=EDGE_CURVE('',#1486,#1472,#1028,.T.);
#1892=EDGE_CURVE('',#1487,#1486,#1029,.T.);
#1893=EDGE_CURVE('',#1488,#1487,#191,.T.);
#1894=EDGE_CURVE('',#1485,#1488,#1030,.T.);
#1895=EDGE_CURVE('',#1489,#1486,#1031,.T.);
#1896=EDGE_CURVE('',#1489,#1487,#1032,.T.);
#1897=EDGE_CURVE('',#1490,#1483,#1033,.T.);
#1898=EDGE_CURVE('',#1490,#1491,#192,.T.);
#1899=EDGE_CURVE('',#1473,#1491,#1034,.T.);
#1900=EDGE_CURVE('',#1482,#1492,#1035,.T.);
#1901=EDGE_CURVE('',#1492,#1493,#1036,.T.);
#1902=EDGE_CURVE('',#1493,#1494,#1037,.T.);
#1903=EDGE_CURVE('',#1490,#1494,#1038,.T.);
#1904=EDGE_CURVE('',#1495,#1496,#1039,.T.);
#1905=EDGE_CURVE('',#1497,#1495,#1264,.T.);
#1906=EDGE_CURVE('',#1497,#1498,#193,.T.);
#1907=EDGE_CURVE('',#1498,#1476,#1265,.T.);
#1908=EDGE_CURVE('',#1488,#1484,#1040,.T.);
#1909=EDGE_CURVE('',#1479,#1498,#1266,.T.);
#1910=EDGE_CURVE('',#1499,#1497,#1267,.T.);
#1911=EDGE_CURVE('',#1499,#1500,#1041,.T.);
#1912=EDGE_CURVE('',#1501,#1500,#1268,.T.);
#1913=EDGE_CURVE('',#1502,#1501,#1042,.T.);
#1914=EDGE_CURVE('',#1502,#1496,#1043,.T.);
#1915=EDGE_CURVE('',#1503,#1504,#194,.T.);
#1916=EDGE_CURVE('',#1503,#1505,#1044,.T.);
#1917=EDGE_CURVE('',#1505,#1504,#1045,.T.);
#1918=EDGE_CURVE('',#1506,#1507,#1269,.T.);
#1919=EDGE_CURVE('',#1508,#1506,#195,.T.);
#1920=EDGE_CURVE('',#1509,#1508,#1046,.T.);
#1921=EDGE_CURVE('',#1510,#1509,#1047,.T.);
#1922=EDGE_CURVE('',#1511,#1510,#1048,.T.);
#1923=EDGE_CURVE('',#1511,#1512,#1049,.F.);
#1924=EDGE_CURVE('',#1513,#1512,#1050,.T.);
#1925=EDGE_CURVE('',#1514,#1513,#1051,.T.);
#1926=EDGE_CURVE('',#1514,#1507,#196,.T.);
#1927=EDGE_CURVE('',#1515,#1516,#1052,.T.);
#1928=EDGE_CURVE('',#1516,#1517,#1053,.T.);
#1929=EDGE_CURVE('',#1517,#1518,#1270,.T.);
#1930=EDGE_CURVE('',#1518,#1515,#1054,.T.);
#1931=EDGE_CURVE('',#1519,#1520,#1271,.T.);
#1932=EDGE_CURVE('',#1520,#1518,#1055,.T.);
#1933=EDGE_CURVE('',#1517,#1519,#1056,.T.);
#1934=EDGE_CURVE('',#1521,#1522,#1057,.T.);
#1935=EDGE_CURVE('',#1523,#1522,#1058,.T.);
#1936=EDGE_CURVE('',#1524,#1523,#1059,.F.);
#1937=EDGE_CURVE('',#1524,#1525,#1060,.T.);
#1938=EDGE_CURVE('',#1525,#1526,#1061,.T.);
#1939=EDGE_CURVE('',#1527,#1526,#1062,.T.);
#1940=EDGE_CURVE('',#1528,#1527,#1063,.T.);
#1941=EDGE_CURVE('',#1529,#1528,#1064,.T.);
#1942=EDGE_CURVE('',#1529,#1530,#1065,.T.);
#1943=EDGE_CURVE('',#1530,#1531,#1066,.T.);
#1944=EDGE_CURVE('',#1531,#1532,#1067,.T.);
#1945=EDGE_CURVE('',#1501,#1532,#1068,.T.);
#1946=EDGE_CURVE('',#1500,#1533,#1069,.T.);
#1947=EDGE_CURVE('',#1533,#1493,#1272,.T.);
#1948=EDGE_CURVE('',#1492,#1534,#1070,.T.);
#1949=EDGE_CURVE('',#1534,#1535,#1071,.T.);
#1950=EDGE_CURVE('',#1535,#1536,#1072,.T.);
#1951=EDGE_CURVE('',#1536,#1521,#1073,.T.);
#1952=EDGE_CURVE('',#1537,#1538,#1074,.T.);
#1953=EDGE_CURVE('',#1538,#1539,#1075,.T.);
#1954=EDGE_CURVE('',#1539,#1540,#1076,.T.);
#1955=EDGE_CURVE('',#1540,#1537,#1077,.T.);
#1956=EDGE_CURVE('',#1541,#1542,#1078,.T.);
#1957=EDGE_CURVE('',#1542,#1543,#1079,.T.);
#1958=EDGE_CURVE('',#1543,#1544,#1080,.T.);
#1959=EDGE_CURVE('',#1545,#1544,#1081,.F.);
#1960=EDGE_CURVE('',#1545,#1546,#1082,.T.);
#1961=EDGE_CURVE('',#1547,#1546,#1083,.F.);
#1962=EDGE_CURVE('',#1547,#1548,#1084,.T.);
#1963=EDGE_CURVE('',#1548,#1549,#1085,.T.);
#1964=EDGE_CURVE('',#1549,#1550,#1086,.T.);
#1965=EDGE_CURVE('',#1550,#1551,#1087,.T.);
#1966=EDGE_CURVE('',#1551,#1552,#1273,.T.);
#1967=EDGE_CURVE('',#1552,#1553,#1088,.T.);
#1968=EDGE_CURVE('',#1553,#1554,#1089,.T.);
#1969=EDGE_CURVE('',#1554,#1555,#1090,.T.);
#1970=EDGE_CURVE('',#1556,#1555,#1091,.F.);
#1971=EDGE_CURVE('',#1556,#1557,#1092,.T.);
#1972=EDGE_CURVE('',#1541,#1557,#1093,.F.);
#1973=EDGE_CURVE('',#1511,#1520,#197,.T.);
#1974=EDGE_CURVE('',#1519,#1558,#198,.T.);
#1975=EDGE_CURVE('',#1558,#1559,#1274,.T.);
#1976=EDGE_CURVE('',#1559,#1512,#199,.T.);
#1977=EDGE_CURVE('',#1560,#1561,#1275,.T.);
#1978=EDGE_CURVE('',#1561,#1559,#1094,.T.);
#1979=EDGE_CURVE('',#1558,#1560,#1095,.T.);
#1980=EDGE_CURVE('',#1562,#1563,#1096,.T.);
#1981=EDGE_CURVE('',#1563,#1561,#1097,.T.);
#1982=EDGE_CURVE('',#1560,#1562,#1098,.T.);
#1983=EDGE_CURVE('',#1563,#1564,#1099,.T.);
#1984=EDGE_CURVE('',#1564,#1565,#1100,.T.);
#1985=EDGE_CURVE('',#1566,#1565,#1101,.F.);
#1986=EDGE_CURVE('',#1566,#1567,#1102,.T.);
#1987=EDGE_CURVE('',#1567,#1568,#1103,.T.);
#1988=EDGE_CURVE('',#1568,#1569,#1104,.T.);
#1989=EDGE_CURVE('',#1569,#1570,#1105,.T.);
#1990=EDGE_CURVE('',#1571,#1570,#1106,.T.);
#1991=EDGE_CURVE('',#1571,#1572,#1276,.T.);
#1992=EDGE_CURVE('',#1572,#1499,#1107,.T.);
#1993=EDGE_CURVE('',#1573,#1495,#1108,.T.);
#1994=EDGE_CURVE('',#1573,#1574,#1109,.T.);
#1995=EDGE_CURVE('',#1574,#1575,#1110,.T.);
#1996=EDGE_CURVE('',#1575,#1576,#1111,.T.);
#1997=EDGE_CURVE('',#1577,#1576,#1112,.T.);
#1998=EDGE_CURVE('',#1578,#1577,#1113,.T.);
#1999=EDGE_CURVE('',#1579,#1578,#1114,.T.);
#2000=EDGE_CURVE('',#1579,#1580,#1115,.T.);
#2001=EDGE_CURVE('',#1581,#1580,#1116,.F.);
#2002=EDGE_CURVE('',#1581,#1582,#1117,.T.);
#2003=EDGE_CURVE('',#1583,#1582,#1118,.T.);
#2004=EDGE_CURVE('',#1583,#1584,#1119,.T.);
#2005=EDGE_CURVE('',#1584,#1585,#1120,.T.);
#2006=EDGE_CURVE('',#1561,#1585,#1121,.T.);
#2007=EDGE_CURVE('',#1586,#1587,#1122,.T.);
#2008=EDGE_CURVE('',#1588,#1587,#1123,.F.);
#2009=EDGE_CURVE('',#1588,#1589,#1124,.T.);
#2010=EDGE_CURVE('',#1590,#1589,#1125,.F.);
#2011=EDGE_CURVE('',#1590,#1591,#1126,.T.);
#2012=EDGE_CURVE('',#1592,#1591,#1127,.F.);
#2013=EDGE_CURVE('',#1592,#1593,#1128,.T.);
#2014=EDGE_CURVE('',#1586,#1593,#1129,.F.);
#2015=EDGE_CURVE('',#1594,#1595,#1130,.T.);
#2016=EDGE_CURVE('',#1595,#1596,#1131,.T.);
#2017=EDGE_CURVE('',#1596,#1597,#1132,.T.);
#2018=EDGE_CURVE('',#1597,#1594,#1133,.T.);
#2019=EDGE_CURVE('',#1598,#1599,#1277,.T.);
#2020=EDGE_CURVE('',#1600,#1598,#1278,.T.);
#2021=EDGE_CURVE('',#1600,#1562,#1279,.T.);
#2022=EDGE_CURVE('',#1516,#1601,#200,.T.);
#2023=EDGE_CURVE('',#1601,#1602,#1280,.T.);
#2024=EDGE_CURVE('',#1603,#1602,#1281,.T.);
#2025=EDGE_CURVE('',#1604,#1603,#1282,.T.);
#2026=EDGE_CURVE('',#1604,#1605,#1283,.T.);
#2027=EDGE_CURVE('',#1605,#1503,#1284,.T.);
#2028=EDGE_CURVE('',#1504,#1605,#1285,.T.);
#2029=EDGE_CURVE('',#1605,#1599,#1286,.T.);
#2030=EDGE_CURVE('',#1606,#1603,#1287,.T.);
#2031=EDGE_CURVE('',#1602,#1536,#1134,.T.);
#2032=EDGE_CURVE('',#1535,#1606,#1288,.T.);
#2033=EDGE_CURVE('',#1606,#1604,#1135,.T.);
#2034=EDGE_CURVE('',#1534,#1606,#201,.T.);
#2035=EDGE_CURVE('',#1505,#1487,#202,.T.);
#2036=EDGE_CURVE('',#1505,#1605,#203,.T.);
#2037=EDGE_CURVE('',#1565,#1600,#1136,.T.);
#2038=EDGE_CURVE('',#1598,#1607,#1289,.T.);
#2039=EDGE_CURVE('',#1607,#1566,#1290,.T.);
#2040=EDGE_CURVE('',#1599,#1607,#1137,.T.);
#2041=EDGE_CURVE('',#1601,#1522,#1138,.T.);
#2042=EDGE_CURVE('',#1505,#1605,#204,.T.);
#2043=EDGE_CURVE('',#1570,#1489,#1139,.T.);
#2044=EDGE_CURVE('',#1569,#1607,#205,.T.);
#2045=EDGE_CURVE('',#1567,#1568,#1291,.T.);
#2046=EDGE_CURVE('',#1520,#1510,#1140,.T.);
#2047=EDGE_CURVE('',#1509,#1518,#1141,.T.);
#2048=EDGE_CURVE('',#1513,#1559,#1142,.T.);
#2049=EDGE_CURVE('',#1491,#1608,#1143,.F.);
#2050=EDGE_CURVE('',#1608,#1571,#1144,.T.);
#2051=EDGE_CURVE('',#1585,#1514,#1145,.T.);
#2052=EDGE_CURVE('',#1609,#1609,#1292,.T.);
#2053=EDGE_CURVE('',#1609,#1610,#1293,.T.);
#2054=EDGE_CURVE('',#1610,#1610,#1294,.T.);
#2055=EDGE_CURVE('',#1611,#1611,#1295,.T.);
#2056=EDGE_CURVE('',#1611,#1612,#1296,.T.);
#2057=EDGE_CURVE('',#1612,#1612,#1297,.T.);
#2058=EDGE_CURVE('',#1613,#1614,#1298,.T.);
#2059=EDGE_CURVE('',#1614,#1615,#1299,.T.);
#2060=EDGE_CURVE('',#1615,#1616,#1300,.T.);
#2061=EDGE_CURVE('',#1616,#1613,#1301,.T.);
#2062=EDGE_CURVE('',#1617,#1618,#1146,.F.);
#2063=EDGE_CURVE('',#1618,#1616,#1302,.T.);
#2064=EDGE_CURVE('',#1615,#1617,#1303,.T.);
#2065=EDGE_CURVE('',#1613,#1619,#1147,.T.);
#2066=EDGE_CURVE('',#1619,#1620,#1304,.T.);
#2067=EDGE_CURVE('',#1614,#1620,#1148,.T.);
#2068=EDGE_CURVE('',#1580,#1621,#1305,.T.);
#2069=EDGE_CURVE('',#1621,#1622,#1306,.T.);
#2070=EDGE_CURVE('',#1622,#1623,#1307,.T.);
#2071=EDGE_CURVE('',#1623,#1581,#1149,.F.);
#2072=EDGE_CURVE('',#1624,#1625,#1308,.T.);
#2073=EDGE_CURVE('',#1625,#1622,#1309,.T.);
#2074=EDGE_CURVE('',#1621,#1624,#1310,.T.);
#2075=EDGE_CURVE('',#1626,#1627,#1311,.T.);
#2076=EDGE_CURVE('',#1627,#1625,#1312,.T.);
#2077=EDGE_CURVE('',#1624,#1626,#1313,.T.);
#2078=EDGE_CURVE('',#1628,#1629,#1314,.T.);
#2079=EDGE_CURVE('',#1629,#1627,#1315,.T.);
#2080=EDGE_CURVE('',#1626,#1628,#1316,.T.);
#2081=EDGE_CURVE('',#1630,#1631,#1317,.T.);
#2082=EDGE_CURVE('',#1631,#1629,#1318,.T.);
#2083=EDGE_CURVE('',#1628,#1630,#1319,.T.);
#2084=EDGE_CURVE('',#1620,#1630,#1150,.T.);
#2085=EDGE_CURVE('',#1619,#1631,#1151,.T.);
#2086=EDGE_CURVE('',#1632,#1615,#206,.T.);
#2087=EDGE_CURVE('',#1633,#1632,#1152,.T.);
#2088=EDGE_CURVE('',#1617,#1633,#1153,.T.);
#2089=EDGE_CURVE('',#1632,#1614,#1154,.T.);
#2090=EDGE_CURVE('',#1634,#1628,#207,.T.);
#2091=EDGE_CURVE('',#1630,#1634,#1155,.T.);
#2092=EDGE_CURVE('',#1574,#1626,#208,.T.);
#2093=EDGE_CURVE('',#1635,#1573,#1156,.T.);
#2094=EDGE_CURVE('',#1634,#1635,#1157,.T.);
#2095=EDGE_CURVE('',#1575,#1624,#209,.T.);
#2096=EDGE_CURVE('',#1636,#1621,#210,.T.);
#2097=EDGE_CURVE('',#1576,#1636,#1158,.T.);
#2098=EDGE_CURVE('',#1637,#1579,#1159,.T.);
#2099=EDGE_CURVE('',#1636,#1637,#1160,.T.);
#2100=EDGE_CURVE('',#1638,#1639,#1320,.T.);
#2101=EDGE_CURVE('',#1639,#1640,#1321,.T.);
#2102=EDGE_CURVE('',#1640,#1641,#1322,.T.);
#2103=EDGE_CURVE('',#1641,#1638,#1323,.T.);
#2104=EDGE_CURVE('',#1642,#1643,#1324,.T.);
#2105=EDGE_CURVE('',#1643,#1641,#1325,.T.);
#2106=EDGE_CURVE('',#1640,#1642,#1326,.T.);
#2107=EDGE_CURVE('',#1644,#1645,#1327,.T.);
#2108=EDGE_CURVE('',#1645,#1643,#1328,.T.);
#2109=EDGE_CURVE('',#1642,#1644,#1329,.T.);
#2110=EDGE_CURVE('',#1646,#1647,#1330,.T.);
#2111=EDGE_CURVE('',#1647,#1645,#1331,.T.);
#2112=EDGE_CURVE('',#1644,#1646,#1332,.T.);
#2113=EDGE_CURVE('',#1648,#1524,#1161,.T.);
#2114=EDGE_CURVE('',#1648,#1647,#1333,.T.);
#2115=EDGE_CURVE('',#1646,#1525,#1334,.T.);
#2116=EDGE_CURVE('',#1638,#1649,#1162,.T.);
#2117=EDGE_CURVE('',#1649,#1650,#1335,.T.);
#2118=EDGE_CURVE('',#1639,#1650,#1163,.T.);
#2119=EDGE_CURVE('',#1651,#1652,#1336,.T.);
#2120=EDGE_CURVE('',#1652,#1653,#1337,.T.);
#2121=EDGE_CURVE('',#1653,#1654,#1164,.F.);
#2122=EDGE_CURVE('',#1654,#1651,#1338,.T.);
#2123=EDGE_CURVE('',#1655,#1656,#1339,.T.);
#2124=EDGE_CURVE('',#1656,#1652,#1340,.T.);
#2125=EDGE_CURVE('',#1651,#1655,#1341,.T.);
#2126=EDGE_CURVE('',#1650,#1655,#1165,.T.);
#2127=EDGE_CURVE('',#1649,#1656,#1166,.T.);
#2128=EDGE_CURVE('',#1657,#1646,#211,.T.);
#2129=EDGE_CURVE('',#1658,#1657,#1167,.T.);
#2130=EDGE_CURVE('',#1526,#1658,#1168,.T.);
#2131=EDGE_CURVE('',#1530,#1644,#212,.T.);
#2132=EDGE_CURVE('',#1657,#1529,#1169,.T.);
#2133=EDGE_CURVE('',#1531,#1642,#213,.T.);
#2134=EDGE_CURVE('',#1659,#1640,#214,.T.);
#2135=EDGE_CURVE('',#1660,#1659,#1170,.T.);
#2136=EDGE_CURVE('',#1532,#1660,#1171,.T.);
#2137=EDGE_CURVE('',#1659,#1639,#1172,.T.);
#2138=EDGE_CURVE('',#1661,#1651,#215,.T.);
#2139=EDGE_CURVE('',#1655,#1661,#1173,.T.);
#2140=EDGE_CURVE('',#1662,#1654,#1174,.T.);
#2141=EDGE_CURVE('',#1661,#1662,#1175,.T.);
#2142=EDGE_CURVE('',#1623,#1618,#216,.T.);
#2143=EDGE_CURVE('',#1578,#1663,#217,.T.);
#2144=EDGE_CURVE('',#1663,#1637,#1176,.F.);
#2145=EDGE_CURVE('',#1662,#1633,#218,.T.);
#2146=EDGE_CURVE('',#1653,#1648,#219,.T.);
#2147=EDGE_CURVE('',#1515,#1664,#1177,.T.);
#2148=EDGE_CURVE('',#1664,#1665,#1178,.T.);
#2149=EDGE_CURVE('',#1665,#1666,#1179,.T.);
#2150=EDGE_CURVE('',#1666,#1583,#1180,.T.);
#2151=EDGE_CURVE('',#1496,#1635,#1181,.T.);
#2152=EDGE_CURVE('',#1660,#1502,#1182,.T.);
#2153=EDGE_CURVE('',#1667,#1658,#1183,.T.);
#2154=EDGE_CURVE('',#1667,#1527,#220,.T.);
#2155=EDGE_CURVE('',#1508,#1664,#1184,.T.);
#2156=EDGE_CURVE('',#1528,#1667,#1185,.F.);
#2157=EDGE_CURVE('',#1506,#1668,#1186,.T.);
#2158=EDGE_CURVE('',#1668,#1669,#1187,.T.);
#2159=EDGE_CURVE('',#1669,#1506,#1342,.T.);
#2160=EDGE_CURVE('',#1670,#1671,#1188,.T.);
#2161=EDGE_CURVE('',#1671,#1672,#1189,.T.);
#2162=EDGE_CURVE('',#1672,#1670,#1343,.T.);
#2163=EDGE_CURVE('',#1507,#1673,#1344,.T.);
#2164=EDGE_CURVE('',#1673,#1668,#1345,.T.);
#2165=EDGE_CURVE('',#1671,#1673,#1346,.T.);
#2166=EDGE_CURVE('',#1507,#1672,#1347,.T.);
#2167=EDGE_CURVE('',#1668,#1671,#1348,.T.);
#2168=EDGE_CURVE('',#1670,#1669,#1349,.T.);
#2169=EDGE_CURVE('',#1665,#1669,#221,.T.);
#2170=EDGE_CURVE('',#1666,#1670,#222,.T.);
#2171=EDGE_CURVE('',#1584,#1672,#223,.T.);
#2172=EDGE_CURVE('',#1494,#1674,#224,.T.);
#2173=EDGE_CURVE('',#1533,#1572,#225,.T.);
#2174=EDGE_CURVE('',#1675,#1608,#226,.T.);
#2175=EDGE_CURVE('',#1674,#1675,#1350,.T.);
#2176=EDGE_CURVE('',#1674,#1676,#1190,.T.);
#2177=EDGE_CURVE('',#1677,#1675,#1191,.T.);
#2178=EDGE_CURVE('',#1677,#1676,#1192,.T.);
#2179=EDGE_CURVE('',#1663,#1577,#1193,.F.);
#2180=EDGE_CURVE('',#1537,#1540,#227,.T.);
#2181=EDGE_CURVE('',#1539,#1538,#228,.T.);
#2182=EDGE_CURVE('',#1596,#1597,#229,.T.);
#2183=EDGE_CURVE('',#1594,#1595,#230,.T.);
#2184=EDGE_CURVE('',#1678,#1679,#1194,.T.);
#2185=EDGE_CURVE('',#1679,#1680,#1195,.T.);
#2186=EDGE_CURVE('',#1680,#1678,#1351,.T.);
#2187=EDGE_CURVE('',#1679,#1592,#231,.T.);
#2188=EDGE_CURVE('',#1591,#1680,#232,.T.);
#2189=EDGE_CURVE('',#1678,#1586,#1352,.T.);
#2190=EDGE_CURVE('',#1593,#1679,#1353,.T.);
#2191=EDGE_CURVE('',#1681,#1682,#1196,.T.);
#2192=EDGE_CURVE('',#1682,#1683,#1197,.T.);
#2193=EDGE_CURVE('',#1683,#1681,#1354,.T.);
#2194=EDGE_CURVE('',#1682,#1541,#1355,.T.);
#2195=EDGE_CURVE('',#1557,#1683,#1356,.T.);
#2196=EDGE_CURVE('',#1681,#1545,#233,.T.);
#2197=EDGE_CURVE('',#1544,#1682,#234,.T.);
#2198=EDGE_CURVE('',#1684,#1685,#1357,.T.);
#2199=EDGE_CURVE('',#1685,#1686,#1198,.T.);
#2200=EDGE_CURVE('',#1686,#1684,#1199,.T.);
#2201=EDGE_CURVE('',#1680,#1685,#235,.T.);
#2202=EDGE_CURVE('',#1684,#1678,#236,.T.);
#2203=EDGE_CURVE('',#1687,#1688,#1358,.T.);
#2204=EDGE_CURVE('',#1688,#1686,#1200,.T.);
#2205=EDGE_CURVE('',#1686,#1687,#1201,.T.);
#2206=EDGE_CURVE('',#1689,#1690,#1359,.T.);
#2207=EDGE_CURVE('',#1689,#1688,#237,.T.);
#2208=EDGE_CURVE('',#1687,#1690,#238,.T.);
#2209=EDGE_CURVE('',#1690,#1691,#239,.T.);
#2210=EDGE_CURVE('',#1691,#1692,#240,.T.);
#2211=EDGE_CURVE('',#1689,#1692,#1360,.T.);
#2212=EDGE_CURVE('',#1693,#1687,#241,.T.);
#2213=EDGE_CURVE('',#1691,#1693,#242,.T.);
#2214=EDGE_CURVE('',#1587,#1684,#1361,.T.);
#2215=EDGE_CURVE('',#1588,#1686,#1362,.T.);
#2216=EDGE_CURVE('',#1589,#1686,#243,.T.);
#2217=EDGE_CURVE('',#1589,#1694,#1202,.T.);
#2218=EDGE_CURVE('',#1694,#1693,#100,.F.);
#2219=EDGE_CURVE('',#1685,#1590,#244,.T.);
#2220=EDGE_CURVE('',#1695,#1696,#1363,.T.);
#2221=EDGE_CURVE('',#1696,#1697,#1203,.T.);
#2222=EDGE_CURVE('',#1697,#1695,#1204,.T.);
#2223=EDGE_CURVE('',#1683,#1696,#245,.T.);
#2224=EDGE_CURVE('',#1695,#1681,#246,.T.);
#2225=EDGE_CURVE('',#1698,#1699,#1364,.T.);
#2226=EDGE_CURVE('',#1699,#1697,#1205,.T.);
#2227=EDGE_CURVE('',#1697,#1698,#1206,.T.);
#2228=EDGE_CURVE('',#1700,#1701,#1365,.T.);
#2229=EDGE_CURVE('',#1700,#1699,#247,.T.);
#2230=EDGE_CURVE('',#1698,#1701,#248,.T.);
#2231=EDGE_CURVE('',#1702,#1701,#1366,.T.);
#2232=EDGE_CURVE('',#1552,#1702,#249,.T.);
#2233=EDGE_CURVE('',#1703,#1551,#250,.T.);
#2234=EDGE_CURVE('',#1700,#1703,#251,.T.);
#2235=EDGE_CURVE('',#1704,#1698,#1367,.T.);
#2236=EDGE_CURVE('',#1702,#1704,#252,.T.);
#2237=EDGE_CURVE('',#1546,#1695,#253,.T.);
#2238=EDGE_CURVE('',#1697,#1547,#254,.T.);
#2239=EDGE_CURVE('',#1697,#1555,#1368,.T.);
#2240=EDGE_CURVE('',#1555,#1705,#1207,.T.);
#2241=EDGE_CURVE('',#1705,#1704,#1208,.F.);
#2242=EDGE_CURVE('',#1696,#1556,#1369,.T.);
#2243=EDGE_CURVE('',#1588,#1706,#1209,.F.);
#2244=EDGE_CURVE('',#1706,#1694,#1210,.T.);
#2245=EDGE_CURVE('',#1688,#1707,#1370,.T.);
#2246=EDGE_CURVE('',#1707,#1706,#1211,.F.);
#2247=EDGE_CURVE('',#1692,#1707,#255,.T.);
#2248=EDGE_CURVE('',#1553,#1705,#1212,.T.);
#2249=EDGE_CURVE('',#1550,#1548,#1371,.T.);
#2250=EDGE_CURVE('',#1547,#1708,#1213,.F.);
#2251=EDGE_CURVE('',#1708,#1550,#1214,.T.);
#2252=EDGE_CURVE('',#1709,#1708,#101,.F.);
#2253=EDGE_CURVE('',#1703,#1709,#256,.T.);
#2254=EDGE_CURVE('',#1699,#1709,#257,.T.);
#2255=EDGE_CURVE('',#1710,#1711,#1215,.T.);
#2256=EDGE_CURVE('',#1710,#1711,#1372,.T.);
#2257=EDGE_CURVE('',#1711,#1710,#1216,.T.);
#2258=ORIENTED_EDGE('',*,*,#1712,.T.);
#2259=ORIENTED_EDGE('',*,*,#1713,.T.);
#2260=ORIENTED_EDGE('',*,*,#1714,.T.);
#2261=ORIENTED_EDGE('',*,*,#1715,.T.);
#2262=ORIENTED_EDGE('',*,*,#1716,.T.);
#2263=ORIENTED_EDGE('',*,*,#1717,.T.);
#2264=ORIENTED_EDGE('',*,*,#1713,.F.);
#2265=ORIENTED_EDGE('',*,*,#1718,.T.);
#2266=ORIENTED_EDGE('',*,*,#1719,.T.);
#2267=ORIENTED_EDGE('',*,*,#1715,.F.);
#2268=ORIENTED_EDGE('',*,*,#1720,.T.);
#2269=ORIENTED_EDGE('',*,*,#1721,.T.);
#2270=ORIENTED_EDGE('',*,*,#1722,.T.);
#2271=ORIENTED_EDGE('',*,*,#1723,.T.);
#2272=ORIENTED_EDGE('',*,*,#1724,.T.);
#2273=ORIENTED_EDGE('',*,*,#1725,.T.);
#2274=ORIENTED_EDGE('',*,*,#1726,.T.);
#2275=ORIENTED_EDGE('',*,*,#1722,.F.);
#2276=ORIENTED_EDGE('',*,*,#1727,.T.);
#2277=ORIENTED_EDGE('',*,*,#1721,.F.);
#2278=ORIENTED_EDGE('',*,*,#1718,.F.);
#2279=ORIENTED_EDGE('',*,*,#1712,.F.);
#2280=ORIENTED_EDGE('',*,*,#1728,.F.);
#2281=ORIENTED_EDGE('',*,*,#1729,.F.);
#2282=ORIENTED_EDGE('',*,*,#1719,.F.);
#2283=ORIENTED_EDGE('',*,*,#1730,.F.);
#2284=ORIENTED_EDGE('',*,*,#1731,.F.);
#2285=ORIENTED_EDGE('',*,*,#1728,.T.);
#2286=ORIENTED_EDGE('',*,*,#1727,.F.);
#2287=ORIENTED_EDGE('',*,*,#1725,.F.);
#2288=ORIENTED_EDGE('',*,*,#1732,.F.);
#2289=ORIENTED_EDGE('',*,*,#1730,.T.);
#2290=ORIENTED_EDGE('',*,*,#1733,.T.);
#2291=ORIENTED_EDGE('',*,*,#1734,.T.);
#2292=ORIENTED_EDGE('',*,*,#1735,.T.);
#2293=ORIENTED_EDGE('',*,*,#1736,.T.);
#2294=ORIENTED_EDGE('',*,*,#1737,.T.);
#2295=ORIENTED_EDGE('',*,*,#1735,.F.);
#2296=ORIENTED_EDGE('',*,*,#1738,.T.);
#2297=ORIENTED_EDGE('',*,*,#1739,.T.);
#2298=ORIENTED_EDGE('',*,*,#1740,.T.);
#2299=ORIENTED_EDGE('',*,*,#1741,.F.);
#2300=ORIENTED_EDGE('',*,*,#1734,.F.);
#2301=ORIENTED_EDGE('',*,*,#1742,.F.);
#2302=ORIENTED_EDGE('',*,*,#1743,.F.);
#2303=ORIENTED_EDGE('',*,*,#1738,.F.);
#2304=ORIENTED_EDGE('',*,*,#1733,.F.);
#2305=ORIENTED_EDGE('',*,*,#1744,.T.);
#2306=ORIENTED_EDGE('',*,*,#1745,.F.);
#2307=ORIENTED_EDGE('',*,*,#1742,.T.);
#2308=ORIENTED_EDGE('',*,*,#1736,.F.);
#2309=ORIENTED_EDGE('',*,*,#1741,.T.);
#2310=ORIENTED_EDGE('',*,*,#1746,.T.);
#2311=ORIENTED_EDGE('',*,*,#1747,.T.);
#2312=ORIENTED_EDGE('',*,*,#1739,.F.);
#2313=ORIENTED_EDGE('',*,*,#1743,.T.);
#2314=ORIENTED_EDGE('',*,*,#1745,.T.);
#2315=ORIENTED_EDGE('',*,*,#1748,.T.);
#2316=ORIENTED_EDGE('',*,*,#1749,.T.);
#2317=ORIENTED_EDGE('',*,*,#1750,.T.);
#2318=ORIENTED_EDGE('',*,*,#1751,.T.);
#2319=ORIENTED_EDGE('',*,*,#1752,.T.);
#2320=ORIENTED_EDGE('',*,*,#1751,.F.);
#2321=ORIENTED_EDGE('',*,*,#1753,.T.);
#2322=ORIENTED_EDGE('',*,*,#1754,.T.);
#2323=ORIENTED_EDGE('',*,*,#1749,.F.);
#2324=ORIENTED_EDGE('',*,*,#1755,.T.);
#2325=ORIENTED_EDGE('',*,*,#1756,.T.);
#2326=ORIENTED_EDGE('',*,*,#1757,.T.);
#2327=ORIENTED_EDGE('',*,*,#1758,.T.);
#2328=ORIENTED_EDGE('',*,*,#1754,.F.);
#2329=ORIENTED_EDGE('',*,*,#1759,.T.);
#2330=ORIENTED_EDGE('',*,*,#1756,.F.);
#2331=ORIENTED_EDGE('',*,*,#1760,.F.);
#2332=ORIENTED_EDGE('',*,*,#1761,.F.);
#2333=ORIENTED_EDGE('',*,*,#1762,.T.);
#2334=ORIENTED_EDGE('',*,*,#1763,.T.);
#2335=ORIENTED_EDGE('',*,*,#1755,.F.);
#2336=ORIENTED_EDGE('',*,*,#1764,.F.);
#2337=ORIENTED_EDGE('',*,*,#1765,.F.);
#2338=ORIENTED_EDGE('',*,*,#1760,.T.);
#2339=ORIENTED_EDGE('',*,*,#1748,.F.);
#2340=ORIENTED_EDGE('',*,*,#1766,.F.);
#2341=ORIENTED_EDGE('',*,*,#1767,.F.);
#2342=ORIENTED_EDGE('',*,*,#1764,.T.);
#2343=ORIENTED_EDGE('',*,*,#1750,.F.);
#2344=ORIENTED_EDGE('',*,*,#1759,.F.);
#2345=ORIENTED_EDGE('',*,*,#1753,.F.);
#2346=ORIENTED_EDGE('',*,*,#1768,.T.);
#2347=ORIENTED_EDGE('',*,*,#1769,.T.);
#2348=ORIENTED_EDGE('',*,*,#1768,.F.);
#2349=ORIENTED_EDGE('',*,*,#1770,.T.);
#2350=ORIENTED_EDGE('',*,*,#1769,.F.);
#2351=ORIENTED_EDGE('',*,*,#1771,.F.);
#2352=ORIENTED_EDGE('',*,*,#1772,.F.);
#2353=ORIENTED_EDGE('',*,*,#1771,.T.);
#2354=ORIENTED_EDGE('',*,*,#1770,.F.);
#2355=ORIENTED_EDGE('',*,*,#1773,.T.);
#2356=ORIENTED_EDGE('',*,*,#1774,.T.);
#2357=ORIENTED_EDGE('',*,*,#1775,.T.);
#2358=ORIENTED_EDGE('',*,*,#1776,.F.);
#2359=ORIENTED_EDGE('',*,*,#1777,.T.);
#2360=ORIENTED_EDGE('',*,*,#1778,.T.);
#2361=ORIENTED_EDGE('',*,*,#1779,.T.);
#2362=ORIENTED_EDGE('',*,*,#1780,.T.);
#2363=ORIENTED_EDGE('',*,*,#1781,.T.);
#2364=ORIENTED_EDGE('',*,*,#1779,.F.);
#2365=ORIENTED_EDGE('',*,*,#1782,.T.);
#2366=ORIENTED_EDGE('',*,*,#1783,.T.);
#2367=ORIENTED_EDGE('',*,*,#1784,.T.);
#2368=ORIENTED_EDGE('',*,*,#1777,.F.);
#2369=ORIENTED_EDGE('',*,*,#1785,.T.);
#2370=ORIENTED_EDGE('',*,*,#1774,.F.);
#2371=ORIENTED_EDGE('',*,*,#1786,.T.);
#2372=ORIENTED_EDGE('',*,*,#1783,.F.);
#2373=ORIENTED_EDGE('',*,*,#1787,.T.);
#2374=ORIENTED_EDGE('',*,*,#1776,.T.);
#2375=ORIENTED_EDGE('',*,*,#1775,.F.);
#2376=ORIENTED_EDGE('',*,*,#1788,.F.);
#2377=ORIENTED_EDGE('',*,*,#1789,.F.);
#2378=ORIENTED_EDGE('',*,*,#1790,.T.);
#2379=ORIENTED_EDGE('',*,*,#1785,.F.);
#2380=ORIENTED_EDGE('',*,*,#1791,.F.);
#2381=ORIENTED_EDGE('',*,*,#1792,.F.);
#2382=ORIENTED_EDGE('',*,*,#1788,.T.);
#2383=ORIENTED_EDGE('',*,*,#1780,.F.);
#2384=ORIENTED_EDGE('',*,*,#1793,.F.);
#2385=ORIENTED_EDGE('',*,*,#1794,.F.);
#2386=ORIENTED_EDGE('',*,*,#1791,.T.);
#2387=ORIENTED_EDGE('',*,*,#1778,.F.);
#2388=ORIENTED_EDGE('',*,*,#1784,.F.);
#2389=ORIENTED_EDGE('',*,*,#1773,.F.);
#2390=ORIENTED_EDGE('',*,*,#1787,.F.);
#2391=ORIENTED_EDGE('',*,*,#1782,.F.);
#2392=ORIENTED_EDGE('',*,*,#1795,.T.);
#2393=ORIENTED_EDGE('',*,*,#1796,.T.);
#2394=ORIENTED_EDGE('',*,*,#1797,.T.);
#2395=ORIENTED_EDGE('',*,*,#1798,.F.);
#2396=ORIENTED_EDGE('',*,*,#1799,.T.);
#2397=ORIENTED_EDGE('',*,*,#1800,.T.);
#2398=ORIENTED_EDGE('',*,*,#1801,.T.);
#2399=ORIENTED_EDGE('',*,*,#1796,.F.);
#2400=ORIENTED_EDGE('',*,*,#1802,.T.);
#2401=ORIENTED_EDGE('',*,*,#1800,.F.);
#2402=ORIENTED_EDGE('',*,*,#1803,.T.);
#2403=ORIENTED_EDGE('',*,*,#1798,.T.);
#2404=ORIENTED_EDGE('',*,*,#1802,.F.);
#2405=ORIENTED_EDGE('',*,*,#1804,.F.);
#2406=ORIENTED_EDGE('',*,*,#1805,.F.);
#2407=ORIENTED_EDGE('',*,*,#1806,.T.);
#2408=ORIENTED_EDGE('',*,*,#1797,.F.);
#2409=ORIENTED_EDGE('',*,*,#1807,.F.);
#2410=ORIENTED_EDGE('',*,*,#1808,.F.);
#2411=ORIENTED_EDGE('',*,*,#1804,.T.);
#2412=ORIENTED_EDGE('',*,*,#1795,.F.);
#2413=ORIENTED_EDGE('',*,*,#1803,.F.);
#2414=ORIENTED_EDGE('',*,*,#1799,.F.);
#2415=ORIENTED_EDGE('',*,*,#1809,.T.);
#2416=ORIENTED_EDGE('',*,*,#1810,.T.);
#2417=ORIENTED_EDGE('',*,*,#1811,.T.);
#2418=ORIENTED_EDGE('',*,*,#1812,.F.);
#2419=ORIENTED_EDGE('',*,*,#1813,.T.);
#2420=ORIENTED_EDGE('',*,*,#1814,.T.);
#2421=ORIENTED_EDGE('',*,*,#1815,.T.);
#2422=ORIENTED_EDGE('',*,*,#1810,.F.);
#2423=ORIENTED_EDGE('',*,*,#1816,.T.);
#2424=ORIENTED_EDGE('',*,*,#1817,.T.);
#2425=ORIENTED_EDGE('',*,*,#1818,.T.);
#2426=ORIENTED_EDGE('',*,*,#1814,.F.);
#2427=ORIENTED_EDGE('',*,*,#1819,.T.);
#2428=ORIENTED_EDGE('',*,*,#1817,.F.);
#2429=ORIENTED_EDGE('',*,*,#1820,.T.);
#2430=ORIENTED_EDGE('',*,*,#1812,.T.);
#2431=ORIENTED_EDGE('',*,*,#1819,.F.);
#2432=ORIENTED_EDGE('',*,*,#1821,.F.);
#2433=ORIENTED_EDGE('',*,*,#1822,.F.);
#2434=ORIENTED_EDGE('',*,*,#1823,.T.);
#2435=ORIENTED_EDGE('',*,*,#1811,.F.);
#2436=ORIENTED_EDGE('',*,*,#1824,.F.);
#2437=ORIENTED_EDGE('',*,*,#1825,.F.);
#2438=ORIENTED_EDGE('',*,*,#1821,.T.);
#2439=ORIENTED_EDGE('',*,*,#1809,.F.);
#2440=ORIENTED_EDGE('',*,*,#1820,.F.);
#2441=ORIENTED_EDGE('',*,*,#1816,.F.);
#2442=ORIENTED_EDGE('',*,*,#1813,.F.);
#2443=ORIENTED_EDGE('',*,*,#1717,.F.);
#2444=ORIENTED_EDGE('',*,*,#1826,.F.);
#2445=ORIENTED_EDGE('',*,*,#1723,.F.);
#2446=ORIENTED_EDGE('',*,*,#1827,.T.);
#2447=ORIENTED_EDGE('',*,*,#1758,.F.);
#2448=ORIENTED_EDGE('',*,*,#1828,.F.);
#2449=ORIENTED_EDGE('',*,*,#1829,.F.);
#2450=ORIENTED_EDGE('',*,*,#1830,.T.);
#2451=ORIENTED_EDGE('',*,*,#1752,.F.);
#2452=ORIENTED_EDGE('',*,*,#1830,.F.);
#2453=ORIENTED_EDGE('',*,*,#1831,.F.);
#2454=ORIENTED_EDGE('',*,*,#1766,.T.);
#2455=ORIENTED_EDGE('',*,*,#1757,.F.);
#2456=ORIENTED_EDGE('',*,*,#1763,.F.);
#2457=ORIENTED_EDGE('',*,*,#1832,.T.);
#2458=ORIENTED_EDGE('',*,*,#1833,.F.);
#2459=ORIENTED_EDGE('',*,*,#1828,.T.);
#2460=ORIENTED_EDGE('',*,*,#1833,.T.);
#2461=ORIENTED_EDGE('',*,*,#1834,.T.);
#2462=ORIENTED_EDGE('',*,*,#1761,.T.);
#2463=ORIENTED_EDGE('',*,*,#1835,.F.);
#2464=ORIENTED_EDGE('',*,*,#1744,.F.);
#2465=ORIENTED_EDGE('',*,*,#1836,.F.);
#2466=ORIENTED_EDGE('',*,*,#1837,.F.);
#2467=ORIENTED_EDGE('',*,*,#1838,.T.);
#2468=ORIENTED_EDGE('',*,*,#1747,.F.);
#2469=ORIENTED_EDGE('',*,*,#1838,.F.);
#2470=ORIENTED_EDGE('',*,*,#1839,.F.);
#2471=ORIENTED_EDGE('',*,*,#1840,.T.);
#2472=ORIENTED_EDGE('',*,*,#1737,.F.);
#2473=ORIENTED_EDGE('',*,*,#1841,.F.);
#2474=ORIENTED_EDGE('',*,*,#1842,.F.);
#2475=ORIENTED_EDGE('',*,*,#1836,.T.);
#2476=ORIENTED_EDGE('',*,*,#1746,.F.);
#2477=ORIENTED_EDGE('',*,*,#1843,.F.);
#2478=ORIENTED_EDGE('',*,*,#1844,.F.);
#2479=ORIENTED_EDGE('',*,*,#1841,.T.);
#2480=ORIENTED_EDGE('',*,*,#1740,.F.);
#2481=ORIENTED_EDGE('',*,*,#1840,.F.);
#2482=ORIENTED_EDGE('',*,*,#1845,.F.);
#2483=ORIENTED_EDGE('',*,*,#1843,.T.);
#2484=ORIENTED_EDGE('',*,*,#1801,.F.);
#2485=ORIENTED_EDGE('',*,*,#1806,.F.);
#2486=ORIENTED_EDGE('',*,*,#1846,.F.);
#2487=ORIENTED_EDGE('',*,*,#1807,.T.);
#2488=ORIENTED_EDGE('',*,*,#1786,.F.);
#2489=ORIENTED_EDGE('',*,*,#1790,.F.);
#2490=ORIENTED_EDGE('',*,*,#1847,.F.);
#2491=ORIENTED_EDGE('',*,*,#1848,.T.);
#2492=ORIENTED_EDGE('',*,*,#1781,.F.);
#2493=ORIENTED_EDGE('',*,*,#1848,.F.);
#2494=ORIENTED_EDGE('',*,*,#1849,.F.);
#2495=ORIENTED_EDGE('',*,*,#1793,.T.);
#2496=ORIENTED_EDGE('',*,*,#1714,.F.);
#2497=ORIENTED_EDGE('',*,*,#1827,.F.);
#2498=ORIENTED_EDGE('',*,*,#1726,.F.);
#2499=ORIENTED_EDGE('',*,*,#1720,.F.);
#2500=ORIENTED_EDGE('',*,*,#1815,.F.);
#2501=ORIENTED_EDGE('',*,*,#1850,.F.);
#2502=ORIENTED_EDGE('',*,*,#1851,.F.);
#2503=ORIENTED_EDGE('',*,*,#1824,.T.);
#2504=ORIENTED_EDGE('',*,*,#1818,.F.);
#2505=ORIENTED_EDGE('',*,*,#1823,.F.);
#2506=ORIENTED_EDGE('',*,*,#1852,.F.);
#2507=ORIENTED_EDGE('',*,*,#1850,.T.);
#2508=ORIENTED_EDGE('',*,*,#1853,.F.);
#2509=ORIENTED_EDGE('',*,*,#1854,.T.);
#2510=ORIENTED_EDGE('',*,*,#1855,.F.);
#2511=ORIENTED_EDGE('',*,*,#1856,.F.);
#2512=ORIENTED_EDGE('',*,*,#1857,.T.);
#2513=ORIENTED_EDGE('',*,*,#1856,.T.);
#2514=ORIENTED_EDGE('',*,*,#1858,.F.);
#2515=ORIENTED_EDGE('',*,*,#1859,.F.);
#2516=ORIENTED_EDGE('',*,*,#1860,.T.);
#2517=ORIENTED_EDGE('',*,*,#1859,.T.);
#2518=ORIENTED_EDGE('',*,*,#1861,.F.);
#2519=ORIENTED_EDGE('',*,*,#1862,.F.);
#2520=ORIENTED_EDGE('',*,*,#1863,.T.);
#2521=ORIENTED_EDGE('',*,*,#1862,.T.);
#2522=ORIENTED_EDGE('',*,*,#1864,.F.);
#2523=ORIENTED_EDGE('',*,*,#1865,.F.);
#2524=ORIENTED_EDGE('',*,*,#1866,.T.);
#2525=ORIENTED_EDGE('',*,*,#1865,.T.);
#2526=ORIENTED_EDGE('',*,*,#1867,.F.);
#2527=ORIENTED_EDGE('',*,*,#1868,.F.);
#2528=ORIENTED_EDGE('',*,*,#1869,.T.);
#2529=ORIENTED_EDGE('',*,*,#1868,.T.);
#2530=ORIENTED_EDGE('',*,*,#1870,.F.);
#2531=ORIENTED_EDGE('',*,*,#1871,.F.);
#2532=ORIENTED_EDGE('',*,*,#1872,.T.);
#2533=ORIENTED_EDGE('',*,*,#1871,.T.);
#2534=ORIENTED_EDGE('',*,*,#1873,.F.);
#2535=ORIENTED_EDGE('',*,*,#1854,.F.);
#2536=ORIENTED_EDGE('',*,*,#1873,.T.);
#2537=ORIENTED_EDGE('',*,*,#1870,.T.);
#2538=ORIENTED_EDGE('',*,*,#1867,.T.);
#2539=ORIENTED_EDGE('',*,*,#1864,.T.);
#2540=ORIENTED_EDGE('',*,*,#1861,.T.);
#2541=ORIENTED_EDGE('',*,*,#1858,.T.);
#2542=ORIENTED_EDGE('',*,*,#1855,.T.);
#2543=ORIENTED_EDGE('',*,*,#1772,.T.);
#2544=ORIENTED_EDGE('',*,*,#1839,.T.);
#2545=ORIENTED_EDGE('',*,*,#1837,.T.);
#2546=ORIENTED_EDGE('',*,*,#1842,.T.);
#2547=ORIENTED_EDGE('',*,*,#1844,.T.);
#2548=ORIENTED_EDGE('',*,*,#1845,.T.);
#2549=ORIENTED_EDGE('',*,*,#1826,.T.);
#2550=ORIENTED_EDGE('',*,*,#1716,.F.);
#2551=ORIENTED_EDGE('',*,*,#1729,.T.);
#2552=ORIENTED_EDGE('',*,*,#1731,.T.);
#2553=ORIENTED_EDGE('',*,*,#1732,.T.);
#2554=ORIENTED_EDGE('',*,*,#1724,.F.);
#2555=ORIENTED_EDGE('',*,*,#1822,.T.);
#2556=ORIENTED_EDGE('',*,*,#1825,.T.);
#2557=ORIENTED_EDGE('',*,*,#1851,.T.);
#2558=ORIENTED_EDGE('',*,*,#1852,.T.);
#2559=ORIENTED_EDGE('',*,*,#1849,.T.);
#2560=ORIENTED_EDGE('',*,*,#1847,.T.);
#2561=ORIENTED_EDGE('',*,*,#1789,.T.);
#2562=ORIENTED_EDGE('',*,*,#1792,.T.);
#2563=ORIENTED_EDGE('',*,*,#1794,.T.);
#2564=ORIENTED_EDGE('',*,*,#1829,.T.);
#2565=ORIENTED_EDGE('',*,*,#1835,.T.);
#2566=ORIENTED_EDGE('',*,*,#1765,.T.);
#2567=ORIENTED_EDGE('',*,*,#1767,.T.);
#2568=ORIENTED_EDGE('',*,*,#1831,.T.);
#2569=ORIENTED_EDGE('',*,*,#1808,.T.);
#2570=ORIENTED_EDGE('',*,*,#1846,.T.);
#2571=ORIENTED_EDGE('',*,*,#1805,.T.);
#2572=ORIENTED_EDGE('',*,*,#1872,.F.);
#2573=ORIENTED_EDGE('',*,*,#1853,.T.);
#2574=ORIENTED_EDGE('',*,*,#1857,.F.);
#2575=ORIENTED_EDGE('',*,*,#1860,.F.);
#2576=ORIENTED_EDGE('',*,*,#1863,.F.);
#2577=ORIENTED_EDGE('',*,*,#1866,.F.);
#2578=ORIENTED_EDGE('',*,*,#1869,.F.);
#2579=ORIENTED_EDGE('',*,*,#1832,.F.);
#2580=ORIENTED_EDGE('',*,*,#1762,.F.);
#2581=ORIENTED_EDGE('',*,*,#1834,.F.);
#2582=ORIENTED_EDGE('',*,*,#1874,.F.);
#2583=ORIENTED_EDGE('',*,*,#1875,.F.);
#2584=ORIENTED_EDGE('',*,*,#1876,.T.);
#2585=ORIENTED_EDGE('',*,*,#1877,.F.);
#2586=ORIENTED_EDGE('',*,*,#1878,.F.);
#2587=ORIENTED_EDGE('',*,*,#1879,.T.);
#2588=ORIENTED_EDGE('',*,*,#1880,.F.);
#2589=ORIENTED_EDGE('',*,*,#1881,.F.);
#2590=ORIENTED_EDGE('',*,*,#1882,.T.);
#2591=ORIENTED_EDGE('',*,*,#1883,.T.);
#2592=ORIENTED_EDGE('',*,*,#1884,.F.);
#2593=ORIENTED_EDGE('',*,*,#1885,.F.);
#2594=ORIENTED_EDGE('',*,*,#1886,.F.);
#2595=ORIENTED_EDGE('',*,*,#1887,.T.);
#2596=ORIENTED_EDGE('',*,*,#1882,.F.);
#2597=ORIENTED_EDGE('',*,*,#1888,.F.);
#2598=ORIENTED_EDGE('',*,*,#1879,.F.);
#2599=ORIENTED_EDGE('',*,*,#1889,.F.);
#2600=ORIENTED_EDGE('',*,*,#1876,.F.);
#2601=ORIENTED_EDGE('',*,*,#1890,.T.);
#2602=ORIENTED_EDGE('',*,*,#1891,.F.);
#2603=ORIENTED_EDGE('',*,*,#1892,.F.);
#2604=ORIENTED_EDGE('',*,*,#1893,.F.);
#2605=ORIENTED_EDGE('',*,*,#1894,.F.);
#2606=ORIENTED_EDGE('',*,*,#1890,.F.);
#2607=ORIENTED_EDGE('',*,*,#1875,.T.);
#2608=ORIENTED_EDGE('',*,*,#1892,.T.);
#2609=ORIENTED_EDGE('',*,*,#1895,.F.);
#2610=ORIENTED_EDGE('',*,*,#1896,.T.);
#2611=ORIENTED_EDGE('',*,*,#1885,.T.);
#2612=ORIENTED_EDGE('',*,*,#1897,.F.);
#2613=ORIENTED_EDGE('',*,*,#1898,.T.);
#2614=ORIENTED_EDGE('',*,*,#1899,.F.);
#2615=ORIENTED_EDGE('',*,*,#1884,.T.);
#2616=ORIENTED_EDGE('',*,*,#1900,.T.);
#2617=ORIENTED_EDGE('',*,*,#1901,.T.);
#2618=ORIENTED_EDGE('',*,*,#1902,.T.);
#2619=ORIENTED_EDGE('',*,*,#1903,.F.);
#2620=ORIENTED_EDGE('',*,*,#1897,.T.);
#2621=ORIENTED_EDGE('',*,*,#1904,.F.);
#2622=ORIENTED_EDGE('',*,*,#1905,.F.);
#2623=ORIENTED_EDGE('',*,*,#1906,.T.);
#2624=ORIENTED_EDGE('',*,*,#1907,.T.);
#2625=ORIENTED_EDGE('',*,*,#1877,.T.);
#2626=ORIENTED_EDGE('',*,*,#1889,.T.);
#2627=ORIENTED_EDGE('',*,*,#1894,.T.);
#2628=ORIENTED_EDGE('',*,*,#1908,.T.);
#2629=ORIENTED_EDGE('',*,*,#1886,.T.);
#2630=ORIENTED_EDGE('',*,*,#1881,.T.);
#2631=ORIENTED_EDGE('',*,*,#1909,.T.);
#2632=ORIENTED_EDGE('',*,*,#1906,.F.);
#2633=ORIENTED_EDGE('',*,*,#1910,.F.);
#2634=ORIENTED_EDGE('',*,*,#1911,.T.);
#2635=ORIENTED_EDGE('',*,*,#1912,.F.);
#2636=ORIENTED_EDGE('',*,*,#1913,.F.);
#2637=ORIENTED_EDGE('',*,*,#1914,.T.);
#2638=ORIENTED_EDGE('',*,*,#1915,.F.);
#2639=ORIENTED_EDGE('',*,*,#1916,.T.);
#2640=ORIENTED_EDGE('',*,*,#1917,.T.);
#2641=ORIENTED_EDGE('',*,*,#1918,.F.);
#2642=ORIENTED_EDGE('',*,*,#1919,.F.);
#2643=ORIENTED_EDGE('',*,*,#1920,.F.);
#2644=ORIENTED_EDGE('',*,*,#1921,.F.);
#2645=ORIENTED_EDGE('',*,*,#1922,.F.);
#2646=ORIENTED_EDGE('',*,*,#1923,.T.);
#2647=ORIENTED_EDGE('',*,*,#1924,.F.);
#2648=ORIENTED_EDGE('',*,*,#1925,.F.);
#2649=ORIENTED_EDGE('',*,*,#1926,.T.);
#2650=ORIENTED_EDGE('',*,*,#1927,.T.);
#2651=ORIENTED_EDGE('',*,*,#1928,.T.);
#2652=ORIENTED_EDGE('',*,*,#1929,.T.);
#2653=ORIENTED_EDGE('',*,*,#1930,.T.);
#2654=ORIENTED_EDGE('',*,*,#1931,.T.);
#2655=ORIENTED_EDGE('',*,*,#1932,.T.);
#2656=ORIENTED_EDGE('',*,*,#1929,.F.);
#2657=ORIENTED_EDGE('',*,*,#1933,.T.);
#2658=ORIENTED_EDGE('',*,*,#1934,.T.);
#2659=ORIENTED_EDGE('',*,*,#1935,.F.);
#2660=ORIENTED_EDGE('',*,*,#1936,.F.);
#2661=ORIENTED_EDGE('',*,*,#1937,.T.);
#2662=ORIENTED_EDGE('',*,*,#1938,.T.);
#2663=ORIENTED_EDGE('',*,*,#1939,.F.);
#2664=ORIENTED_EDGE('',*,*,#1940,.F.);
#2665=ORIENTED_EDGE('',*,*,#1941,.F.);
#2666=ORIENTED_EDGE('',*,*,#1942,.T.);
#2667=ORIENTED_EDGE('',*,*,#1943,.T.);
#2668=ORIENTED_EDGE('',*,*,#1944,.T.);
#2669=ORIENTED_EDGE('',*,*,#1945,.F.);
#2670=ORIENTED_EDGE('',*,*,#1912,.T.);
#2671=ORIENTED_EDGE('',*,*,#1946,.T.);
#2672=ORIENTED_EDGE('',*,*,#1947,.T.);
#2673=ORIENTED_EDGE('',*,*,#1901,.F.);
#2674=ORIENTED_EDGE('',*,*,#1948,.T.);
#2675=ORIENTED_EDGE('',*,*,#1949,.T.);
#2676=ORIENTED_EDGE('',*,*,#1950,.T.);
#2677=ORIENTED_EDGE('',*,*,#1951,.T.);
#2678=ORIENTED_EDGE('',*,*,#1952,.T.);
#2679=ORIENTED_EDGE('',*,*,#1953,.T.);
#2680=ORIENTED_EDGE('',*,*,#1954,.T.);
#2681=ORIENTED_EDGE('',*,*,#1955,.T.);
#2682=ORIENTED_EDGE('',*,*,#1956,.T.);
#2683=ORIENTED_EDGE('',*,*,#1957,.T.);
#2684=ORIENTED_EDGE('',*,*,#1958,.T.);
#2685=ORIENTED_EDGE('',*,*,#1959,.F.);
#2686=ORIENTED_EDGE('',*,*,#1960,.T.);
#2687=ORIENTED_EDGE('',*,*,#1961,.F.);
#2688=ORIENTED_EDGE('',*,*,#1962,.T.);
#2689=ORIENTED_EDGE('',*,*,#1963,.T.);
#2690=ORIENTED_EDGE('',*,*,#1964,.T.);
#2691=ORIENTED_EDGE('',*,*,#1965,.T.);
#2692=ORIENTED_EDGE('',*,*,#1966,.T.);
#2693=ORIENTED_EDGE('',*,*,#1967,.T.);
#2694=ORIENTED_EDGE('',*,*,#1968,.T.);
#2695=ORIENTED_EDGE('',*,*,#1969,.T.);
#2696=ORIENTED_EDGE('',*,*,#1970,.F.);
#2697=ORIENTED_EDGE('',*,*,#1971,.T.);
#2698=ORIENTED_EDGE('',*,*,#1972,.F.);
#2699=ORIENTED_EDGE('',*,*,#1923,.F.);
#2700=ORIENTED_EDGE('',*,*,#1973,.T.);
#2701=ORIENTED_EDGE('',*,*,#1931,.F.);
#2702=ORIENTED_EDGE('',*,*,#1974,.T.);
#2703=ORIENTED_EDGE('',*,*,#1975,.T.);
#2704=ORIENTED_EDGE('',*,*,#1976,.T.);
#2705=ORIENTED_EDGE('',*,*,#1977,.T.);
#2706=ORIENTED_EDGE('',*,*,#1978,.T.);
#2707=ORIENTED_EDGE('',*,*,#1975,.F.);
#2708=ORIENTED_EDGE('',*,*,#1979,.T.);
#2709=ORIENTED_EDGE('',*,*,#1980,.T.);
#2710=ORIENTED_EDGE('',*,*,#1981,.T.);
#2711=ORIENTED_EDGE('',*,*,#1977,.F.);
#2712=ORIENTED_EDGE('',*,*,#1982,.T.);
#2713=ORIENTED_EDGE('',*,*,#1981,.F.);
#2714=ORIENTED_EDGE('',*,*,#1983,.T.);
#2715=ORIENTED_EDGE('',*,*,#1984,.T.);
#2716=ORIENTED_EDGE('',*,*,#1985,.F.);
#2717=ORIENTED_EDGE('',*,*,#1986,.T.);
#2718=ORIENTED_EDGE('',*,*,#1987,.T.);
#2719=ORIENTED_EDGE('',*,*,#1988,.T.);
#2720=ORIENTED_EDGE('',*,*,#1989,.T.);
#2721=ORIENTED_EDGE('',*,*,#1990,.F.);
#2722=ORIENTED_EDGE('',*,*,#1991,.T.);
#2723=ORIENTED_EDGE('',*,*,#1992,.T.);
#2724=ORIENTED_EDGE('',*,*,#1910,.T.);
#2725=ORIENTED_EDGE('',*,*,#1905,.T.);
#2726=ORIENTED_EDGE('',*,*,#1993,.F.);
#2727=ORIENTED_EDGE('',*,*,#1994,.T.);
#2728=ORIENTED_EDGE('',*,*,#1995,.T.);
#2729=ORIENTED_EDGE('',*,*,#1996,.T.);
#2730=ORIENTED_EDGE('',*,*,#1997,.F.);
#2731=ORIENTED_EDGE('',*,*,#1998,.F.);
#2732=ORIENTED_EDGE('',*,*,#1999,.F.);
#2733=ORIENTED_EDGE('',*,*,#2000,.T.);
#2734=ORIENTED_EDGE('',*,*,#2001,.F.);
#2735=ORIENTED_EDGE('',*,*,#2002,.T.);
#2736=ORIENTED_EDGE('',*,*,#2003,.F.);
#2737=ORIENTED_EDGE('',*,*,#2004,.T.);
#2738=ORIENTED_EDGE('',*,*,#2005,.T.);
#2739=ORIENTED_EDGE('',*,*,#2006,.F.);
#2740=ORIENTED_EDGE('',*,*,#2007,.T.);
#2741=ORIENTED_EDGE('',*,*,#2008,.F.);
#2742=ORIENTED_EDGE('',*,*,#2009,.T.);
#2743=ORIENTED_EDGE('',*,*,#2010,.F.);
#2744=ORIENTED_EDGE('',*,*,#2011,.T.);
#2745=ORIENTED_EDGE('',*,*,#2012,.F.);
#2746=ORIENTED_EDGE('',*,*,#2013,.T.);
#2747=ORIENTED_EDGE('',*,*,#2014,.F.);
#2748=ORIENTED_EDGE('',*,*,#2015,.T.);
#2749=ORIENTED_EDGE('',*,*,#2016,.T.);
#2750=ORIENTED_EDGE('',*,*,#2017,.T.);
#2751=ORIENTED_EDGE('',*,*,#2018,.T.);
#2752=ORIENTED_EDGE('',*,*,#2019,.F.);
#2753=ORIENTED_EDGE('',*,*,#2020,.F.);
#2754=ORIENTED_EDGE('',*,*,#2021,.T.);
#2755=ORIENTED_EDGE('',*,*,#1982,.F.);
#2756=ORIENTED_EDGE('',*,*,#1979,.F.);
#2757=ORIENTED_EDGE('',*,*,#1974,.F.);
#2758=ORIENTED_EDGE('',*,*,#1933,.F.);
#2759=ORIENTED_EDGE('',*,*,#1928,.F.);
#2760=ORIENTED_EDGE('',*,*,#2022,.T.);
#2761=ORIENTED_EDGE('',*,*,#2023,.T.);
#2762=ORIENTED_EDGE('',*,*,#2024,.F.);
#2763=ORIENTED_EDGE('',*,*,#2025,.F.);
#2764=ORIENTED_EDGE('',*,*,#2026,.T.);
#2765=ORIENTED_EDGE('',*,*,#2027,.T.);
#2766=ORIENTED_EDGE('',*,*,#1915,.T.);
#2767=ORIENTED_EDGE('',*,*,#2028,.T.);
#2768=ORIENTED_EDGE('',*,*,#2029,.T.);
#2769=ORIENTED_EDGE('',*,*,#2030,.T.);
#2770=ORIENTED_EDGE('',*,*,#2024,.T.);
#2771=ORIENTED_EDGE('',*,*,#2031,.T.);
#2772=ORIENTED_EDGE('',*,*,#1950,.F.);
#2773=ORIENTED_EDGE('',*,*,#2032,.T.);
#2774=ORIENTED_EDGE('',*,*,#2033,.T.);
#2775=ORIENTED_EDGE('',*,*,#2025,.T.);
#2776=ORIENTED_EDGE('',*,*,#2030,.F.);
#2777=ORIENTED_EDGE('',*,*,#2026,.F.);
#2778=ORIENTED_EDGE('',*,*,#2033,.F.);
#2779=ORIENTED_EDGE('',*,*,#2034,.F.);
#2780=ORIENTED_EDGE('',*,*,#1948,.F.);
#2781=ORIENTED_EDGE('',*,*,#1900,.F.);
#2782=ORIENTED_EDGE('',*,*,#1883,.F.);
#2783=ORIENTED_EDGE('',*,*,#1887,.F.);
#2784=ORIENTED_EDGE('',*,*,#1908,.F.);
#2785=ORIENTED_EDGE('',*,*,#1893,.T.);
#2786=ORIENTED_EDGE('',*,*,#2035,.F.);
#2787=ORIENTED_EDGE('',*,*,#2036,.T.);
#2788=ORIENTED_EDGE('',*,*,#2032,.F.);
#2789=ORIENTED_EDGE('',*,*,#1949,.F.);
#2790=ORIENTED_EDGE('',*,*,#2034,.T.);
#2791=ORIENTED_EDGE('',*,*,#2037,.T.);
#2792=ORIENTED_EDGE('',*,*,#2020,.T.);
#2793=ORIENTED_EDGE('',*,*,#2038,.T.);
#2794=ORIENTED_EDGE('',*,*,#2039,.T.);
#2795=ORIENTED_EDGE('',*,*,#1985,.T.);
#2796=ORIENTED_EDGE('',*,*,#2040,.T.);
#2797=ORIENTED_EDGE('',*,*,#2038,.F.);
#2798=ORIENTED_EDGE('',*,*,#2019,.T.);
#2799=ORIENTED_EDGE('',*,*,#2037,.F.);
#2800=ORIENTED_EDGE('',*,*,#1984,.F.);
#2801=ORIENTED_EDGE('',*,*,#1983,.F.);
#2802=ORIENTED_EDGE('',*,*,#1980,.F.);
#2803=ORIENTED_EDGE('',*,*,#2021,.F.);
#2804=ORIENTED_EDGE('',*,*,#1916,.F.);
#2805=ORIENTED_EDGE('',*,*,#2027,.F.);
#2806=ORIENTED_EDGE('',*,*,#2036,.F.);
#2807=ORIENTED_EDGE('',*,*,#2031,.F.);
#2808=ORIENTED_EDGE('',*,*,#2023,.F.);
#2809=ORIENTED_EDGE('',*,*,#2041,.T.);
#2810=ORIENTED_EDGE('',*,*,#1934,.F.);
#2811=ORIENTED_EDGE('',*,*,#1951,.F.);
#2812=ORIENTED_EDGE('',*,*,#2040,.F.);
#2813=ORIENTED_EDGE('',*,*,#2029,.F.);
#2814=ORIENTED_EDGE('',*,*,#2042,.F.);
#2815=ORIENTED_EDGE('',*,*,#2035,.T.);
#2816=ORIENTED_EDGE('',*,*,#1896,.F.);
#2817=ORIENTED_EDGE('',*,*,#2043,.F.);
#2818=ORIENTED_EDGE('',*,*,#1989,.F.);
#2819=ORIENTED_EDGE('',*,*,#2044,.T.);
#2820=ORIENTED_EDGE('',*,*,#2028,.F.);
#2821=ORIENTED_EDGE('',*,*,#1917,.F.);
#2822=ORIENTED_EDGE('',*,*,#2042,.T.);
#2823=ORIENTED_EDGE('',*,*,#2039,.F.);
#2824=ORIENTED_EDGE('',*,*,#2044,.F.);
#2825=ORIENTED_EDGE('',*,*,#1988,.F.);
#2826=ORIENTED_EDGE('',*,*,#2045,.F.);
#2827=ORIENTED_EDGE('',*,*,#1986,.F.);
#2828=ORIENTED_EDGE('',*,*,#1987,.F.);
#2829=ORIENTED_EDGE('',*,*,#2045,.T.);
#2830=ORIENTED_EDGE('',*,*,#1932,.F.);
#2831=ORIENTED_EDGE('',*,*,#2046,.T.);
#2832=ORIENTED_EDGE('',*,*,#1921,.T.);
#2833=ORIENTED_EDGE('',*,*,#2047,.T.);
#2834=ORIENTED_EDGE('',*,*,#1976,.F.);
#2835=ORIENTED_EDGE('',*,*,#2048,.F.);
#2836=ORIENTED_EDGE('',*,*,#1924,.T.);
#2837=ORIENTED_EDGE('',*,*,#1973,.F.);
#2838=ORIENTED_EDGE('',*,*,#1922,.T.);
#2839=ORIENTED_EDGE('',*,*,#2046,.F.);
#2840=ORIENTED_EDGE('',*,*,#1874,.T.);
#2841=ORIENTED_EDGE('',*,*,#1899,.T.);
#2842=ORIENTED_EDGE('',*,*,#2049,.T.);
#2843=ORIENTED_EDGE('',*,*,#2050,.T.);
#2844=ORIENTED_EDGE('',*,*,#1990,.T.);
#2845=ORIENTED_EDGE('',*,*,#2043,.T.);
#2846=ORIENTED_EDGE('',*,*,#1895,.T.);
#2847=ORIENTED_EDGE('',*,*,#1891,.T.);
#2848=ORIENTED_EDGE('',*,*,#1978,.F.);
#2849=ORIENTED_EDGE('',*,*,#2006,.T.);
#2850=ORIENTED_EDGE('',*,*,#2051,.T.);
#2851=ORIENTED_EDGE('',*,*,#1925,.T.);
#2852=ORIENTED_EDGE('',*,*,#2048,.T.);
#2853=ORIENTED_EDGE('',*,*,#2052,.T.);
#2854=ORIENTED_EDGE('',*,*,#2053,.T.);
#2855=ORIENTED_EDGE('',*,*,#2054,.F.);
#2856=ORIENTED_EDGE('',*,*,#2053,.F.);
#2857=ORIENTED_EDGE('',*,*,#2052,.F.);
#2858=ORIENTED_EDGE('',*,*,#2055,.T.);
#2859=ORIENTED_EDGE('',*,*,#2056,.T.);
#2860=ORIENTED_EDGE('',*,*,#2057,.F.);
#2861=ORIENTED_EDGE('',*,*,#2056,.F.);
#2862=ORIENTED_EDGE('',*,*,#2055,.F.);
#2863=ORIENTED_EDGE('',*,*,#2058,.T.);
#2864=ORIENTED_EDGE('',*,*,#2059,.T.);
#2865=ORIENTED_EDGE('',*,*,#2060,.T.);
#2866=ORIENTED_EDGE('',*,*,#2061,.T.);
#2867=ORIENTED_EDGE('',*,*,#2062,.T.);
#2868=ORIENTED_EDGE('',*,*,#2063,.T.);
#2869=ORIENTED_EDGE('',*,*,#2060,.F.);
#2870=ORIENTED_EDGE('',*,*,#2064,.T.);
#2871=ORIENTED_EDGE('',*,*,#2058,.F.);
#2872=ORIENTED_EDGE('',*,*,#2065,.T.);
#2873=ORIENTED_EDGE('',*,*,#2066,.T.);
#2874=ORIENTED_EDGE('',*,*,#2067,.F.);
#2875=ORIENTED_EDGE('',*,*,#2001,.T.);
#2876=ORIENTED_EDGE('',*,*,#2068,.T.);
#2877=ORIENTED_EDGE('',*,*,#2069,.T.);
#2878=ORIENTED_EDGE('',*,*,#2070,.T.);
#2879=ORIENTED_EDGE('',*,*,#2071,.T.);
#2880=ORIENTED_EDGE('',*,*,#2072,.T.);
#2881=ORIENTED_EDGE('',*,*,#2073,.T.);
#2882=ORIENTED_EDGE('',*,*,#2069,.F.);
#2883=ORIENTED_EDGE('',*,*,#2074,.T.);
#2884=ORIENTED_EDGE('',*,*,#2075,.T.);
#2885=ORIENTED_EDGE('',*,*,#2076,.T.);
#2886=ORIENTED_EDGE('',*,*,#2072,.F.);
#2887=ORIENTED_EDGE('',*,*,#2077,.T.);
#2888=ORIENTED_EDGE('',*,*,#2078,.T.);
#2889=ORIENTED_EDGE('',*,*,#2079,.T.);
#2890=ORIENTED_EDGE('',*,*,#2075,.F.);
#2891=ORIENTED_EDGE('',*,*,#2080,.T.);
#2892=ORIENTED_EDGE('',*,*,#2081,.T.);
#2893=ORIENTED_EDGE('',*,*,#2082,.T.);
#2894=ORIENTED_EDGE('',*,*,#2078,.F.);
#2895=ORIENTED_EDGE('',*,*,#2083,.T.);
#2896=ORIENTED_EDGE('',*,*,#2081,.F.);
#2897=ORIENTED_EDGE('',*,*,#2084,.F.);
#2898=ORIENTED_EDGE('',*,*,#2066,.F.);
#2899=ORIENTED_EDGE('',*,*,#2085,.T.);
#2900=ORIENTED_EDGE('',*,*,#2064,.F.);
#2901=ORIENTED_EDGE('',*,*,#2086,.F.);
#2902=ORIENTED_EDGE('',*,*,#2087,.F.);
#2903=ORIENTED_EDGE('',*,*,#2088,.F.);
#2904=ORIENTED_EDGE('',*,*,#2059,.F.);
#2905=ORIENTED_EDGE('',*,*,#2089,.F.);
#2906=ORIENTED_EDGE('',*,*,#2086,.T.);
#2907=ORIENTED_EDGE('',*,*,#2083,.F.);
#2908=ORIENTED_EDGE('',*,*,#2090,.F.);
#2909=ORIENTED_EDGE('',*,*,#2091,.F.);
#2910=ORIENTED_EDGE('',*,*,#2080,.F.);
#2911=ORIENTED_EDGE('',*,*,#2092,.F.);
#2912=ORIENTED_EDGE('',*,*,#1994,.F.);
#2913=ORIENTED_EDGE('',*,*,#2093,.F.);
#2914=ORIENTED_EDGE('',*,*,#2094,.F.);
#2915=ORIENTED_EDGE('',*,*,#2090,.T.);
#2916=ORIENTED_EDGE('',*,*,#2077,.F.);
#2917=ORIENTED_EDGE('',*,*,#2095,.F.);
#2918=ORIENTED_EDGE('',*,*,#1995,.F.);
#2919=ORIENTED_EDGE('',*,*,#2092,.T.);
#2920=ORIENTED_EDGE('',*,*,#2074,.F.);
#2921=ORIENTED_EDGE('',*,*,#2096,.F.);
#2922=ORIENTED_EDGE('',*,*,#2097,.F.);
#2923=ORIENTED_EDGE('',*,*,#1996,.F.);
#2924=ORIENTED_EDGE('',*,*,#2095,.T.);
#2925=ORIENTED_EDGE('',*,*,#2068,.F.);
#2926=ORIENTED_EDGE('',*,*,#2000,.F.);
#2927=ORIENTED_EDGE('',*,*,#2098,.F.);
#2928=ORIENTED_EDGE('',*,*,#2099,.F.);
#2929=ORIENTED_EDGE('',*,*,#2096,.T.);
#2930=ORIENTED_EDGE('',*,*,#2100,.T.);
#2931=ORIENTED_EDGE('',*,*,#2101,.T.);
#2932=ORIENTED_EDGE('',*,*,#2102,.T.);
#2933=ORIENTED_EDGE('',*,*,#2103,.T.);
#2934=ORIENTED_EDGE('',*,*,#2104,.T.);
#2935=ORIENTED_EDGE('',*,*,#2105,.T.);
#2936=ORIENTED_EDGE('',*,*,#2102,.F.);
#2937=ORIENTED_EDGE('',*,*,#2106,.T.);
#2938=ORIENTED_EDGE('',*,*,#2107,.T.);
#2939=ORIENTED_EDGE('',*,*,#2108,.T.);
#2940=ORIENTED_EDGE('',*,*,#2104,.F.);
#2941=ORIENTED_EDGE('',*,*,#2109,.T.);
#2942=ORIENTED_EDGE('',*,*,#2110,.T.);
#2943=ORIENTED_EDGE('',*,*,#2111,.T.);
#2944=ORIENTED_EDGE('',*,*,#2107,.F.);
#2945=ORIENTED_EDGE('',*,*,#2112,.T.);
#2946=ORIENTED_EDGE('',*,*,#2113,.F.);
#2947=ORIENTED_EDGE('',*,*,#2114,.T.);
#2948=ORIENTED_EDGE('',*,*,#2110,.F.);
#2949=ORIENTED_EDGE('',*,*,#2115,.T.);
#2950=ORIENTED_EDGE('',*,*,#1937,.F.);
#2951=ORIENTED_EDGE('',*,*,#2100,.F.);
#2952=ORIENTED_EDGE('',*,*,#2116,.T.);
#2953=ORIENTED_EDGE('',*,*,#2117,.T.);
#2954=ORIENTED_EDGE('',*,*,#2118,.F.);
#2955=ORIENTED_EDGE('',*,*,#2119,.T.);
#2956=ORIENTED_EDGE('',*,*,#2120,.T.);
#2957=ORIENTED_EDGE('',*,*,#2121,.T.);
#2958=ORIENTED_EDGE('',*,*,#2122,.T.);
#2959=ORIENTED_EDGE('',*,*,#2123,.T.);
#2960=ORIENTED_EDGE('',*,*,#2124,.T.);
#2961=ORIENTED_EDGE('',*,*,#2119,.F.);
#2962=ORIENTED_EDGE('',*,*,#2125,.T.);
#2963=ORIENTED_EDGE('',*,*,#2123,.F.);
#2964=ORIENTED_EDGE('',*,*,#2126,.F.);
#2965=ORIENTED_EDGE('',*,*,#2117,.F.);
#2966=ORIENTED_EDGE('',*,*,#2127,.T.);
#2967=ORIENTED_EDGE('',*,*,#2115,.F.);
#2968=ORIENTED_EDGE('',*,*,#2128,.F.);
#2969=ORIENTED_EDGE('',*,*,#2129,.F.);
#2970=ORIENTED_EDGE('',*,*,#2130,.F.);
#2971=ORIENTED_EDGE('',*,*,#1938,.F.);
#2972=ORIENTED_EDGE('',*,*,#2112,.F.);
#2973=ORIENTED_EDGE('',*,*,#2131,.F.);
#2974=ORIENTED_EDGE('',*,*,#1942,.F.);
#2975=ORIENTED_EDGE('',*,*,#2132,.F.);
#2976=ORIENTED_EDGE('',*,*,#2128,.T.);
#2977=ORIENTED_EDGE('',*,*,#2109,.F.);
#2978=ORIENTED_EDGE('',*,*,#2133,.F.);
#2979=ORIENTED_EDGE('',*,*,#1943,.F.);
#2980=ORIENTED_EDGE('',*,*,#2131,.T.);
#2981=ORIENTED_EDGE('',*,*,#2106,.F.);
#2982=ORIENTED_EDGE('',*,*,#2134,.F.);
#2983=ORIENTED_EDGE('',*,*,#2135,.F.);
#2984=ORIENTED_EDGE('',*,*,#2136,.F.);
#2985=ORIENTED_EDGE('',*,*,#1944,.F.);
#2986=ORIENTED_EDGE('',*,*,#2133,.T.);
#2987=ORIENTED_EDGE('',*,*,#2101,.F.);
#2988=ORIENTED_EDGE('',*,*,#2137,.F.);
#2989=ORIENTED_EDGE('',*,*,#2134,.T.);
#2990=ORIENTED_EDGE('',*,*,#2125,.F.);
#2991=ORIENTED_EDGE('',*,*,#2138,.F.);
#2992=ORIENTED_EDGE('',*,*,#2139,.F.);
#2993=ORIENTED_EDGE('',*,*,#2122,.F.);
#2994=ORIENTED_EDGE('',*,*,#2140,.F.);
#2995=ORIENTED_EDGE('',*,*,#2141,.F.);
#2996=ORIENTED_EDGE('',*,*,#2138,.T.);
#2997=ORIENTED_EDGE('',*,*,#2063,.F.);
#2998=ORIENTED_EDGE('',*,*,#2142,.F.);
#2999=ORIENTED_EDGE('',*,*,#2070,.F.);
#3000=ORIENTED_EDGE('',*,*,#2073,.F.);
#3001=ORIENTED_EDGE('',*,*,#2076,.F.);
#3002=ORIENTED_EDGE('',*,*,#2079,.F.);
#3003=ORIENTED_EDGE('',*,*,#2082,.F.);
#3004=ORIENTED_EDGE('',*,*,#2085,.F.);
#3005=ORIENTED_EDGE('',*,*,#2065,.F.);
#3006=ORIENTED_EDGE('',*,*,#2061,.F.);
#3007=ORIENTED_EDGE('',*,*,#2054,.T.);
#3008=ORIENTED_EDGE('',*,*,#2098,.T.);
#3009=ORIENTED_EDGE('',*,*,#1999,.T.);
#3010=ORIENTED_EDGE('',*,*,#2143,.T.);
#3011=ORIENTED_EDGE('',*,*,#2144,.T.);
#3012=ORIENTED_EDGE('',*,*,#2142,.T.);
#3013=ORIENTED_EDGE('',*,*,#2062,.F.);
#3014=ORIENTED_EDGE('',*,*,#2088,.T.);
#3015=ORIENTED_EDGE('',*,*,#2145,.F.);
#3016=ORIENTED_EDGE('',*,*,#2140,.T.);
#3017=ORIENTED_EDGE('',*,*,#2121,.F.);
#3018=ORIENTED_EDGE('',*,*,#2146,.T.);
#3019=ORIENTED_EDGE('',*,*,#2113,.T.);
#3020=ORIENTED_EDGE('',*,*,#1936,.T.);
#3021=ORIENTED_EDGE('',*,*,#1935,.T.);
#3022=ORIENTED_EDGE('',*,*,#2041,.F.);
#3023=ORIENTED_EDGE('',*,*,#2022,.F.);
#3024=ORIENTED_EDGE('',*,*,#1927,.F.);
#3025=ORIENTED_EDGE('',*,*,#2147,.T.);
#3026=ORIENTED_EDGE('',*,*,#2148,.T.);
#3027=ORIENTED_EDGE('',*,*,#2149,.T.);
#3028=ORIENTED_EDGE('',*,*,#2150,.T.);
#3029=ORIENTED_EDGE('',*,*,#2003,.T.);
#3030=ORIENTED_EDGE('',*,*,#2002,.F.);
#3031=ORIENTED_EDGE('',*,*,#2071,.F.);
#3032=ORIENTED_EDGE('',*,*,#2087,.T.);
#3033=ORIENTED_EDGE('',*,*,#2089,.T.);
#3034=ORIENTED_EDGE('',*,*,#2067,.T.);
#3035=ORIENTED_EDGE('',*,*,#2084,.T.);
#3036=ORIENTED_EDGE('',*,*,#2091,.T.);
#3037=ORIENTED_EDGE('',*,*,#2094,.T.);
#3038=ORIENTED_EDGE('',*,*,#2151,.F.);
#3039=ORIENTED_EDGE('',*,*,#1914,.F.);
#3040=ORIENTED_EDGE('',*,*,#2152,.F.);
#3041=ORIENTED_EDGE('',*,*,#2135,.T.);
#3042=ORIENTED_EDGE('',*,*,#2137,.T.);
#3043=ORIENTED_EDGE('',*,*,#2118,.T.);
#3044=ORIENTED_EDGE('',*,*,#2126,.T.);
#3045=ORIENTED_EDGE('',*,*,#2139,.T.);
#3046=ORIENTED_EDGE('',*,*,#2141,.T.);
#3047=ORIENTED_EDGE('',*,*,#2145,.T.);
#3048=ORIENTED_EDGE('',*,*,#2093,.T.);
#3049=ORIENTED_EDGE('',*,*,#1993,.T.);
#3050=ORIENTED_EDGE('',*,*,#1904,.T.);
#3051=ORIENTED_EDGE('',*,*,#2151,.T.);
#3052=ORIENTED_EDGE('',*,*,#2114,.F.);
#3053=ORIENTED_EDGE('',*,*,#2146,.F.);
#3054=ORIENTED_EDGE('',*,*,#2120,.F.);
#3055=ORIENTED_EDGE('',*,*,#2124,.F.);
#3056=ORIENTED_EDGE('',*,*,#2127,.F.);
#3057=ORIENTED_EDGE('',*,*,#2116,.F.);
#3058=ORIENTED_EDGE('',*,*,#2103,.F.);
#3059=ORIENTED_EDGE('',*,*,#2105,.F.);
#3060=ORIENTED_EDGE('',*,*,#2108,.F.);
#3061=ORIENTED_EDGE('',*,*,#2111,.F.);
#3062=ORIENTED_EDGE('',*,*,#2057,.T.);
#3063=ORIENTED_EDGE('',*,*,#2130,.T.);
#3064=ORIENTED_EDGE('',*,*,#2153,.F.);
#3065=ORIENTED_EDGE('',*,*,#2154,.T.);
#3066=ORIENTED_EDGE('',*,*,#1939,.T.);
#3067=ORIENTED_EDGE('',*,*,#1930,.F.);
#3068=ORIENTED_EDGE('',*,*,#2047,.F.);
#3069=ORIENTED_EDGE('',*,*,#1920,.T.);
#3070=ORIENTED_EDGE('',*,*,#2155,.T.);
#3071=ORIENTED_EDGE('',*,*,#2147,.F.);
#3072=ORIENTED_EDGE('',*,*,#2129,.T.);
#3073=ORIENTED_EDGE('',*,*,#2132,.T.);
#3074=ORIENTED_EDGE('',*,*,#1941,.T.);
#3075=ORIENTED_EDGE('',*,*,#2156,.T.);
#3076=ORIENTED_EDGE('',*,*,#2153,.T.);
#3077=ORIENTED_EDGE('',*,*,#2157,.T.);
#3078=ORIENTED_EDGE('',*,*,#2158,.T.);
#3079=ORIENTED_EDGE('',*,*,#2159,.T.);
#3080=ORIENTED_EDGE('',*,*,#2160,.T.);
#3081=ORIENTED_EDGE('',*,*,#2161,.T.);
#3082=ORIENTED_EDGE('',*,*,#2162,.T.);
#3083=ORIENTED_EDGE('',*,*,#2157,.F.);
#3084=ORIENTED_EDGE('',*,*,#1918,.T.);
#3085=ORIENTED_EDGE('',*,*,#2163,.T.);
#3086=ORIENTED_EDGE('',*,*,#2164,.T.);
#3087=ORIENTED_EDGE('',*,*,#2161,.F.);
#3088=ORIENTED_EDGE('',*,*,#2165,.T.);
#3089=ORIENTED_EDGE('',*,*,#2163,.F.);
#3090=ORIENTED_EDGE('',*,*,#2166,.T.);
#3091=ORIENTED_EDGE('',*,*,#2158,.F.);
#3092=ORIENTED_EDGE('',*,*,#2167,.T.);
#3093=ORIENTED_EDGE('',*,*,#2160,.F.);
#3094=ORIENTED_EDGE('',*,*,#2168,.T.);
#3095=ORIENTED_EDGE('',*,*,#2159,.F.);
#3096=ORIENTED_EDGE('',*,*,#2169,.F.);
#3097=ORIENTED_EDGE('',*,*,#2148,.F.);
#3098=ORIENTED_EDGE('',*,*,#2155,.F.);
#3099=ORIENTED_EDGE('',*,*,#1919,.T.);
#3100=ORIENTED_EDGE('',*,*,#2168,.F.);
#3101=ORIENTED_EDGE('',*,*,#2170,.F.);
#3102=ORIENTED_EDGE('',*,*,#2149,.F.);
#3103=ORIENTED_EDGE('',*,*,#2169,.T.);
#3104=ORIENTED_EDGE('',*,*,#2162,.F.);
#3105=ORIENTED_EDGE('',*,*,#2171,.F.);
#3106=ORIENTED_EDGE('',*,*,#2004,.F.);
#3107=ORIENTED_EDGE('',*,*,#2150,.F.);
#3108=ORIENTED_EDGE('',*,*,#2170,.T.);
#3109=ORIENTED_EDGE('',*,*,#2164,.F.);
#3110=ORIENTED_EDGE('',*,*,#2165,.F.);
#3111=ORIENTED_EDGE('',*,*,#2167,.F.);
#3112=ORIENTED_EDGE('',*,*,#2166,.F.);
#3113=ORIENTED_EDGE('',*,*,#1926,.F.);
#3114=ORIENTED_EDGE('',*,*,#2051,.F.);
#3115=ORIENTED_EDGE('',*,*,#2005,.F.);
#3116=ORIENTED_EDGE('',*,*,#2171,.T.);
#3117=ORIENTED_EDGE('',*,*,#2172,.F.);
#3118=ORIENTED_EDGE('',*,*,#1902,.F.);
#3119=ORIENTED_EDGE('',*,*,#1947,.F.);
#3120=ORIENTED_EDGE('',*,*,#2173,.T.);
#3121=ORIENTED_EDGE('',*,*,#1991,.F.);
#3122=ORIENTED_EDGE('',*,*,#2050,.F.);
#3123=ORIENTED_EDGE('',*,*,#2174,.F.);
#3124=ORIENTED_EDGE('',*,*,#2175,.F.);
#3125=ORIENTED_EDGE('',*,*,#2176,.F.);
#3126=ORIENTED_EDGE('',*,*,#2175,.T.);
#3127=ORIENTED_EDGE('',*,*,#2177,.F.);
#3128=ORIENTED_EDGE('',*,*,#2178,.T.);
#3129=ORIENTED_EDGE('',*,*,#2154,.F.);
#3130=ORIENTED_EDGE('',*,*,#2156,.F.);
#3131=ORIENTED_EDGE('',*,*,#1940,.T.);
#3132=ORIENTED_EDGE('',*,*,#2143,.F.);
#3133=ORIENTED_EDGE('',*,*,#1998,.T.);
#3134=ORIENTED_EDGE('',*,*,#2179,.F.);
#3135=ORIENTED_EDGE('',*,*,#2099,.T.);
#3136=ORIENTED_EDGE('',*,*,#2144,.F.);
#3137=ORIENTED_EDGE('',*,*,#2179,.T.);
#3138=ORIENTED_EDGE('',*,*,#1997,.T.);
#3139=ORIENTED_EDGE('',*,*,#2097,.T.);
#3140=ORIENTED_EDGE('',*,*,#2136,.T.);
#3141=ORIENTED_EDGE('',*,*,#2152,.T.);
#3142=ORIENTED_EDGE('',*,*,#1913,.T.);
#3143=ORIENTED_EDGE('',*,*,#1945,.T.);
#3144=ORIENTED_EDGE('',*,*,#2178,.F.);
#3145=ORIENTED_EDGE('',*,*,#2177,.T.);
#3146=ORIENTED_EDGE('',*,*,#2174,.T.);
#3147=ORIENTED_EDGE('',*,*,#2049,.F.);
#3148=ORIENTED_EDGE('',*,*,#1898,.F.);
#3149=ORIENTED_EDGE('',*,*,#1903,.T.);
#3150=ORIENTED_EDGE('',*,*,#2172,.T.);
#3151=ORIENTED_EDGE('',*,*,#2176,.T.);
#3152=ORIENTED_EDGE('',*,*,#1911,.F.);
#3153=ORIENTED_EDGE('',*,*,#1992,.F.);
#3154=ORIENTED_EDGE('',*,*,#2173,.F.);
#3155=ORIENTED_EDGE('',*,*,#1946,.F.);
#3156=ORIENTED_EDGE('',*,*,#1878,.T.);
#3157=ORIENTED_EDGE('',*,*,#1907,.F.);
#3158=ORIENTED_EDGE('',*,*,#1909,.F.);
#3159=ORIENTED_EDGE('',*,*,#1880,.T.);
#3160=ORIENTED_EDGE('',*,*,#1888,.T.);
#3161=ORIENTED_EDGE('',*,*,#1955,.F.);
#3162=ORIENTED_EDGE('',*,*,#2180,.F.);
#3163=ORIENTED_EDGE('',*,*,#1954,.F.);
#3164=ORIENTED_EDGE('',*,*,#2181,.T.);
#3165=ORIENTED_EDGE('',*,*,#1952,.F.);
#3166=ORIENTED_EDGE('',*,*,#2180,.T.);
#3167=ORIENTED_EDGE('',*,*,#1953,.F.);
#3168=ORIENTED_EDGE('',*,*,#2181,.F.);
#3169=ORIENTED_EDGE('',*,*,#2017,.F.);
#3170=ORIENTED_EDGE('',*,*,#2182,.T.);
#3171=ORIENTED_EDGE('',*,*,#2015,.F.);
#3172=ORIENTED_EDGE('',*,*,#2183,.T.);
#3173=ORIENTED_EDGE('',*,*,#2016,.F.);
#3174=ORIENTED_EDGE('',*,*,#2183,.F.);
#3175=ORIENTED_EDGE('',*,*,#2018,.F.);
#3176=ORIENTED_EDGE('',*,*,#2182,.F.);
#3177=ORIENTED_EDGE('',*,*,#2184,.T.);
#3178=ORIENTED_EDGE('',*,*,#2185,.T.);
#3179=ORIENTED_EDGE('',*,*,#2186,.T.);
#3180=ORIENTED_EDGE('',*,*,#2185,.F.);
#3181=ORIENTED_EDGE('',*,*,#2187,.T.);
#3182=ORIENTED_EDGE('',*,*,#2012,.T.);
#3183=ORIENTED_EDGE('',*,*,#2188,.T.);
#3184=ORIENTED_EDGE('',*,*,#2184,.F.);
#3185=ORIENTED_EDGE('',*,*,#2189,.T.);
#3186=ORIENTED_EDGE('',*,*,#2014,.T.);
#3187=ORIENTED_EDGE('',*,*,#2190,.T.);
#3188=ORIENTED_EDGE('',*,*,#2187,.F.);
#3189=ORIENTED_EDGE('',*,*,#2190,.F.);
#3190=ORIENTED_EDGE('',*,*,#2013,.F.);
#3191=ORIENTED_EDGE('',*,*,#2191,.T.);
#3192=ORIENTED_EDGE('',*,*,#2192,.T.);
#3193=ORIENTED_EDGE('',*,*,#2193,.T.);
#3194=ORIENTED_EDGE('',*,*,#2192,.F.);
#3195=ORIENTED_EDGE('',*,*,#2194,.T.);
#3196=ORIENTED_EDGE('',*,*,#1972,.T.);
#3197=ORIENTED_EDGE('',*,*,#2195,.T.);
#3198=ORIENTED_EDGE('',*,*,#2191,.F.);
#3199=ORIENTED_EDGE('',*,*,#2196,.T.);
#3200=ORIENTED_EDGE('',*,*,#1959,.T.);
#3201=ORIENTED_EDGE('',*,*,#2197,.T.);
#3202=ORIENTED_EDGE('',*,*,#2194,.F.);
#3203=ORIENTED_EDGE('',*,*,#2197,.F.);
#3204=ORIENTED_EDGE('',*,*,#1958,.F.);
#3205=ORIENTED_EDGE('',*,*,#1957,.F.);
#3206=ORIENTED_EDGE('',*,*,#1956,.F.);
#3207=ORIENTED_EDGE('',*,*,#2198,.T.);
#3208=ORIENTED_EDGE('',*,*,#2199,.T.);
#3209=ORIENTED_EDGE('',*,*,#2200,.T.);
#3210=ORIENTED_EDGE('',*,*,#2186,.F.);
#3211=ORIENTED_EDGE('',*,*,#2201,.T.);
#3212=ORIENTED_EDGE('',*,*,#2198,.F.);
#3213=ORIENTED_EDGE('',*,*,#2202,.T.);
#3214=ORIENTED_EDGE('',*,*,#2203,.T.);
#3215=ORIENTED_EDGE('',*,*,#2204,.T.);
#3216=ORIENTED_EDGE('',*,*,#2205,.T.);
#3217=ORIENTED_EDGE('',*,*,#2206,.F.);
#3218=ORIENTED_EDGE('',*,*,#2207,.T.);
#3219=ORIENTED_EDGE('',*,*,#2203,.F.);
#3220=ORIENTED_EDGE('',*,*,#2208,.T.);
#3221=ORIENTED_EDGE('',*,*,#2206,.T.);
#3222=ORIENTED_EDGE('',*,*,#2209,.T.);
#3223=ORIENTED_EDGE('',*,*,#2210,.T.);
#3224=ORIENTED_EDGE('',*,*,#2211,.F.);
#3225=ORIENTED_EDGE('',*,*,#2208,.F.);
#3226=ORIENTED_EDGE('',*,*,#2212,.F.);
#3227=ORIENTED_EDGE('',*,*,#2213,.F.);
#3228=ORIENTED_EDGE('',*,*,#2209,.F.);
#3229=ORIENTED_EDGE('',*,*,#2189,.F.);
#3230=ORIENTED_EDGE('',*,*,#2202,.F.);
#3231=ORIENTED_EDGE('',*,*,#2214,.F.);
#3232=ORIENTED_EDGE('',*,*,#2007,.F.);
#3233=ORIENTED_EDGE('',*,*,#2200,.F.);
#3234=ORIENTED_EDGE('',*,*,#2215,.F.);
#3235=ORIENTED_EDGE('',*,*,#2008,.T.);
#3236=ORIENTED_EDGE('',*,*,#2214,.T.);
#3237=ORIENTED_EDGE('',*,*,#2205,.F.);
#3238=ORIENTED_EDGE('',*,*,#2216,.F.);
#3239=ORIENTED_EDGE('',*,*,#2217,.T.);
#3240=ORIENTED_EDGE('',*,*,#2218,.T.);
#3241=ORIENTED_EDGE('',*,*,#2212,.T.);
#3242=ORIENTED_EDGE('',*,*,#2199,.F.);
#3243=ORIENTED_EDGE('',*,*,#2219,.T.);
#3244=ORIENTED_EDGE('',*,*,#2010,.T.);
#3245=ORIENTED_EDGE('',*,*,#2216,.T.);
#3246=ORIENTED_EDGE('',*,*,#2220,.T.);
#3247=ORIENTED_EDGE('',*,*,#2221,.T.);
#3248=ORIENTED_EDGE('',*,*,#2222,.T.);
#3249=ORIENTED_EDGE('',*,*,#2193,.F.);
#3250=ORIENTED_EDGE('',*,*,#2223,.T.);
#3251=ORIENTED_EDGE('',*,*,#2220,.F.);
#3252=ORIENTED_EDGE('',*,*,#2224,.T.);
#3253=ORIENTED_EDGE('',*,*,#2225,.T.);
#3254=ORIENTED_EDGE('',*,*,#2226,.T.);
#3255=ORIENTED_EDGE('',*,*,#2227,.T.);
#3256=ORIENTED_EDGE('',*,*,#2228,.F.);
#3257=ORIENTED_EDGE('',*,*,#2229,.T.);
#3258=ORIENTED_EDGE('',*,*,#2225,.F.);
#3259=ORIENTED_EDGE('',*,*,#2230,.T.);
#3260=ORIENTED_EDGE('',*,*,#2228,.T.);
#3261=ORIENTED_EDGE('',*,*,#2231,.F.);
#3262=ORIENTED_EDGE('',*,*,#2232,.F.);
#3263=ORIENTED_EDGE('',*,*,#1966,.F.);
#3264=ORIENTED_EDGE('',*,*,#2233,.F.);
#3265=ORIENTED_EDGE('',*,*,#2234,.F.);
#3266=ORIENTED_EDGE('',*,*,#2230,.F.);
#3267=ORIENTED_EDGE('',*,*,#2235,.F.);
#3268=ORIENTED_EDGE('',*,*,#2236,.F.);
#3269=ORIENTED_EDGE('',*,*,#2231,.T.);
#3270=ORIENTED_EDGE('',*,*,#2196,.F.);
#3271=ORIENTED_EDGE('',*,*,#2224,.F.);
#3272=ORIENTED_EDGE('',*,*,#2237,.F.);
#3273=ORIENTED_EDGE('',*,*,#1960,.F.);
#3274=ORIENTED_EDGE('',*,*,#2222,.F.);
#3275=ORIENTED_EDGE('',*,*,#2238,.T.);
#3276=ORIENTED_EDGE('',*,*,#1961,.T.);
#3277=ORIENTED_EDGE('',*,*,#2237,.T.);
#3278=ORIENTED_EDGE('',*,*,#2227,.F.);
#3279=ORIENTED_EDGE('',*,*,#2239,.T.);
#3280=ORIENTED_EDGE('',*,*,#2240,.T.);
#3281=ORIENTED_EDGE('',*,*,#2241,.T.);
#3282=ORIENTED_EDGE('',*,*,#2235,.T.);
#3283=ORIENTED_EDGE('',*,*,#2221,.F.);
#3284=ORIENTED_EDGE('',*,*,#2242,.T.);
#3285=ORIENTED_EDGE('',*,*,#1970,.T.);
#3286=ORIENTED_EDGE('',*,*,#2239,.F.);
#3287=ORIENTED_EDGE('',*,*,#2188,.F.);
#3288=ORIENTED_EDGE('',*,*,#2011,.F.);
#3289=ORIENTED_EDGE('',*,*,#2219,.F.);
#3290=ORIENTED_EDGE('',*,*,#2201,.F.);
#3291=ORIENTED_EDGE('',*,*,#2195,.F.);
#3292=ORIENTED_EDGE('',*,*,#1971,.F.);
#3293=ORIENTED_EDGE('',*,*,#2242,.F.);
#3294=ORIENTED_EDGE('',*,*,#2223,.F.);
#3295=ORIENTED_EDGE('',*,*,#2243,.T.);
#3296=ORIENTED_EDGE('',*,*,#2244,.T.);
#3297=ORIENTED_EDGE('',*,*,#2217,.F.);
#3298=ORIENTED_EDGE('',*,*,#2009,.F.);
#3299=ORIENTED_EDGE('',*,*,#2204,.F.);
#3300=ORIENTED_EDGE('',*,*,#2245,.T.);
#3301=ORIENTED_EDGE('',*,*,#2246,.T.);
#3302=ORIENTED_EDGE('',*,*,#2243,.F.);
#3303=ORIENTED_EDGE('',*,*,#2215,.T.);
#3304=ORIENTED_EDGE('',*,*,#2207,.F.);
#3305=ORIENTED_EDGE('',*,*,#2211,.T.);
#3306=ORIENTED_EDGE('',*,*,#2247,.T.);
#3307=ORIENTED_EDGE('',*,*,#2245,.F.);
#3308=ORIENTED_EDGE('',*,*,#1968,.F.);
#3309=ORIENTED_EDGE('',*,*,#2248,.T.);
#3310=ORIENTED_EDGE('',*,*,#2240,.F.);
#3311=ORIENTED_EDGE('',*,*,#1969,.F.);
#3312=ORIENTED_EDGE('',*,*,#2249,.T.);
#3313=ORIENTED_EDGE('',*,*,#1962,.F.);
#3314=ORIENTED_EDGE('',*,*,#2250,.T.);
#3315=ORIENTED_EDGE('',*,*,#2251,.T.);
#3316=ORIENTED_EDGE('',*,*,#2249,.F.);
#3317=ORIENTED_EDGE('',*,*,#1964,.F.);
#3318=ORIENTED_EDGE('',*,*,#1963,.F.);
#3319=ORIENTED_EDGE('',*,*,#2251,.F.);
#3320=ORIENTED_EDGE('',*,*,#2252,.F.);
#3321=ORIENTED_EDGE('',*,*,#2253,.F.);
#3322=ORIENTED_EDGE('',*,*,#2233,.T.);
#3323=ORIENTED_EDGE('',*,*,#1965,.F.);
#3324=ORIENTED_EDGE('',*,*,#2226,.F.);
#3325=ORIENTED_EDGE('',*,*,#2254,.T.);
#3326=ORIENTED_EDGE('',*,*,#2252,.T.);
#3327=ORIENTED_EDGE('',*,*,#2250,.F.);
#3328=ORIENTED_EDGE('',*,*,#2238,.F.);
#3329=ORIENTED_EDGE('',*,*,#2229,.F.);
#3330=ORIENTED_EDGE('',*,*,#2234,.T.);
#3331=ORIENTED_EDGE('',*,*,#2253,.T.);
#3332=ORIENTED_EDGE('',*,*,#2254,.F.);
#3333=ORIENTED_EDGE('',*,*,#2244,.F.);
#3334=ORIENTED_EDGE('',*,*,#2246,.F.);
#3335=ORIENTED_EDGE('',*,*,#2247,.F.);
#3336=ORIENTED_EDGE('',*,*,#2210,.F.);
#3337=ORIENTED_EDGE('',*,*,#2213,.T.);
#3338=ORIENTED_EDGE('',*,*,#2218,.F.);
#3339=ORIENTED_EDGE('',*,*,#2248,.F.);
#3340=ORIENTED_EDGE('',*,*,#1967,.F.);
#3341=ORIENTED_EDGE('',*,*,#2232,.T.);
#3342=ORIENTED_EDGE('',*,*,#2236,.T.);
#3343=ORIENTED_EDGE('',*,*,#2241,.F.);
#3344=ORIENTED_EDGE('',*,*,#2255,.T.);
#3345=ORIENTED_EDGE('',*,*,#2256,.F.);
#3346=ORIENTED_EDGE('',*,*,#2257,.T.);
#3347=ORIENTED_EDGE('',*,*,#2256,.T.);
#3348=ORIENTED_EDGE('',*,*,#2257,.F.);
#3349=ORIENTED_EDGE('',*,*,#2255,.F.);
#3350=TOROIDAL_SURFACE('',#3636,114.255301913932,2.);
#3351=TOROIDAL_SURFACE('',#3641,120.848766714606,2.);
#3352=TOROIDAL_SURFACE('',#3649,82.5370647972009,2.);
#3353=TOROIDAL_SURFACE('',#3656,115.294418429636,2.);
#3354=TOROIDAL_SURFACE('',#3658,110.005301913932,2.);
#3355=TOROIDAL_SURFACE('',#3671,8.66652987778537,2.);
#3356=TOROIDAL_SURFACE('',#3674,78.2870647972009,2.);
#3357=TOROIDAL_SURFACE('',#3677,55.8202551148916,2.);
#3358=TOROIDAL_SURFACE('',#3686,116.598766619693,2.);
#3359=TOROIDAL_SURFACE('',#3693,60.0702551148915,2.);
#3360=TOROIDAL_SURFACE('',#3702,45.4198729810778,5.);
#3361=TOROIDAL_SURFACE('',#3785,8.56243699433595,5.);
#3362=TOROIDAL_SURFACE('',#3790,8.56243699433595,5.);
#3363=TOROIDAL_SURFACE('',#3811,4.69999999999994,2.3);
#3364=TOROIDAL_SURFACE('',#3816,25.0998252373895,2.3);
#3365=TOROIDAL_SURFACE('',#3820,25.0998252373895,2.3);
#3366=TOROIDAL_SURFACE('',#3824,4.69999999999998,2.3);
#3367=TOROIDAL_SURFACE('',#3828,31.2051211164802,2.3);
#3368=TOROIDAL_SURFACE('',#3832,4.69999999999996,2.3);
#3369=TOROIDAL_SURFACE('',#3836,29.4478308062457,2.3);
#3370=TOROIDAL_SURFACE('',#3847,29.4478308062457,2.3);
#3371=TOROIDAL_SURFACE('',#3852,4.69999999999995,2.3);
#3372=TOROIDAL_SURFACE('',#3856,31.2051211164802,2.3);
#3373=TOROIDAL_SURFACE('',#3860,4.69999999999998,2.3);
#3374=TOROIDAL_SURFACE('',#3864,25.0998252373896,2.3);
#3375=TOROIDAL_SURFACE('',#3868,25.0998252373896,2.3);
#3376=TOROIDAL_SURFACE('',#3872,4.69999999999994,2.3);
#3377=TOROIDAL_SURFACE('',#3891,11.9569085489085,3.5);
#3378=TOROIDAL_SURFACE('',#3894,11.5993116817598,3.5);
#3379=TOROIDAL_SURFACE('',#3897,19.3035088417815,3.5);
#3380=TOROIDAL_SURFACE('',#3920,51.9356407983774,5.);
#3381=TOROIDAL_SURFACE('',#3925,51.9356407983774,5.);
#3382=TOROIDAL_SURFACE('',#3940,54.9356407983774,2.);
#3383=TOROIDAL_SURFACE('',#3956,54.9356407983774,3.);
#3384=TOROIDAL_SURFACE('',#3958,54.9356407983774,2.);
#3385=TOROIDAL_SURFACE('',#3962,54.9356407983774,3.);
#3386=ADVANCED_FACE('',(#523),#3350,.T.);
#3387=ADVANCED_FACE('',(#524),#485,.F.);
#3388=ADVANCED_FACE('',(#525),#486,.F.);
#3389=ADVANCED_FACE('',(#526),#487,.F.);
#3390=ADVANCED_FACE('',(#527),#3351,.T.);
#3391=ADVANCED_FACE('',(#528),#398,.F.);
#3392=ADVANCED_FACE('',(#529),#102,.T.);
#3393=ADVANCED_FACE('',(#530),#399,.F.);
#3394=ADVANCED_FACE('',(#531),#3352,.T.);
#3395=ADVANCED_FACE('',(#532),#400,.T.);
#3396=ADVANCED_FACE('',(#533),#43,.T.);
#3397=ADVANCED_FACE('',(#534),#401,.T.);
#3398=ADVANCED_FACE('',(#535),#488,.F.);
#3399=ADVANCED_FACE('',(#536),#3353,.T.);
#3400=ADVANCED_FACE('',(#537),#489,.F.);
#3401=ADVANCED_FACE('',(#538),#3354,.T.);
#3402=ADVANCED_FACE('',(#539),#402,.T.);
#3403=ADVANCED_FACE('',(#540),#44,.T.);
#3404=ADVANCED_FACE('',(#541),#45,.T.);
#3405=ADVANCED_FACE('',(#542),#103,.T.);
#3406=ADVANCED_FACE('',(#543),#46,.T.);
#3407=ADVANCED_FACE('',(#544),#490,.F.);
#3408=ADVANCED_FACE('',(#545),#491,.T.);
#3409=ADVANCED_FACE('',(#546),#47,.T.);
#3410=ADVANCED_FACE('',(#547),#492,.F.);
#3411=ADVANCED_FACE('',(#548),#403,.T.);
#3412=ADVANCED_FACE('',(#549),#3355,.T.);
#3413=ADVANCED_FACE('',(#550),#3356,.T.);
#3414=ADVANCED_FACE('',(#551),#3357,.T.);
#3415=ADVANCED_FACE('',(#552),#104,.T.);
#3416=ADVANCED_FACE('',(#553),#404,.T.);
#3417=ADVANCED_FACE('',(#554),#48,.T.);
#3418=ADVANCED_FACE('',(#555),#49,.T.);
#3419=ADVANCED_FACE('',(#556),#493,.F.);
#3420=ADVANCED_FACE('',(#557),#405,.T.);
#3421=ADVANCED_FACE('',(#558),#3358,.T.);
#3422=ADVANCED_FACE('',(#559),#406,.T.);
#3423=ADVANCED_FACE('',(#560),#105,.T.);
#3424=ADVANCED_FACE('',(#561),#50,.T.);
#3425=ADVANCED_FACE('',(#562),#494,.F.);
#3426=ADVANCED_FACE('',(#563),#3359,.T.);
#3427=ADVANCED_FACE('',(#564),#407,.T.);
#3428=ADVANCED_FACE('',(#565),#408,.T.);
#3429=ADVANCED_FACE('',(#566),#51,.T.);
#3430=ADVANCED_FACE('',(#567),#106,.T.);
#3431=ADVANCED_FACE('',(#568),#52,.T.);
#3432=ADVANCED_FACE('',(#569),#3360,.T.);
#3433=ADVANCED_FACE('',(#570),#53,.T.);
#3434=ADVANCED_FACE('',(#571),#409,.T.);
#3435=ADVANCED_FACE('',(#572),#54,.T.);
#3436=ADVANCED_FACE('',(#573),#55,.T.);
#3437=ADVANCED_FACE('',(#574),#56,.T.);
#3438=ADVANCED_FACE('',(#575),#410,.T.);
#3439=ADVANCED_FACE('',(#576),#411,.F.);
#3440=ADVANCED_FACE('',(#577),#107,.T.);
#3441=ADVANCED_FACE('',(#578),#57,.T.);
#3442=ADVANCED_FACE('',(#579),#58,.T.);
#3443=ADVANCED_FACE('',(#580),#412,.T.);
#3444=ADVANCED_FACE('',(#581),#413,.T.);
#3445=ADVANCED_FACE('',(#582),#59,.T.);
#3446=ADVANCED_FACE('',(#583),#414,.F.);
#3447=ADVANCED_FACE('',(#584),#60,.T.);
#3448=ADVANCED_FACE('',(#585),#61,.T.);
#3449=ADVANCED_FACE('',(#586),#415,.T.);
#3450=ADVANCED_FACE('',(#587),#62,.T.);
#3451=ADVANCED_FACE('',(#588),#416,.T.);
#3452=ADVANCED_FACE('',(#589),#417,.T.);
#3453=ADVANCED_FACE('',(#590),#418,.T.);
#3454=ADVANCED_FACE('',(#591),#419,.T.);
#3455=ADVANCED_FACE('',(#592,#29,#30,#31,#32,#33,#34,#35),#63,.T.);
#3456=ADVANCED_FACE('',(#593,#36),#64,.F.);
#3457=ADVANCED_FACE('',(#594),#108,.T.);
#3458=ADVANCED_FACE('',(#595),#65,.F.);
#3459=ADVANCED_FACE('',(#596),#66,.F.);
#3460=ADVANCED_FACE('',(#597),#67,.F.);
#3461=ADVANCED_FACE('',(#598),#420,.T.);
#3462=ADVANCED_FACE('',(#599),#421,.T.);
#3463=ADVANCED_FACE('',(#600),#422,.T.);
#3464=ADVANCED_FACE('',(#601),#495,.F.);
#3465=ADVANCED_FACE('',(#602),#423,.F.);
#3466=ADVANCED_FACE('',(#603),#424,.T.);
#3467=ADVANCED_FACE('',(#604),#425,.T.);
#3468=ADVANCED_FACE('',(#605),#496,.T.);
#3469=ADVANCED_FACE('',(#606),#497,.T.);
#3470=ADVANCED_FACE('',(#607,#37,#38),#109,.F.);
#3471=ADVANCED_FACE('',(#608),#426,.F.);
#3472=ADVANCED_FACE('',(#609),#498,.T.);
#3473=ADVANCED_FACE('',(#610),#499,.T.);
#3474=ADVANCED_FACE('',(#611,#39,#40),#110,.F.);
#3475=ADVANCED_FACE('',(#612),#68,.F.);
#3476=ADVANCED_FACE('',(#613),#3361,.T.);
#3477=ADVANCED_FACE('',(#614),#111,.T.);
#3478=ADVANCED_FACE('',(#615),#427,.T.);
#3479=ADVANCED_FACE('',(#616),#428,.T.);
#3480=ADVANCED_FACE('',(#617),#3362,.T.);
#3481=ADVANCED_FACE('',(#618),#112,.T.);
#3482=ADVANCED_FACE('',(#619),#429,.T.);
#3483=ADVANCED_FACE('',(#620),#430,.T.);
#3484=ADVANCED_FACE('',(#621),#431,.T.);
#3485=ADVANCED_FACE('',(#622),#432,.T.);
#3486=ADVANCED_FACE('',(#623),#433,.T.);
#3487=ADVANCED_FACE('',(#624),#434,.T.);
#3488=ADVANCED_FACE('',(#625),#69,.T.);
#3489=ADVANCED_FACE('',(#626),#500,.F.);
#3490=ADVANCED_FACE('',(#627),#435,.T.);
#3491=ADVANCED_FACE('',(#628),#436,.T.);
#3492=ADVANCED_FACE('',(#629),#501,.F.);
#3493=ADVANCED_FACE('',(#630),#502,.F.);
#3494=ADVANCED_FACE('',(#631),#113,.T.);
#3495=ADVANCED_FACE('',(#632),#70,.T.);
#3496=ADVANCED_FACE('',(#633),#114,.T.);
#3497=ADVANCED_FACE('',(#634),#71,.T.);
#3498=ADVANCED_FACE('',(#635),#3363,.T.);
#3499=ADVANCED_FACE('',(#636),#3364,.T.);
#3500=ADVANCED_FACE('',(#637),#503,.F.);
#3501=ADVANCED_FACE('',(#638),#3365,.T.);
#3502=ADVANCED_FACE('',(#639),#3366,.T.);
#3503=ADVANCED_FACE('',(#640),#3367,.T.);
#3504=ADVANCED_FACE('',(#641),#3368,.T.);
#3505=ADVANCED_FACE('',(#642),#3369,.T.);
#3506=ADVANCED_FACE('',(#643),#504,.F.);
#3507=ADVANCED_FACE('',(#644),#437,.T.);
#3508=ADVANCED_FACE('',(#645),#438,.T.);
#3509=ADVANCED_FACE('',(#646),#439,.T.);
#3510=ADVANCED_FACE('',(#647),#440,.T.);
#3511=ADVANCED_FACE('',(#648),#441,.T.);
#3512=ADVANCED_FACE('',(#649),#442,.T.);
#3513=ADVANCED_FACE('',(#650),#443,.T.);
#3514=ADVANCED_FACE('',(#651),#3370,.T.);
#3515=ADVANCED_FACE('',(#652),#3371,.T.);
#3516=ADVANCED_FACE('',(#653),#3372,.T.);
#3517=ADVANCED_FACE('',(#654),#3373,.T.);
#3518=ADVANCED_FACE('',(#655),#3374,.T.);
#3519=ADVANCED_FACE('',(#656),#505,.F.);
#3520=ADVANCED_FACE('',(#657),#3375,.T.);
#3521=ADVANCED_FACE('',(#658),#3376,.T.);
#3522=ADVANCED_FACE('',(#659),#506,.F.);
#3523=ADVANCED_FACE('',(#660),#444,.T.);
#3524=ADVANCED_FACE('',(#661),#445,.T.);
#3525=ADVANCED_FACE('',(#662),#446,.T.);
#3526=ADVANCED_FACE('',(#663),#447,.T.);
#3527=ADVANCED_FACE('',(#664),#448,.T.);
#3528=ADVANCED_FACE('',(#665),#449,.T.);
#3529=ADVANCED_FACE('',(#666),#450,.T.);
#3530=ADVANCED_FACE('',(#667,#41),#72,.F.);
#3531=ADVANCED_FACE('',(#668),#451,.T.);
#3532=ADVANCED_FACE('',(#669),#452,.T.);
#3533=ADVANCED_FACE('',(#670),#453,.T.);
#3534=ADVANCED_FACE('',(#671),#507,.F.);
#3535=ADVANCED_FACE('',(#672,#42),#73,.F.);
#3536=ADVANCED_FACE('',(#673),#454,.T.);
#3537=ADVANCED_FACE('',(#674),#115,.F.);
#3538=ADVANCED_FACE('',(#675),#508,.F.);
#3539=ADVANCED_FACE('',(#676),#509,.F.);
#3540=ADVANCED_FACE('',(#677),#510,.F.);
#3541=ADVANCED_FACE('',(#678),#3377,.T.);
#3542=ADVANCED_FACE('',(#679),#3378,.T.);
#3543=ADVANCED_FACE('',(#680),#3379,.T.);
#3544=ADVANCED_FACE('',(#681),#455,.T.);
#3545=ADVANCED_FACE('',(#682),#456,.T.);
#3546=ADVANCED_FACE('',(#683),#457,.T.);
#3547=ADVANCED_FACE('',(#684),#74,.F.);
#3548=ADVANCED_FACE('',(#685),#458,.T.);
#3549=ADVANCED_FACE('',(#686),#75,.T.);
#3550=ADVANCED_FACE('',(#687),#116,.F.);
#3551=ADVANCED_FACE('',(#688),#459,.T.);
#3552=ADVANCED_FACE('',(#689),#460,.T.);
#3553=ADVANCED_FACE('',(#690),#511,.F.);
#3554=ADVANCED_FACE('',(#691),#512,.F.);
#3555=ADVANCED_FACE('',(#692),#461,.F.);
#3556=ADVANCED_FACE('',(#693),#462,.T.);
#3557=ADVANCED_FACE('',(#694),#76,.T.);
#3558=ADVANCED_FACE('',(#695),#463,.T.);
#3559=ADVANCED_FACE('',(#696),#464,.T.);
#3560=ADVANCED_FACE('',(#697),#465,.F.);
#3561=ADVANCED_FACE('',(#698),#466,.T.);
#3562=ADVANCED_FACE('',(#699),#467,.F.);
#3563=ADVANCED_FACE('',(#700),#468,.T.);
#3564=ADVANCED_FACE('',(#701),#513,.F.);
#3565=ADVANCED_FACE('',(#702),#469,.T.);
#3566=ADVANCED_FACE('',(#703),#3380,.T.);
#3567=ADVANCED_FACE('',(#704),#77,.T.);
#3568=ADVANCED_FACE('',(#705),#514,.F.);
#3569=ADVANCED_FACE('',(#706),#3381,.T.);
#3570=ADVANCED_FACE('',(#707),#470,.T.);
#3571=ADVANCED_FACE('',(#708),#78,.T.);
#3572=ADVANCED_FACE('',(#709),#515,.F.);
#3573=ADVANCED_FACE('',(#710),#471,.T.);
#3574=ADVANCED_FACE('',(#711),#516,.T.);
#3575=ADVANCED_FACE('',(#712),#472,.F.);
#3576=ADVANCED_FACE('',(#713),#79,.F.);
#3577=ADVANCED_FACE('',(#714),#80,.T.);
#3578=ADVANCED_FACE('',(#715),#473,.T.);
#3579=ADVANCED_FACE('',(#716),#3382,.T.);
#3580=ADVANCED_FACE('',(#717),#474,.T.);
#3581=ADVANCED_FACE('',(#718),#475,.T.);
#3582=ADVANCED_FACE('',(#719),#517,.F.);
#3583=ADVANCED_FACE('',(#720),#476,.T.);
#3584=ADVANCED_FACE('',(#721),#518,.T.);
#3585=ADVANCED_FACE('',(#722),#477,.F.);
#3586=ADVANCED_FACE('',(#723),#81,.F.);
#3587=ADVANCED_FACE('',(#724),#478,.F.);
#3588=ADVANCED_FACE('',(#725),#82,.T.);
#3589=ADVANCED_FACE('',(#726),#479,.T.);
#3590=ADVANCED_FACE('',(#727),#3383,.T.);
#3591=ADVANCED_FACE('',(#728),#3384,.T.);
#3592=ADVANCED_FACE('',(#729),#83,.T.);
#3593=ADVANCED_FACE('',(#730),#480,.T.);
#3594=ADVANCED_FACE('',(#731),#519,.F.);
#3595=ADVANCED_FACE('',(#732),#3385,.T.);
#3596=ADVANCED_FACE('',(#733),#481,.F.);
#3597=ADVANCED_FACE('',(#734),#520,.F.);
#3598=ADVANCED_FACE('',(#735),#521,.F.);
#3599=ADVANCED_FACE('',(#736),#522,.F.);
#3600=ADVANCED_FACE('',(#737),#84,.T.);
#3601=ADVANCED_FACE('',(#738),#482,.T.);
#3602=ADVANCED_FACE('',(#739),#85,.T.);
#3603=ADVANCED_FACE('',(#740),#86,.T.);
#3604=ADVANCED_FACE('',(#741),#87,.T.);
#3605=ADVANCED_FACE('',(#742),#483,.F.);
#3606=ADVANCED_FACE('',(#743),#117,.F.);
#3607=ADVANCED_FACE('',(#744),#484,.F.);
#3608=CLOSED_SHELL('',(#3386,#3387,#3388,#3389,#3390,#3391,#3392,#3393,
#3394,#3395,#3396,#3397,#3398,#3399,#3400,#3401,#3402,#3403,#3404,#3405,
#3406,#3407,#3408,#3409,#3410,#3411,#3412,#3413,#3414,#3415,#3416,#3417,
#3418,#3419,#3420,#3421,#3422,#3423,#3424,#3425,#3426,#3427,#3428,#3429,
#3430,#3431,#3432,#3433,#3434,#3435,#3436,#3437,#3438,#3439,#3440,#3441,
#3442,#3443,#3444,#3445,#3446,#3447,#3448,#3449,#3450,#3451,#3452,#3453,
#3454,#3455,#3456));
#3609=CLOSED_SHELL('',(#3457,#3458,#3459,#3460,#3461,#3462,#3463,#3464,
#3465,#3466,#3467,#3468,#3469,#3470,#3471,#3472,#3473,#3474,#3475,#3476,
#3477,#3478,#3479,#3480,#3481,#3482,#3483,#3484,#3485,#3486,#3487,#3488,
#3489,#3490,#3491,#3492,#3493,#3494,#3495,#3496,#3497,#3498,#3499,#3500,
#3501,#3502,#3503,#3504,#3505,#3506,#3507,#3508,#3509,#3510,#3511,#3512,
#3513,#3514,#3515,#3516,#3517,#3518,#3519,#3520,#3521,#3522,#3523,#3524,
#3525,#3526,#3527,#3528,#3529,#3530,#3531,#3532,#3533,#3534,#3535,#3536,
#3537,#3538,#3539,#3540,#3541,#3542,#3543,#3544,#3545,#3546,#3547,#3548,
#3549,#3550,#3551,#3552,#3553,#3554,#3555,#3556,#3557,#3558,#3559,#3560,
#3561,#3562,#3563,#3564,#3565,#3566,#3567,#3568,#3569,#3570,#3571,#3572,
#3573,#3574,#3575,#3576,#3577,#3578,#3579,#3580,#3581,#3582,#3583,#3584,
#3585,#3586,#3587,#3588,#3589,#3590,#3591,#3592,#3593,#3594,#3595,#3596,
#3597,#3598,#3599,#3600,#3601,#3602,#3603,#3604));
#3610=CLOSED_SHELL('',(#3605,#3606,#3607));
#3611=DERIVED_UNIT_ELEMENT(#3615,1.);
#3612=DERIVED_UNIT_ELEMENT(#9441,-3.);
#3613=DERIVED_UNIT_ELEMENT(#3615,1.);
#3614=DERIVED_UNIT_ELEMENT(#9441,-3.);
#3615=(
MASS_UNIT()
NAMED_UNIT(*)
SI_UNIT(.KILO.,.GRAM.)
);
#3616=DERIVED_UNIT((#3611,#3612));
#3617=DERIVED_UNIT((#3613,#3614));
#3618=MEASURE_REPRESENTATION_ITEM('density measure',
POSITIVE_RATIO_MEASURE(7850.),#3616);
#3619=MEASURE_REPRESENTATION_ITEM('density measure',
POSITIVE_RATIO_MEASURE(7850.),#3617);
#3620=PROPERTY_DEFINITION_REPRESENTATION(#3630,#3624);
#3621=PROPERTY_DEFINITION_REPRESENTATION(#3631,#3625);
#3622=PROPERTY_DEFINITION_REPRESENTATION(#3632,#3626);
#3623=PROPERTY_DEFINITION_REPRESENTATION(#3633,#3627);
#3624=REPRESENTATION('material name',(#3628),#9437);
#3625=REPRESENTATION('density',(#3618),#9437);
#3626=REPRESENTATION('material name',(#3629),#9438);
#3627=REPRESENTATION('density',(#3619),#9438);
#3628=DESCRIPTIVE_REPRESENTATION_ITEM('Steel','Steel');
#3629=DESCRIPTIVE_REPRESENTATION_ITEM('Steel','Steel');
#3630=PROPERTY_DEFINITION('material property','material name',#9457);
#3631=PROPERTY_DEFINITION('material property','density of part',#9457);
#3632=PROPERTY_DEFINITION('material property','material name',#9458);
#3633=PROPERTY_DEFINITION('material property','density of part',#9458);
#3634=AXIS2_PLACEMENT_3D('',#4803,#3977,#3978);
#3635=AXIS2_PLACEMENT_3D('',#4804,#3979,#3980);
#3636=AXIS2_PLACEMENT_3D('',#4805,#3981,#3982);
#3637=AXIS2_PLACEMENT_3D('',#4808,#3983,#3984);
#3638=AXIS2_PLACEMENT_3D('',#4810,#3985,#3986);
#3639=AXIS2_PLACEMENT_3D('',#4812,#3987,#3988);
#3640=AXIS2_PLACEMENT_3D('',#4999,#3989,#3990);
#3641=AXIS2_PLACEMENT_3D('',#5024,#3991,#3992);
#3642=AXIS2_PLACEMENT_3D('',#5025,#3993,#3994);
#3643=AXIS2_PLACEMENT_3D('',#5026,#3995,#3996);
#3644=AXIS2_PLACEMENT_3D('',#5027,#3997,#3998);
#3645=AXIS2_PLACEMENT_3D('',#5030,#4000,#4001);
#3646=AXIS2_PLACEMENT_3D('',#5043,#4003,#4004);
#3647=AXIS2_PLACEMENT_3D('',#5044,#4005,#4006);
#3648=AXIS2_PLACEMENT_3D('',#5045,#4007,#4008);
#3649=AXIS2_PLACEMENT_3D('',#5046,#4009,#4010);
#3650=AXIS2_PLACEMENT_3D('',#5064,#4011,#4012);
#3651=AXIS2_PLACEMENT_3D('',#5087,#4013,#4014);
#3652=AXIS2_PLACEMENT_3D('',#5088,#4015,#4016);
#3653=AXIS2_PLACEMENT_3D('',#5120,#4019,#4020);
#3654=AXIS2_PLACEMENT_3D('',#5123,#4022,#4023);
#3655=AXIS2_PLACEMENT_3D('',#5124,#4024,#4025);
#3656=AXIS2_PLACEMENT_3D('',#5163,#4027,#4028);
#3657=AXIS2_PLACEMENT_3D('',#5164,#4029,#4030);
#3658=AXIS2_PLACEMENT_3D('',#5231,#4031,#4032);
#3659=AXIS2_PLACEMENT_3D('',#5233,#4033,#4034);
#3660=AXIS2_PLACEMENT_3D('',#5235,#4035,#4036);
#3661=AXIS2_PLACEMENT_3D('',#5250,#4037,#4038);
#3662=AXIS2_PLACEMENT_3D('',#5254,#4040,#4041);
#3663=AXIS2_PLACEMENT_3D('',#5256,#4042,#4043);
#3664=AXIS2_PLACEMENT_3D('',#5259,#4046,#4047);
#3665=AXIS2_PLACEMENT_3D('',#5267,#4052,#4053);
#3666=AXIS2_PLACEMENT_3D('',#5279,#4057,#4058);
#3667=AXIS2_PLACEMENT_3D('',#5280,#4059,#4060);
#3668=AXIS2_PLACEMENT_3D('',#5403,#4061,#4062);
#3669=AXIS2_PLACEMENT_3D('',#5538,#4064,#4065);
#3670=AXIS2_PLACEMENT_3D('',#5620,#4066,#4067);
#3671=AXIS2_PLACEMENT_3D('',#5684,#4070,#4071);
#3672=AXIS2_PLACEMENT_3D('',#5686,#4072,#4073);
#3673=AXIS2_PLACEMENT_3D('',#5688,#4074,#4075);
#3674=AXIS2_PLACEMENT_3D('',#5703,#4076,#4077);
#3675=AXIS2_PLACEMENT_3D('',#5704,#4078,#4079);
#3676=AXIS2_PLACEMENT_3D('',#5705,#4080,#4081);
#3677=AXIS2_PLACEMENT_3D('',#5706,#4082,#4083);
#3678=AXIS2_PLACEMENT_3D('',#5707,#4084,#4085);
#3679=AXIS2_PLACEMENT_3D('',#5708,#4086,#4087);
#3680=AXIS2_PLACEMENT_3D('',#5718,#4089,#4090);
#3681=AXIS2_PLACEMENT_3D('',#5720,#4092,#4093);
#3682=AXIS2_PLACEMENT_3D('',#5723,#4095,#4096);
#3683=AXIS2_PLACEMENT_3D('',#5724,#4097,#4098);
#3684=AXIS2_PLACEMENT_3D('',#5728,#4101,#4102);
#3685=AXIS2_PLACEMENT_3D('',#5789,#4103,#4104);
#3686=AXIS2_PLACEMENT_3D('',#5808,#4107,#4108);
#3687=AXIS2_PLACEMENT_3D('',#5809,#4109,#4110);
#3688=AXIS2_PLACEMENT_3D('',#5810,#4111,#4112);
#3689=AXIS2_PLACEMENT_3D('',#5811,#4113,#4114);
#3690=AXIS2_PLACEMENT_3D('',#5815,#4116,#4117);
#3691=AXIS2_PLACEMENT_3D('',#5825,#4120,#4121);
#3692=AXIS2_PLACEMENT_3D('',#5826,#4122,#4123);
#3693=AXIS2_PLACEMENT_3D('',#5894,#4124,#4125);
#3694=AXIS2_PLACEMENT_3D('',#5896,#4126,#4127);
#3695=AXIS2_PLACEMENT_3D('',#5912,#4128,#4129);
#3696=AXIS2_PLACEMENT_3D('',#5913,#4130,#4131);
#3697=AXIS2_PLACEMENT_3D('',#5917,#4133,#4134);
#3698=AXIS2_PLACEMENT_3D('',#5919,#4136,#4137);
#3699=AXIS2_PLACEMENT_3D('',#5922,#4140,#4141);
#3700=AXIS2_PLACEMENT_3D('',#5936,#4146,#4147);
#3701=AXIS2_PLACEMENT_3D('',#5937,#4148,#4149);
#3702=AXIS2_PLACEMENT_3D('',#5938,#4150,#4151);
#3703=AXIS2_PLACEMENT_3D('',#5939,#4152,#4153);
#3704=AXIS2_PLACEMENT_3D('',#5940,#4154,#4155);
#3705=AXIS2_PLACEMENT_3D('',#5941,#4156,#4157);
#3706=AXIS2_PLACEMENT_3D('',#5947,#4161,#4162);
#3707=AXIS2_PLACEMENT_3D('',#5948,#4163,#4164);
#3708=AXIS2_PLACEMENT_3D('',#5949,#4165,#4166);
#3709=AXIS2_PLACEMENT_3D('',#5953,#4169,#4170);
#3710=AXIS2_PLACEMENT_3D('',#5956,#4173,#4174);
#3711=AXIS2_PLACEMENT_3D('',#5962,#4178,#4179);
#3712=AXIS2_PLACEMENT_3D('',#5964,#4180,#4181);
#3713=AXIS2_PLACEMENT_3D('',#5966,#4183,#4184);
#3714=AXIS2_PLACEMENT_3D('',#5969,#4186,#4187);
#3715=AXIS2_PLACEMENT_3D('',#5978,#4189,#4190);
#3716=AXIS2_PLACEMENT_3D('',#5979,#4191,#4192);
#3717=AXIS2_PLACEMENT_3D('',#5981,#4194,#4195);
#3718=AXIS2_PLACEMENT_3D('',#5983,#4197,#4198);
#3719=AXIS2_PLACEMENT_3D('',#5985,#4199,#4200);
#3720=AXIS2_PLACEMENT_3D('',#5987,#4202,#4203);
#3721=AXIS2_PLACEMENT_3D('',#5988,#4204,#4205);
#3722=AXIS2_PLACEMENT_3D('',#5989,#4206,#4207);
#3723=AXIS2_PLACEMENT_3D('',#5990,#4208,#4209);
#3724=AXIS2_PLACEMENT_3D('',#5993,#4211,#4212);
#3725=AXIS2_PLACEMENT_3D('',#5994,#4213,#4214);
#3726=AXIS2_PLACEMENT_3D('',#5996,#4216,#4217);
#3727=AXIS2_PLACEMENT_3D('',#6005,#4222,#4223);
#3728=AXIS2_PLACEMENT_3D('',#6007,#4224,#4225);
#3729=AXIS2_PLACEMENT_3D('',#6009,#4226,#4227);
#3730=AXIS2_PLACEMENT_3D('',#6011,#4229,#4230);
#3731=AXIS2_PLACEMENT_3D('',#6017,#4234,#4235);
#3732=AXIS2_PLACEMENT_3D('',#6019,#4236,#4237);
#3733=AXIS2_PLACEMENT_3D('',#6021,#4238,#4239);
#3734=AXIS2_PLACEMENT_3D('',#6023,#4241,#4242);
#3735=AXIS2_PLACEMENT_3D('',#6025,#4243,#4244);
#3736=AXIS2_PLACEMENT_3D('',#6027,#4245,#4246);
#3737=AXIS2_PLACEMENT_3D('',#6029,#4248,#4249);
#3738=AXIS2_PLACEMENT_3D('',#6031,#4250,#4251);
#3739=AXIS2_PLACEMENT_3D('',#6033,#4252,#4253);
#3740=AXIS2_PLACEMENT_3D('',#6035,#4255,#4256);
#3741=AXIS2_PLACEMENT_3D('',#6036,#4257,#4258);
#3742=AXIS2_PLACEMENT_3D('',#6037,#4259,#4260);
#3743=AXIS2_PLACEMENT_3D('',#6038,#4261,#4262);
#3744=AXIS2_PLACEMENT_3D('',#6039,#4263,#4264);
#3745=AXIS2_PLACEMENT_3D('',#6040,#4265,#4266);
#3746=AXIS2_PLACEMENT_3D('',#6063,#4268,#4269);
#3747=AXIS2_PLACEMENT_3D('',#6074,#4271,#4272);
#3748=AXIS2_PLACEMENT_3D('',#6085,#4274,#4275);
#3749=AXIS2_PLACEMENT_3D('',#6126,#4277,#4278);
#3750=AXIS2_PLACEMENT_3D('',#6129,#4280,#4281);
#3751=AXIS2_PLACEMENT_3D('',#6130,#4282,#4283);
#3752=AXIS2_PLACEMENT_3D('',#6132,#4285,#4286);
#3753=AXIS2_PLACEMENT_3D('',#6135,#4288,#4289);
#3754=AXIS2_PLACEMENT_3D('',#6136,#4290,#4291);
#3755=AXIS2_PLACEMENT_3D('',#6166,#4293,#4294);
#3756=AXIS2_PLACEMENT_3D('',#6183,#4295,#4296);
#3757=AXIS2_PLACEMENT_3D('',#6261,#4298,#4299);
#3758=AXIS2_PLACEMENT_3D('',#6308,#4300,#4301);
#3759=AXIS2_PLACEMENT_3D('',#6311,#4303,#4304);
#3760=AXIS2_PLACEMENT_3D('',#6324,#4305,#4306);
#3761=AXIS2_PLACEMENT_3D('',#6326,#4307,#4308);
#3762=AXIS2_PLACEMENT_3D('',#6335,#4309,#4310);
#3763=AXIS2_PLACEMENT_3D('',#6389,#4311,#4312);
#3764=AXIS2_PLACEMENT_3D('',#6402,#4314,#4315);
#3765=AXIS2_PLACEMENT_3D('',#6405,#4316,#4317);
#3766=AXIS2_PLACEMENT_3D('',#6509,#4320,#4321);
#3767=AXIS2_PLACEMENT_3D('',#6533,#4322,#4323);
#3768=AXIS2_PLACEMENT_3D('',#6679,#4324,#4325);
#3769=AXIS2_PLACEMENT_3D('',#6871,#4326,#4327);
#3770=AXIS2_PLACEMENT_3D('',#6987,#4328,#4329);
#3771=AXIS2_PLACEMENT_3D('',#6992,#4332,#4333);
#3772=AXIS2_PLACEMENT_3D('',#7012,#4335,#4336);
#3773=AXIS2_PLACEMENT_3D('',#7149,#4337,#4338);
#3774=AXIS2_PLACEMENT_3D('',#7429,#4339,#4340);
#3775=AXIS2_PLACEMENT_3D('',#7432,#4341,#4342);
#3776=AXIS2_PLACEMENT_3D('',#7434,#4343,#4344);
#3777=AXIS2_PLACEMENT_3D('',#7435,#4345,#4346);
#3778=AXIS2_PLACEMENT_3D('',#7439,#4348,#4349);
#3779=AXIS2_PLACEMENT_3D('',#7441,#4350,#4351);
#3780=AXIS2_PLACEMENT_3D('',#7443,#4352,#4353);
#3781=AXIS2_PLACEMENT_3D('',#7445,#4354,#4355);
#3782=AXIS2_PLACEMENT_3D('',#7446,#4356,#4357);
#3783=AXIS2_PLACEMENT_3D('',#7447,#4358,#4359);
#3784=AXIS2_PLACEMENT_3D('',#7448,#4360,#4361);
#3785=AXIS2_PLACEMENT_3D('',#7449,#4362,#4363);
#3786=AXIS2_PLACEMENT_3D('',#7451,#4364,#4365);
#3787=AXIS2_PLACEMENT_3D('',#7462,#4366,#4367);
#3788=AXIS2_PLACEMENT_3D('',#7490,#4368,#4369);
#3789=AXIS2_PLACEMENT_3D('',#7494,#4373,#4374);
#3790=AXIS2_PLACEMENT_3D('',#7495,#4375,#4376);
#3791=AXIS2_PLACEMENT_3D('',#7509,#4377,#4378);
#3792=AXIS2_PLACEMENT_3D('',#7510,#4379,#4380);
#3793=AXIS2_PLACEMENT_3D('',#7538,#4381,#4382);
#3794=AXIS2_PLACEMENT_3D('',#7539,#4383,#4384);
#3795=AXIS2_PLACEMENT_3D('',#7540,#4385,#4386);
#3796=AXIS2_PLACEMENT_3D('',#7545,#4387,#4388);
#3797=AXIS2_PLACEMENT_3D('',#7561,#4391,#4392);
#3798=AXIS2_PLACEMENT_3D('',#7562,#4393,#4394);
#3799=AXIS2_PLACEMENT_3D('',#7563,#4395,#4396);
#3800=AXIS2_PLACEMENT_3D('',#7564,#4397,#4398);
#3801=AXIS2_PLACEMENT_3D('',#7589,#4399,#4400);
#3802=AXIS2_PLACEMENT_3D('',#7594,#4401,#4402);
#3803=AXIS2_PLACEMENT_3D('',#7685,#4403,#4404);
#3804=AXIS2_PLACEMENT_3D('',#7687,#4405,#4406);
#3805=AXIS2_PLACEMENT_3D('',#7688,#4407,#4408);
#3806=AXIS2_PLACEMENT_3D('',#7689,#4409,#4410);
#3807=AXIS2_PLACEMENT_3D('',#7718,#4411,#4412);
#3808=AXIS2_PLACEMENT_3D('',#7720,#4413,#4414);
#3809=AXIS2_PLACEMENT_3D('',#7721,#4415,#4416);
#3810=AXIS2_PLACEMENT_3D('',#7722,#4417,#4418);
#3811=AXIS2_PLACEMENT_3D('',#7723,#4419,#4420);
#3812=AXIS2_PLACEMENT_3D('',#7726,#4421,#4422);
#3813=AXIS2_PLACEMENT_3D('',#7728,#4423,#4424);
#3814=AXIS2_PLACEMENT_3D('',#7730,#4425,#4426);
#3815=AXIS2_PLACEMENT_3D('',#7731,#4427,#4428);
#3816=AXIS2_PLACEMENT_3D('',#7732,#4429,#4430);
#3817=AXIS2_PLACEMENT_3D('',#7751,#4431,#4432);
#3818=AXIS2_PLACEMENT_3D('',#7752,#4433,#4434);
#3819=AXIS2_PLACEMENT_3D('',#7779,#4435,#4436);
#3820=AXIS2_PLACEMENT_3D('',#7784,#4437,#4438);
#3821=AXIS2_PLACEMENT_3D('',#7786,#4439,#4440);
#3822=AXIS2_PLACEMENT_3D('',#7788,#4441,#4442);
#3823=AXIS2_PLACEMENT_3D('',#7790,#4443,#4444);
#3824=AXIS2_PLACEMENT_3D('',#7799,#4445,#4446);
#3825=AXIS2_PLACEMENT_3D('',#7802,#4447,#4448);
#3826=AXIS2_PLACEMENT_3D('',#7803,#4449,#4450);
#3827=AXIS2_PLACEMENT_3D('',#7804,#4451,#4452);
#3828=AXIS2_PLACEMENT_3D('',#7805,#4453,#4454);
#3829=AXIS2_PLACEMENT_3D('',#7808,#4455,#4456);
#3830=AXIS2_PLACEMENT_3D('',#7809,#4457,#4458);
#3831=AXIS2_PLACEMENT_3D('',#7810,#4459,#4460);
#3832=AXIS2_PLACEMENT_3D('',#7811,#4461,#4462);
#3833=AXIS2_PLACEMENT_3D('',#7814,#4463,#4464);
#3834=AXIS2_PLACEMENT_3D('',#7815,#4465,#4466);
#3835=AXIS2_PLACEMENT_3D('',#7816,#4467,#4468);
#3836=AXIS2_PLACEMENT_3D('',#7817,#4469,#4470);
#3837=AXIS2_PLACEMENT_3D('',#7820,#4471,#4472);
#3838=AXIS2_PLACEMENT_3D('',#7821,#4473,#4474);
#3839=AXIS2_PLACEMENT_3D('',#7822,#4475,#4476);
#3840=AXIS2_PLACEMENT_3D('',#7851,#4477,#4478);
#3841=AXIS2_PLACEMENT_3D('',#7863,#4480,#4481);
#3842=AXIS2_PLACEMENT_3D('',#7872,#4482,#4483);
#3843=AXIS2_PLACEMENT_3D('',#7887,#4485,#4486);
#3844=AXIS2_PLACEMENT_3D('',#7904,#4488,#4489);
#3845=AXIS2_PLACEMENT_3D('',#7906,#4491,#4492);
#3846=AXIS2_PLACEMENT_3D('',#7913,#4494,#4495);
#3847=AXIS2_PLACEMENT_3D('',#7925,#4496,#4497);
#3848=AXIS2_PLACEMENT_3D('',#7928,#4498,#4499);
#3849=AXIS2_PLACEMENT_3D('',#7930,#4500,#4501);
#3850=AXIS2_PLACEMENT_3D('',#7932,#4502,#4503);
#3851=AXIS2_PLACEMENT_3D('',#7933,#4504,#4505);
#3852=AXIS2_PLACEMENT_3D('',#7934,#4506,#4507);
#3853=AXIS2_PLACEMENT_3D('',#7937,#4508,#4509);
#3854=AXIS2_PLACEMENT_3D('',#7938,#4510,#4511);
#3855=AXIS2_PLACEMENT_3D('',#7939,#4512,#4513);
#3856=AXIS2_PLACEMENT_3D('',#7940,#4514,#4515);
#3857=AXIS2_PLACEMENT_3D('',#7943,#4516,#4517);
#3858=AXIS2_PLACEMENT_3D('',#7944,#4518,#4519);
#3859=AXIS2_PLACEMENT_3D('',#7945,#4520,#4521);
#3860=AXIS2_PLACEMENT_3D('',#7946,#4522,#4523);
#3861=AXIS2_PLACEMENT_3D('',#7949,#4524,#4525);
#3862=AXIS2_PLACEMENT_3D('',#7950,#4526,#4527);
#3863=AXIS2_PLACEMENT_3D('',#7951,#4528,#4529);
#3864=AXIS2_PLACEMENT_3D('',#7952,#4530,#4531);
#3865=AXIS2_PLACEMENT_3D('',#7960,#4532,#4533);
#3866=AXIS2_PLACEMENT_3D('',#7961,#4534,#4535);
#3867=AXIS2_PLACEMENT_3D('',#7988,#4536,#4537);
#3868=AXIS2_PLACEMENT_3D('',#7993,#4538,#4539);
#3869=AXIS2_PLACEMENT_3D('',#7996,#4540,#4541);
#3870=AXIS2_PLACEMENT_3D('',#7998,#4542,#4543);
#3871=AXIS2_PLACEMENT_3D('',#8016,#4544,#4545);
#3872=AXIS2_PLACEMENT_3D('',#8017,#4546,#4547);
#3873=AXIS2_PLACEMENT_3D('',#8020,#4548,#4549);
#3874=AXIS2_PLACEMENT_3D('',#8021,#4550,#4551);
#3875=AXIS2_PLACEMENT_3D('',#8022,#4552,#4553);
#3876=AXIS2_PLACEMENT_3D('',#8051,#4554,#4555);
#3877=AXIS2_PLACEMENT_3D('',#8065,#4557,#4558);
#3878=AXIS2_PLACEMENT_3D('',#8071,#4560,#4561);
#3879=AXIS2_PLACEMENT_3D('',#8073,#4563,#4564);
#3880=AXIS2_PLACEMENT_3D('',#8091,#4566,#4567);
#3881=AXIS2_PLACEMENT_3D('',#8104,#4568,#4569);
#3882=AXIS2_PLACEMENT_3D('',#8115,#4571,#4572);
#3883=AXIS2_PLACEMENT_3D('',#8125,#4573,#4574);
#3884=AXIS2_PLACEMENT_3D('',#8127,#4576,#4577);
#3885=AXIS2_PLACEMENT_3D('',#8136,#4579,#4580);
#3886=AXIS2_PLACEMENT_3D('',#8174,#4583,#4584);
#3887=AXIS2_PLACEMENT_3D('',#8216,#4585,#4586);
#3888=AXIS2_PLACEMENT_3D('',#8217,#4587,#4588);
#3889=AXIS2_PLACEMENT_3D('',#8355,#4590,#4591);
#3890=AXIS2_PLACEMENT_3D('',#8443,#4592,#4593);
#3891=AXIS2_PLACEMENT_3D('',#8444,#4594,#4595);
#3892=AXIS2_PLACEMENT_3D('',#8446,#4596,#4597);
#3893=AXIS2_PLACEMENT_3D('',#8447,#4598,#4599);
#3894=AXIS2_PLACEMENT_3D('',#8448,#4600,#4601);
#3895=AXIS2_PLACEMENT_3D('',#8449,#4602,#4603);
#3896=AXIS2_PLACEMENT_3D('',#8450,#4604,#4605);
#3897=AXIS2_PLACEMENT_3D('',#8451,#4606,#4607);
#3898=AXIS2_PLACEMENT_3D('',#8452,#4608,#4609);
#3899=AXIS2_PLACEMENT_3D('',#8453,#4610,#4611);
#3900=AXIS2_PLACEMENT_3D('',#8454,#4612,#4613);
#3901=AXIS2_PLACEMENT_3D('',#8456,#4615,#4616);
#3902=AXIS2_PLACEMENT_3D('',#8458,#4618,#4619);
#3903=AXIS2_PLACEMENT_3D('',#8460,#4621,#4622);
#3904=AXIS2_PLACEMENT_3D('',#8461,#4623,#4624);
#3905=AXIS2_PLACEMENT_3D('',#8462,#4625,#4626);
#3906=AXIS2_PLACEMENT_3D('',#8468,#4630,#4631);
#3907=AXIS2_PLACEMENT_3D('',#8498,#4632,#4633);
#3908=AXIS2_PLACEMENT_3D('',#8499,#4634,#4635);
#3909=AXIS2_PLACEMENT_3D('',#8547,#4636,#4637);
#3910=AXIS2_PLACEMENT_3D('',#8548,#4638,#4639);
#3911=AXIS2_PLACEMENT_3D('',#8549,#4640,#4641);
#3912=AXIS2_PLACEMENT_3D('',#8550,#4642,#4643);
#3913=AXIS2_PLACEMENT_3D('',#8552,#4645,#4646);
#3914=AXIS2_PLACEMENT_3D('',#8554,#4648,#4649);
#3915=AXIS2_PLACEMENT_3D('',#8555,#4650,#4651);
#3916=AXIS2_PLACEMENT_3D('',#8557,#4653,#4654);
#3917=AXIS2_PLACEMENT_3D('',#8559,#4656,#4657);
#3918=AXIS2_PLACEMENT_3D('',#8667,#4658,#4659);
#3919=AXIS2_PLACEMENT_3D('',#8668,#4660,#4661);
#3920=AXIS2_PLACEMENT_3D('',#8671,#4664,#4665);
#3921=AXIS2_PLACEMENT_3D('',#8672,#4666,#4667);
#3922=AXIS2_PLACEMENT_3D('',#8673,#4668,#4669);
#3923=AXIS2_PLACEMENT_3D('',#8674,#4670,#4671);
#3924=AXIS2_PLACEMENT_3D('',#8782,#4672,#4673);
#3925=AXIS2_PLACEMENT_3D('',#8783,#4674,#4675);
#3926=AXIS2_PLACEMENT_3D('',#8784,#4676,#4677);
#3927=AXIS2_PLACEMENT_3D('',#8785,#4678,#4679);
#3928=AXIS2_PLACEMENT_3D('',#8786,#4680,#4681);
#3929=AXIS2_PLACEMENT_3D('',#8789,#4684,#4685);
#3930=AXIS2_PLACEMENT_3D('',#8842,#4686,#4687);
#3931=AXIS2_PLACEMENT_3D('',#8864,#4688,#4689);
#3932=AXIS2_PLACEMENT_3D('',#8944,#4692,#4693);
#3933=AXIS2_PLACEMENT_3D('',#8975,#4694,#4695);
#3934=AXIS2_PLACEMENT_3D('',#8978,#4696,#4697);
#3935=AXIS2_PLACEMENT_3D('',#8981,#4700,#4701);
#3936=AXIS2_PLACEMENT_3D('',#8986,#4704,#4705);
#3937=AXIS2_PLACEMENT_3D('',#8987,#4706,#4707);
#3938=AXIS2_PLACEMENT_3D('',#8991,#4710,#4711);
#3939=AXIS2_PLACEMENT_3D('',#8992,#4712,#4713);
#3940=AXIS2_PLACEMENT_3D('',#8993,#4714,#4715);
#3941=AXIS2_PLACEMENT_3D('',#8994,#4716,#4717);
#3942=AXIS2_PLACEMENT_3D('',#8995,#4718,#4719);
#3943=AXIS2_PLACEMENT_3D('',#9020,#4721,#4722);
#3944=AXIS2_PLACEMENT_3D('',#9021,#4723,#4724);
#3945=AXIS2_PLACEMENT_3D('',#9075,#4726,#4727);
#3946=AXIS2_PLACEMENT_3D('',#9097,#4728,#4729);
#3947=AXIS2_PLACEMENT_3D('',#9157,#4732,#4733);
#3948=AXIS2_PLACEMENT_3D('',#9180,#4734,#4735);
#3949=AXIS2_PLACEMENT_3D('',#9183,#4736,#4737);
#3950=AXIS2_PLACEMENT_3D('',#9186,#4740,#4741);
#3951=AXIS2_PLACEMENT_3D('',#9188,#4742,#4743);
#3952=AXIS2_PLACEMENT_3D('',#9193,#4747,#4748);
#3953=AXIS2_PLACEMENT_3D('',#9195,#4749,#4750);
#3954=AXIS2_PLACEMENT_3D('',#9197,#4752,#4753);
#3955=AXIS2_PLACEMENT_3D('',#9199,#4755,#4756);
#3956=AXIS2_PLACEMENT_3D('',#9201,#4758,#4759);
#3957=AXIS2_PLACEMENT_3D('',#9202,#4760,#4761);
#3958=AXIS2_PLACEMENT_3D('',#9226,#4762,#4763);
#3959=AXIS2_PLACEMENT_3D('',#9227,#4764,#4765);
#3960=AXIS2_PLACEMENT_3D('',#9228,#4766,#4767);
#3961=AXIS2_PLACEMENT_3D('',#9229,#4768,#4769);
#3962=AXIS2_PLACEMENT_3D('',#9279,#4770,#4771);
#3963=AXIS2_PLACEMENT_3D('',#9281,#4772,#4773);
#3964=AXIS2_PLACEMENT_3D('',#9286,#4774,#4775);
#3965=AXIS2_PLACEMENT_3D('',#9350,#4777,#4778);
#3966=AXIS2_PLACEMENT_3D('',#9394,#4779,#4780);
#3967=AXIS2_PLACEMENT_3D('',#9396,#4781,#4782);
#3968=AXIS2_PLACEMENT_3D('',#9398,#4784,#4785);
#3969=AXIS2_PLACEMENT_3D('',#9400,#4787,#4788);
#3970=AXIS2_PLACEMENT_3D('',#9401,#4789,#4790);
#3971=AXIS2_PLACEMENT_3D('',#9402,#4791,#4792);
#3972=AXIS2_PLACEMENT_3D('',#9403,#4793,#4794);
#3973=AXIS2_PLACEMENT_3D('',#9413,#4795,#4796);
#3974=AXIS2_PLACEMENT_3D('',#9429,#4797,#4798);
#3975=AXIS2_PLACEMENT_3D('',#9430,#4799,#4800);
#3976=AXIS2_PLACEMENT_3D('',#9431,#4801,#4802);
#3977=DIRECTION('axis',(0.,0.,1.));
#3978=DIRECTION('refdir',(1.,0.,0.));
#3979=DIRECTION('axis',(0.,0.,1.));
#3980=DIRECTION('refdir',(1.,0.,0.));
#3981=DIRECTION('center_axis',(0.,0.,-1.));
#3982=DIRECTION('ref_axis',(-1.,0.,0.));
#3983=DIRECTION('center_axis',(0.,0.,-1.));
#3984=DIRECTION('ref_axis',(0.83494550086855,0.550332636302233,0.));
#3985=DIRECTION('center_axis',(-0.415112123097847,0.909770259602499,-9.21734073728525E-16));
#3986=DIRECTION('ref_axis',(-0.909770259602499,-0.415112123097847,0.));
#3987=DIRECTION('center_axis',(0.,0.,1.));
#3988=DIRECTION('ref_axis',(0.83494550086855,0.550332636302233,0.));
#3989=DIRECTION('center_axis',(-0.475090104257201,-0.879937152776766,-3.00876491950756E-15));
#3990=DIRECTION('ref_axis',(0.879937152776766,-0.475090104257201,0.));
#3991=DIRECTION('center_axis',(0.,0.,-1.));
#3992=DIRECTION('ref_axis',(-1.,0.,0.));
#3993=DIRECTION('center_axis',(0.,0.,1.));
#3994=DIRECTION('ref_axis',(-0.802864084984263,0.596162109700358,0.));
#3995=DIRECTION('center_axis',(0.,0.,-1.));
#3996=DIRECTION('ref_axis',(-0.802864084984263,0.596162109700358,0.));
#3997=DIRECTION('center_axis',(0.,0.,1.));
#3998=DIRECTION('ref_axis',(0.92696125392322,0.375157078735149,0.));
#3999=DIRECTION('',(0.,0.,1.));
#4000=DIRECTION('center_axis',(0.,0.,1.));
#4001=DIRECTION('ref_axis',(0.92696125392322,0.375157078735149,0.));
#4002=DIRECTION('',(0.,0.,1.));
#4003=DIRECTION('center_axis',(0.,0.,1.));
#4004=DIRECTION('ref_axis',(0.0375466096070415,0.999294877454606,0.));
#4005=DIRECTION('center_axis',(0.,0.,1.));
#4006=DIRECTION('ref_axis',(-0.706704266075911,0.707509067298863,0.));
#4007=DIRECTION('center_axis',(0.,0.,1.));
#4008=DIRECTION('ref_axis',(-0.706704266075911,0.707509067298863,0.));
#4009=DIRECTION('center_axis',(0.,0.,-1.));
#4010=DIRECTION('ref_axis',(0.985475785325189,0.169816007895907,0.));
#4011=DIRECTION('center_axis',(0.,0.,1.));
#4012=DIRECTION('ref_axis',(0.982725409972342,0.185069631746249,0.));
#4013=DIRECTION('center_axis',(0.,0.,-1.));
#4014=DIRECTION('ref_axis',(0.982725409972342,0.185069631746249,0.));
#4015=DIRECTION('center_axis',(-0.381098134591763,0.924534592003284,0.));
#4016=DIRECTION('ref_axis',(0.65374467944706,0.269477075267377,0.707106781186548));
#4017=DIRECTION('',(0.381098134591763,-0.924534592003284,0.));
#4018=DIRECTION('',(-0.381098134591763,0.924534592003284,0.));
#4019=DIRECTION('center_axis',(0.,0.,1.));
#4020=DIRECTION('ref_axis',(1.,0.,0.));
#4021=DIRECTION('',(-0.430946208647662,0.902377617880788,0.));
#4022=DIRECTION('center_axis',(0.,0.,-1.));
#4023=DIRECTION('ref_axis',(-0.820451522073763,-0.571716100811273,0.));
#4024=DIRECTION('center_axis',(0.430946208647663,-0.902377617880788,0.));
#4025=DIRECTION('ref_axis',(-0.638077332794467,-0.304724986461398,0.707106781186547));
#4026=DIRECTION('',(0.430946208647662,-0.902377617880788,0.));
#4027=DIRECTION('center_axis',(0.,0.,1.));
#4028=DIRECTION('ref_axis',(1.,0.,0.));
#4029=DIRECTION('center_axis',(0.,0.,1.));
#4030=DIRECTION('ref_axis',(-0.820451522073763,-0.571716100811273,0.));
#4031=DIRECTION('center_axis',(0.,0.,1.));
#4032=DIRECTION('ref_axis',(1.,0.,0.));
#4033=DIRECTION('center_axis',(0.,0.,1.));
#4034=DIRECTION('ref_axis',(0.940706370374021,0.33922194023638,0.));
#4035=DIRECTION('center_axis',(0.,0.,-1.));
#4036=DIRECTION('ref_axis',(0.940706370374021,0.33922194023638,0.));
#4037=DIRECTION('center_axis',(0.381098134591763,-0.924534592003284,0.));
#4038=DIRECTION('ref_axis',(-0.65374467944706,-0.26947707526738,0.707106781186548));
#4039=DIRECTION('',(0.381098134591763,-0.924534592003284,0.));
#4040=DIRECTION('center_axis',(0.,1.,0.));
#4041=DIRECTION('ref_axis',(-1.,0.,-3.84914846664177E-16));
#4042=DIRECTION('center_axis',(1.,0.,0.));
#4043=DIRECTION('ref_axis',(0.,-1.,-5.2887990458184E-17));
#4044=DIRECTION('',(0.381098134591763,-0.924534592003284,0.));
#4045=DIRECTION('',(-0.381098134591763,0.924534592003284,0.));
#4046=DIRECTION('center_axis',(0.,-1.,0.));
#4047=DIRECTION('ref_axis',(1.,0.,0.));
#4048=DIRECTION('',(0.,0.,1.));
#4049=DIRECTION('',(0.,0.,1.));
#4050=DIRECTION('',(1.,0.,0.));
#4051=DIRECTION('',(0.,0.,1.));
#4052=DIRECTION('center_axis',(-0.924534592003284,-0.381098134591763,0.));
#4053=DIRECTION('ref_axis',(0.381098134591763,-0.924534592003284,0.));
#4054=DIRECTION('',(0.,0.,1.));
#4055=DIRECTION('',(-0.381098134591763,0.924534592003284,0.));
#4056=DIRECTION('',(0.,0.,1.));
#4057=DIRECTION('center_axis',(0.,0.,1.));
#4058=DIRECTION('ref_axis',(0.0375466096070415,0.999294877454606,0.));
#4059=DIRECTION('center_axis',(0.,0.,1.));
#4060=DIRECTION('ref_axis',(1.,0.,0.));
#4061=DIRECTION('center_axis',(0.999294877454606,-0.0375466096070416,0.));
#4062=DIRECTION('ref_axis',(0.,0.,1.));
#4063=DIRECTION('',(0.,0.,1.));
#4064=DIRECTION('center_axis',(0.,0.,1.));
#4065=DIRECTION('ref_axis',(1.,0.,0.));
#4066=DIRECTION('center_axis',(5.35516190501585E-15,1.,0.));
#4067=DIRECTION('ref_axis',(0.707106781186547,-6.2803698347351E-15,0.707106781186548));
#4068=DIRECTION('',(-5.35516190501585E-15,-1.,0.));
#4069=DIRECTION('',(5.35516190501585E-15,1.,0.));
#4070=DIRECTION('center_axis',(0.,0.,1.));
#4071=DIRECTION('ref_axis',(1.,0.,0.));
#4072=DIRECTION('center_axis',(0.,0.,1.));
#4073=DIRECTION('ref_axis',(-0.162481312010618,-0.986711621116985,0.));
#4074=DIRECTION('center_axis',(0.,0.,-1.));
#4075=DIRECTION('ref_axis',(-0.162481312010618,-0.986711621116985,0.));
#4076=DIRECTION('center_axis',(0.,0.,1.));
#4077=DIRECTION('ref_axis',(1.,0.,0.));
#4078=DIRECTION('center_axis',(0.,0.,-1.));
#4079=DIRECTION('ref_axis',(0.986261129746922,0.165193776972154,0.));
#4080=DIRECTION('center_axis',(0.,0.,1.));
#4081=DIRECTION('ref_axis',(0.986261129746922,0.165193776972154,0.));
#4082=DIRECTION('center_axis',(0.,0.,1.));
#4083=DIRECTION('ref_axis',(-0.985374434525417,0.170403121402497,0.));
#4084=DIRECTION('center_axis',(0.,0.,1.));
#4085=DIRECTION('ref_axis',(-0.98537443453026,0.170403121374495,0.));
#4086=DIRECTION('center_axis',(0.,0.,-1.));
#4087=DIRECTION('ref_axis',(-0.98537443453026,0.170403121374495,0.));
#4088=DIRECTION('',(0.,0.,1.));
#4089=DIRECTION('center_axis',(0.,0.,1.));
#4090=DIRECTION('ref_axis',(0.0375466096070415,0.999294877454606,0.));
#4091=DIRECTION('',(0.,0.,1.));
#4092=DIRECTION('center_axis',(0.,0.,1.));
#4093=DIRECTION('ref_axis',(0.999943420060303,-0.0106375127781415,0.));
#4094=DIRECTION('',(0.,0.,1.));
#4095=DIRECTION('center_axis',(0.,0.,-1.));
#4096=DIRECTION('ref_axis',(0.999943420060303,-0.0106375127781415,0.));
#4097=DIRECTION('center_axis',(1.,-5.35516190501585E-15,0.));
#4098=DIRECTION('ref_axis',(5.35516190501585E-15,1.,0.));
#4099=DIRECTION('',(0.,0.,1.));
#4100=DIRECTION('',(-5.35516190501585E-15,-1.,0.));
#4101=DIRECTION('center_axis',(0.,0.,1.));
#4102=DIRECTION('ref_axis',(1.,0.,0.));
#4103=DIRECTION('center_axis',(0.449365882347667,0.893347806725859,0.));
#4104=DIRECTION('ref_axis',(0.631692292093984,-0.317749662641911,0.707106781186548));
#4105=DIRECTION('',(-0.449365882347667,-0.893347806725859,0.));
#4106=DIRECTION('',(0.449365882347667,0.893347806725859,0.));
#4107=DIRECTION('center_axis',(0.,0.,1.));
#4108=DIRECTION('ref_axis',(1.,0.,0.));
#4109=DIRECTION('center_axis',(0.,0.,1.));
#4110=DIRECTION('ref_axis',(-0.912530019288939,0.409009735698955,0.));
#4111=DIRECTION('center_axis',(0.,0.,-1.));
#4112=DIRECTION('ref_axis',(-0.912530019288939,0.409009735698955,0.));
#4113=DIRECTION('center_axis',(0.,0.,1.));
#4114=DIRECTION('ref_axis',(-0.709691883278165,0.704512193513421,0.));
#4115=DIRECTION('',(0.,0.,1.));
#4116=DIRECTION('center_axis',(0.,0.,-1.));
#4117=DIRECTION('ref_axis',(-0.709691883278165,0.704512193513421,0.));
#4118=DIRECTION('',(0.,0.,1.));
#4119=DIRECTION('',(0.,0.,1.));
#4120=DIRECTION('center_axis',(0.,0.,1.));
#4121=DIRECTION('ref_axis',(0.0375466096070415,0.999294877454606,0.));
#4122=DIRECTION('center_axis',(0.,0.,1.));
#4123=DIRECTION('ref_axis',(1.,0.,0.));
#4124=DIRECTION('center_axis',(0.,0.,-1.));
#4125=DIRECTION('ref_axis',(-1.,0.,0.));
#4126=DIRECTION('center_axis',(0.,0.,1.));
#4127=DIRECTION('ref_axis',(-0.984773026633763,0.173845005722274,0.));
#4128=DIRECTION('center_axis',(0.,0.,-1.));
#4129=DIRECTION('ref_axis',(-0.984773026633763,0.173845005722274,0.));
#4130=DIRECTION('center_axis',(0.68799333907934,0.72571700089116,0.));
#4131=DIRECTION('ref_axis',(0.513159412552504,-0.486484755474179,0.707106781186546));
#4132=DIRECTION('',(-0.68799333907934,-0.72571700089116,0.));
#4133=DIRECTION('center_axis',(0.818277751495506,-0.574823034861564,-2.55272707355287E-15));
#4134=DIRECTION('ref_axis',(-0.574823034861564,-0.818277751495506,-3.76236186733362E-16));
#4135=DIRECTION('',(0.68799333907934,0.72571700089116,0.));
#4136=DIRECTION('center_axis',(-0.449365882347667,-0.893347806725859,0.));
#4137=DIRECTION('ref_axis',(-0.631692292093984,0.317749662641913,0.707106781186547));
#4138=DIRECTION('',(-0.449365882347667,-0.893347806725859,0.));
#4139=DIRECTION('',(0.449365882347667,0.893347806725859,0.));
#4140=DIRECTION('center_axis',(-0.893347806725859,0.449365882347667,0.));
#4141=DIRECTION('ref_axis',(-0.449365882347667,-0.893347806725859,0.));
#4142=DIRECTION('',(0.,0.,1.));
#4143=DIRECTION('',(0.449365882347667,0.893347806725859,0.));
#4144=DIRECTION('',(0.,0.,1.));
#4145=DIRECTION('',(0.,0.,1.));
#4146=DIRECTION('center_axis',(0.,0.,1.));
#4147=DIRECTION('ref_axis',(0.0375466096070415,0.999294877454606,0.));
#4148=DIRECTION('center_axis',(0.,0.,1.));
#4149=DIRECTION('ref_axis',(1.,0.,0.));
#4150=DIRECTION('center_axis',(0.,0.,1.));
#4151=DIRECTION('ref_axis',(0.0275251899529271,0.99962111018028,0.));
#4152=DIRECTION('center_axis',(0.,0.,-1.));
#4153=DIRECTION('ref_axis',(0.571238596337184,-0.820784055677694,0.));
#4154=DIRECTION('center_axis',(0.,0.,-1.));
#4155=DIRECTION('ref_axis',(-0.0278949415000653,-0.999610860404542,0.));
#4156=DIRECTION('center_axis',(-0.924534592003284,-0.381098134591763,0.));
#4157=DIRECTION('ref_axis',(0.381098134591763,-0.924534592003284,0.));
#4158=DIRECTION('',(0.,0.,1.));
#4159=DIRECTION('',(-0.381098134591763,0.924534592003284,0.));
#4160=DIRECTION('',(0.,0.,1.));
#4161=DIRECTION('center_axis',(0.,0.,1.));
#4162=DIRECTION('ref_axis',(0.998999551240123,-0.0447202037342486,0.));
#4163=DIRECTION('center_axis',(0.,0.,-1.));
#4164=DIRECTION('ref_axis',(0.998999551240123,-0.0447202037342486,0.));
#4165=DIRECTION('center_axis',(-1.,0.,0.));
#4166=DIRECTION('ref_axis',(0.,-1.,0.));
#4167=DIRECTION('',(0.,-1.,0.));
#4168=DIRECTION('',(0.,0.,-1.));
#4169=DIRECTION('center_axis',(0.924534592003284,0.381098134591763,0.));
#4170=DIRECTION('ref_axis',(-0.381098134591763,0.924534592003284,0.));
#4171=DIRECTION('',(-0.381098134591763,0.924534592003284,0.));
#4172=DIRECTION('',(-0.381098134591763,0.924534592003284,0.));
#4173=DIRECTION('center_axis',(-0.902377617880788,-0.430946208647663,0.));
#4174=DIRECTION('ref_axis',(0.430946208647662,-0.902377617880788,0.));
#4175=DIRECTION('',(0.,0.,1.));
#4176=DIRECTION('',(-0.430946208647662,0.902377617880788,0.));
#4177=DIRECTION('',(0.,0.,1.));
#4178=DIRECTION('center_axis',(0.,0.,1.));
#4179=DIRECTION('ref_axis',(-0.91439484249829,-0.404823507238065,0.));
#4180=DIRECTION('center_axis',(0.,0.,-1.));
#4181=DIRECTION('ref_axis',(-0.91439484249829,-0.404823507238065,0.));
#4182=DIRECTION('',(0.,0.,1.));
#4183=DIRECTION('center_axis',(0.,0.,1.));
#4184=DIRECTION('ref_axis',(0.999993783885933,-0.00352593101089695,0.));
#4185=DIRECTION('',(0.,0.,1.));
#4186=DIRECTION('center_axis',(0.,0.,1.));
#4187=DIRECTION('ref_axis',(0.999993783885933,-0.00352593101089695,0.));
#4188=DIRECTION('',(0.,0.,1.));
#4189=DIRECTION('center_axis',(0.,0.,1.));
#4190=DIRECTION('ref_axis',(0.0375466096070415,0.999294877454606,0.));
#4191=DIRECTION('center_axis',(0.924534592003284,0.381098134591763,0.));
#4192=DIRECTION('ref_axis',(-0.381098134591763,0.924534592003284,0.));
#4193=DIRECTION('',(0.381098134591763,-0.924534592003284,0.));
#4194=DIRECTION('center_axis',(0.893347806725859,-0.449365882347667,0.));
#4195=DIRECTION('ref_axis',(0.449365882347667,0.893347806725859,0.));
#4196=DIRECTION('',(-0.449365882347667,-0.893347806725859,0.));
#4197=DIRECTION('center_axis',(0.,0.,1.));
#4198=DIRECTION('ref_axis',(-0.926079374179027,0.377328759466042,0.));
#4199=DIRECTION('center_axis',(0.,0.,-1.));
#4200=DIRECTION('ref_axis',(-0.926079374179027,0.377328759466042,0.));
#4201=DIRECTION('',(0.,0.,1.));
#4202=DIRECTION('center_axis',(0.,0.,1.));
#4203=DIRECTION('ref_axis',(-0.953775128331603,-0.300521221506957,0.));
#4204=DIRECTION('center_axis',(0.,0.,-1.));
#4205=DIRECTION('ref_axis',(-0.953775128331603,-0.300521221506957,0.));
#4206=DIRECTION('center_axis',(0.,0.,1.));
#4207=DIRECTION('ref_axis',(1.,0.,0.));
#4208=DIRECTION('center_axis',(0.,0.,1.));
#4209=DIRECTION('ref_axis',(-0.925492370738535,0.378766249426697,0.));
#4210=DIRECTION('',(0.,0.,1.));
#4211=DIRECTION('center_axis',(0.,0.,1.));
#4212=DIRECTION('ref_axis',(-0.925492370738535,0.378766249426697,0.));
#4213=DIRECTION('center_axis',(0.72571700089116,-0.68799333907934,0.));
#4214=DIRECTION('ref_axis',(0.68799333907934,0.72571700089116,0.));
#4215=DIRECTION('',(-0.68799333907934,-0.72571700089116,0.));
#4216=DIRECTION('center_axis',(1.,0.,0.));
#4217=DIRECTION('ref_axis',(0.,1.,0.));
#4218=DIRECTION('',(0.,-1.,0.));
#4219=DIRECTION('',(0.,0.,1.));
#4220=DIRECTION('',(0.,1.,0.));
#4221=DIRECTION('',(0.,0.,1.));
#4222=DIRECTION('center_axis',(0.,0.,1.));
#4223=DIRECTION('ref_axis',(-0.95467752366187,-0.297642110284885,0.));
#4224=DIRECTION('center_axis',(0.,0.,1.));
#4225=DIRECTION('ref_axis',(-0.95467752366187,-0.297642110284885,0.));
#4226=DIRECTION('center_axis',(0.,0.,1.));
#4227=DIRECTION('ref_axis',(-0.95467752366187,-0.297642110284885,0.));
#4228=DIRECTION('',(0.,0.,1.));
#4229=DIRECTION('center_axis',(0.72571700089116,-0.68799333907934,0.));
#4230=DIRECTION('ref_axis',(0.68799333907934,0.72571700089116,0.));
#4231=DIRECTION('',(0.68799333907934,0.72571700089116,0.));
#4232=DIRECTION('',(0.68799333907934,0.72571700089116,0.));
#4233=DIRECTION('',(0.,0.,1.));
#4234=DIRECTION('center_axis',(0.,0.,1.));
#4235=DIRECTION('ref_axis',(-0.899523519631227,0.436872335620201,0.));
#4236=DIRECTION('center_axis',(0.,0.,1.));
#4237=DIRECTION('ref_axis',(-0.899523519631227,0.436872335620201,0.));
#4238=DIRECTION('center_axis',(0.,0.,1.));
#4239=DIRECTION('ref_axis',(-0.899523519631227,0.436872335620201,0.));
#4240=DIRECTION('',(0.,0.,1.));
#4241=DIRECTION('center_axis',(0.,0.,1.));
#4242=DIRECTION('ref_axis',(0.028586613611535,0.999591319251135,0.));
#4243=DIRECTION('center_axis',(0.,0.,1.));
#4244=DIRECTION('ref_axis',(0.57030083059945,-0.821435915100854,0.));
#4245=DIRECTION('center_axis',(0.,0.,1.));
#4246=DIRECTION('ref_axis',(0.57030083059945,-0.821435915100854,0.));
#4247=DIRECTION('',(0.,0.,1.));
#4248=DIRECTION('center_axis',(0.,0.,1.));
#4249=DIRECTION('ref_axis',(0.998775400599671,-0.0494742271992904,0.));
#4250=DIRECTION('center_axis',(0.,0.,1.));
#4251=DIRECTION('ref_axis',(0.998775400599671,-0.0494742271992904,0.));
#4252=DIRECTION('center_axis',(0.,0.,1.));
#4253=DIRECTION('ref_axis',(0.998775400599671,-0.0494742271992904,0.));
#4254=DIRECTION('',(0.,0.,1.));
#4255=DIRECTION('center_axis',(0.,0.,1.));
#4256=DIRECTION('ref_axis',(-0.91439484249829,-0.404823507238065,0.));
#4257=DIRECTION('center_axis',(0.,0.,1.));
#4258=DIRECTION('ref_axis',(-0.91439484249829,-0.404823507238065,0.));
#4259=DIRECTION('center_axis',(0.,0.,1.));
#4260=DIRECTION('ref_axis',(-0.91439484249829,-0.404823507238065,0.));
#4261=DIRECTION('center_axis',(0.,0.,1.));
#4262=DIRECTION('ref_axis',(1.,0.,0.));
#4263=DIRECTION('center_axis',(0.,0.,1.));
#4264=DIRECTION('ref_axis',(1.,0.,0.));
#4265=DIRECTION('axis',(0.,0.,1.));
#4266=DIRECTION('refdir',(1.,0.,0.));
#4267=DIRECTION('',(0.,-1.,0.));
#4268=DIRECTION('center_axis',(0.,1.,0.));
#4269=DIRECTION('ref_axis',(-0.0014679811700483,0.,-0.999998922515062));
#4270=DIRECTION('',(0.,-1.,0.));
#4271=DIRECTION('center_axis',(0.,1.,0.));
#4272=DIRECTION('ref_axis',(-0.0014679811700483,0.,-0.999998922515062));
#4273=DIRECTION('',(0.,1.,0.));
#4274=DIRECTION('center_axis',(0.,1.,0.));
#4275=DIRECTION('ref_axis',(-0.0014679811700483,0.,-0.999998922515062));
#4276=DIRECTION('',(0.,-1.,0.));
#4277=DIRECTION('center_axis',(0.,1.,0.));
#4278=DIRECTION('ref_axis',(1.,0.,0.));
#4279=DIRECTION('',(0.,0.,-1.));
#4280=DIRECTION('center_axis',(0.,1.,0.));
#4281=DIRECTION('ref_axis',(0.487663561697134,0.,-0.873031643523226));
#4282=DIRECTION('center_axis',(0.,1.,0.));
#4283=DIRECTION('ref_axis',(1.,0.,0.));
#4284=DIRECTION('',(1.,0.,0.));
#4285=DIRECTION('center_axis',(0.,1.,0.));
#4286=DIRECTION('ref_axis',(1.,0.,0.));
#4287=DIRECTION('',(0.,0.,1.));
#4288=DIRECTION('center_axis',(0.,1.,0.));
#4289=DIRECTION('ref_axis',(0.709756020756118,0.,-0.704447578603576));
#4290=DIRECTION('center_axis',(0.,-1.,0.));
#4291=DIRECTION('ref_axis',(0.709756020756118,0.,-0.704447578603576));
#4292=DIRECTION('',(0.,-1.,0.));
#4293=DIRECTION('center_axis',(1.,0.,0.));
#4294=DIRECTION('ref_axis',(0.,-0.995881275887889,-0.0906668866561056));
#4295=DIRECTION('center_axis',(1.,0.,0.));
#4296=DIRECTION('ref_axis',(0.,-0.995881275887889,-0.0906668866561056));
#4297=DIRECTION('',(1.,0.,0.));
#4298=DIRECTION('center_axis',(0.,0.,-1.));
#4299=DIRECTION('ref_axis',(-1.,0.,0.));
#4300=DIRECTION('center_axis',(0.,0.,-1.));
#4301=DIRECTION('ref_axis',(1.,0.,0.));
#4302=DIRECTION('',(0.,0.,-1.));
#4303=DIRECTION('center_axis',(0.,0.,-1.));
#4304=DIRECTION('ref_axis',(-1.,0.,0.));
#4305=DIRECTION('center_axis',(0.,0.,-1.));
#4306=DIRECTION('ref_axis',(-1.,0.,0.));
#4307=DIRECTION('center_axis',(0.,0.,-1.));
#4308=DIRECTION('ref_axis',(1.,0.,0.));
#4309=DIRECTION('center_axis',(0.,0.,-1.));
#4310=DIRECTION('ref_axis',(1.,0.,0.));
#4311=DIRECTION('center_axis',(1.,0.,0.));
#4312=DIRECTION('ref_axis',(0.,-0.995881275887889,-0.0906668866561056));
#4313=DIRECTION('',(1.,0.,0.));
#4314=DIRECTION('center_axis',(0.,-1.,0.));
#4315=DIRECTION('ref_axis',(0.692187118432994,0.,-0.721718084209775));
#4316=DIRECTION('center_axis',(0.,-1.,0.));
#4317=DIRECTION('ref_axis',(-0.123947693485216,0.,-0.992288752974503));
#4318=DIRECTION('',(0.,-1.,0.));
#4319=DIRECTION('',(0.,-1.,0.));
#4320=DIRECTION('center_axis',(0.792319308577254,0.,-0.61010664088802));
#4321=DIRECTION('ref_axis',(0.,1.,0.));
#4322=DIRECTION('center_axis',(1.,0.,-1.63810650305471E-13));
#4323=DIRECTION('ref_axis',(0.,1.,0.));
#4324=DIRECTION('center_axis',(0.,0.,1.));
#4325=DIRECTION('ref_axis',(1.,0.,0.));
#4326=DIRECTION('center_axis',(0.,-1.,0.));
#4327=DIRECTION('ref_axis',(-1.,0.,0.));
#4328=DIRECTION('center_axis',(1.,0.,0.));
#4329=DIRECTION('ref_axis',(0.,0.987685380707918,0.15645315188853));
#4330=DIRECTION('',(-1.,0.,0.));
#4331=DIRECTION('',(1.,0.,0.));
#4332=DIRECTION('center_axis',(1.,0.,0.));
#4333=DIRECTION('ref_axis',(0.,1.,0.));
#4334=DIRECTION('',(-1.,0.,0.));
#4335=DIRECTION('center_axis',(0.792319308577092,0.,0.61010664088823));
#4336=DIRECTION('ref_axis',(0.,1.,0.));
#4337=DIRECTION('center_axis',(0.,0.,1.));
#4338=DIRECTION('ref_axis',(1.,0.,0.));
#4339=DIRECTION('center_axis',(0.,1.,0.));
#4340=DIRECTION('ref_axis',(1.,0.,0.));
#4341=DIRECTION('center_axis',(0.,-1.,0.));
#4342=DIRECTION('ref_axis',(0.501775968517029,0.,-0.864997617001803));
#4343=DIRECTION('center_axis',(0.,1.,0.));
#4344=DIRECTION('ref_axis',(0.977969410085673,0.,-0.208748252535632));
#4345=DIRECTION('center_axis',(0.,-1.,0.));
#4346=DIRECTION('ref_axis',(-0.946750832421837,0.,0.321967174271787));
#4347=DIRECTION('',(1.,0.,0.));
#4348=DIRECTION('center_axis',(0.,-1.,0.));
#4349=DIRECTION('ref_axis',(0.151196228808032,0.,0.988503768528087));
#4350=DIRECTION('center_axis',(0.,1.,0.));
#4351=DIRECTION('ref_axis',(-0.977969410085673,0.,-0.208748252535632));
#4352=DIRECTION('center_axis',(0.,-1.,0.));
#4353=DIRECTION('ref_axis',(-0.501775968517029,0.,-0.864997617001803));
#4354=DIRECTION('center_axis',(0.,-1.,0.));
#4355=DIRECTION('ref_axis',(0.487663561697134,0.,-0.873031643523226));
#4356=DIRECTION('center_axis',(0.,-1.,0.));
#4357=DIRECTION('ref_axis',(0.151196228808032,0.,0.988503768528087));
#4358=DIRECTION('center_axis',(0.,-1.,0.));
#4359=DIRECTION('ref_axis',(-0.946750832421837,0.,0.321967174271787));
#4360=DIRECTION('center_axis',(0.,-1.,0.));
#4361=DIRECTION('ref_axis',(0.775760490847587,0.,-0.631027464410156));
#4362=DIRECTION('center_axis',(0.,-1.,0.));
#4363=DIRECTION('ref_axis',(0.,0.,-1.));
#4364=DIRECTION('center_axis',(-0.864997617001803,0.,0.501775968517029));
#4365=DIRECTION('ref_axis',(-0.501775968517029,0.,-0.864997617001803));
#4366=DIRECTION('center_axis',(0.,-1.,0.));
#4367=DIRECTION('ref_axis',(-0.977969410085673,0.,-0.208748252535632));
#4368=DIRECTION('center_axis',(0.,-1.,0.));
#4369=DIRECTION('ref_axis',(0.487663561697134,0.,-0.873031643523226));
#4370=DIRECTION('',(0.,-1.,0.));
#4371=DIRECTION('',(0.,1.,0.));
#4372=DIRECTION('',(0.,-1.,0.));
#4373=DIRECTION('center_axis',(0.,-1.,0.));
#4374=DIRECTION('ref_axis',(-0.501775968517029,0.,-0.864997617001803));
#4375=DIRECTION('center_axis',(0.,-1.,0.));
#4376=DIRECTION('ref_axis',(0.,0.,-1.));
#4377=DIRECTION('center_axis',(0.864997617001803,0.,0.501775968517029));
#4378=DIRECTION('ref_axis',(0.,-1.,0.));
#4379=DIRECTION('center_axis',(0.,-1.,0.));
#4380=DIRECTION('ref_axis',(0.977969410085673,0.,-0.208748252535632));
#4381=DIRECTION('center_axis',(0.,-1.,0.));
#4382=DIRECTION('ref_axis',(-0.946750832421837,0.,0.321967174271787));
#4383=DIRECTION('center_axis',(0.,-1.,0.));
#4384=DIRECTION('ref_axis',(0.151196228808032,0.,0.988503768528087));
#4385=DIRECTION('center_axis',(0.,-1.,0.));
#4386=DIRECTION('ref_axis',(0.151196228808032,0.,0.988503768528087));
#4387=DIRECTION('center_axis',(0.,-1.,0.));
#4388=DIRECTION('ref_axis',(0.775760490847587,0.,-0.631027464410156));
#4389=DIRECTION('',(0.,-1.,0.));
#4390=DIRECTION('',(0.,-1.,0.));
#4391=DIRECTION('center_axis',(0.,-1.,0.));
#4392=DIRECTION('ref_axis',(-0.946750832421837,0.,0.321967174271787));
#4393=DIRECTION('center_axis',(0.,-1.,0.));
#4394=DIRECTION('ref_axis',(0.81122285531265,0.,0.584737102481441));
#4395=DIRECTION('center_axis',(0.,1.,0.));
#4396=DIRECTION('ref_axis',(0.81122285531265,0.,0.584737102481441));
#4397=DIRECTION('center_axis',(0.,1.,0.));
#4398=DIRECTION('ref_axis',(1.,0.,0.));
#4399=DIRECTION('center_axis',(1.,0.,0.));
#4400=DIRECTION('ref_axis',(0.,-0.995881275887889,-0.0906668866561056));
#4401=DIRECTION('center_axis',(1.,0.,0.));
#4402=DIRECTION('ref_axis',(0.,-0.995881275887889,-0.0906668866561056));
#4403=DIRECTION('center_axis',(0.,1.,0.));
#4404=DIRECTION('ref_axis',(-1.,0.,0.));
#4405=DIRECTION('center_axis',(0.,0.,1.));
#4406=DIRECTION('ref_axis',(1.,0.,0.));
#4407=DIRECTION('center_axis',(0.,1.,0.));
#4408=DIRECTION('ref_axis',(1.,0.,0.));
#4409=DIRECTION('center_axis',(0.,-1.,0.));
#4410=DIRECTION('ref_axis',(1.,0.,0.));
#4411=DIRECTION('center_axis',(0.,1.,0.));
#4412=DIRECTION('ref_axis',(-1.,0.,0.));
#4413=DIRECTION('center_axis',(0.,0.,1.));
#4414=DIRECTION('ref_axis',(1.,0.,0.));
#4415=DIRECTION('center_axis',(0.,1.,0.));
#4416=DIRECTION('ref_axis',(1.,0.,0.));
#4417=DIRECTION('center_axis',(0.,-1.,0.));
#4418=DIRECTION('ref_axis',(1.,0.,0.));
#4419=DIRECTION('center_axis',(0.,-1.,0.));
#4420=DIRECTION('ref_axis',(0.,0.,-1.));
#4421=DIRECTION('center_axis',(0.195939165587623,0.,-0.98061605299364));
#4422=DIRECTION('ref_axis',(0.,-1.,0.));
#4423=DIRECTION('center_axis',(0.,-1.,0.));
#4424=DIRECTION('ref_axis',(-0.864574683069721,0.,-0.502504345647768));
#4425=DIRECTION('center_axis',(-0.875161656944786,0.,0.483830625543336));
#4426=DIRECTION('ref_axis',(-0.483830625543336,0.,-0.875161656944786));
#4427=DIRECTION('center_axis',(0.,1.,0.));
#4428=DIRECTION('ref_axis',(-0.864574683069721,0.,-0.502504345647767));
#4429=DIRECTION('center_axis',(0.,-1.,0.));
#4430=DIRECTION('ref_axis',(0.,0.,-1.));
#4431=DIRECTION('center_axis',(0.,1.,0.));
#4432=DIRECTION('ref_axis',(-0.446277074238148,0.,-0.894894839078558));
#4433=DIRECTION('center_axis',(0.,-1.,0.));
#4434=DIRECTION('ref_axis',(-0.446277074238148,0.,-0.894894839078558));
#4435=DIRECTION('center_axis',(-0.0128009757262919,0.,-0.999918064153486));
#4436=DIRECTION('ref_axis',(0.,-1.,0.));
#4437=DIRECTION('center_axis',(0.,-1.,0.));
#4438=DIRECTION('ref_axis',(0.,0.,-1.));
#4439=DIRECTION('center_axis',(0.,-1.,0.));
#4440=DIRECTION('ref_axis',(0.346526000974456,0.,-0.938040367280988));
#4441=DIRECTION('center_axis',(-0.904609621648277,0.,-0.426241049667159));
#4442=DIRECTION('ref_axis',(0.426241049667159,0.,-0.904609621648277));
#4443=DIRECTION('center_axis',(0.,1.,0.));
#4444=DIRECTION('ref_axis',(0.346526000974456,0.,-0.938040367280988));
#4445=DIRECTION('center_axis',(0.,-1.,0.));
#4446=DIRECTION('ref_axis',(0.,0.,-1.));
#4447=DIRECTION('center_axis',(0.032327837032054,0.,-0.999477318878637));
#4448=DIRECTION('ref_axis',(0.999477318878637,0.,0.032327837032054));
#4449=DIRECTION('center_axis',(0.,1.,0.));
#4450=DIRECTION('ref_axis',(0.853012993436684,0.,-0.521889675150014));
#4451=DIRECTION('center_axis',(0.,-1.,0.));
#4452=DIRECTION('ref_axis',(0.853012993436684,0.,-0.521889675150014));
#4453=DIRECTION('center_axis',(0.,-1.,0.));
#4454=DIRECTION('ref_axis',(0.,0.,-1.));
#4455=DIRECTION('center_axis',(0.766442564709572,0.,-0.642312848230061));
#4456=DIRECTION('ref_axis',(0.642312848230061,0.,0.766442564709572));
#4457=DIRECTION('center_axis',(0.,1.,0.));
#4458=DIRECTION('ref_axis',(0.899221800531972,0.,0.437493032456563));
#4459=DIRECTION('center_axis',(0.,-1.,0.));
#4460=DIRECTION('ref_axis',(0.899221800531972,0.,0.437493032456563));
#4461=DIRECTION('center_axis',(0.,-1.,0.));
#4462=DIRECTION('ref_axis',(0.00651922981667297,0.,0.999978749595509));
#4463=DIRECTION('center_axis',(0.774752008720088,0.,0.632265233097778));
#4464=DIRECTION('ref_axis',(-0.632265233097778,0.,0.774752008720088));
#4465=DIRECTION('center_axis',(0.,1.,0.));
#4466=DIRECTION('ref_axis',(0.0065192298166731,0.,0.999978749595509));
#4467=DIRECTION('center_axis',(0.,-1.,0.));
#4468=DIRECTION('ref_axis',(0.0065192298166731,0.,0.999978749595509));
#4469=DIRECTION('center_axis',(0.,-1.,0.));
#4470=DIRECTION('ref_axis',(0.,0.,-1.));
#4471=DIRECTION('center_axis',(0.0430025471861197,0.,0.999074962620676));
#4472=DIRECTION('ref_axis',(-0.999074962620676,2.62591880606993E-13,0.0430025471861197));
#4473=DIRECTION('center_axis',(0.,1.,0.));
#4474=DIRECTION('ref_axis',(-0.900641295397538,0.,0.434563294612701));
#4475=DIRECTION('center_axis',(0.,-1.,0.));
#4476=DIRECTION('ref_axis',(-0.900641295397538,0.,0.4345632946127));
#4477=DIRECTION('center_axis',(0.,-1.,0.));
#4478=DIRECTION('ref_axis',(0.42624104966716,0.,-0.904609621648276));
#4479=DIRECTION('',(0.,-1.,0.));
#4480=DIRECTION('center_axis',(0.,-1.,0.));
#4481=DIRECTION('ref_axis',(-0.483830625543336,0.,-0.875161656944786));
#4482=DIRECTION('center_axis',(0.,-1.,0.));
#4483=DIRECTION('ref_axis',(-0.999918287055635,0.,0.0127835523906757));
#4484=DIRECTION('',(0.,-1.,0.));
#4485=DIRECTION('center_axis',(0.,-1.,0.));
#4486=DIRECTION('ref_axis',(-0.632265233097781,0.,0.774752008720086));
#4487=DIRECTION('',(0.,-1.,0.));
#4488=DIRECTION('center_axis',(0.,-1.,0.));
#4489=DIRECTION('ref_axis',(0.642312848230062,0.,0.766442564709571));
#4490=DIRECTION('',(0.,-1.,0.));
#4491=DIRECTION('center_axis',(0.,-1.,0.));
#4492=DIRECTION('ref_axis',(0.999477318878637,0.,0.0323278370320551));
#4493=DIRECTION('',(0.,-1.,0.));
#4494=DIRECTION('center_axis',(0.,-1.,0.));
#4495=DIRECTION('ref_axis',(0.42624104966716,0.,-0.904609621648276));
#4496=DIRECTION('center_axis',(0.,-1.,0.));
#4497=DIRECTION('ref_axis',(0.,0.,-1.));
#4498=DIRECTION('center_axis',(-0.0430025471861237,0.,0.999074962620676));
#4499=DIRECTION('ref_axis',(0.,-1.,0.));
#4500=DIRECTION('center_axis',(0.,-1.,0.));
#4501=DIRECTION('ref_axis',(0.900641295397538,0.,0.434563294612701));
#4502=DIRECTION('center_axis',(0.774752008720086,0.,-0.632265233097781));
#4503=DIRECTION('ref_axis',(0.632265233097781,0.,0.774752008720086));
#4504=DIRECTION('center_axis',(0.,1.,0.));
#4505=DIRECTION('ref_axis',(0.900641295397538,0.,0.434563294612701));
#4506=DIRECTION('center_axis',(0.,-1.,0.));
#4507=DIRECTION('ref_axis',(-0.00651922981667349,0.,0.999978749595509));
#4508=DIRECTION('center_axis',(0.766442564709568,0.,0.642312848230066));
#4509=DIRECTION('ref_axis',(-0.642312848230066,0.,0.766442564709568));
#4510=DIRECTION('center_axis',(0.,1.,0.));
#4511=DIRECTION('ref_axis',(-0.00651922981667311,0.,0.999978749595509));
#4512=DIRECTION('center_axis',(0.,-1.,0.));
#4513=DIRECTION('ref_axis',(-0.00651922981667311,0.,0.999978749595509));
#4514=DIRECTION('center_axis',(0.,-1.,0.));
#4515=DIRECTION('ref_axis',(0.,0.,-1.));
#4516=DIRECTION('center_axis',(0.032327837032054,0.,0.999477318878637));
#4517=DIRECTION('ref_axis',(-0.999477318878637,0.,0.032327837032054));
#4518=DIRECTION('center_axis',(0.,1.,0.));
#4519=DIRECTION('ref_axis',(-0.899221800531972,0.,0.437493032456563));
#4520=DIRECTION('center_axis',(0.,-1.,0.));
#4521=DIRECTION('ref_axis',(-0.899221800531972,0.,0.437493032456563));
#4522=DIRECTION('center_axis',(0.,-1.,0.));
#4523=DIRECTION('ref_axis',(0.,0.,-1.));
#4524=DIRECTION('center_axis',(-0.904609621648275,0.,0.426241049667163));
#4525=DIRECTION('ref_axis',(-0.426241049667163,0.,-0.904609621648275));
#4526=DIRECTION('center_axis',(0.,1.,0.));
#4527=DIRECTION('ref_axis',(-0.853012993436684,0.,-0.521889675150014));
#4528=DIRECTION('center_axis',(0.,-1.,0.));
#4529=DIRECTION('ref_axis',(-0.853012993436684,0.,-0.521889675150014));
#4530=DIRECTION('center_axis',(0.,-1.,0.));
#4531=DIRECTION('ref_axis',(0.,0.,-1.));
#4532=DIRECTION('center_axis',(0.,1.,0.));
#4533=DIRECTION('ref_axis',(-0.346526000974452,0.,-0.93804036728099));
#4534=DIRECTION('center_axis',(0.,-1.,0.));
#4535=DIRECTION('ref_axis',(-0.346526000974452,0.,-0.93804036728099));
#4536=DIRECTION('center_axis',(-0.0128009757262842,0.,0.999918064153486));
#4537=DIRECTION('ref_axis',(0.,-1.,0.));
#4538=DIRECTION('center_axis',(0.,-1.,0.));
#4539=DIRECTION('ref_axis',(0.,0.,-1.));
#4540=DIRECTION('center_axis',(-0.875161656944786,0.,-0.483830625543337));
#4541=DIRECTION('ref_axis',(0.483830625543337,0.,-0.875161656944786));
#4542=DIRECTION('center_axis',(0.,1.,0.));
#4543=DIRECTION('ref_axis',(0.446277074238148,0.,-0.894894839078558));
#4544=DIRECTION('center_axis',(0.,-1.,0.));
#4545=DIRECTION('ref_axis',(0.446277074238148,0.,-0.894894839078558));
#4546=DIRECTION('center_axis',(0.,-1.,0.));
#4547=DIRECTION('ref_axis',(0.,0.,-1.));
#4548=DIRECTION('center_axis',(-0.195939165587626,0.,-0.98061605299364));
#4549=DIRECTION('ref_axis',(0.98061605299364,3.07695897746547E-11,-0.195939165587626));
#4550=DIRECTION('center_axis',(0.,1.,0.));
#4551=DIRECTION('ref_axis',(0.864574683069721,0.,-0.502504345647768));
#4552=DIRECTION('center_axis',(0.,-1.,0.));
#4553=DIRECTION('ref_axis',(0.864574683069721,0.,-0.502504345647768));
#4554=DIRECTION('center_axis',(0.,-1.,0.));
#4555=DIRECTION('ref_axis',(0.483830625543339,0.,-0.875161656944785));
#4556=DIRECTION('',(0.,-1.,0.));
#4557=DIRECTION('center_axis',(0.,-1.,0.));
#4558=DIRECTION('ref_axis',(-0.426241049667162,0.,-0.904609621648276));
#4559=DIRECTION('',(0.,-1.,0.));
#4560=DIRECTION('center_axis',(0.,-1.,0.));
#4561=DIRECTION('ref_axis',(-0.999477318878637,0.,0.0323278370320552));
#4562=DIRECTION('',(0.,-1.,0.));
#4563=DIRECTION('center_axis',(0.,-1.,0.));
#4564=DIRECTION('ref_axis',(-0.642312848230065,0.,0.766442564709569));
#4565=DIRECTION('',(0.,-1.,0.));
#4566=DIRECTION('center_axis',(0.,-1.,0.));
#4567=DIRECTION('ref_axis',(0.632265233097781,0.,0.774752008720086));
#4568=DIRECTION('center_axis',(0.,-1.,0.));
#4569=DIRECTION('ref_axis',(0.999918287055635,0.,0.01278355239068));
#4570=DIRECTION('',(0.,-1.,0.));
#4571=DIRECTION('center_axis',(0.,-1.,0.));
#4572=DIRECTION('ref_axis',(0.483830625543339,0.,-0.875161656944785));
#4573=DIRECTION('center_axis',(0.,1.,0.));
#4574=DIRECTION('ref_axis',(1.,0.,0.));
#4575=DIRECTION('',(-1.,0.,0.));
#4576=DIRECTION('center_axis',(1.,0.,0.));
#4577=DIRECTION('ref_axis',(0.,-0.640999660411359,0.767541161992321));
#4578=DIRECTION('',(-1.,0.,0.));
#4579=DIRECTION('center_axis',(1.,0.,0.));
#4580=DIRECTION('ref_axis',(0.,-0.640999660411359,0.767541161992321));
#4581=DIRECTION('',(1.,0.,0.));
#4582=DIRECTION('',(-1.,0.,0.));
#4583=DIRECTION('center_axis',(1.,0.,0.));
#4584=DIRECTION('ref_axis',(0.,-0.72845292608626,0.685095857874185));
#4585=DIRECTION('center_axis',(0.,1.,0.));
#4586=DIRECTION('ref_axis',(1.,0.,0.));
#4587=DIRECTION('center_axis',(1.,0.,0.));
#4588=DIRECTION('ref_axis',(0.,-0.640999660411359,0.767541161992321));
#4589=DIRECTION('',(-1.,0.,0.));
#4590=DIRECTION('center_axis',(-6.06619691750164E-15,-1.,1.33384552552947E-15));
#4591=DIRECTION('ref_axis',(-0.548170123146925,4.44089209850061E-15,0.836366854968013));
#4592=DIRECTION('center_axis',(1.81339103022373E-14,-1.,4.03501629128498E-15));
#4593=DIRECTION('ref_axis',(0.85139592998643,1.33226762955019E-14,-0.524523565154648));
#4594=DIRECTION('center_axis',(0.,-1.,0.));
#4595=DIRECTION('ref_axis',(0.,0.,-1.));
#4596=DIRECTION('center_axis',(-0.721718084209775,0.,-0.692187118432994));
#4597=DIRECTION('ref_axis',(0.692187118432995,0.,-0.721718084209775));
#4598=DIRECTION('center_axis',(0.,1.,0.));
#4599=DIRECTION('ref_axis',(-0.123947693485216,0.,-0.992288752974503));
#4600=DIRECTION('center_axis',(0.,-1.,0.));
#4601=DIRECTION('ref_axis',(0.,0.,-1.));
#4602=DIRECTION('center_axis',(0.,1.,0.));
#4603=DIRECTION('ref_axis',(0.778063992502101,0.,-0.628185023358318));
#4604=DIRECTION('center_axis',(0.,-1.,0.));
#4605=DIRECTION('ref_axis',(0.778063992502101,0.,-0.628185023358318));
#4606=DIRECTION('center_axis',(0.,-1.,0.));
#4607=DIRECTION('ref_axis',(0.000287801251552879,0.,0.999999958585219));
#4608=DIRECTION('center_axis',(0.,1.,0.));
#4609=DIRECTION('ref_axis',(0.000287801251552486,0.,0.999999958585219));
#4610=DIRECTION('center_axis',(0.,-1.,0.));
#4611=DIRECTION('ref_axis',(0.000287801251552486,0.,0.999999958585219));
#4612=DIRECTION('center_axis',(0.,-1.,0.));
#4613=DIRECTION('ref_axis',(-0.848449894565446,0.,-0.529275709259251));
#4614=DIRECTION('',(0.,-1.,0.));
#4615=DIRECTION('center_axis',(0.,-1.,0.));
#4616=DIRECTION('ref_axis',(-0.548170123146927,0.,0.836366854968012));
#4617=DIRECTION('',(0.,-1.,0.));
#4618=DIRECTION('center_axis',(0.,-1.,0.));
#4619=DIRECTION('ref_axis',(0.548651447172842,0.,0.83605118833427));
#4620=DIRECTION('',(0.,-1.,0.));
#4621=DIRECTION('center_axis',(0.,1.,0.));
#4622=DIRECTION('ref_axis',(1.,0.,0.));
#4623=DIRECTION('center_axis',(0.,-1.,0.));
#4624=DIRECTION('ref_axis',(0.85139592998643,0.,-0.524523565154647));
#4625=DIRECTION('center_axis',(0.,0.,-1.));
#4626=DIRECTION('ref_axis',(-1.,0.,0.));
#4627=DIRECTION('',(-1.,0.,0.));
#4628=DIRECTION('',(1.,0.,0.));
#4629=DIRECTION('',(-1.,0.,0.));
#4630=DIRECTION('center_axis',(0.,0.,1.));
#4631=DIRECTION('ref_axis',(1.,0.,0.));
#4632=DIRECTION('center_axis',(1.,0.,0.));
#4633=DIRECTION('ref_axis',(0.,0.251174085617774,0.967941929412129));
#4634=DIRECTION('center_axis',(1.,0.,0.));
#4635=DIRECTION('ref_axis',(0.,0.251174085617774,0.967941929412129));
#4636=DIRECTION('center_axis',(1.,0.,0.));
#4637=DIRECTION('ref_axis',(0.,-0.356931934791712,0.934130394498458));
#4638=DIRECTION('center_axis',(1.,0.,0.));
#4639=DIRECTION('ref_axis',(0.,0.822639404322602,-0.56856346211813));
#4640=DIRECTION('center_axis',(0.,0.,1.));
#4641=DIRECTION('ref_axis',(-1.,0.,0.));
#4642=DIRECTION('center_axis',(0.,1.,0.));
#4643=DIRECTION('ref_axis',(-0.561394730553142,0.,-0.8275481596301));
#4644=DIRECTION('',(0.,-1.,0.));
#4645=DIRECTION('center_axis',(0.,1.,0.));
#4646=DIRECTION('ref_axis',(-0.92757465340151,0.,-0.373637875980297));
#4647=DIRECTION('',(0.,1.,0.));
#4648=DIRECTION('center_axis',(0.,1.,0.));
#4649=DIRECTION('ref_axis',(-0.561394730553142,0.,-0.8275481596301));
#4650=DIRECTION('center_axis',(0.,1.,0.));
#4651=DIRECTION('ref_axis',(0.983100977282631,0.,0.183064110261779));
#4652=DIRECTION('',(0.,-1.,0.));
#4653=DIRECTION('center_axis',(0.,1.,0.));
#4654=DIRECTION('ref_axis',(0.822633487206095,0.,0.568572023341933));
#4655=DIRECTION('',(0.,1.,0.));
#4656=DIRECTION('center_axis',(0.,1.,0.));
#4657=DIRECTION('ref_axis',(0.902905273280854,0.,0.429839583428081));
#4658=DIRECTION('center_axis',(3.29497633924231E-15,1.,-7.33992094165029E-15));
#4659=DIRECTION('ref_axis',(-0.824579042735489,6.86950496486813E-15,0.565746765153301));
#4660=DIRECTION('center_axis',(0.565746765153305,0.,0.824579042735487));
#4661=DIRECTION('ref_axis',(-0.583065432742574,0.707106781186547,0.400043374074256));
#4662=DIRECTION('',(-0.565746765153305,0.,-0.824579042735486));
#4663=DIRECTION('',(0.565746765153305,0.,0.824579042735486));
#4664=DIRECTION('center_axis',(0.,1.,0.));
#4665=DIRECTION('ref_axis',(0.,0.,1.));
#4666=DIRECTION('center_axis',(0.,1.,0.));
#4667=DIRECTION('ref_axis',(0.999984641156729,0.,0.00554233259996232));
#4668=DIRECTION('center_axis',(0.,-1.,0.));
#4669=DIRECTION('ref_axis',(0.999984641156729,0.,0.00554233259996232));
#4670=DIRECTION('center_axis',(0.,1.,0.));
#4671=DIRECTION('ref_axis',(1.,0.,0.));
#4672=DIRECTION('center_axis',(-1.55740506369249E-14,1.,-3.56822176639726E-14));
#4673=DIRECTION('ref_axis',(-0.915790808802078,6.93889390390724E-17,0.40165556701437));
#4674=DIRECTION('center_axis',(0.,1.,0.));
#4675=DIRECTION('ref_axis',(0.,0.,1.));
#4676=DIRECTION('center_axis',(0.,-1.,0.));
#4677=DIRECTION('ref_axis',(-0.999858812163597,0.,0.0168034442541058));
#4678=DIRECTION('center_axis',(0.,1.,0.));
#4679=DIRECTION('ref_axis',(-0.999858812163597,0.,0.0168034442541058));
#4680=DIRECTION('center_axis',(0.565746765153305,0.,-0.824579042735487));
#4681=DIRECTION('ref_axis',(0.583065432742573,0.707106781186548,0.400043374074256));
#4682=DIRECTION('',(0.565746765153305,0.,-0.824579042735486));
#4683=DIRECTION('',(-0.565746765153305,0.,0.824579042735486));
#4684=DIRECTION('center_axis',(0.,1.,0.));
#4685=DIRECTION('ref_axis',(1.,0.,0.));
#4686=DIRECTION('center_axis',(-2.10020474169521E-15,-1.,4.78855107958234E-15));
#4687=DIRECTION('ref_axis',(0.91579080880207,0.,0.401655567014388));
#4688=DIRECTION('center_axis',(0.,-1.,0.));
#4689=DIRECTION('ref_axis',(0.0938689346584369,0.,0.995584563513361));
#4690=DIRECTION('',(0.,-1.,0.));
#4691=DIRECTION('',(0.,1.,0.));
#4692=DIRECTION('center_axis',(-1.7587200444081E-15,1.,1.01922738662823E-14));
#4693=DIRECTION('ref_axis',(-0.824579042735486,-7.21644966006355E-15,0.565746765153306));
#4694=DIRECTION('center_axis',(0.,-1.,0.));
#4695=DIRECTION('ref_axis',(0.187272917008727,0.,0.982307922473927));
#4696=DIRECTION('center_axis',(0.,-1.,0.));
#4697=DIRECTION('ref_axis',(0.187272917008727,0.,0.982307922473927));
#4698=DIRECTION('',(0.,-1.,0.));
#4699=DIRECTION('',(0.,1.,0.));
#4700=DIRECTION('center_axis',(0.,1.,0.));
#4701=DIRECTION('ref_axis',(1.,0.,0.));
#4702=DIRECTION('',(-0.565746765153304,0.,-0.824579042735487));
#4703=DIRECTION('',(0.717108299993421,0.,-0.696961753671279));
#4704=DIRECTION('center_axis',(0.,1.,0.));
#4705=DIRECTION('ref_axis',(0.964389593867974,0.,0.264485748650405));
#4706=DIRECTION('center_axis',(0.824579042735487,0.,-0.565746765153304));
#4707=DIRECTION('ref_axis',(0.565746765153304,0.,0.824579042735487));
#4708=DIRECTION('',(0.565746765153304,0.,0.824579042735487));
#4709=DIRECTION('',(0.,-1.,0.));
#4710=DIRECTION('center_axis',(0.,-1.,0.));
#4711=DIRECTION('ref_axis',(0.902773337549823,0.,0.430116613268023));
#4712=DIRECTION('center_axis',(0.,-1.,0.));
#4713=DIRECTION('ref_axis',(0.999841096953179,0.,0.0178264085969166));
#4714=DIRECTION('center_axis',(0.,-1.,0.));
#4715=DIRECTION('ref_axis',(0.,0.,-1.));
#4716=DIRECTION('center_axis',(0.,-1.,0.));
#4717=DIRECTION('ref_axis',(0.,0.,1.));
#4718=DIRECTION('center_axis',(0.565746765153304,0.,0.824579042735487));
#4719=DIRECTION('ref_axis',(0.583065432742573,-0.707106781186547,-0.400043374074258));
#4720=DIRECTION('',(0.565746765153304,0.,0.824579042735487));
#4721=DIRECTION('center_axis',(-0.696961753671279,0.,-0.717108299993421));
#4722=DIRECTION('ref_axis',(0.717108299993421,6.38314802112131E-16,-0.696961753671279));
#4723=DIRECTION('center_axis',(-0.565746765153305,0.,-0.824579042735487));
#4724=DIRECTION('ref_axis',(-0.583065432742577,-0.707106781186546,0.400043374074253));
#4725=DIRECTION('',(-0.565746765153305,0.,-0.824579042735486));
#4726=DIRECTION('center_axis',(-2.62525592711906E-15,-1.,-5.98568884947795E-15));
#4727=DIRECTION('ref_axis',(0.82457904273548,-5.55111512312589E-15,0.565746765153314));
#4728=DIRECTION('center_axis',(0.,1.,0.));
#4729=DIRECTION('ref_axis',(-0.0938689346584335,0.,0.995584563513362));
#4730=DIRECTION('',(0.,-1.,0.));
#4731=DIRECTION('',(0.,1.,0.));
#4732=DIRECTION('center_axis',(2.69034806129628E-15,1.,1.17780250430358E-14));
#4733=DIRECTION('ref_axis',(-0.974890356148587,0.,0.222685413730854));
#4734=DIRECTION('center_axis',(0.,-1.,0.));
#4735=DIRECTION('ref_axis',(-0.187272917008706,0.,0.982307922473931));
#4736=DIRECTION('center_axis',(0.,-1.,0.));
#4737=DIRECTION('ref_axis',(-0.187272917008706,0.,0.982307922473931));
#4738=DIRECTION('',(0.,-1.,0.));
#4739=DIRECTION('',(0.,1.,0.));
#4740=DIRECTION('center_axis',(0.,1.,0.));
#4741=DIRECTION('ref_axis',(1.,0.,0.));
#4742=DIRECTION('center_axis',(0.,1.,0.));
#4743=DIRECTION('ref_axis',(-0.952350849763584,0.,-0.305004686774778));
#4744=DIRECTION('',(-0.717108299993421,0.,-0.696961753671279));
#4745=DIRECTION('',(-0.717108299993421,0.,-0.696961753671279));
#4746=DIRECTION('',(0.565746765153304,0.,-0.824579042735487));
#4747=DIRECTION('center_axis',(0.,-1.,0.));
#4748=DIRECTION('ref_axis',(-0.952350849763584,0.,-0.305004686774778));
#4749=DIRECTION('center_axis',(0.,1.,0.));
#4750=DIRECTION('ref_axis',(-0.999776635590878,0.,-0.0211347800221442));
#4751=DIRECTION('',(0.,-1.,0.));
#4752=DIRECTION('center_axis',(0.824579042735487,0.,0.565746765153305));
#4753=DIRECTION('ref_axis',(-0.565746765153305,0.,0.824579042735486));
#4754=DIRECTION('',(-0.565746765153305,0.,0.824579042735486));
#4755=DIRECTION('center_axis',(-0.565746765153305,0.,0.824579042735487));
#4756=DIRECTION('ref_axis',(0.583065432742573,-0.707106781186549,0.400043374074255));
#4757=DIRECTION('',(0.565746765153304,0.,-0.824579042735487));
#4758=DIRECTION('center_axis',(0.,1.,0.));
#4759=DIRECTION('ref_axis',(0.,0.,1.));
#4760=DIRECTION('center_axis',(0.,-1.,0.));
#4761=DIRECTION('ref_axis',(0.,0.,1.));
#4762=DIRECTION('center_axis',(0.,-1.,0.));
#4763=DIRECTION('ref_axis',(0.,0.,-1.));
#4764=DIRECTION('center_axis',(0.,-1.,0.));
#4765=DIRECTION('ref_axis',(-0.999576904624496,0.,0.0290862809811096));
#4766=DIRECTION('center_axis',(-0.824579042735487,0.,0.565746765153305));
#4767=DIRECTION('ref_axis',(-0.565746765153305,0.,-0.824579042735486));
#4768=DIRECTION('center_axis',(0.,-1.,0.));
#4769=DIRECTION('ref_axis',(-0.901577051076716,0.,-0.43261856290711));
#4770=DIRECTION('center_axis',(0.,1.,0.));
#4771=DIRECTION('ref_axis',(0.,0.,1.));
#4772=DIRECTION('center_axis',(0.,1.,0.));
#4773=DIRECTION('ref_axis',(0.999776635590878,0.,-0.0211347800221442));
#4774=DIRECTION('center_axis',(0.,-1.,0.));
#4775=DIRECTION('ref_axis',(0.964389593867974,0.,0.264485748650405));
#4776=DIRECTION('',(0.,-1.,0.));
#4777=DIRECTION('center_axis',(0.696698739839473,0.236879317683027,0.677125582709821));
#4778=DIRECTION('ref_axis',(-0.696961753671283,-2.22044604925032E-15,0.717108299993418));
#4779=DIRECTION('center_axis',(-0.696961753671279,0.,0.717108299993421));
#4780=DIRECTION('ref_axis',(-0.717108299993421,0.,-0.696961753671279));
#4781=DIRECTION('center_axis',(0.696961753671279,0.,-0.717108299993421));
#4782=DIRECTION('ref_axis',(-0.717108299993421,3.92107664154595E-15,-0.696961753671279));
#4783=DIRECTION('',(0.,-1.,0.));
#4784=DIRECTION('center_axis',(0.565746765153304,0.,-0.824579042735487));
#4785=DIRECTION('ref_axis',(-0.583065432742577,-0.707106781186548,-0.40004337407425));
#4786=DIRECTION('',(0.565746765153304,0.,-0.824579042735487));
#4787=DIRECTION('center_axis',(-0.824579042735487,0.,-0.565746765153304));
#4788=DIRECTION('ref_axis',(0.565746765153304,0.,-0.824579042735487));
#4789=DIRECTION('center_axis',(0.696961753671279,0.,0.717108299993421));
#4790=DIRECTION('ref_axis',(-0.717108299993421,0.,0.696961753671279));
#4791=DIRECTION('center_axis',(-0.696961753671279,0.,0.717108299993421));
#4792=DIRECTION('ref_axis',(-0.717108299993421,0.,-0.696961753671279));
#4793=DIRECTION('center_axis',(0.,0.,-1.));
#4794=DIRECTION('ref_axis',(-1.,0.,0.));
#4795=DIRECTION('center_axis',(0.,0.,-1.));
#4796=DIRECTION('ref_axis',(1.,0.,0.));
#4797=DIRECTION('center_axis',(1.,0.,0.));
#4798=DIRECTION('ref_axis',(0.,0.500175635672342,-0.865923976732235));
#4799=DIRECTION('',(0.,0.,1.));
#4800=DIRECTION('',(1.,0.,0.));
#4801=DIRECTION('',(6.42336762356529E-16,-7.48793916287965E-31,0.999999999999998));
#4802=DIRECTION('',(1.,1.97215226305253E-31,-5.5511151231258E-17));
#4803=CARTESIAN_POINT('',(0.,0.,0.));
#4804=CARTESIAN_POINT('',(0.,0.,0.));
#4805=CARTESIAN_POINT('Origin',(-75.6371952538931,-82.9473779085281,3.));
#4806=CARTESIAN_POINT('',(7.14712926027876,-7.13175667833384,3.));
#4807=CARTESIAN_POINT('',(26.4893399101018,-36.3488412020465,3.));
#4808=CARTESIAN_POINT('Origin',(-75.6371952538931,-82.9473779085281,3.));
#4809=CARTESIAN_POINT('',(28.3088804293068,-35.5186169558508,5.));
#4810=CARTESIAN_POINT('Origin',(28.3088804293068,-35.5186169558508,3.));
#4811=CARTESIAN_POINT('',(8.91515768487559,-6.1022503599215,5.));
#4812=CARTESIAN_POINT('Origin',(-75.6371952538931,-82.9473779085281,5.));
#4813=CARTESIAN_POINT('Ctrl Pts',(8.91515768487559,-6.1022503599215,5.));
#4814=CARTESIAN_POINT('Ctrl Pts',(8.91329524471927,-6.10334753307794,5.));
#4815=CARTESIAN_POINT('Ctrl Pts',(8.91143278885278,-6.10444467730096,4.9999966412999));
#4816=CARTESIAN_POINT('Ctrl Pts',(8.78770196143328,-6.17733007399545,4.99955038461449));
#4817=CARTESIAN_POINT('Ctrl Pts',(8.66607400459071,-6.24881136914738,4.98473168287769));
#4818=CARTESIAN_POINT('Ctrl Pts',(8.42736968520158,-6.38877784124172,4.92681889603151));
#4819=CARTESIAN_POINT('Ctrl Pts',(8.31082712077004,-6.45695051359045,4.88388969981071));
#4820=CARTESIAN_POINT('Ctrl Pts',(7.98943071055735,-6.64454667538107,4.72213192515281));
#4821=CARTESIAN_POINT('Ctrl Pts',(7.79894169447155,-6.75520770581132,4.57112145551631));
#4822=CARTESIAN_POINT('Ctrl Pts',(7.48274521757988,-6.93835780901795,4.19777538203336));
#4823=CARTESIAN_POINT('Ctrl Pts',(7.35848053999861,-7.01004243204872,3.98066302739523));
#4824=CARTESIAN_POINT('Ctrl Pts',(7.19029945077899,-7.10694946383173,3.50633984576976));
#4825=CARTESIAN_POINT('Ctrl Pts',(7.14712926005506,-7.13175667808959,3.25456562233936));
#4826=CARTESIAN_POINT('Ctrl Pts',(7.14712926005506,-7.13175667808959,3.));
#4827=CARTESIAN_POINT('Ctrl Pts',(26.4893399101018,-36.3488412020465,3.));
#4828=CARTESIAN_POINT('Ctrl Pts',(26.6777697955304,-36.7618089190671,3.));
#4829=CARTESIAN_POINT('Ctrl Pts',(27.1114267044224,-37.7287856910227,2.76352290563018));
#4830=CARTESIAN_POINT('Ctrl Pts',(27.4383268590539,-38.4863461492541,2.01266776736088));
#4831=CARTESIAN_POINT('Ctrl Pts',(27.5588599643306,-38.7678917731585,1.4813512364957));
#4832=CARTESIAN_POINT('Ctrl Pts',(26.4893399101018,-36.3488412020465,3.29919930034189));
#4833=CARTESIAN_POINT('Ctrl Pts',(26.695756645181,-36.8012869715664,3.30610686742892));
#4834=CARTESIAN_POINT('Ctrl Pts',(27.1732423970462,-37.8674565184048,3.06431292851893));
#4835=CARTESIAN_POINT('Ctrl Pts',(27.5391012102795,-38.719636880951,2.2436395007568));
#4836=CARTESIAN_POINT('Ctrl Pts',(27.6746779389453,-39.0384236228721,1.65400294768719));
#4837=CARTESIAN_POINT('Ctrl Pts',(26.6137367548258,-36.2920811158873,3.89674029976777));
#4838=CARTESIAN_POINT('Ctrl Pts',(26.862206739058,-36.8212093576757,3.91739234625194));
#4839=CARTESIAN_POINT('Ctrl Pts',(27.4421729671405,-38.0801894527071,3.66482264733866));
#4840=CARTESIAN_POINT('Ctrl Pts',(27.8990724159995,-39.1166391324655,2.70462968746587));
#4841=CARTESIAN_POINT('Ctrl Pts',(28.0699445025397,-39.5080004786777,1.99853263534224));
#4842=CARTESIAN_POINT('Ctrl Pts',(27.2226190286999,-36.014258873671,4.73763978863842));
#4843=CARTESIAN_POINT('Ctrl Pts',(27.5493762149358,-36.644538370609,4.76831090803963));
#4844=CARTESIAN_POINT('Ctrl Pts',(28.3165283109101,-38.1501662056839,4.47555253129667));
#4845=CARTESIAN_POINT('Ctrl Pts',(28.9297613598143,-39.4025566727841,3.31148687879762));
#4846=CARTESIAN_POINT('Ctrl Pts',(29.1597467874098,-39.8765523989096,2.44894301809854));
#4847=CARTESIAN_POINT('Ctrl Pts',(27.9005764915894,-35.7049188410423,5.));
#4848=CARTESIAN_POINT('Ctrl Pts',(28.2685948989665,-36.3618565138959,5.01648171866138));
#4849=CARTESIAN_POINT('Ctrl Pts',(29.1250943571808,-37.9155896029409,4.66506134590711));
#4850=CARTESIAN_POINT('Ctrl Pts',(29.7921716836895,-39.1701165999124,3.4239883657633));
#4851=CARTESIAN_POINT('Ctrl Pts',(30.040861991836,-39.6413700524209,2.52554793049297));
#4852=CARTESIAN_POINT('Ctrl Pts',(28.3088804293068,-35.5186169558508,5.));
#4853=CARTESIAN_POINT('Ctrl Pts',(28.686914201846,-36.1726225628421,5.));
#4854=CARTESIAN_POINT('Ctrl Pts',(29.5585228648158,-37.7054747971401,4.60587150938365));
#4855=CARTESIAN_POINT('Ctrl Pts',(30.21842293733,-38.9087367184125,3.35444627893484));
#4856=CARTESIAN_POINT('Ctrl Pts',(30.4619698556409,-39.3560919921828,2.46891872749283));
#4857=CARTESIAN_POINT('',(27.1755139758017,-37.8829836638671,2.49999999937575));
#4858=CARTESIAN_POINT('',(30.4533493231487,-39.3402594679074,2.49999999999999));
#4859=CARTESIAN_POINT('Ctrl Pts',(30.4533493231487,-39.3402594679074,2.5));
#4860=CARTESIAN_POINT('Ctrl Pts',(30.2730681271752,-39.479815391321,2.5));
#4861=CARTESIAN_POINT('Ctrl Pts',(30.06806885139,-39.5821513252173,2.50000000000583));
#4862=CARTESIAN_POINT('Ctrl Pts',(29.6268603849573,-39.7020335344037,2.50000000000583));
#4863=CARTESIAN_POINT('Ctrl Pts',(29.3969425014576,-39.7173853071563,2.49999999979935));
#4864=CARTESIAN_POINT('Ctrl Pts',(28.922465831218,-39.6598335951229,2.49999999979935));
#4865=CARTESIAN_POINT('Ctrl Pts',(28.6857334384912,-39.5806703930636,2.5));
#4866=CARTESIAN_POINT('Ctrl Pts',(28.2641435774766,-39.3512475227357,2.5));
#4867=CARTESIAN_POINT('Ctrl Pts',(28.0259435768144,-39.1796674915758,2.5));
#4868=CARTESIAN_POINT('Ctrl Pts',(27.5138835513215,-38.5836160141399,2.5));
#4869=CARTESIAN_POINT('Ctrl Pts',(27.3236305869641,-38.22090610419,2.5));
#4870=CARTESIAN_POINT('Ctrl Pts',(27.1755139750353,-37.8829836621187,2.5));
#4871=CARTESIAN_POINT('Ctrl Pts',(30.4533477281599,-39.340256687259,2.49999809979909));
#4872=CARTESIAN_POINT('Ctrl Pts',(30.209570370922,-38.8925974808771,3.37117764988682));
#4873=CARTESIAN_POINT('Ctrl Pts',(29.5526828219657,-37.695204221466,4.60851229001314));
#4874=CARTESIAN_POINT('Ctrl Pts',(28.686914201846,-36.1726225628421,5.));
#4875=CARTESIAN_POINT('Ctrl Pts',(28.3088804293068,-35.5186169558508,5.));
#4876=CARTESIAN_POINT('Ctrl Pts',(26.4893399101018,-36.3488412020465,3.));
#4877=CARTESIAN_POINT('Ctrl Pts',(26.6777697955304,-36.7618089190671,3.));
#4878=CARTESIAN_POINT('Ctrl Pts',(26.9199991257116,-37.3019366812882,2.86791012203923));
#4879=CARTESIAN_POINT('Ctrl Pts',(27.1289198636319,-37.7767256023753,2.57533195787251));
#4880=CARTESIAN_POINT('Ctrl Pts',(27.1753699217154,-37.8827116230171,2.49931780186483));
#4881=CARTESIAN_POINT('Ctrl Pts',(-7.89935343086776,-7.21019618991212,3.));
#4882=CARTESIAN_POINT('Ctrl Pts',(-7.51426232097426,-6.11439876263891,3.));
#4883=CARTESIAN_POINT('Ctrl Pts',(-6.53470510063699,-4.02110494186735,3.));
#4884=CARTESIAN_POINT('Ctrl Pts',(-4.40931702087386,-1.46203448607375,3.));
#4885=CARTESIAN_POINT('Ctrl Pts',(-1.71845758017279,0.0447874844760827,
3.));
#4886=CARTESIAN_POINT('Ctrl Pts',(1.16708391205304,0.0847667485403255,3.));
#4887=CARTESIAN_POINT('Ctrl Pts',(3.8299432056648,-1.35858544700688,3.));
#4888=CARTESIAN_POINT('Ctrl Pts',(5.89513273691603,-3.91842233519489,3.));
#4889=CARTESIAN_POINT('Ctrl Pts',(6.80286539110077,-6.02817432094994,3.));
#4890=CARTESIAN_POINT('Ctrl Pts',(7.14712926028098,-7.13175667881378,3.));
#4891=CARTESIAN_POINT('Ctrl Pts',(-7.89935343086776,-7.21019618991212,3.59839860068377));
#4892=CARTESIAN_POINT('Ctrl Pts',(-7.51440522255031,-6.11480539674539,3.59839860068377));
#4893=CARTESIAN_POINT('Ctrl Pts',(-6.53405277618559,-4.02070671932924,3.59839860068377));
#4894=CARTESIAN_POINT('Ctrl Pts',(-4.40913021606362,-1.46226709230928,3.59839860068377));
#4895=CARTESIAN_POINT('Ctrl Pts',(-1.71779010577342,0.0440360699309465,
3.59839860068377));
#4896=CARTESIAN_POINT('Ctrl Pts',(1.16681406254324,0.0844245842086023,3.59839860068377));
#4897=CARTESIAN_POINT('Ctrl Pts',(3.82920761564992,-1.35894348886968,3.59839860068377));
#4898=CARTESIAN_POINT('Ctrl Pts',(5.89480523816295,-3.91801036257645,3.59839860068377));
#4899=CARTESIAN_POINT('Ctrl Pts',(6.80299912286681,-6.02860301542212,3.59839860068377));
#4900=CARTESIAN_POINT('Ctrl Pts',(7.14712926028098,-7.13175667881378,3.59839860068377));
#4901=CARTESIAN_POINT('Ctrl Pts',(-8.37235496917499,-7.04397140891284,4.63503189998456));
#4902=CARTESIAN_POINT('Ctrl Pts',(-7.97619389705904,-5.91667380983165,4.63503189998456));
#4903=CARTESIAN_POINT('Ctrl Pts',(-6.96664390327651,-3.75636732764316,4.63503189998456));
#4904=CARTESIAN_POINT('Ctrl Pts',(-4.74934959865182,-1.07988187741317,4.63503189998456));
#4905=CARTESIAN_POINT('Ctrl Pts',(-1.86931920680295,0.547850499130819,4.63503189998455));
#4906=CARTESIAN_POINT('Ctrl Pts',(1.30325809718668,0.593074000423655,4.63503189998456));
#4907=CARTESIAN_POINT('Ctrl Pts',(4.17342969013697,-0.976213894589244,4.63503189998456));
#4908=CARTESIAN_POINT('Ctrl Pts',(6.33373870599469,-3.66463103705213,4.63503189998456));
#4909=CARTESIAN_POINT('Ctrl Pts',(7.27111788979585,-5.84566159264506,4.63503189998456));
#4910=CARTESIAN_POINT('Ctrl Pts',(7.62574137598637,-6.9824530426917,4.63503189998456));
#4911=CARTESIAN_POINT('Ctrl Pts',(-9.36281586986944,-6.69589823584137,5.));
#4912=CARTESIAN_POINT('Ctrl Pts',(-8.94361748737407,-5.50304673329031,5.));
#4913=CARTESIAN_POINT('Ctrl Pts',(-7.870466628728,-3.20161043569987,5.));
#4914=CARTESIAN_POINT('Ctrl Pts',(-5.46118766023484,-0.279890717521757,
5.));
#4915=CARTESIAN_POINT('Ctrl Pts',(-2.18455372326366,1.60050745454224,5.));
#4916=CARTESIAN_POINT('Ctrl Pts',(1.58813539281965,1.65712212880007,5.));
#4917=CARTESIAN_POINT('Ctrl Pts',(4.89195069428941,-0.175889868963732,5.));
#4918=CARTESIAN_POINT('Ctrl Pts',(7.25184766970233,-3.13278186284411,5.));
#4919=CARTESIAN_POINT('Ctrl Pts',(8.25176825245752,-5.4639108646199,5.00000000000001));
#4920=CARTESIAN_POINT('Ctrl Pts',(8.62795077450406,-6.66981259243086,5.));
#4921=CARTESIAN_POINT('Ctrl Pts',(-9.78622997660695,-6.54709974056305,5.));
#4922=CARTESIAN_POINT('Ctrl Pts',(-9.35719518972068,-5.3262582212387,5.));
#4923=CARTESIAN_POINT('Ctrl Pts',(-8.25678946357533,-2.96442325100828,5.));
#4924=CARTESIAN_POINT('Ctrl Pts',(-5.76547722800452,0.0620797924409625,
5.));
#4925=CARTESIAN_POINT('Ctrl Pts',(-2.31925855271486,2.0504475064633,5.));
#4926=CARTESIAN_POINT('Ctrl Pts',(1.70989575778907,2.11196578535117,5.));
#4927=CARTESIAN_POINT('Ctrl Pts',(5.19905161519214,0.166212526787648,5.));
#4928=CARTESIAN_POINT('Ctrl Pts',(7.64430471885234,-2.9053864028052,5.));
#4929=CARTESIAN_POINT('Ctrl Pts',(8.67099953297629,-5.30075106749615,5.00000000000001));
#4930=CARTESIAN_POINT('Ctrl Pts',(9.0563872700182,-6.53616130252695,5.));
#4931=CARTESIAN_POINT('',(-7.89935342946428,-7.21019618181231,3.));
#4932=CARTESIAN_POINT('Ctrl Pts',(-7.8993534281799,-7.21019618226368,3.));
#4933=CARTESIAN_POINT('Ctrl Pts',(-7.51426231869522,-6.11439875776866,3.));
#4934=CARTESIAN_POINT('Ctrl Pts',(-6.53470509898868,-4.02110493988271,3.));
#4935=CARTESIAN_POINT('Ctrl Pts',(-4.40931702087386,-1.46203448607375,3.));
#4936=CARTESIAN_POINT('Ctrl Pts',(-1.71845758017279,0.0447874844760827,
3.));
#4937=CARTESIAN_POINT('Ctrl Pts',(1.16708391205304,0.0847667485403255,3.));
#4938=CARTESIAN_POINT('Ctrl Pts',(3.8299432056648,-1.35858544700688,3.));
#4939=CARTESIAN_POINT('Ctrl Pts',(5.89513273691603,-3.91842233519489,3.));
#4940=CARTESIAN_POINT('Ctrl Pts',(6.80286539110077,-6.02817432094994,3.));
#4941=CARTESIAN_POINT('Ctrl Pts',(7.14712926028098,-7.13175667881378,3.));
#4942=CARTESIAN_POINT('',(-9.62664454113421,-6.10985880733667,5.));
#4943=CARTESIAN_POINT('Ctrl Pts',(8.91517485530941,-6.10224453572888,5.));
#4944=CARTESIAN_POINT('Ctrl Pts',(8.54825770141015,-5.02044581385404,5.00000000000001));
#4945=CARTESIAN_POINT('Ctrl Pts',(7.54851522127196,-2.78506065092548,5.));
#4946=CARTESIAN_POINT('Ctrl Pts',(5.19905161519214,0.166212526787648,5.));
#4947=CARTESIAN_POINT('Ctrl Pts',(1.70989575778907,2.11196578535117,5.));
#4948=CARTESIAN_POINT('Ctrl Pts',(-2.31925855271486,2.0504475064633,5.));
#4949=CARTESIAN_POINT('Ctrl Pts',(-5.76547722800452,0.0620797924409625,
5.));
#4950=CARTESIAN_POINT('Ctrl Pts',(-8.15723865693622,-2.84348665583997,5.));
#4951=CARTESIAN_POINT('Ctrl Pts',(-9.22326766833778,-5.04436369073328,5.));
#4952=CARTESIAN_POINT('Ctrl Pts',(-9.62667862441634,-6.10984589863702,5.));
#4953=CARTESIAN_POINT('Ctrl Pts',(-9.62664454113422,-6.10985880733667,5.));
#4954=CARTESIAN_POINT('Ctrl Pts',(-9.62482575751978,-6.11103019710209,5.));
#4955=CARTESIAN_POINT('Ctrl Pts',(-9.62300695733107,-6.1122015590408,4.99999664259111));
#4956=CARTESIAN_POINT('Ctrl Pts',(-9.50195878585259,-6.19015765274527,4.99954975452223));
#4957=CARTESIAN_POINT('Ctrl Pts',(-9.38295759601999,-6.26662813425505,4.98468335528558));
#4958=CARTESIAN_POINT('Ctrl Pts',(-9.14941769032285,-6.41637700744871,4.92658291676171));
#4959=CARTESIAN_POINT('Ctrl Pts',(-9.03539814636584,-6.48932302908993,4.88351598406847));
#4960=CARTESIAN_POINT('Ctrl Pts',(-8.72137321062287,-6.68981525986219,4.72143604696819));
#4961=CARTESIAN_POINT('Ctrl Pts',(-8.53535507499875,-6.80805211953564,4.57030427188826));
#4962=CARTESIAN_POINT('Ctrl Pts',(-8.22674647441182,-7.00367049607748,4.19686563019681));
#4963=CARTESIAN_POINT('Ctrl Pts',(-8.1055031499715,-7.08023001641358,3.97985275917041));
#4964=CARTESIAN_POINT('Ctrl Pts',(-7.94145876876993,-7.18370487971244,3.50584802205089));
#4965=CARTESIAN_POINT('Ctrl Pts',(-7.89935343086776,-7.21019618991212,3.25432518211434));
#4966=CARTESIAN_POINT('Ctrl Pts',(-7.89935343086776,-7.21019618991212,3.));
#4967=CARTESIAN_POINT('Ctrl Pts',(-29.7154626765957,-37.1682283632492,1.48420937702728));
#4968=CARTESIAN_POINT('Ctrl Pts',(-29.5763149423165,-36.8962312302686,2.01396597382991));
#4969=CARTESIAN_POINT('Ctrl Pts',(-29.1998052598824,-36.1651357889207,2.76355328015064));
#4970=CARTESIAN_POINT('Ctrl Pts',(-28.7030743873888,-35.2314966885575,3.));
#4971=CARTESIAN_POINT('Ctrl Pts',(-28.4878683696754,-34.8329033085012,3.));
#4972=CARTESIAN_POINT('Ctrl Pts',(-29.8487325724511,-37.4287358718554,1.65580885921104));
#4973=CARTESIAN_POINT('Ctrl Pts',(-29.6922443627704,-37.1211410165669,2.24344040093586));
#4974=CARTESIAN_POINT('Ctrl Pts',(-29.2708614099577,-36.2993849407156,3.06312988710409));
#4975=CARTESIAN_POINT('Ctrl Pts',(-28.7237140028066,-35.2697723881125,3.30579620982114));
#4976=CARTESIAN_POINT('Ctrl Pts',(-28.4878683696754,-34.8329033085012,3.29919930034188));
#4977=CARTESIAN_POINT('Ctrl Pts',(-30.2717929353694,-37.8682328833457,1.99825314211519));
#4978=CARTESIAN_POINT('Ctrl Pts',(-30.0758405299436,-37.4915862130967,2.70145854744539));
#4979=CARTESIAN_POINT('Ctrl Pts',(-29.552657650732,-36.4940748197133,3.66122727120887));
#4980=CARTESIAN_POINT('Ctrl Pts',(-28.8909532149231,-35.278797019167,3.91646322979866));
#4981=CARTESIAN_POINT('Ctrl Pts',(-28.6081861848963,-34.7679420743984,3.89673997854377));
#4982=CARTESIAN_POINT('Ctrl Pts',(-31.375397241995,-38.1644038397833,2.44763219011935));
#4983=CARTESIAN_POINT('Ctrl Pts',(-31.1161937393838,-37.7095319449738,3.30643672525517));
#4984=CARTESIAN_POINT('Ctrl Pts',(-30.425814743594,-36.5074488261474,4.47023395853315));
#4985=CARTESIAN_POINT('Ctrl Pts',(-29.5636598493727,-35.057259287256,4.7669308683784));
#4986=CARTESIAN_POINT('Ctrl Pts',(-29.1971021246545,-34.4499783035364,4.73763913718449));
#4987=CARTESIAN_POINT('Ctrl Pts',(-32.2344896160222,-37.8776415626918,2.52736940862092));
#4988=CARTESIAN_POINT('Ctrl Pts',(-31.9569584682173,-37.4252399769865,3.42253395271589));
#4989=CARTESIAN_POINT('Ctrl Pts',(-31.2135377399649,-36.2214030119365,4.66229147038453));
#4990=CARTESIAN_POINT('Ctrl Pts',(-30.2612525425798,-34.7275536911314,5.01574047775457));
#4991=CARTESIAN_POINT('Ctrl Pts',(-29.8528278045454,-34.0959430401764,4.99999999999999));
#4992=CARTESIAN_POINT('Ctrl Pts',(-32.6358278601543,-37.5694922824164,2.47368229504546));
#4993=CARTESIAN_POINT('Ctrl Pts',(-32.3645233570615,-37.1393635759294,3.35660995638327));
#4994=CARTESIAN_POINT('Ctrl Pts',(-31.6308527962456,-35.9836763161562,4.60592213358432));
#4995=CARTESIAN_POINT('Ctrl Pts',(-30.6655052949137,-34.51086589261,4.99999999999999));
#4996=CARTESIAN_POINT('Ctrl Pts',(-30.2477426752289,-33.8827230999868,4.99999999999999));
#4997=CARTESIAN_POINT('',(-28.4878683696754,-34.8329033085012,3.));
#4998=CARTESIAN_POINT('',(-30.2477426752289,-33.8827230999868,5.));
#4999=CARTESIAN_POINT('Origin',(-30.2477426752289,-33.8827230999868,3.));
#5000=CARTESIAN_POINT('',(-32.6276833266847,-37.5565810575668,2.5));
#5001=CARTESIAN_POINT('Ctrl Pts',(-30.2477426752289,-33.8827230999868,4.99999999999999));
#5002=CARTESIAN_POINT('Ctrl Pts',(-30.6655052949137,-34.51086589261,4.99999999999999));
#5003=CARTESIAN_POINT('Ctrl Pts',(-31.6253617540316,-35.9752987482878,4.60816370793671));
#5004=CARTESIAN_POINT('Ctrl Pts',(-32.3561694034861,-37.1262058684431,3.37079483748096));
#5005=CARTESIAN_POINT('Ctrl Pts',(-32.6276820457992,-37.5565791145438,2.49999862371439));
#5006=CARTESIAN_POINT('',(-29.2744081095905,-36.3146107477898,2.49999997847579));
#5007=CARTESIAN_POINT('Ctrl Pts',(-29.2744081095905,-36.3146107477898,2.5));
#5008=CARTESIAN_POINT('Ctrl Pts',(-29.469944755815,-36.6893306349104,2.5));
#5009=CARTESIAN_POINT('Ctrl Pts',(-29.7289049485468,-37.1030589587236,2.5));
#5010=CARTESIAN_POINT('Ctrl Pts',(-30.3593243704072,-37.6531083550495,2.5));
#5011=CARTESIAN_POINT('Ctrl Pts',(-30.6218349936475,-37.7966128341665,2.49999999999999));
#5012=CARTESIAN_POINT('Ctrl Pts',(-31.1131841813947,-37.9611696337826,2.49999999999999));
#5013=CARTESIAN_POINT('Ctrl Pts',(-31.3624274840742,-37.9954472165474,2.50000000001988));
#5014=CARTESIAN_POINT('Ctrl Pts',(-31.7997325977207,-37.9636091248643,2.50000000001988));
#5015=CARTESIAN_POINT('Ctrl Pts',(-31.9835251881454,-37.9204696838942,2.50000000007958));
#5016=CARTESIAN_POINT('Ctrl Pts',(-32.3288721920834,-37.7768874328446,2.50000000007958));
#5017=CARTESIAN_POINT('Ctrl Pts',(-32.4873404583503,-37.6785054323695,2.5));
#5018=CARTESIAN_POINT('Ctrl Pts',(-32.6276833266846,-37.5565810575668,2.5));
#5019=CARTESIAN_POINT('Ctrl Pts',(-29.2742392877742,-36.3143324837487,2.49932968988282));
#5020=CARTESIAN_POINT('Ctrl Pts',(-29.2207453131227,-36.2118091106636,2.57543666009826));
#5021=CARTESIAN_POINT('Ctrl Pts',(-28.9806848720611,-35.7532842751831,2.86785583072973));
#5022=CARTESIAN_POINT('Ctrl Pts',(-28.7030743873888,-35.2314966885575,3.));
#5023=CARTESIAN_POINT('Ctrl Pts',(-28.4878683696754,-34.8329033085012,3.));
#5024=CARTESIAN_POINT('Origin',(76.091577024205,-91.2967762777831,3.));
#5025=CARTESIAN_POINT('Origin',(76.091577024205,-91.2967762777831,5.));
#5026=CARTESIAN_POINT('Origin',(76.091577024205,-91.2967762777831,3.));
#5027=CARTESIAN_POINT('Origin',(-75.6371952538931,-82.9473779085281,0.));
#5028=CARTESIAN_POINT('',(7.14712926027876,-7.13175667833384,2.5));
#5029=CARTESIAN_POINT('',(7.14712926027876,-7.13175667833384,0.));
#5030=CARTESIAN_POINT('Origin',(-75.6371952538931,-82.9473779085281,2.5));
#5031=CARTESIAN_POINT('Ctrl Pts',(7.1471292601611,-7.1317566784295,2.5));
#5032=CARTESIAN_POINT('Ctrl Pts',(4.91284295133227,0.0305370542916054,2.5));
#5033=CARTESIAN_POINT('Ctrl Pts',(-0.230388817220478,0.00372463602407663,
2.5));
#5034=CARTESIAN_POINT('Ctrl Pts',(-5.37362058577323,-0.0230877822434544,
2.5));
#5035=CARTESIAN_POINT('Ctrl Pts',(-7.89935343086775,-7.2101961899121,2.5));
#5036=CARTESIAN_POINT('Ctrl Pts',(7.1471292601611,-7.1317566784295,3.));
#5037=CARTESIAN_POINT('Ctrl Pts',(4.91284295133227,0.0305370542916054,3.));
#5038=CARTESIAN_POINT('Ctrl Pts',(-0.230388817220478,0.00372463602407663,
3.));
#5039=CARTESIAN_POINT('Ctrl Pts',(-5.37362058577323,-0.0230877822434544,
3.));
#5040=CARTESIAN_POINT('Ctrl Pts',(-7.89935343086775,-7.2101961899121,3.));
#5041=CARTESIAN_POINT('',(-7.89935343086775,-7.2101961899121,2.5));
#5042=CARTESIAN_POINT('',(-7.89935343086775,-7.2101961899121,0.));
#5043=CARTESIAN_POINT('Origin',(-0.501625978082534,-13.3506666924735,2.5));
#5044=CARTESIAN_POINT('Origin',(76.091577024205,-91.2967762777831,0.));
#5045=CARTESIAN_POINT('Origin',(76.091577024205,-91.2967762777831,2.5));
#5046=CARTESIAN_POINT('Origin',(-70.5325221599162,-50.0514465074616,3.));
#5047=CARTESIAN_POINT('',(10.0040420097033,-50.3354146417567,3.));
#5048=CARTESIAN_POINT('',(12.0043708361486,-49.8830425482051,5.));
#5049=CARTESIAN_POINT('Ctrl Pts',(10.0040420097033,-50.3354146417567,3.));
#5050=CARTESIAN_POINT('Ctrl Pts',(10.0040420097033,-50.3354146417567,3.25256431677539));
#5051=CARTESIAN_POINT('Ctrl Pts',(10.0519147667877,-50.3246633909187,3.5024104340322));
#5052=CARTESIAN_POINT('Ctrl Pts',(10.2388182546915,-50.2826312884537,3.97398136924888));
#5053=CARTESIAN_POINT('Ctrl Pts',(10.3771867215826,-50.251496376668,4.19024591876972));
#5054=CARTESIAN_POINT('Ctrl Pts',(10.7299930576284,-50.1719426812593,4.56308379032771));
#5055=CARTESIAN_POINT('Ctrl Pts',(10.9428522555079,-50.1238729080372,4.71441675579185));
#5056=CARTESIAN_POINT('Ctrl Pts',(11.3057415427794,-50.0417125688939,4.87923511305291));
#5057=CARTESIAN_POINT('Ctrl Pts',(11.4396313621405,-50.0113627062238,4.92369905494087));
#5058=CARTESIAN_POINT('Ctrl Pts',(11.7140163556157,-49.9490810515527,4.98377228695455));
#5059=CARTESIAN_POINT('Ctrl Pts',(11.8538804386916,-49.9172924864321,4.99925439757111));
#5060=CARTESIAN_POINT('Ctrl Pts',(11.9975383061521,-49.8845976279904,4.9999912387573));
#5061=CARTESIAN_POINT('Ctrl Pts',(12.0009545716092,-49.8838201005735,5.));
#5062=CARTESIAN_POINT('Ctrl Pts',(12.0043708361486,-49.8830425482051,5.));
#5063=CARTESIAN_POINT('',(8.77764394162985,-27.1983369098047,5.));
#5064=CARTESIAN_POINT('Origin',(-70.5325221599162,-50.0514465074616,5.));
#5065=CARTESIAN_POINT('',(7.26468754888932,-23.0427281667031,4.99143333598758));
#5066=CARTESIAN_POINT('Ctrl Pts',(8.77764394162962,-27.1983369098039,5.));
#5067=CARTESIAN_POINT('Ctrl Pts',(8.76974583294431,-27.1757049596705,5.));
#5068=CARTESIAN_POINT('Ctrl Pts',(8.76184279693917,-27.1530747122616,4.99999868743351));
#5069=CARTESIAN_POINT('Ctrl Pts',(8.48116615432265,-26.3499218189739,4.99990660906996));
#5070=CARTESIAN_POINT('Ctrl Pts',(8.20241257385623,-25.5710799469953,4.99832032893866));
#5071=CARTESIAN_POINT('Ctrl Pts',(7.70359604254547,-24.2097569279215,4.99482173029826));
#5072=CARTESIAN_POINT('Ctrl Pts',(7.48588436036826,-23.6258437007949,4.99307873656299));
#5073=CARTESIAN_POINT('Ctrl Pts',(7.26468754888931,-23.0427281667031,4.99143333598757));
#5074=CARTESIAN_POINT('',(5.26405556358433,-22.828338463855,3.));
#5075=CARTESIAN_POINT('Ctrl Pts',(7.26468754888932,-23.0427281667031,4.99143333598757));
#5076=CARTESIAN_POINT('Ctrl Pts',(7.15691530070267,-23.0324889610126,4.98229148052954));
#5077=CARTESIAN_POINT('Ctrl Pts',(7.0497955271363,-23.0221205214079,4.96585042783216));
#5078=CARTESIAN_POINT('Ctrl Pts',(6.77604833298465,-22.9951315897477,4.90450918086866));
#5079=CARTESIAN_POINT('Ctrl Pts',(6.61216831340824,-22.9784811798802,4.84859860763173));
#5080=CARTESIAN_POINT('Ctrl Pts',(6.2081328585434,-22.9363012816444,4.65801674541203));
#5081=CARTESIAN_POINT('Ctrl Pts',(5.98195135085443,-22.9115029808262,4.49708093592585));
#5082=CARTESIAN_POINT('Ctrl Pts',(5.62475780998091,-22.8711198305264,4.11817347329722));
#5083=CARTESIAN_POINT('Ctrl Pts',(5.48895028056993,-22.8551746334476,3.91032849008756));
#5084=CARTESIAN_POINT('Ctrl Pts',(5.30966715110679,-22.8338865629148,3.46453231430066));
#5085=CARTESIAN_POINT('Ctrl Pts',(5.26405556358435,-22.828338463855,3.23406960878445));
#5086=CARTESIAN_POINT('Ctrl Pts',(5.26405556358435,-22.828338463855,3.));
#5087=CARTESIAN_POINT('Origin',(-70.5325221599162,-50.0514465074616,3.));
#5088=CARTESIAN_POINT('Origin',(26.7429777399579,-70.7817896895787,3.));
#5089=CARTESIAN_POINT('',(29.7907282148537,-78.1755565072883,5.));
#5090=CARTESIAN_POINT('',(26.7429777399579,-70.7817896895787,5.));
#5091=CARTESIAN_POINT('',(35.7963844178447,-87.4971369216078,3.));
#5092=CARTESIAN_POINT('Ctrl Pts',(29.7907282148537,-78.1755565072883,5.));
#5093=CARTESIAN_POINT('Ctrl Pts',(29.7972764233985,-78.1862661416285,5.));
#5094=CARTESIAN_POINT('Ctrl Pts',(29.8038255058526,-78.1969752646618,4.99999708156772));
#5095=CARTESIAN_POINT('Ctrl Pts',(32.1773367359849,-82.0774607400958,4.9978787395019));
#5096=CARTESIAN_POINT('Ctrl Pts',(34.0280571260966,-84.8625875384098,4.61176167800661));
#5097=CARTESIAN_POINT('Ctrl Pts',(35.1908042942335,-86.5997406673587,3.9159260628585));
#5098=CARTESIAN_POINT('Ctrl Pts',(35.3933054371879,-86.9008407015136,3.77227981541016));
#5099=CARTESIAN_POINT('Ctrl Pts',(35.6091707999943,-87.2205718202284,3.52111185570356));
#5100=CARTESIAN_POINT('Ctrl Pts',(35.6705575863657,-87.3113448872035,3.4358600546885));
#5101=CARTESIAN_POINT('Ctrl Pts',(35.7425724974542,-87.4177224809952,3.28380066592281));
#5102=CARTESIAN_POINT('Ctrl Pts',(35.7647299742297,-87.4504282093221,3.22373562400858));
#5103=CARTESIAN_POINT('Ctrl Pts',(35.7902259848119,-87.4880524970641,3.10733120773119));
#5104=CARTESIAN_POINT('Ctrl Pts',(35.7963844178447,-87.4971369216078,3.05454533154754));
#5105=CARTESIAN_POINT('Ctrl Pts',(35.7963844178447,-87.4971369216078,3.));
#5106=CARTESIAN_POINT('',(7.27043212339197,-18.2938864404466,3.));
#5107=CARTESIAN_POINT('',(28.5920469239645,-70.0195934203951,3.));
#5108=CARTESIAN_POINT('Ctrl Pts',(7.26468754888932,-23.0427281667031,4.99143333598757));
#5109=CARTESIAN_POINT('Ctrl Pts',(7.33037051420502,-22.0535845231565,4.95079198342458));
#5110=CARTESIAN_POINT('Ctrl Pts',(7.34921842490747,-21.0793322161625,4.77022196708132));
#5111=CARTESIAN_POINT('Ctrl Pts',(7.33612430871103,-19.7637450620506,4.34602848608995));
#5112=CARTESIAN_POINT('Ctrl Pts',(7.32105165094821,-19.3149745297192,4.14687540078535));
#5113=CARTESIAN_POINT('Ctrl Pts',(7.29889481325139,-18.809081858616,3.81608060799805));
#5114=CARTESIAN_POINT('Ctrl Pts',(7.2904353209462,-18.6432031124615,3.68545782959992));
#5115=CARTESIAN_POINT('Ctrl Pts',(7.27944017302039,-18.4449737521682,3.44982224466904));
#5116=CARTESIAN_POINT('Ctrl Pts',(7.2757993538125,-18.3830315289163,3.35506324577822));
#5117=CARTESIAN_POINT('Ctrl Pts',(7.2715038933438,-18.3112834781943,3.17078483825167));
#5118=CARTESIAN_POINT('Ctrl Pts',(7.27043212339197,-18.2938864404466,3.0867800703275));
#5119=CARTESIAN_POINT('Ctrl Pts',(7.27043212339197,-18.2938864404467,3.));
#5120=CARTESIAN_POINT('Origin',(20.5302199907145,-52.8955116810272,5.));
#5121=CARTESIAN_POINT('',(12.0458000739427,-49.9697930895977,5.));
#5122=CARTESIAN_POINT('',(13.2840103160024,-52.5625371171452,5.));
#5123=CARTESIAN_POINT('Origin',(117.48200997652,-3.32208615337613,5.));
#5124=CARTESIAN_POINT('Origin',(13.2840103160024,-52.5625371171452,3.));
#5125=CARTESIAN_POINT('',(10.2285987106246,-50.8056240015103,3.));
#5126=CARTESIAN_POINT('',(11.4792550802409,-53.4244295344405,3.));
#5127=CARTESIAN_POINT('Ctrl Pts',(12.0458000739428,-49.9697930895977,5.));
#5128=CARTESIAN_POINT('Ctrl Pts',(12.0425136870994,-49.9713044314958,5.));
#5129=CARTESIAN_POINT('Ctrl Pts',(12.0392273068192,-49.9728157717325,4.99999018869405));
#5130=CARTESIAN_POINT('Ctrl Pts',(11.7945625252047,-50.0853322884661,4.99852931143262));
#5131=CARTESIAN_POINT('Ctrl Pts',(11.5558475211776,-50.1951202112528,4.94417345698091));
#5132=CARTESIAN_POINT('Ctrl Pts',(11.1160644857139,-50.3973935355965,4.73804195470117));
#5133=CARTESIAN_POINT('Ctrl Pts',(10.9185497904666,-50.4882442308294,4.59017704096876));
#5134=CARTESIAN_POINT('Ctrl Pts',(10.5861522189762,-50.6411427818548,4.21945398437621));
#5135=CARTESIAN_POINT('Ctrl Pts',(10.4544402380998,-50.7017318946244,4.00014784690404));
#5136=CARTESIAN_POINT('Ctrl Pts',(10.2748067074813,-50.784366696864,3.51831774633032));
#5137=CARTESIAN_POINT('Ctrl Pts',(10.2285987106244,-50.80562400151,3.26040444192973));
#5138=CARTESIAN_POINT('Ctrl Pts',(10.2285987106244,-50.80562400151,3.));
#5139=CARTESIAN_POINT('Ctrl Pts',(7.27043212339197,-18.2938864404466,3.));
#5140=CARTESIAN_POINT('Ctrl Pts',(6.82121627627665,-19.9238393114599,3.));
#5141=CARTESIAN_POINT('Ctrl Pts',(6.1562907690372,-21.4816006814055,3.));
#5142=CARTESIAN_POINT('Ctrl Pts',(5.26405556358433,-22.828338463855,3.));
#5143=CARTESIAN_POINT('Ctrl Pts',(7.27043212339197,-18.2938864404466,3.56312646957548));
#5144=CARTESIAN_POINT('Ctrl Pts',(6.82133916716158,-19.9233934092238,3.56312646957548));
#5145=CARTESIAN_POINT('Ctrl Pts',(6.15592891525814,-21.4821468626736,3.56312646957548));
#5146=CARTESIAN_POINT('Ctrl Pts',(5.26405556358433,-22.828338463855,3.56312646957548));
#5147=CARTESIAN_POINT('Ctrl Pts',(7.69582407762921,-18.4111246811818,4.54058532726161));
#5148=CARTESIAN_POINT('Ctrl Pts',(7.23602671126505,-20.0794719627887,4.54058532726161));
#5149=CARTESIAN_POINT('Ctrl Pts',(6.55529502339179,-21.6782761257427,4.54058532726161));
#5150=CARTESIAN_POINT('Ctrl Pts',(5.6319023994638,-23.0720428445171,4.54058532726161));
#5151=CARTESIAN_POINT('Ctrl Pts',(8.61485810754524,-18.6644109311209,4.95238455178318));
#5152=CARTESIAN_POINT('Ctrl Pts',(8.13231072707645,-20.4153052801199,4.95238455178318));
#5153=CARTESIAN_POINT('Ctrl Pts',(7.41699395271557,-22.1036738614241,4.95238455178318));
#5154=CARTESIAN_POINT('Ctrl Pts',(6.42661362190887,-23.5985516720517,4.95238455178318));
#5155=CARTESIAN_POINT('Ctrl Pts',(9.0202786948946,-18.7761450529001,4.99143333598757));
#5156=CARTESIAN_POINT('Ctrl Pts',(8.52770328837978,-20.5634254954648,4.99143333598757));
#5157=CARTESIAN_POINT('Ctrl Pts',(7.79709870944907,-22.2913678028157,4.99143333598757));
#5158=CARTESIAN_POINT('Ctrl Pts',(6.7771907279669,-23.8308145819715,4.99143333598757));
#5159=CARTESIAN_POINT('Ctrl Pts',(7.27043212339197,-18.2938864404466,3.));
#5160=CARTESIAN_POINT('Ctrl Pts',(6.82121627627665,-19.9238393114599,3.));
#5161=CARTESIAN_POINT('Ctrl Pts',(6.1562907690372,-21.4816006814055,3.));
#5162=CARTESIAN_POINT('Ctrl Pts',(5.26405556358433,-22.828338463855,3.));
#5163=CARTESIAN_POINT('Origin',(117.48200997652,-3.32208615337613,3.));
#5164=CARTESIAN_POINT('Origin',(117.48200997652,-3.32208615337613,3.));
#5165=CARTESIAN_POINT('Ctrl Pts',(7.30783541644367,-7.67912733813206,3.));
#5166=CARTESIAN_POINT('Ctrl Pts',(7.69470544047357,-9.08258353439053,3.));
#5167=CARTESIAN_POINT('Ctrl Pts',(8.20044326953027,-12.5083750775541,3.));
#5168=CARTESIAN_POINT('Ctrl Pts',(7.85525513194958,-15.9942656877386,3.));
#5169=CARTESIAN_POINT('Ctrl Pts',(7.37597294694268,-17.8939268396941,3.));
#5170=CARTESIAN_POINT('Ctrl Pts',(7.30783541644367,-7.67912733813206,3.59839860068377));
#5171=CARTESIAN_POINT('Ctrl Pts',(7.69456088870659,-9.08205914102725,3.59839860068377));
#5172=CARTESIAN_POINT('Ctrl Pts',(8.20033177462709,-12.5080619191502,3.59839860068377));
#5173=CARTESIAN_POINT('Ctrl Pts',(7.85509253212518,-15.9949101610351,3.59839860068377));
#5174=CARTESIAN_POINT('Ctrl Pts',(7.37597294694268,-17.8939268396941,3.59839860068377));
#5175=CARTESIAN_POINT('Ctrl Pts',(7.79140357353387,-7.54582925226923,4.63482807827491));
#5176=CARTESIAN_POINT('Ctrl Pts',(8.18947139288517,-8.98990791667482,4.63482807827491));
#5177=CARTESIAN_POINT('Ctrl Pts',(8.70683093652874,-12.5013508025843,4.63482807827491));
#5178=CARTESIAN_POINT('Ctrl Pts',(8.35421415468496,-16.0670499716038,4.63482807827491));
#5179=CARTESIAN_POINT('Ctrl Pts',(7.86233607001549,-18.0166356607347,4.63482807827491));
#5180=CARTESIAN_POINT('Ctrl Pts',(8.80326104770939,-7.26690545942644,5.));
#5181=CARTESIAN_POINT('Ctrl Pts',(9.22463220642176,-8.79552211847718,5.));
#5182=CARTESIAN_POINT('Ctrl Pts',(9.76633920951815,-12.4863756795543,5.));
#5183=CARTESIAN_POINT('Ctrl Pts',(9.39813292907174,-16.2199197181174,5.));
#5184=CARTESIAN_POINT('Ctrl Pts',(8.88004195910026,-18.2734016117112,5.));
#5185=CARTESIAN_POINT('Ctrl Pts',(9.23592285779773,-7.14763997375475,5.));
#5186=CARTESIAN_POINT('Ctrl Pts',(9.66724400918886,-8.71235242211552,5.));
#5187=CARTESIAN_POINT('Ctrl Pts',(10.21936505766,-12.4799414173872,5.));
#5188=CARTESIAN_POINT('Ctrl Pts',(9.84448777477829,-16.2853493936098,5.));
#5189=CARTESIAN_POINT('Ctrl Pts',(9.31520450258768,-18.3831925891501,5.));
#5190=CARTESIAN_POINT('',(7.30783547733389,-7.67912755899349,3.));
#5191=CARTESIAN_POINT('',(7.37597294694268,-17.8939268396941,3.));
#5192=CARTESIAN_POINT('Ctrl Pts',(7.30783547732588,-7.6791275589957,3.));
#5193=CARTESIAN_POINT('Ctrl Pts',(7.69470546321317,-9.08258368842511,3.));
#5194=CARTESIAN_POINT('Ctrl Pts',(8.20044326176989,-12.5083751559225,3.));
#5195=CARTESIAN_POINT('Ctrl Pts',(7.85525513194958,-15.9942656877386,3.));
#5196=CARTESIAN_POINT('Ctrl Pts',(7.37597294694268,-17.8939268396941,3.));
#5197=CARTESIAN_POINT('',(9.46999896698433,-17.7259897596948,5.));
#5198=CARTESIAN_POINT('Ctrl Pts',(7.37597294694268,-17.8939268396941,3.));
#5199=CARTESIAN_POINT('Ctrl Pts',(7.37597294694268,-17.8939268396941,3.24806327302238));
#5200=CARTESIAN_POINT('Ctrl Pts',(7.42443831396995,-17.8904611406727,3.49304573887931));
#5201=CARTESIAN_POINT('Ctrl Pts',(7.61393605092936,-17.8765882223184,3.95870777392626));
#5202=CARTESIAN_POINT('Ctrl Pts',(7.7551764611422,-17.8661443322943,4.1731336130405));
#5203=CARTESIAN_POINT('Ctrl Pts',(8.11864455444931,-17.8383301204787,4.54887750412271));
#5204=CARTESIAN_POINT('Ctrl Pts',(8.34124703086228,-17.8208697817776,4.7031748676624));
#5205=CARTESIAN_POINT('Ctrl Pts',(8.72350656142948,-17.7897031754523,4.87366067631866));
#5206=CARTESIAN_POINT('Ctrl Pts',(8.86713974186303,-17.777778108543,4.92035613367699));
#5207=CARTESIAN_POINT('Ctrl Pts',(9.16189676099823,-17.752819412346,4.98339953324941));
#5208=CARTESIAN_POINT('Ctrl Pts',(9.31246950282652,-17.7398308526767,4.99952984946873));
#5209=CARTESIAN_POINT('Ctrl Pts',(9.46556986572803,-17.7263790657739,4.99999662405076));
#5210=CARTESIAN_POINT('Ctrl Pts',(9.46778441814258,-17.726184438234,5.));
#5211=CARTESIAN_POINT('Ctrl Pts',(9.46999896698433,-17.7259897596948,5.));
#5212=CARTESIAN_POINT('',(9.96830386813199,-13.861453370716,5.));
#5213=CARTESIAN_POINT('Ctrl Pts',(9.47018571750272,-17.7260306723663,5.));
#5214=CARTESIAN_POINT('Ctrl Pts',(9.74906292620784,-16.4557700788735,5.));
#5215=CARTESIAN_POINT('Ctrl Pts',(9.91452252596301,-15.1611424642207,5.));
#5216=CARTESIAN_POINT('Ctrl Pts',(9.96925360256163,-13.8614939013708,5.));
#5217=CARTESIAN_POINT('Ctrl Pts',(9.96830386813199,-13.861453370716,5.));
#5218=CARTESIAN_POINT('Ctrl Pts',(9.96646930047307,-13.8558834938108,5.));
#5219=CARTESIAN_POINT('Ctrl Pts',(9.96463352745298,-13.8503140060862,4.99999678519574));
#5220=CARTESIAN_POINT('Ctrl Pts',(9.34847688668785,-11.9823354201627,4.9978425789056));
#5221=CARTESIAN_POINT('Ctrl Pts',(8.59567542266731,-10.2302740537571,4.64667068975364));
#5222=CARTESIAN_POINT('Ctrl Pts',(7.84868193131974,-8.69993515082726,4.04005988582357));
#5223=CARTESIAN_POINT('Ctrl Pts',(7.67692267531419,-8.36768081841166,3.86707396927142));
#5224=CARTESIAN_POINT('Ctrl Pts',(7.49055615601719,-8.01563933252068,3.60054913438891));
#5225=CARTESIAN_POINT('Ctrl Pts',(7.43069219483952,-7.90433971644696,3.50041198536808));
#5226=CARTESIAN_POINT('Ctrl Pts',(7.36046481530856,-7.77510578978978,3.32443776009905));
#5227=CARTESIAN_POINT('Ctrl Pts',(7.33878276176713,-7.73549141438103,3.25544291839138));
#5228=CARTESIAN_POINT('Ctrl Pts',(7.31387137506736,-7.69008741087558,3.12233472228388));
#5229=CARTESIAN_POINT('Ctrl Pts',(7.30783541644367,-7.67912733813206,3.06219144423113));
#5230=CARTESIAN_POINT('Ctrl Pts',(7.30783541644367,-7.67912733813206,3.));
#5231=CARTESIAN_POINT('Origin',(-75.6371952538931,-82.9473779085281,3.));
#5232=CARTESIAN_POINT('',(36.2560510946393,-87.9562778294352,3.));
#5233=CARTESIAN_POINT('Origin',(-75.6371952538931,-82.9473779085281,3.));
#5234=CARTESIAN_POINT('',(34.2494993237284,-77.8404410595117,5.));
#5235=CARTESIAN_POINT('Origin',(-75.6371952538931,-82.9473779085281,5.));
#5236=CARTESIAN_POINT('Ctrl Pts',(34.2494993237284,-77.8404410595117,5.));
#5237=CARTESIAN_POINT('Ctrl Pts',(34.252012339233,-77.8517473057641,5.));
#5238=CARTESIAN_POINT('Ctrl Pts',(34.254524479118,-77.8630537653827,4.99999704358237));
#5239=CARTESIAN_POINT('Ctrl Pts',(35.1271363600866,-81.7918863588757,4.99793968321039));
#5240=CARTESIAN_POINT('Ctrl Pts',(35.6921596671228,-84.8228835659121,4.63971826606025));
#5241=CARTESIAN_POINT('Ctrl Pts',(36.0575844185427,-86.8363694685948,3.96472542371009));
#5242=CARTESIAN_POINT('Ctrl Pts',(36.124259726475,-87.2088628325419,3.81552338752149));
#5243=CARTESIAN_POINT('Ctrl Pts',(36.1948881658842,-87.6079437666542,3.55233801156113));
#5244=CARTESIAN_POINT('Ctrl Pts',(36.21495893208,-87.7219163574874,3.46238618748862));
#5245=CARTESIAN_POINT('Ctrl Pts',(36.238484862113,-87.8559294152331,3.30147787246617));
#5246=CARTESIAN_POINT('Ctrl Pts',(36.2457176908878,-87.8972237019092,3.23774032029452));
#5247=CARTESIAN_POINT('Ctrl Pts',(36.2540423454089,-87.9447871441536,3.11410562866886));
#5248=CARTESIAN_POINT('Ctrl Pts',(36.2560510946393,-87.9562778294352,3.05798486644413));
#5249=CARTESIAN_POINT('Ctrl Pts',(36.2560510946393,-87.9562778294352,3.));
#5250=CARTESIAN_POINT('Origin',(16.8589032930022,-35.6512878032657,3.));
#5251=CARTESIAN_POINT('',(9.98185138200797,-24.2157230834728,3.));
#5252=CARTESIAN_POINT('',(15.0098341089956,-36.4134840724492,3.));
#5253=CARTESIAN_POINT('',(10.,-24.2157230834728,3.25852381870609));
#5254=CARTESIAN_POINT('Origin',(12.1451019702487,-24.2157230834728,3.));
#5255=CARTESIAN_POINT('',(10.,-24.2597511791459,3.));
#5256=CARTESIAN_POINT('Origin',(10.,-19.0117590782598,3.));
#5257=CARTESIAN_POINT('',(15.0098341089956,-36.4134840724492,3.));
#5258=CARTESIAN_POINT('',(16.8589032930022,-35.6512878032657,5.));
#5259=CARTESIAN_POINT('Origin',(9.98185138200797,-24.2157230834728,0.));
#5260=CARTESIAN_POINT('',(9.98185138200798,-24.2157230834728,2.5));
#5261=CARTESIAN_POINT('',(9.98185138200797,-24.2157230834728,0.));
#5262=CARTESIAN_POINT('',(9.98185138200797,-24.2157230834728,0.));
#5263=CARTESIAN_POINT('',(9.98185138200797,-24.2157230834728,0.));
#5264=CARTESIAN_POINT('',(10.,-24.2157230834728,0.));
#5265=CARTESIAN_POINT('',(9.98185138200797,-24.2157230834728,0.));
#5266=CARTESIAN_POINT('',(10.,-24.2157230834728,0.));
#5267=CARTESIAN_POINT('Origin',(7.37597294694268,-17.8939268396941,0.));
#5268=CARTESIAN_POINT('',(7.37597294694268,-17.8939268396941,2.5));
#5269=CARTESIAN_POINT('',(7.37597294694268,-17.8939268396941,0.));
#5270=CARTESIAN_POINT('',(7.37597294694268,-17.8939268396941,2.5));
#5271=CARTESIAN_POINT('Ctrl Pts',(7.37597294694268,-17.8939268396941,2.5));
#5272=CARTESIAN_POINT('Ctrl Pts',(8.6890087031587,-12.6896378107243,2.5));
#5273=CARTESIAN_POINT('Ctrl Pts',(7.30783547732587,-7.67912755899569,2.5));
#5274=CARTESIAN_POINT('Ctrl Pts',(7.37597294694268,-17.8939268396941,3.));
#5275=CARTESIAN_POINT('Ctrl Pts',(8.6890087031587,-12.6896378107243,3.));
#5276=CARTESIAN_POINT('Ctrl Pts',(7.30783547732587,-7.67912755899569,3.));
#5277=CARTESIAN_POINT('',(7.30783568657199,-7.6791276358114,2.5));
#5278=CARTESIAN_POINT('',(7.30783568657199,-7.6791276358114,0.));
#5279=CARTESIAN_POINT('Origin',(-0.501625978082534,-13.3506666924735,2.5));
#5280=CARTESIAN_POINT('Origin',(21.8379710980854,-47.8177027326233,5.));
#5281=CARTESIAN_POINT('Ctrl Pts',(-0.993865303763307,-26.4515096655833,
3.));
#5282=CARTESIAN_POINT('Ctrl Pts',(-0.454641262775722,-26.4717699861498,
3.));
#5283=CARTESIAN_POINT('Ctrl Pts',(0.62340125354862,-26.3327199726576,3.));
#5284=CARTESIAN_POINT('Ctrl Pts',(2.43244146462157,-25.5465633887221,3.));
#5285=CARTESIAN_POINT('Ctrl Pts',(4.72051124676777,-23.5419996914213,3.));
#5286=CARTESIAN_POINT('Ctrl Pts',(7.31319788581043,-18.7872836426277,3.));
#5287=CARTESIAN_POINT('Ctrl Pts',(8.01809394212841,-13.4130420554636,3.));
#5288=CARTESIAN_POINT('Ctrl Pts',(7.35614881127971,-8.55810571426786,3.));
#5289=CARTESIAN_POINT('Ctrl Pts',(6.4575947383281,-5.69046504345703,3.));
#5290=CARTESIAN_POINT('Ctrl Pts',(5.19946199904221,-3.38919395278942,3.));
#5291=CARTESIAN_POINT('Ctrl Pts',(3.64940053802141,-1.72309823528016,3.));
#5292=CARTESIAN_POINT('Ctrl Pts',(2.11953220227541,-0.65505365073855,3.));
#5293=CARTESIAN_POINT('Ctrl Pts',(-0.00515393878116187,-0.0848205471771852,
3.));
#5294=CARTESIAN_POINT('Ctrl Pts',(-2.15494667248863,-0.498310801128173,
3.));
#5295=CARTESIAN_POINT('Ctrl Pts',(-3.77179984370187,-1.44276402907763,3.));
#5296=CARTESIAN_POINT('Ctrl Pts',(-5.8431777374042,-3.38269518378088,3.));
#5297=CARTESIAN_POINT('Ctrl Pts',(-7.59467041300374,-6.55569248968955,3.));
#5298=CARTESIAN_POINT('Ctrl Pts',(-9.03394728113356,-12.275891232702,3.));
#5299=CARTESIAN_POINT('Ctrl Pts',(-8.70232415450168,-18.1880090787645,3.));
#5300=CARTESIAN_POINT('Ctrl Pts',(-6.47467738327062,-23.1205018897172,3.));
#5301=CARTESIAN_POINT('Ctrl Pts',(-4.34260330404981,-25.2920669995051,3.));
#5302=CARTESIAN_POINT('Ctrl Pts',(-2.59792919735347,-26.211569697454,3.));
#5303=CARTESIAN_POINT('Ctrl Pts',(-1.53308934475089,-26.4312493450168,3.));
#5304=CARTESIAN_POINT('Ctrl Pts',(-0.993865303763307,-26.4515096655833,
3.));
#5305=CARTESIAN_POINT('Ctrl Pts',(-0.993865303763307,-26.4515096655833,
3.59839860068377));
#5306=CARTESIAN_POINT('Ctrl Pts',(-0.453958302869473,-26.4717956470728,
3.59839860068377));
#5307=CARTESIAN_POINT('Ctrl Pts',(0.624187116408061,-26.3328722612531,3.59839860068377));
#5308=CARTESIAN_POINT('Ctrl Pts',(2.43418200532892,-25.546218033534,3.59839860068377));
#5309=CARTESIAN_POINT('Ctrl Pts',(4.7212853323032,-23.5415357544508,3.59839860068377));
#5310=CARTESIAN_POINT('Ctrl Pts',(7.31334082282562,-18.7871014335049,3.59839860068377));
#5311=CARTESIAN_POINT('Ctrl Pts',(8.01804169924152,-13.4133420918249,3.59839860068377));
#5312=CARTESIAN_POINT('Ctrl Pts',(7.35638828782471,-8.55829496644503,3.59839860068377));
#5313=CARTESIAN_POINT('Ctrl Pts',(6.45754139132228,-5.6903066698451,3.59839860068377));
#5314=CARTESIAN_POINT('Ctrl Pts',(5.20056379159377,-3.38967915663249,3.59839860068377));
#5315=CARTESIAN_POINT('Ctrl Pts',(3.65019754011484,-1.72309321050978,3.59839860068377));
#5316=CARTESIAN_POINT('Ctrl Pts',(2.12095656759161,-0.654688365825865,3.59839860068377));
#5317=CARTESIAN_POINT('Ctrl Pts',(-0.00552426253484917,-0.0840485205303785,
3.59839860068377));
#5318=CARTESIAN_POINT('Ctrl Pts',(-2.15543470265136,-0.497692537076376,
3.59839860068377));
#5319=CARTESIAN_POINT('Ctrl Pts',(-3.77288133320948,-1.4428862837207,3.59839860068377));
#5320=CARTESIAN_POINT('Ctrl Pts',(-5.84416787691896,-3.3830789920885,3.59839860068377));
#5321=CARTESIAN_POINT('Ctrl Pts',(-7.59459920495594,-6.55583410854847,3.59839860068377));
#5322=CARTESIAN_POINT('Ctrl Pts',(-9.03432350071836,-12.2760240357306,3.59839860068377));
#5323=CARTESIAN_POINT('Ctrl Pts',(-8.70214202458854,-18.1878836485794,3.59839860068377));
#5324=CARTESIAN_POINT('Ctrl Pts',(-6.47547436017759,-23.1200393604364,3.59839860068377));
#5325=CARTESIAN_POINT('Ctrl Pts',(-4.34430064128636,-25.2915869717322,3.59839860068377));
#5326=CARTESIAN_POINT('Ctrl Pts',(-2.59872846427496,-26.2116668186368,3.59839860068377));
#5327=CARTESIAN_POINT('Ctrl Pts',(-1.53377230465714,-26.4312236840937,3.59839860068377));
#5328=CARTESIAN_POINT('Ctrl Pts',(-0.993865303763307,-26.4515096655833,
3.59839860068377));
#5329=CARTESIAN_POINT('Ctrl Pts',(-0.975031476480893,-25.9502514341969,
4.63482144781801));
#5330=CARTESIAN_POINT('Ctrl Pts',(-0.488713362570864,-25.9685239149028,
4.63482144781801));
#5331=CARTESIAN_POINT('Ctrl Pts',(0.484774161939266,-25.8436440394135,4.63482144781801));
#5332=CARTESIAN_POINT('Ctrl Pts',(2.1463290697928,-25.1243877735096,4.63482144781801));
#5333=CARTESIAN_POINT('Ctrl Pts',(4.3064645647853,-23.2405709001861,4.63482144781801));
#5334=CARTESIAN_POINT('Ctrl Pts',(6.81884680796218,-18.6527575409458,4.634821447818));
#5335=CARTESIAN_POINT('Ctrl Pts',(7.5104587366359,-13.3966170532359,4.63482144781801));
#5336=CARTESIAN_POINT('Ctrl Pts',(6.86355078796255,-8.66618616264905,4.634821447818));
#5337=CARTESIAN_POINT('Ctrl Pts',(5.9921743157242,-5.88441366915141,4.634821447818));
#5338=CARTESIAN_POINT('Ctrl Pts',(4.77956847775799,-3.67483301920295,4.63482144781801));
#5339=CARTESIAN_POINT('Ctrl Pts',(3.31626431285442,-2.10274503149607,4.634821447818));
#5340=CARTESIAN_POINT('Ctrl Pts',(1.89412021513216,-1.11573716567598,4.634821447818));
#5341=CARTESIAN_POINT('Ctrl Pts',(-0.0240814545650306,-0.603187454509779,
4.634821447818));
#5342=CARTESIAN_POINT('Ctrl Pts',(-1.96663753535936,-0.974090480248418,
4.634821447818));
#5343=CARTESIAN_POINT('Ctrl Pts',(-3.46732409643702,-1.84642638299372,4.634821447818));
#5344=CARTESIAN_POINT('Ctrl Pts',(-5.4249218484806,-3.67698121843773,4.634821447818));
#5345=CARTESIAN_POINT('Ctrl Pts',(-7.12234020690667,-6.73740003896162,4.63482144781801));
#5346=CARTESIAN_POINT('Ctrl Pts',(-8.52471157272462,-12.3088414613377,4.634821447818));
#5347=CARTESIAN_POINT('Ctrl Pts',(-8.19971588818735,-18.0908504028824,4.63482144781801));
#5348=CARTESIAN_POINT('Ctrl Pts',(-6.03897573574057,-22.8510352459344,4.634821447818));
#5349=CARTESIAN_POINT('Ctrl Pts',(-4.0256416886979,-24.8925511416032,4.634821447818));
#5350=CARTESIAN_POINT('Ctrl Pts',(-2.42295922586013,-25.7342845169882,4.634821447818));
#5351=CARTESIAN_POINT('Ctrl Pts',(-1.46134959039092,-25.9319789534909,4.634821447818));
#5352=CARTESIAN_POINT('Ctrl Pts',(-0.975031476480893,-25.9502514341969,
4.634821447818));
#5353=CARTESIAN_POINT('Ctrl Pts',(-0.935622963536179,-24.9014024029285,
5.));
#5354=CARTESIAN_POINT('Ctrl Pts',(-0.559405520116695,-24.9155380597743,
5.));
#5355=CARTESIAN_POINT('Ctrl Pts',(0.195398353983559,-24.8204197500241,5.));
#5356=CARTESIAN_POINT('Ctrl Pts',(1.54919090171819,-24.2407096623903,5.));
#5357=CARTESIAN_POINT('Ctrl Pts',(3.44078147436459,-22.6094429491465,5.));
#5358=CARTESIAN_POINT('Ctrl Pts',(5.78457639940628,-18.3711102962805,5.));
#5359=CARTESIAN_POINT('Ctrl Pts',(6.44822031234098,-13.3625130553772,5.));
#5360=CARTESIAN_POINT('Ctrl Pts',(5.83303354017879,-8.89250386405993,5.));
#5361=CARTESIAN_POINT('Ctrl Pts',(5.01826650427548,-6.29009862011557,5.));
#5362=CARTESIAN_POINT('Ctrl Pts',(3.90193984843492,-4.27294076387145,5.));
#5363=CARTESIAN_POINT('Ctrl Pts',(2.61990107486831,-2.89712591451343,5.));
#5364=CARTESIAN_POINT('Ctrl Pts',(1.42371513176629,-2.07936467132714,5.));
#5365=CARTESIAN_POINT('Ctrl Pts',(-0.0640121104305401,-1.68715539145469,
5.));
#5366=CARTESIAN_POINT('Ctrl Pts',(-1.57304312837195,-1.9690829182578,5.));
#5367=CARTESIAN_POINT('Ctrl Pts',(-2.83118149366616,-2.6911702821564,5.));
#5368=CARTESIAN_POINT('Ctrl Pts',(-4.55062153303848,-4.29309287215633,5.));
#5369=CARTESIAN_POINT('Ctrl Pts',(-6.13395841129106,-7.11773553589219,5.));
#5370=CARTESIAN_POINT('Ctrl Pts',(-7.45950150689992,-12.3779045377086,5.));
#5371=CARTESIAN_POINT('Ctrl Pts',(-7.1478816168264,-17.8874419750431,5.));
#5372=CARTESIAN_POINT('Ctrl Pts',(-5.12800124896347,-22.2867871716868,4.99999999999999));
#5373=CARTESIAN_POINT('Ctrl Pts',(-3.3639155630989,-24.0561684515943,5.));
#5374=CARTESIAN_POINT('Ctrl Pts',(-2.05755019723658,-24.7356830020438,5.));
#5375=CARTESIAN_POINT('Ctrl Pts',(-1.31184040695566,-24.8872667460828,5.));
#5376=CARTESIAN_POINT('Ctrl Pts',(-0.93562296353618,-24.9014024029285,5.));
#5377=CARTESIAN_POINT('Ctrl Pts',(-0.918772084549224,-24.452919910674,5.));
#5378=CARTESIAN_POINT('Ctrl Pts',(-0.589565108099056,-24.4652892383906,
5.));
#5379=CARTESIAN_POINT('Ctrl Pts',(0.0717410016605329,-24.3829094334222,
5.));
#5380=CARTESIAN_POINT('Ctrl Pts',(1.29403101394052,-23.8628190177051,5.));
#5381=CARTESIAN_POINT('Ctrl Pts',(3.0706968967021,-22.3395296539804,5.));
#5382=CARTESIAN_POINT('Ctrl Pts',(5.34234188728192,-18.2506612253584,5.));
#5383=CARTESIAN_POINT('Ctrl Pts',(5.99400738096485,-13.3479602413696,5.));
#5384=CARTESIAN_POINT('Ctrl Pts',(5.39241347506738,-8.98929500613459,5.));
#5385=CARTESIAN_POINT('Ctrl Pts',(4.60182318213481,-6.46355166161706,5.));
#5386=CARTESIAN_POINT('Ctrl Pts',(3.52678005650657,-4.52873690535762,5.));
#5387=CARTESIAN_POINT('Ctrl Pts',(2.32221908418737,-3.23679862499742,5.));
#5388=CARTESIAN_POINT('Ctrl Pts',(1.22271417540943,-2.49137049453651,5.));
#5389=CARTESIAN_POINT('Ctrl Pts',(-0.0811231365739736,-2.15057766037553,
5.));
#5390=CARTESIAN_POINT('Ctrl Pts',(-1.40479277311843,-2.39447503159885,5.));
#5391=CARTESIAN_POINT('Ctrl Pts',(-2.55927787206991,-3.05239063737097,5.));
#5392=CARTESIAN_POINT('Ctrl Pts',(-4.17687379132011,-4.55657729501123,5.));
#5393=CARTESIAN_POINT('Ctrl Pts',(-5.71132430857071,-7.28037915726987,5.));
#5394=CARTESIAN_POINT('Ctrl Pts',(-7.0040605884687,-12.4074487828543,5.));
#5395=CARTESIAN_POINT('Ctrl Pts',(-6.69810451235239,-17.8004530776133,5.));
#5396=CARTESIAN_POINT('Ctrl Pts',(-4.7385525812059,-22.0454715106656,4.99999999999999));
#5397=CARTESIAN_POINT('Ctrl Pts',(-3.08113389160611,-23.6984876751775,5.));
#5398=CARTESIAN_POINT('Ctrl Pts',(-1.90138276278886,-24.308695763849,5.));
#5399=CARTESIAN_POINT('Ctrl Pts',(-1.24797906099939,-24.4405505829575,5.));
#5400=CARTESIAN_POINT('Ctrl Pts',(-0.918772084549225,-24.4529199106741,
5.));
#5401=CARTESIAN_POINT('',(-0.918772084549225,-24.4529199106741,5.));
#5402=CARTESIAN_POINT('',(-0.993865303763307,-26.4515096655833,3.));
#5403=CARTESIAN_POINT('Origin',(-0.918772084549224,-24.452919910674,3.));
#5404=CARTESIAN_POINT('Ctrl Pts',(-0.993865303763307,-26.4515096655833,
3.));
#5405=CARTESIAN_POINT('Ctrl Pts',(-0.454641262775722,-26.4717699861498,
3.));
#5406=CARTESIAN_POINT('Ctrl Pts',(0.62340125354862,-26.3327199726576,3.));
#5407=CARTESIAN_POINT('Ctrl Pts',(2.43244146462157,-25.5465633887221,3.));
#5408=CARTESIAN_POINT('Ctrl Pts',(4.72051124676777,-23.5419996914213,3.));
#5409=CARTESIAN_POINT('Ctrl Pts',(7.31319788581043,-18.7872836426277,3.));
#5410=CARTESIAN_POINT('Ctrl Pts',(8.01809394212841,-13.4130420554636,3.));
#5411=CARTESIAN_POINT('Ctrl Pts',(7.35614881127971,-8.55810571426786,3.));
#5412=CARTESIAN_POINT('Ctrl Pts',(6.4575947383281,-5.69046504345703,3.));
#5413=CARTESIAN_POINT('Ctrl Pts',(5.19946199904221,-3.38919395278942,3.));
#5414=CARTESIAN_POINT('Ctrl Pts',(3.64940053802141,-1.72309823528016,3.));
#5415=CARTESIAN_POINT('Ctrl Pts',(2.11953220227541,-0.65505365073855,3.));
#5416=CARTESIAN_POINT('Ctrl Pts',(-0.00515393878116187,-0.0848205471771852,
3.));
#5417=CARTESIAN_POINT('Ctrl Pts',(-2.15494667248863,-0.498310801128173,
3.));
#5418=CARTESIAN_POINT('Ctrl Pts',(-3.77179984370187,-1.44276402907763,3.));
#5419=CARTESIAN_POINT('Ctrl Pts',(-5.8431777374042,-3.38269518378088,3.));
#5420=CARTESIAN_POINT('Ctrl Pts',(-7.59467041300374,-6.55569248968955,3.));
#5421=CARTESIAN_POINT('Ctrl Pts',(-9.03394728113356,-12.275891232702,3.));
#5422=CARTESIAN_POINT('Ctrl Pts',(-8.70232415450168,-18.1880090787645,3.));
#5423=CARTESIAN_POINT('Ctrl Pts',(-6.47467738327062,-23.1205018897172,3.));
#5424=CARTESIAN_POINT('Ctrl Pts',(-4.34260330404981,-25.2920669995051,3.));
#5425=CARTESIAN_POINT('Ctrl Pts',(-2.59792919735347,-26.211569697454,3.));
#5426=CARTESIAN_POINT('Ctrl Pts',(-1.53308934475089,-26.4312493450168,3.));
#5427=CARTESIAN_POINT('Ctrl Pts',(-0.993865303763307,-26.4515096655833,
3.));
#5428=CARTESIAN_POINT('Ctrl Pts',(-0.918772084549225,-24.4529199106741,
5.));
#5429=CARTESIAN_POINT('Ctrl Pts',(-1.24797906099939,-24.4405505829575,5.));
#5430=CARTESIAN_POINT('Ctrl Pts',(-1.90138276278886,-24.308695763849,5.));
#5431=CARTESIAN_POINT('Ctrl Pts',(-3.08113389160611,-23.6984876751775,5.));
#5432=CARTESIAN_POINT('Ctrl Pts',(-4.7385525812059,-22.0454715106656,4.99999999999999));
#5433=CARTESIAN_POINT('Ctrl Pts',(-6.69810451235239,-17.8004530776133,5.));
#5434=CARTESIAN_POINT('Ctrl Pts',(-7.0040605884687,-12.4074487828543,5.));
#5435=CARTESIAN_POINT('Ctrl Pts',(-5.71132430857071,-7.28037915726987,5.));
#5436=CARTESIAN_POINT('Ctrl Pts',(-4.17687379132011,-4.55657729501123,5.));
#5437=CARTESIAN_POINT('Ctrl Pts',(-2.55927787206991,-3.05239063737097,5.));
#5438=CARTESIAN_POINT('Ctrl Pts',(-1.40479277311843,-2.39447503159885,5.));
#5439=CARTESIAN_POINT('Ctrl Pts',(-0.0811231365739736,-2.15057766037553,
5.));
#5440=CARTESIAN_POINT('Ctrl Pts',(1.22271417540943,-2.49137049453651,5.));
#5441=CARTESIAN_POINT('Ctrl Pts',(2.32221908418737,-3.23679862499742,5.));
#5442=CARTESIAN_POINT('Ctrl Pts',(3.52678005650657,-4.52873690535762,5.));
#5443=CARTESIAN_POINT('Ctrl Pts',(4.60182318213481,-6.46355166161706,5.));
#5444=CARTESIAN_POINT('Ctrl Pts',(5.39241347506738,-8.98929500613459,5.));
#5445=CARTESIAN_POINT('Ctrl Pts',(5.99400738096485,-13.3479602413696,5.));
#5446=CARTESIAN_POINT('Ctrl Pts',(5.34234188728192,-18.2506612253584,5.));
#5447=CARTESIAN_POINT('Ctrl Pts',(3.0706968967021,-22.3395296539804,5.));
#5448=CARTESIAN_POINT('Ctrl Pts',(1.29403101394052,-23.8628190177051,5.));
#5449=CARTESIAN_POINT('Ctrl Pts',(0.0717410016605329,-24.3829094334222,
5.));
#5450=CARTESIAN_POINT('Ctrl Pts',(-0.589565108099056,-24.4652892383906,
5.));
#5451=CARTESIAN_POINT('Ctrl Pts',(-0.918772084549224,-24.452919910674,5.));
#5452=CARTESIAN_POINT('Ctrl Pts',(-0.993865303763307,-26.4515096655833,
0.));
#5453=CARTESIAN_POINT('Ctrl Pts',(-0.993865303763307,-26.4515096655833,
5.));
#5454=CARTESIAN_POINT('Ctrl Pts',(0.891699133745823,-26.5223561728769,0.));
#5455=CARTESIAN_POINT('Ctrl Pts',(0.891699133745823,-26.5223561728769,5.));
#5456=CARTESIAN_POINT('Ctrl Pts',(2.82840101552698,-25.5153993328027,0.));
#5457=CARTESIAN_POINT('Ctrl Pts',(2.82840101552698,-25.5153993328027,5.));
#5458=CARTESIAN_POINT('Ctrl Pts',(4.38038203333746,-23.6102150190907,0.));
#5459=CARTESIAN_POINT('Ctrl Pts',(4.38038203333746,-23.6102150190907,5.));
#5460=CARTESIAN_POINT('Ctrl Pts',(6.08755377204988,-21.5145213346435,0.));
#5461=CARTESIAN_POINT('Ctrl Pts',(6.08755377204988,-21.5145213346435,5.));
#5462=CARTESIAN_POINT('Ctrl Pts',(7.28843811218209,-18.3488061632696,0.));
#5463=CARTESIAN_POINT('Ctrl Pts',(7.28843811218209,-18.3488061632696,5.));
#5464=CARTESIAN_POINT('Ctrl Pts',(7.63182831658653,-14.989310154059,0.));
#5465=CARTESIAN_POINT('Ctrl Pts',(7.63182831658653,-14.989310154059,5.));
#5466=CARTESIAN_POINT('Ctrl Pts',(7.96190999053625,-11.760015747508,0.));
#5467=CARTESIAN_POINT('Ctrl Pts',(7.96190999053625,-11.760015747508,5.));
#5468=CARTESIAN_POINT('Ctrl Pts',(7.49955524661451,-8.38760922764677,0.));
#5469=CARTESIAN_POINT('Ctrl Pts',(7.49955524661451,-8.38760922764677,5.));
#5470=CARTESIAN_POINT('Ctrl Pts',(6.37156577542084,-5.7429003299463,0.));
#5471=CARTESIAN_POINT('Ctrl Pts',(6.37156577542084,-5.7429003299463,5.));
#5472=CARTESIAN_POINT('Ctrl Pts',(5.28917253902339,-3.20509736616346,0.));
#5473=CARTESIAN_POINT('Ctrl Pts',(5.28917253902339,-3.20509736616346,5.));
#5474=CARTESIAN_POINT('Ctrl Pts',(3.60982089547009,-1.36572878045303,0.));
#5475=CARTESIAN_POINT('Ctrl Pts',(3.60982089547009,-1.36572878045303,5.));
#5476=CARTESIAN_POINT('Ctrl Pts',(1.7596029675046,-0.629280644101319,0.));
#5477=CARTESIAN_POINT('Ctrl Pts',(1.7596029675046,-0.629280644101319,5.));
#5478=CARTESIAN_POINT('Ctrl Pts',(-0.171382218607083,0.13931554132124,0.));
#5479=CARTESIAN_POINT('Ctrl Pts',(-0.171382218607083,0.13931554132124,5.));
#5480=CARTESIAN_POINT('Ctrl Pts',(-2.28802233889833,-0.271289457370556,
0.));
#5481=CARTESIAN_POINT('Ctrl Pts',(-2.28802233889833,-0.271289457370556,
5.));
#5482=CARTESIAN_POINT('Ctrl Pts',(-4.11258789771933,-1.79413118207121,0.));
#5483=CARTESIAN_POINT('Ctrl Pts',(-4.11258789771933,-1.79413118207121,5.));
#5484=CARTESIAN_POINT('Ctrl Pts',(-5.96317117799435,-3.33868814282918,0.));
#5485=CARTESIAN_POINT('Ctrl Pts',(-5.96317117799435,-3.33868814282918,5.));
#5486=CARTESIAN_POINT('Ctrl Pts',(-7.47044928747287,-6.02938378812592,0.));
#5487=CARTESIAN_POINT('Ctrl Pts',(-7.47044928747287,-6.02938378812592,5.));
#5488=CARTESIAN_POINT('Ctrl Pts',(-8.20810842491698,-9.1608503246053,0.));
#5489=CARTESIAN_POINT('Ctrl Pts',(-8.20810842491698,-9.1608503246053,5.));
#5490=CARTESIAN_POINT('Ctrl Pts',(-8.96051215612216,-12.3549097303559,0.));
#5491=CARTESIAN_POINT('Ctrl Pts',(-8.96051215612216,-12.3549097303559,5.));
#5492=CARTESIAN_POINT('Ctrl Pts',(-8.90362754842748,-15.9693630938247,0.));
#5493=CARTESIAN_POINT('Ctrl Pts',(-8.90362754842748,-15.9693630938247,5.));
#5494=CARTESIAN_POINT('Ctrl Pts',(-8.05549987516719,-19.0083232527739,0.));
#5495=CARTESIAN_POINT('Ctrl Pts',(-8.05549987516719,-19.0083232527739,5.));
#5496=CARTESIAN_POINT('Ctrl Pts',(-7.27341588628136,-21.8106396470024,0.));
#5497=CARTESIAN_POINT('Ctrl Pts',(-7.27341588628136,-21.8106396470024,5.));
#5498=CARTESIAN_POINT('Ctrl Pts',(-5.83015675027052,-24.0956755287626,0.));
#5499=CARTESIAN_POINT('Ctrl Pts',(-5.83015675027052,-24.0956755287626,5.));
#5500=CARTESIAN_POINT('Ctrl Pts',(-4.09545796176531,-25.3369601999078,0.));
#5501=CARTESIAN_POINT('Ctrl Pts',(-4.09545796176531,-25.3369601999078,5.));
#5502=CARTESIAN_POINT('Ctrl Pts',(-3.12154876860925,-26.0338526866972,0.));
#5503=CARTESIAN_POINT('Ctrl Pts',(-3.12154876860925,-26.0338526866972,5.));
#5504=CARTESIAN_POINT('Ctrl Pts',(-2.06324689774146,-26.4113296805399,0.));
#5505=CARTESIAN_POINT('Ctrl Pts',(-2.06324689774146,-26.4113296805399,5.));
#5506=CARTESIAN_POINT('Ctrl Pts',(-0.99386530376331,-26.4515096655833,0.));
#5507=CARTESIAN_POINT('Ctrl Pts',(-0.99386530376331,-26.4515096655833,5.));
#5508=CARTESIAN_POINT('',(-0.993865303763307,-26.4515096655833,2.5));
#5509=CARTESIAN_POINT('',(-0.993865303763307,-26.4515096655833,0.));
#5510=CARTESIAN_POINT('Ctrl Pts',(-0.99386530376331,-26.4515096655833,2.5));
#5511=CARTESIAN_POINT('Ctrl Pts',(-2.06324689774146,-26.4113296805399,2.5));
#5512=CARTESIAN_POINT('Ctrl Pts',(-3.12154876860925,-26.0338526866972,2.5));
#5513=CARTESIAN_POINT('Ctrl Pts',(-4.09545796176531,-25.3369601999078,2.5));
#5514=CARTESIAN_POINT('Ctrl Pts',(-5.83015675027052,-24.0956755287626,2.5));
#5515=CARTESIAN_POINT('Ctrl Pts',(-7.27341588628136,-21.8106396470024,2.5));
#5516=CARTESIAN_POINT('Ctrl Pts',(-8.05549987516719,-19.0083232527739,2.5));
#5517=CARTESIAN_POINT('Ctrl Pts',(-8.90362754842748,-15.9693630938247,2.5));
#5518=CARTESIAN_POINT('Ctrl Pts',(-8.96051215612216,-12.3549097303559,2.5));
#5519=CARTESIAN_POINT('Ctrl Pts',(-8.20810842491698,-9.1608503246053,2.5));
#5520=CARTESIAN_POINT('Ctrl Pts',(-7.47044928747287,-6.02938378812592,2.5));
#5521=CARTESIAN_POINT('Ctrl Pts',(-5.96317117799435,-3.33868814282918,2.5));
#5522=CARTESIAN_POINT('Ctrl Pts',(-4.11258789771933,-1.79413118207121,2.5));
#5523=CARTESIAN_POINT('Ctrl Pts',(-2.28802233889833,-0.271289457370556,
2.5));
#5524=CARTESIAN_POINT('Ctrl Pts',(-0.171382218607083,0.13931554132124,2.5));
#5525=CARTESIAN_POINT('Ctrl Pts',(1.7596029675046,-0.629280644101319,2.5));
#5526=CARTESIAN_POINT('Ctrl Pts',(3.60982089547009,-1.36572878045303,2.5));
#5527=CARTESIAN_POINT('Ctrl Pts',(5.28917253902339,-3.20509736616346,2.5));
#5528=CARTESIAN_POINT('Ctrl Pts',(6.37156577542084,-5.7429003299463,2.5));
#5529=CARTESIAN_POINT('Ctrl Pts',(7.49955524661451,-8.38760922764677,2.5));
#5530=CARTESIAN_POINT('Ctrl Pts',(7.96190999053625,-11.760015747508,2.5));
#5531=CARTESIAN_POINT('Ctrl Pts',(7.63182831658653,-14.989310154059,2.5));
#5532=CARTESIAN_POINT('Ctrl Pts',(7.28843811218209,-18.3488061632696,2.5));
#5533=CARTESIAN_POINT('Ctrl Pts',(6.08755377204988,-21.5145213346435,2.5));
#5534=CARTESIAN_POINT('Ctrl Pts',(4.38038203333746,-23.6102150190907,2.5));
#5535=CARTESIAN_POINT('Ctrl Pts',(2.82840101552698,-25.5153993328027,2.5));
#5536=CARTESIAN_POINT('Ctrl Pts',(0.891699133745823,-26.5223561728769,2.5));
#5537=CARTESIAN_POINT('Ctrl Pts',(-0.993865303763307,-26.4515096655833,
2.5));
#5538=CARTESIAN_POINT('Origin',(-0.499301082792951,-13.1915203157778,5.));
#5539=CARTESIAN_POINT('Ctrl Pts',(5.09005073036575,-23.0840728273286,3.));
#5540=CARTESIAN_POINT('Ctrl Pts',(4.38792466248781,-24.0887933450057,3.));
#5541=CARTESIAN_POINT('Ctrl Pts',(3.1313456777333,-25.3949499426131,3.));
#5542=CARTESIAN_POINT('Ctrl Pts',(0.670142836892033,-26.6797567610433,3.));
#5543=CARTESIAN_POINT('Ctrl Pts',(-1.98670997896678,-26.8862156322577,3.));
#5544=CARTESIAN_POINT('Ctrl Pts',(-3.95383135175601,-25.8361844334912,3.));
#5545=CARTESIAN_POINT('Ctrl Pts',(-4.81490456601242,-25.0857285925811,3.));
#5546=CARTESIAN_POINT('Ctrl Pts',(5.09005073036575,-23.0840728273286,3.59839860068377));
#5547=CARTESIAN_POINT('Ctrl Pts',(4.38829748627612,-24.0882598457856,3.59839860068377));
#5548=CARTESIAN_POINT('Ctrl Pts',(3.13012435953041,-25.3949658739748,3.59839860068377));
#5549=CARTESIAN_POINT('Ctrl Pts',(0.66996114700503,-26.6785239523104,3.59839860068377));
#5550=CARTESIAN_POINT('Ctrl Pts',(-1.98606626698757,-26.885387174502,3.59839860068377));
#5551=CARTESIAN_POINT('Ctrl Pts',(-3.95452636386267,-25.8355787057943,3.59839860068377));
#5552=CARTESIAN_POINT('Ctrl Pts',(-4.81490456601242,-25.0857285925811,3.59839860068377));
#5553=CARTESIAN_POINT('Ctrl Pts',(5.50126622587244,-23.3714414177284,4.63476800926407));
#5554=CARTESIAN_POINT('Ctrl Pts',(4.77025912416414,-24.4174897945872,4.63476800926407));
#5555=CARTESIAN_POINT('Ctrl Pts',(3.45360964423076,-25.7915316985953,4.63476800926406));
#5556=CARTESIAN_POINT('Ctrl Pts',(0.813267791788262,-27.1768437927329,4.63476800926406));
#5557=CARTESIAN_POINT('Ctrl Pts',(-2.10510437226564,-27.4055486055448,4.63476800926406));
#5558=CARTESIAN_POINT('Ctrl Pts',(-4.22960505914174,-26.2613058593491,4.63476800926406));
#5559=CARTESIAN_POINT('Ctrl Pts',(-5.14451783190866,-25.463926933982,4.63476800926406));
#5560=CARTESIAN_POINT('Ctrl Pts',(6.36154429372754,-23.9726271668372,5.));
#5561=CARTESIAN_POINT('Ctrl Pts',(5.57043388479391,-25.1046815028994,5.));
#5562=CARTESIAN_POINT('Ctrl Pts',(4.12675973818003,-26.6212089817049,5.));
#5563=CARTESIAN_POINT('Ctrl Pts',(1.11253607587014,-28.2157204564087,5.));
#5564=CARTESIAN_POINT('Ctrl Pts',(-2.35224270225655,-28.4913082877661,5.));
#5565=CARTESIAN_POINT('Ctrl Pts',(-4.80712461802753,-27.1501608026784,5.));
#5566=CARTESIAN_POINT('Ctrl Pts',(-5.83408100893639,-26.2551318908999,5.));
#5567=CARTESIAN_POINT('Ctrl Pts',(6.72941728930683,-24.2297068375717,5.));
#5568=CARTESIAN_POINT('Ctrl Pts',(5.91264414347547,-25.3984837502202,5.));
#5569=CARTESIAN_POINT('Ctrl Pts',(4.41448609604715,-26.9759980918901,5.));
#5570=CARTESIAN_POINT('Ctrl Pts',(1.24049062796904,-28.6598379948332,5.));
#5571=CARTESIAN_POINT('Ctrl Pts',(-2.45785742884254,-28.9555159650933,5.));
#5572=CARTESIAN_POINT('Ctrl Pts',(-5.05415627457704,-27.5301909930083,5.));
#5573=CARTESIAN_POINT('Ctrl Pts',(-6.12895272664371,-26.593467771465,5.));
#5574=CARTESIAN_POINT('',(-3.81627863491298,-28.0705800916053,5.));
#5575=CARTESIAN_POINT('',(4.24657499118014,-26.879240228645,5.));
#5576=CARTESIAN_POINT('Ctrl Pts',(-3.81628031323899,-28.0705839931689,5.));
#5577=CARTESIAN_POINT('Ctrl Pts',(-3.34890670303275,-28.274366059047,5.));
#5578=CARTESIAN_POINT('Ctrl Pts',(-1.50752953442166,-28.8795385236553,5.));
#5579=CARTESIAN_POINT('Ctrl Pts',(1.24049062796904,-28.6598379948332,5.));
#5580=CARTESIAN_POINT('Ctrl Pts',(3.33273671503431,-27.5498781717619,5.));
#5581=CARTESIAN_POINT('Ctrl Pts',(4.07958015715847,-27.0076125466036,5.));
#5582=CARTESIAN_POINT('Ctrl Pts',(4.24616197968152,-26.8787065050715,5.));
#5583=CARTESIAN_POINT('',(5.09005073010871,-23.0840728277251,3.));
#5584=CARTESIAN_POINT('Ctrl Pts',(4.24657499118014,-26.879240228645,5.));
#5585=CARTESIAN_POINT('Ctrl Pts',(4.24767746704587,-26.8757528179509,5.));
#5586=CARTESIAN_POINT('Ctrl Pts',(4.24877907374029,-26.8722651290373,4.99999673859832));
#5587=CARTESIAN_POINT('Ctrl Pts',(4.41301336125426,-26.3518469394159,4.99902431197847));
#5588=CARTESIAN_POINT('Ctrl Pts',(4.55972127168291,-25.8164769158218,4.92653045117013));
#5589=CARTESIAN_POINT('Ctrl Pts',(4.80023251988276,-24.7993377779782,4.65461743800107));
#5590=CARTESIAN_POINT('Ctrl Pts',(4.8903135334347,-24.3358536062637,4.46007688483483));
#5591=CARTESIAN_POINT('Ctrl Pts',(4.99086740007106,-23.7558683629453,4.09355515822089));
#5592=CARTESIAN_POINT('Ctrl Pts',(5.02317203302028,-23.55048341119,3.93211675071458));
#5593=CARTESIAN_POINT('Ctrl Pts',(5.06141970509541,-23.2915995981848,3.62630289121204));
#5594=CARTESIAN_POINT('Ctrl Pts',(5.07316764011922,-23.2076414052921,3.49683464366003));
#5595=CARTESIAN_POINT('Ctrl Pts',(5.08681476769019,-23.1083518678407,3.24109735483545));
#5596=CARTESIAN_POINT('Ctrl Pts',(5.09005073036575,-23.0840728273286,3.12238395326815));
#5597=CARTESIAN_POINT('Ctrl Pts',(5.09005073036575,-23.0840728273286,3.));
#5598=CARTESIAN_POINT('',(-4.81490456480242,-25.0857285936356,3.));
#5599=CARTESIAN_POINT('Ctrl Pts',(5.09005073009526,-23.0840728277157,3.));
#5600=CARTESIAN_POINT('Ctrl Pts',(4.38792466248781,-24.0887933450057,3.));
#5601=CARTESIAN_POINT('Ctrl Pts',(3.1313456777333,-25.3949499426131,3.));
#5602=CARTESIAN_POINT('Ctrl Pts',(0.670142836892033,-26.6797567610433,3.));
#5603=CARTESIAN_POINT('Ctrl Pts',(-1.98670997846899,-26.886215632219,3.));
#5604=CARTESIAN_POINT('Ctrl Pts',(-3.9538313508346,-25.8361844339831,3.));
#5605=CARTESIAN_POINT('Ctrl Pts',(-4.81490456480242,-25.0857285936356,3.));
#5606=CARTESIAN_POINT('Ctrl Pts',(-3.81627863491298,-28.0705800916053,5.));
#5607=CARTESIAN_POINT('Ctrl Pts',(-3.81749671229714,-28.0677698881504,5.));
#5608=CARTESIAN_POINT('Ctrl Pts',(-3.81871412358825,-28.0649593943621,4.9999967089992));
#5609=CARTESIAN_POINT('Ctrl Pts',(-3.96760479146335,-27.721009240087,4.99919173476583));
#5610=CARTESIAN_POINT('Ctrl Pts',(-4.1064473451287,-27.3722888875641,4.94998662912971));
#5611=CARTESIAN_POINT('Ctrl Pts',(-4.3483816153207,-26.7081375432867,4.76554383500905));
#5612=CARTESIAN_POINT('Ctrl Pts',(-4.45562358646565,-26.3828908434902,4.63071706676703));
#5613=CARTESIAN_POINT('Ctrl Pts',(-4.62032453958838,-25.8373151105327,4.29636718956066));
#5614=CARTESIAN_POINT('Ctrl Pts',(-4.67906946047895,-25.6223806425771,4.11781747052125));
#5615=CARTESIAN_POINT('Ctrl Pts',(-4.75348574699183,-25.3374718246713,3.77999202751695));
#5616=CARTESIAN_POINT('Ctrl Pts',(-4.77830759191257,-25.2371564804865,3.62210805567541));
#5617=CARTESIAN_POINT('Ctrl Pts',(-4.80783688655558,-25.1157252070356,3.30494575484596));
#5618=CARTESIAN_POINT('Ctrl Pts',(-4.81490456471155,-25.0857285937148,3.15460233253087));
#5619=CARTESIAN_POINT('Ctrl Pts',(-4.81490456471155,-25.0857285937148,3.));
#5620=CARTESIAN_POINT('Origin',(7.75000000000003,-46.2861031923649,3.));
#5621=CARTESIAN_POINT('',(9.75000000000001,-50.9055011851613,3.));
#5622=CARTESIAN_POINT('',(7.75000000000001,-50.8948636723832,5.));
#5623=CARTESIAN_POINT('Ctrl Pts',(9.75000000000001,-50.9055011851613,3.00000000000001));
#5624=CARTESIAN_POINT('Ctrl Pts',(9.75000000000001,-50.9052486903045,3.0745696859694));
#5625=CARTESIAN_POINT('Ctrl Pts',(9.74582517866622,-50.9049961954476,3.1491391775073));
#5626=CARTESIAN_POINT('Ctrl Pts',(9.73750160358192,-50.9047437005907,3.22324286272869));
#5627=CARTESIAN_POINT('Ctrl Pts',(9.72917830403013,-50.9044912140921,3.29734409492075));
#5628=CARTESIAN_POINT('Ctrl Pts',(9.71670656907864,-50.9042387275936,3.37097916527856));
#5629=CARTESIAN_POINT('Ctrl Pts',(9.7001642670912,-50.9039862410949,3.44368832682486));
#5630=CARTESIAN_POINT('Ctrl Pts',(9.68362247223091,-50.9037337623367,3.51639525937131));
#5631=CARTESIAN_POINT('Ctrl Pts',(9.66301044641128,-50.9034812835784,3.58817596086446));
#5632=CARTESIAN_POINT('Ctrl Pts',(9.63845687473573,-50.9032288048201,3.65858228966726));
#5633=CARTESIAN_POINT('Ctrl Pts',(9.6139039957327,-50.9029763331844,3.7289866322609));
#5634=CARTESIAN_POINT('Ctrl Pts',(9.58540992148452,-50.9027238615487,3.79801631276533));
#5635=CARTESIAN_POINT('Ctrl Pts',(9.55315253632097,-50.9024713899131,3.86524038900139));
#5636=CARTESIAN_POINT('Ctrl Pts',(9.52089598228368,-50.9022189247824,3.9324627331784));
#5637=CARTESIAN_POINT('Ctrl Pts',(9.48487647959428,-50.9019664596518,3.99787921583004));
#5638=CARTESIAN_POINT('Ctrl Pts',(9.44531888116381,-50.9017139945211,4.06108147244662));
#5639=CARTESIAN_POINT('Ctrl Pts',(9.40576220524514,-50.9014615352782,4.12428225514088));
#5640=CARTESIAN_POINT('Ctrl Pts',(9.36266780494621,-50.9012090760352,4.1852685857783));
#5641=CARTESIAN_POINT('Ctrl Pts',(9.31630468593157,-50.9009566167922,4.24365977293986));
#5642=CARTESIAN_POINT('Ctrl Pts',(9.2696819942409,-50.9007027441085,4.3023778741881));
#5643=CARTESIAN_POINT('Ctrl Pts',(9.21975408816204,-50.9004488714248,4.35847135086673));
#5644=CARTESIAN_POINT('Ctrl Pts',(9.16683612269464,-50.9001949987411,4.41158612965261));
#5645=CARTESIAN_POINT('Ctrl Pts',(9.1142052954614,-50.8999425035963,4.46441270227536));
#5646=CARTESIAN_POINT('Ctrl Pts',(9.05861707986798,-50.8996900084514,4.51429257048568));
#5647=CARTESIAN_POINT('Ctrl Pts',(9.00041856950783,-50.8994375133066,4.56091428369081));
#5648=CARTESIAN_POINT('Ctrl Pts',(8.94222377927683,-50.8991850343016,4.60753301677166));
#5649=CARTESIAN_POINT('Ctrl Pts',(8.88141933174708,-50.8989325552965,4.65089376873047));
#5650=CARTESIAN_POINT('Ctrl Pts',(8.81838484229219,-50.8986800762915,4.69072582897414));
#5651=CARTESIAN_POINT('Ctrl Pts',(8.75535376541277,-50.8984276109553,4.73055573278072));
#5652=CARTESIAN_POINT('Ctrl Pts',(8.6900932168784,-50.898175145619,4.76685711970975));
#5653=CARTESIAN_POINT('Ctrl Pts',(8.62301058843731,-50.8979226802828,4.79940337681031));
#5654=CARTESIAN_POINT('Ctrl Pts',(8.55527644145008,-50.8976677629578,4.83226572901032));
#5655=CARTESIAN_POINT('Ctrl Pts',(8.48568497401647,-50.8974128456329,4.86129940306943));
#5656=CARTESIAN_POINT('Ctrl Pts',(8.41467907709868,-50.8971579283079,4.88631962415367));
#5657=CARTESIAN_POINT('Ctrl Pts',(8.34435228100615,-50.8969054490138,4.91110055169296));
#5658=CARTESIAN_POINT('Ctrl Pts',(8.27263838124799,-50.8966529697196,4.93194437680406));
#5659=CARTESIAN_POINT('Ctrl Pts',(8.19998510430128,-50.8964004904255,4.94872096666171));
#5660=CARTESIAN_POINT('Ctrl Pts',(8.12627947811344,-50.8961443540851,4.96574055769354));
#5661=CARTESIAN_POINT('Ctrl Pts',(8.05160743388275,-50.8958882177447,4.97857401722485));
#5662=CARTESIAN_POINT('Ctrl Pts',(7.97644874329148,-50.8956320814043,4.98713888962541));
#5663=CARTESIAN_POINT('Ctrl Pts',(7.9012900527002,-50.8953759450639,4.99570376202597));
#5664=CARTESIAN_POINT('Ctrl Pts',(7.82564513077942,-50.8951198087235,5.));
#5665=CARTESIAN_POINT('Ctrl Pts',(7.75000000000001,-50.8948636723832,5.));
#5666=CARTESIAN_POINT('',(7.75,-51.8725660760113,5.));
#5667=CARTESIAN_POINT('',(7.75000000000003,-46.2861031923649,5.));
#5668=CARTESIAN_POINT('',(9.75,-52.5640475287709,3.));
#5669=CARTESIAN_POINT('Ctrl Pts',(7.75,-51.8725660760113,5.));
#5670=CARTESIAN_POINT('Ctrl Pts',(7.75216892696708,-51.873362203372,5.));
#5671=CARTESIAN_POINT('Ctrl Pts',(7.75433790798032,-51.8741581810051,4.99999647181688));
#5672=CARTESIAN_POINT('Ctrl Pts',(7.90160526001629,-51.92819119266,4.99951733977802));
#5673=CARTESIAN_POINT('Ctrl Pts',(8.04664796719224,-51.9806425573228,4.98325537721352));
#5674=CARTESIAN_POINT('Ctrl Pts',(8.33041875538653,-52.0819329510651,4.91940461839475));
#5675=CARTESIAN_POINT('Ctrl Pts',(8.46861771075383,-52.1305945584581,4.87216549172637));
#5676=CARTESIAN_POINT('Ctrl Pts',(8.83254553672273,-52.2573048339541,4.70103978351383));
#5677=CARTESIAN_POINT('Ctrl Pts',(9.04351917166713,-52.3290956388834,4.54760271697844));
#5678=CARTESIAN_POINT('Ctrl Pts',(9.38884893813381,-52.4451692270125,4.17294629869124));
#5679=CARTESIAN_POINT('Ctrl Pts',(9.52316696345759,-52.4895585182007,3.95901327725808));
#5680=CARTESIAN_POINT('Ctrl Pts',(9.70376789111332,-52.5489910729779,3.49356818849552));
#5681=CARTESIAN_POINT('Ctrl Pts',(9.75,-52.5640475287709,3.24828511277227));
#5682=CARTESIAN_POINT('Ctrl Pts',(9.75,-52.5640475287709,3.));
#5683=CARTESIAN_POINT('',(9.75000000000003,-46.2861031923649,3.));
#5684=CARTESIAN_POINT('Origin',(1.14152353354151,-46.2657150065775,3.));
#5685=CARTESIAN_POINT('',(-9.03194736949611,-49.47123359469,3.));
#5686=CARTESIAN_POINT('Origin',(1.14152353354151,-46.2657150065775,3.));
#5687=CARTESIAN_POINT('',(-7.04541621830506,-49.108734109957,5.));
#5688=CARTESIAN_POINT('Origin',(1.14152353354151,-46.2657150065775,5.));
#5689=CARTESIAN_POINT('Ctrl Pts',(-7.04541621830506,-49.108734109957,5.));
#5690=CARTESIAN_POINT('Ctrl Pts',(-7.04789102825601,-49.1092020626569,5.));
#5691=CARTESIAN_POINT('Ctrl Pts',(-7.05036584887125,-49.1096699480785,4.99999534481273));
#5692=CARTESIAN_POINT('Ctrl Pts',(-7.18699871203722,-49.1354977074089,4.99948131879283));
#5693=CARTESIAN_POINT('Ctrl Pts',(-7.32082475860101,-49.1605898825289,4.98529753527873));
#5694=CARTESIAN_POINT('Ctrl Pts',(-7.58354919338952,-49.209493580655,4.92995943319723));
#5695=CARTESIAN_POINT('Ctrl Pts',(-7.71181707169604,-49.2331886813512,4.88897072350205));
#5696=CARTESIAN_POINT('Ctrl Pts',(-8.07177418069011,-49.2992684243684,4.73198867305909));
#5697=CARTESIAN_POINT('Ctrl Pts',(-8.28667433652761,-49.3381740646182,4.58314518333372));
#5698=CARTESIAN_POINT('Ctrl Pts',(-8.64661555761278,-49.40286494717,4.21165122278464));
#5699=CARTESIAN_POINT('Ctrl Pts',(-8.78879174858018,-49.428151913581,3.99322627402393));
#5700=CARTESIAN_POINT('Ctrl Pts',(-8.98222915903377,-49.4624696741978,3.5141208486952));
#5701=CARTESIAN_POINT('Ctrl Pts',(-9.03194736949608,-49.4712335946901,3.25835276488865));
#5702=CARTESIAN_POINT('Ctrl Pts',(-9.03194736949608,-49.4712335946901,3.));
#5703=CARTESIAN_POINT('Origin',(-70.5325221599162,-50.0514465074616,3.));
#5704=CARTESIAN_POINT('Origin',(-70.5325221599162,-50.0514465074616,5.));
#5705=CARTESIAN_POINT('Origin',(-70.5325221599162,-50.0514465074616,3.));
#5706=CARTESIAN_POINT('Origin',(48.7312411057336,-46.9029737312342,3.));
#5707=CARTESIAN_POINT('Origin',(48.7312411057336,-46.9029737312342,3.));
#5708=CARTESIAN_POINT('Origin',(48.7312411057336,-46.9029737312342,5.));
#5709=CARTESIAN_POINT('Ctrl Pts',(-4.81490456480242,-25.0857285936356,2.5));
#5710=CARTESIAN_POINT('Ctrl Pts',(0.471524898245172,-29.6930393319381,2.5));
#5711=CARTESIAN_POINT('Ctrl Pts',(5.09005073012817,-23.0840728276686,2.5));
#5712=CARTESIAN_POINT('Ctrl Pts',(-4.81490456480242,-25.0857285936356,3.));
#5713=CARTESIAN_POINT('Ctrl Pts',(0.471524898245172,-29.6930393319381,3.));
#5714=CARTESIAN_POINT('Ctrl Pts',(5.09005073012817,-23.0840728276686,3.));
#5715=CARTESIAN_POINT('',(5.09005073012817,-23.0840728276686,2.5));
#5716=CARTESIAN_POINT('',(5.09005073012817,-23.0840728276686,0.));
#5717=CARTESIAN_POINT('',(-4.81490456480242,-25.0857285936356,2.5));
#5718=CARTESIAN_POINT('Origin',(-0.501625978082534,-13.3506666924735,2.5));
#5719=CARTESIAN_POINT('',(-4.81490456480242,-25.0857285936356,0.));
#5720=CARTESIAN_POINT('Origin',(-70.5325221599162,-50.0514465074616,0.));
#5721=CARTESIAN_POINT('',(9.75000000000001,-50.9055011851613,2.5));
#5722=CARTESIAN_POINT('',(9.75000000000001,-50.9055011851613,0.));
#5723=CARTESIAN_POINT('Origin',(-70.5325221599162,-50.0514465074616,2.5));
#5724=CARTESIAN_POINT('Origin',(9.75,-52.5640475287709,0.));
#5725=CARTESIAN_POINT('',(9.75,-52.5640475287709,2.5));
#5726=CARTESIAN_POINT('',(9.75,-52.5640475287709,0.));
#5727=CARTESIAN_POINT('',(9.75000000000001,-50.9055011851613,2.5));
#5728=CARTESIAN_POINT('Origin',(0.332764314063363,-40.008158855959,5.));
#5729=CARTESIAN_POINT('Ctrl Pts',(-8.69772310816488,-17.2912367569916,3.));
#5730=CARTESIAN_POINT('Ctrl Pts',(-9.24644344164759,-14.1343350185696,3.));
#5731=CARTESIAN_POINT('Ctrl Pts',(-9.03868089406394,-10.7815631166684,3.));
#5732=CARTESIAN_POINT('Ctrl Pts',(-8.07700501259149,-7.74249905855362,3.));
#5733=CARTESIAN_POINT('Ctrl Pts',(-8.69772310816488,-17.2912367569916,3.59839860068377));
#5734=CARTESIAN_POINT('Ctrl Pts',(-9.24625727392052,-14.1354060800655,3.59839860068377));
#5735=CARTESIAN_POINT('Ctrl Pts',(-9.0383358686081,-10.7804727758559,3.59839860068377));
#5736=CARTESIAN_POINT('Ctrl Pts',(-8.07700501259149,-7.74249905855362,3.59839860068377));
#5737=CARTESIAN_POINT('Ctrl Pts',(-9.19192669837955,-17.377137295336,4.63482014962228));
#5738=CARTESIAN_POINT('Ctrl Pts',(-9.75506863421755,-14.1372650913268,4.63482014962228));
#5739=CARTESIAN_POINT('Ctrl Pts',(-9.54364927044511,-10.7146934345806,4.63482014962228));
#5740=CARTESIAN_POINT('Ctrl Pts',(-8.55524577079244,-7.59116542625623,4.63482014962228));
#5741=CARTESIAN_POINT('Ctrl Pts',(-10.226009620707,-17.5568775511325,5.));
#5742=CARTESIAN_POINT('Ctrl Pts',(-10.8191638477301,-14.1443384193011,5.));
#5743=CARTESIAN_POINT('Ctrl Pts',(-10.5999531064945,-10.5738144391945,5.));
#5744=CARTESIAN_POINT('Ctrl Pts',(-9.55592769744888,-7.27451146454677,5.));
#5745=CARTESIAN_POINT('Ctrl Pts',(-10.6681788566927,-17.6337336812023,5.));
#5746=CARTESIAN_POINT('Ctrl Pts',(-11.2741476453086,-14.1474697221659,5.));
#5747=CARTESIAN_POINT('Ctrl Pts',(-11.0515895085763,-10.5134665089081,5.));
#5748=CARTESIAN_POINT('Ctrl Pts',(-9.98381481696381,-7.13911164573364,5.));
#5749=CARTESIAN_POINT('',(-10.9924227429083,-13.761949510742,5.));
#5750=CARTESIAN_POINT('',(-10.7732684808221,-16.9667437340348,5.));
#5751=CARTESIAN_POINT('Ctrl Pts',(-10.9997519401555,-13.7619310254765,5.));
#5752=CARTESIAN_POINT('Ctrl Pts',(-11.0007978192967,-14.8338543556039,5.));
#5753=CARTESIAN_POINT('Ctrl Pts',(-10.9253084260157,-15.9059186004235,5.));
#5754=CARTESIAN_POINT('Ctrl Pts',(-10.7737471949555,-16.9668114939201,5.));
#5755=CARTESIAN_POINT('',(-8.6977231087212,-17.2912367558512,3.));
#5756=CARTESIAN_POINT('Ctrl Pts',(-10.7732684808221,-16.9667437340348,5.));
#5757=CARTESIAN_POINT('Ctrl Pts',(-10.7710746674719,-16.967103947403,5.));
#5758=CARTESIAN_POINT('Ctrl Pts',(-10.7688808467448,-16.9674641101738,4.99999662377294));
#5759=CARTESIAN_POINT('Ctrl Pts',(-10.6172185457183,-16.9923591494275,4.99952982637906));
#5760=CARTESIAN_POINT('Ctrl Pts',(-10.4680421043268,-17.0166026815648,4.98339926127933));
#5761=CARTESIAN_POINT('Ctrl Pts',(-10.1759834803175,-17.0635950516706,4.92035492701004));
#5762=CARTESIAN_POINT('Ctrl Pts',(-10.0336474524862,-17.086257622856,4.87365878903497));
#5763=CARTESIAN_POINT('Ctrl Pts',(-9.65479965142215,-17.146001767929,4.70317145205647));
#5764=CARTESIAN_POINT('Ctrl Pts',(-9.43413292279965,-17.1801055342064,4.54887356406711));
#5765=CARTESIAN_POINT('Ctrl Pts',(-9.0737743113334,-17.2350970935681,4.17312938989758));
#5766=CARTESIAN_POINT('Ctrl Pts',(-8.93371511066797,-17.2561028145939,3.95870405535436));
#5767=CARTESIAN_POINT('Ctrl Pts',(-8.74579193650293,-17.284146549868,3.49304354591292));
#5768=CARTESIAN_POINT('Ctrl Pts',(-8.69772310816488,-17.2912367569916,3.24806219931041));
#5769=CARTESIAN_POINT('Ctrl Pts',(-8.69772310816488,-17.2912367569916,3.));
#5770=CARTESIAN_POINT('',(-8.07700501259252,-7.74249905855687,3.));
#5771=CARTESIAN_POINT('Ctrl Pts',(-8.69772310837359,-17.2912367557908,3.));
#5772=CARTESIAN_POINT('Ctrl Pts',(-9.2464434415949,-14.1343350177194,3.));
#5773=CARTESIAN_POINT('Ctrl Pts',(-9.03868089394201,-10.7815631162831,3.));
#5774=CARTESIAN_POINT('Ctrl Pts',(-8.07700501259149,-7.74249905855362,3.));
#5775=CARTESIAN_POINT('Ctrl Pts',(-10.9924227429083,-13.761949510742,5.));
#5776=CARTESIAN_POINT('Ctrl Pts',(-10.9903381551421,-13.7564945928447,5.));
#5777=CARTESIAN_POINT('Ctrl Pts',(-10.9882524012253,-13.7510401124193,4.99999678492967));
#5778=CARTESIAN_POINT('Ctrl Pts',(-10.2961547667816,-11.9422838986369,4.99786671561937));
#5779=CARTESIAN_POINT('Ctrl Pts',(-9.47633064707924,-10.2455911124497,4.65411548232742));
#5780=CARTESIAN_POINT('Ctrl Pts',(-8.66637086741385,-8.7510474788157,4.05181054123601));
#5781=CARTESIAN_POINT('Ctrl Pts',(-8.47921559381984,-8.42343859221859,3.87783618190577));
#5782=CARTESIAN_POINT('Ctrl Pts',(-8.27614721921675,-8.07565578667082,3.60884949416518));
#5783=CARTESIAN_POINT('Ctrl Pts',(-8.21092669444664,-7.96558454040521,3.50756224288857));
#5784=CARTESIAN_POINT('Ctrl Pts',(-8.13438456538234,-7.83762436709611,3.3292871132746));
#5785=CARTESIAN_POINT('Ctrl Pts',(-8.11074936337233,-7.79837385541576,3.25929993366236));
#5786=CARTESIAN_POINT('Ctrl Pts',(-8.08358580494031,-7.75336524203307,3.12421307322431));
#5787=CARTESIAN_POINT('Ctrl Pts',(-8.07700501259249,-7.7424990585568,3.06314431073728));
#5788=CARTESIAN_POINT('Ctrl Pts',(-8.07700501259249,-7.7424990585568,3.));
#5789=CARTESIAN_POINT('Origin',(-34.6864243916609,-64.5065464294101,3.));
#5790=CARTESIAN_POINT('',(-39.1100641231375,-73.3008252278225,5.));
#5791=CARTESIAN_POINT('',(-34.6864243916609,-64.5065464294101,5.));
#5792=CARTESIAN_POINT('',(-42.2865929751556,-84.0665403677381,3.));
#5793=CARTESIAN_POINT('Ctrl Pts',(-39.1100641231375,-73.3008252278225,5.));
#5794=CARTESIAN_POINT('Ctrl Pts',(-39.1138806088243,-73.3127187585443,5.));
#5795=CARTESIAN_POINT('Ctrl Pts',(-39.1176961562327,-73.3246126101957,4.99999719154806));
#5796=CARTESIAN_POINT('Ctrl Pts',(-40.5355492874032,-77.7455608463755,4.99790625511829));
#5797=CARTESIAN_POINT('Ctrl Pts',(-41.447673024485,-81.0115582196063,4.60670526078804));
#5798=CARTESIAN_POINT('Ctrl Pts',(-42.0053540125069,-83.0324940808418,3.90700928956512));
#5799=CARTESIAN_POINT('Ctrl Pts',(-42.1001770874953,-83.3790313894162,3.76453735050913));
#5800=CARTESIAN_POINT('Ctrl Pts',(-42.2003030090249,-83.7474909202,3.51576672497517));
#5801=CARTESIAN_POINT('Ctrl Pts',(-42.2286672633648,-83.8521816796235,3.43134711562196));
#5802=CARTESIAN_POINT('Ctrl Pts',(-42.2618529921007,-83.9748994143991,3.280831005527));
#5803=CARTESIAN_POINT('Ctrl Pts',(-42.2720448775659,-84.0126388689597,3.22138806314115));
#5804=CARTESIAN_POINT('Ctrl Pts',(-42.2837646858964,-84.056055466962,3.10620090688185));
#5805=CARTESIAN_POINT('Ctrl Pts',(-42.2865929751556,-84.0665403677381,3.05397136758695));
#5806=CARTESIAN_POINT('Ctrl Pts',(-42.2865929751556,-84.0665403677381,3.));
#5807=CARTESIAN_POINT('',(-32.8997287782091,-65.4052781941054,3.));
#5808=CARTESIAN_POINT('Origin',(76.091577024205,-91.2967762777831,3.));
#5809=CARTESIAN_POINT('Origin',(76.091577024205,-91.2967762777831,3.));
#5810=CARTESIAN_POINT('Origin',(76.091577024205,-91.2967762777831,5.));
#5811=CARTESIAN_POINT('Origin',(76.091577024205,-91.2967762777831,0.));
#5812=CARTESIAN_POINT('',(-8.07700501259252,-7.74249905855687,2.5));
#5813=CARTESIAN_POINT('',(-8.07700501259252,-7.74249905855687,0.));
#5814=CARTESIAN_POINT('',(-42.2865929751556,-84.0665403677381,2.5));
#5815=CARTESIAN_POINT('Origin',(76.091577024205,-91.2967762777831,2.5));
#5816=CARTESIAN_POINT('',(-42.2865929751556,-84.0665403677381,0.));
#5817=CARTESIAN_POINT('Ctrl Pts',(-8.07700501259252,-7.74249905855686,2.5));
#5818=CARTESIAN_POINT('Ctrl Pts',(-9.54893309852531,-12.3940493659658,2.5));
#5819=CARTESIAN_POINT('Ctrl Pts',(-8.69772310816488,-17.2912367569916,2.5));
#5820=CARTESIAN_POINT('Ctrl Pts',(-8.07700501259252,-7.74249905855686,3.));
#5821=CARTESIAN_POINT('Ctrl Pts',(-9.54893309852531,-12.3940493659658,3.));
#5822=CARTESIAN_POINT('Ctrl Pts',(-8.69772310816488,-17.2912367569916,3.));
#5823=CARTESIAN_POINT('',(-8.69772310816488,-17.2912367569916,2.5));
#5824=CARTESIAN_POINT('',(-8.69772310816488,-17.2912367569916,0.));
#5825=CARTESIAN_POINT('Origin',(-0.501625978082534,-13.3506666924735,2.5));
#5826=CARTESIAN_POINT('Origin',(-25.181798993874,-45.9045197131475,5.));
#5827=CARTESIAN_POINT('Ctrl Pts',(-5.01233696993892,-24.9079209981153,3.));
#5828=CARTESIAN_POINT('Ctrl Pts',(-5.80999014669207,-24.1659843461706,3.));
#5829=CARTESIAN_POINT('Ctrl Pts',(-7.40453473845482,-21.9970930198717,3.));
#5830=CARTESIAN_POINT('Ctrl Pts',(-8.30922597696656,-19.2933206235059,3.));
#5831=CARTESIAN_POINT('Ctrl Pts',(-8.62246850025137,-17.6979687058026,3.));
#5832=CARTESIAN_POINT('Ctrl Pts',(-5.01233696993892,-24.9079209981153,3.59839860068377));
#5833=CARTESIAN_POINT('Ctrl Pts',(-5.80937018138095,-24.1665610065547,3.59839860068377));
#5834=CARTESIAN_POINT('Ctrl Pts',(-7.4040216407039,-21.9975678614461,3.59839860068377));
#5835=CARTESIAN_POINT('Ctrl Pts',(-8.30933432243703,-19.2927688173454,3.59839860068377));
#5836=CARTESIAN_POINT('Ctrl Pts',(-8.62246850025137,-17.6979687058026,3.59839860068377));
#5837=CARTESIAN_POINT('Ctrl Pts',(-5.35401437136533,-25.2752570287025,4.63476774731435));
#5838=CARTESIAN_POINT('Ctrl Pts',(-6.19969355848983,-24.4886490103299,4.63476774731435));
#5839=CARTESIAN_POINT('Ctrl Pts',(-7.86445816003529,-22.216896079693,4.63476774731436));
#5840=CARTESIAN_POINT('Ctrl Pts',(-8.7931098926914,-19.4327237349751,4.63476774731436));
#5841=CARTESIAN_POINT('Ctrl Pts',(-9.11474546732171,-17.7946257992056,4.63476774731436));
#5842=CARTESIAN_POINT('Ctrl Pts',(-6.06881550512703,-26.0437369165708,4.99999999999999));
#5843=CARTESIAN_POINT('Ctrl Pts',(-7.01443993912568,-25.1641648832544,4.99999999999999));
#5844=CARTESIAN_POINT('Ctrl Pts',(-8.82619808687715,-22.6771353337449,5.));
#5845=CARTESIAN_POINT('Ctrl Pts',(-9.80550412638341,-19.7238910118272,5.));
#5846=CARTESIAN_POINT('Ctrl Pts',(-10.1446061859927,-17.9968358361064,5.));
#5847=CARTESIAN_POINT('Ctrl Pts',(-6.37447959553524,-26.3723551781089,4.99999999999999));
#5848=CARTESIAN_POINT('Ctrl Pts',(-7.36277836299601,-25.4530896376197,4.99999999999999));
#5849=CARTESIAN_POINT('Ctrl Pts',(-9.23740515728948,-22.8739926789816,5.));
#5850=CARTESIAN_POINT('Ctrl Pts',(-10.2384365727278,-19.8483430084234,5.));
#5851=CARTESIAN_POINT('Ctrl Pts',(-10.584996421754,-18.0833051267682,5.));
#5852=CARTESIAN_POINT('',(-8.97397416362101,-22.8474847334806,5.));
#5853=CARTESIAN_POINT('',(-7.33938267896616,-25.3502314935787,5.));
#5854=CARTESIAN_POINT('Ctrl Pts',(-8.97395062868298,-22.8474726828058,5.));
#5855=CARTESIAN_POINT('Ctrl Pts',(-8.92022813603318,-22.9523919247574,5.));
#5856=CARTESIAN_POINT('Ctrl Pts',(-8.45505920105401,-23.8358591229917,5.));
#5857=CARTESIAN_POINT('Ctrl Pts',(-7.90211792532274,-24.6744600390283,5.));
#5858=CARTESIAN_POINT('Ctrl Pts',(-7.33942397172865,-25.3502659148379,4.99999999999999));
#5859=CARTESIAN_POINT('',(-5.01233697002668,-24.9079209980668,3.));
#5860=CARTESIAN_POINT('Ctrl Pts',(-7.33938267896616,-25.3502314935787,5.));
#5861=CARTESIAN_POINT('Ctrl Pts',(-7.33697116884108,-25.3498330865688,5.));
#5862=CARTESIAN_POINT('Ctrl Pts',(-7.33455968392863,-25.349434527617,4.99999666725128));
#5863=CARTESIAN_POINT('Ctrl Pts',(-7.13156884926355,-25.3158719921743,4.99943567256522));
#5864=CARTESIAN_POINT('Ctrl Pts',(-6.93120446365037,-25.2816436675917,4.97582847302529));
#5865=CARTESIAN_POINT('Ctrl Pts',(-6.54289611148581,-25.2130274794072,4.88417652947043));
#5866=CARTESIAN_POINT('Ctrl Pts',(-6.35472390445414,-25.1786148833899,4.81647822675508));
#5867=CARTESIAN_POINT('Ctrl Pts',(-5.92592664273428,-25.0976599868213,4.60123818786126));
#5868=CARTESIAN_POINT('Ctrl Pts',(-5.69591403254155,-25.05194110463,4.43215066456426));
#5869=CARTESIAN_POINT('Ctrl Pts',(-5.34797342022573,-24.9804047792399,4.04967745071352));
#5870=CARTESIAN_POINT('Ctrl Pts',(-5.21942011613262,-24.9529355584447,3.84975174075357));
#5871=CARTESIAN_POINT('Ctrl Pts',(-5.05401368596619,-24.9171577267347,3.42873872282435));
#5872=CARTESIAN_POINT('Ctrl Pts',(-5.01233696993894,-24.9079209981153,3.21643151226994));
#5873=CARTESIAN_POINT('Ctrl Pts',(-5.01233696993894,-24.9079209981153,3.));
#5874=CARTESIAN_POINT('',(-8.62246850024572,-17.6979687058314,3.));
#5875=CARTESIAN_POINT('Ctrl Pts',(-5.01233696993892,-24.9079209981153,3.));
#5876=CARTESIAN_POINT('Ctrl Pts',(-5.80999014669207,-24.1659843461706,3.));
#5877=CARTESIAN_POINT('Ctrl Pts',(-7.40453473845482,-21.9970930198717,3.));
#5878=CARTESIAN_POINT('Ctrl Pts',(-8.30922597696656,-19.2933206235059,3.));
#5879=CARTESIAN_POINT('Ctrl Pts',(-8.62246850025137,-17.6979687058026,3.));
#5880=CARTESIAN_POINT('Ctrl Pts',(-8.97397416362101,-22.8474847334806,5.));
#5881=CARTESIAN_POINT('Ctrl Pts',(-8.97398885130176,-22.8428818381256,5.));
#5882=CARTESIAN_POINT('Ctrl Pts',(-8.97400261705052,-22.838278933742,4.9999967505023));
#5883=CARTESIAN_POINT('Ctrl Pts',(-8.9771623593275,-21.7059333875211,4.99839983845127));
#5884=CARTESIAN_POINT('Ctrl Pts',(-8.918952852363,-20.5752520703069,4.80470758795495));
#5885=CARTESIAN_POINT('Ctrl Pts',(-8.79804283830008,-19.1573436937211,4.34542896208781));
#5886=CARTESIAN_POINT('Ctrl Pts',(-8.74935275730683,-18.7110145098558,4.14605998196718));
#5887=CARTESIAN_POINT('Ctrl Pts',(-8.6894533960794,-18.2093357414936,3.81590450833895));
#5888=CARTESIAN_POINT('Ctrl Pts',(-8.66859387540955,-18.0446809962809,3.68534116167085));
#5889=CARTESIAN_POINT('Ctrl Pts',(-8.64277751396491,-17.8479306745454,3.4497938197287));
#5890=CARTESIAN_POINT('Ctrl Pts',(-8.63450415520174,-17.7864514328474,3.35504859501481));
#5891=CARTESIAN_POINT('Ctrl Pts',(-8.6248417442533,-17.7152359188833,3.17078612431054));
#5892=CARTESIAN_POINT('Ctrl Pts',(-8.62246850024572,-17.6979687058314,3.08678063887457));
#5893=CARTESIAN_POINT('Ctrl Pts',(-8.62246850024572,-17.6979687058314,3.));
#5894=CARTESIAN_POINT('Origin',(48.7312411057335,-46.9029737312341,3.));
#5895=CARTESIAN_POINT('',(-11.3204413943996,-48.3966197640506,5.));
#5896=CARTESIAN_POINT('Origin',(48.7312411057335,-46.9029737312341,5.));
#5897=CARTESIAN_POINT('',(-9.29486335595436,-49.16698126432,3.));
#5898=CARTESIAN_POINT('Ctrl Pts',(-11.3204413943997,-48.3966197640506,5.));
#5899=CARTESIAN_POINT('Ctrl Pts',(-11.318311210186,-48.3974384606707,5.));
#5900=CARTESIAN_POINT('Ctrl Pts',(-11.3161810176218,-48.3982571339007,4.99999666355548));
#5901=CARTESIAN_POINT('Ctrl Pts',(-11.1610874118855,-48.4578605985207,4.9995108354208));
#5902=CARTESIAN_POINT('Ctrl Pts',(-11.0083343841876,-48.5164256212516,4.98182917766734));
#5903=CARTESIAN_POINT('Ctrl Pts',(-10.7101654319095,-48.6304807412479,4.91264928423556));
#5904=CARTESIAN_POINT('Ctrl Pts',(-10.5651484043736,-48.6858201327085,4.86147493576456));
#5905=CARTESIAN_POINT('Ctrl Pts',(-10.1945864886576,-48.8269322679131,4.68116274873701));
#5906=CARTESIAN_POINT('Ctrl Pts',(-9.98308710233403,-48.9071423930158,4.52375622849143));
#5907=CARTESIAN_POINT('Ctrl Pts',(-9.64335767192057,-49.0356687065914,4.1462240368355));
#5908=CARTESIAN_POINT('Ctrl Pts',(-9.51281816614841,-49.0848961295654,3.93500665226829));
#5909=CARTESIAN_POINT('Ctrl Pts',(-9.33914126854605,-49.1503326679161,3.47895581920046));
#5910=CARTESIAN_POINT('Ctrl Pts',(-9.29486335595435,-49.1669812643199,3.24114285658555));
#5911=CARTESIAN_POINT('Ctrl Pts',(-9.29486335595435,-49.1669812643199,3.));
#5912=CARTESIAN_POINT('Origin',(48.7312411057335,-46.9029737312341,3.));
#5913=CARTESIAN_POINT('Origin',(-30.5287281866854,-68.6581244783387,3.));
#5914=CARTESIAN_POINT('',(-33.6999931203801,-72.0032744180052,5.));
#5915=CARTESIAN_POINT('',(-30.5287281866854,-68.6581244783387,5.));
#5916=CARTESIAN_POINT('',(-41.5844990681302,-83.2271040269417,3.));
#5917=CARTESIAN_POINT('Origin',(-33.6999931203801,-72.0032744180052,3.));
#5918=CARTESIAN_POINT('',(-29.0772941849031,-70.0341111564974,3.));
#5919=CARTESIAN_POINT('Origin',(-14.8940323379596,-34.6166714774869,3.));
#5920=CARTESIAN_POINT('',(-16.6807279514113,-33.7179397127916,3.));
#5921=CARTESIAN_POINT('',(-14.8940323379596,-34.6166714774869,5.));
#5922=CARTESIAN_POINT('Origin',(-8.62246850024572,-17.6979687058314,0.));
#5923=CARTESIAN_POINT('',(-8.62246850024572,-17.6979687058314,2.5));
#5924=CARTESIAN_POINT('',(-8.62246850024572,-17.6979687058314,0.));
#5925=CARTESIAN_POINT('',(-41.5844990681302,-83.2271040269417,2.5));
#5926=CARTESIAN_POINT('',(-8.62246850024572,-17.6979687058314,2.5));
#5927=CARTESIAN_POINT('',(-41.5844990681302,-83.2271040269417,0.));
#5928=CARTESIAN_POINT('Ctrl Pts',(-8.62246850024572,-17.6979687058314,2.5));
#5929=CARTESIAN_POINT('Ctrl Pts',(-7.69714880774732,-22.4106447832154,2.5));
#5930=CARTESIAN_POINT('Ctrl Pts',(-5.01233696993892,-24.9079209981153,2.5));
#5931=CARTESIAN_POINT('Ctrl Pts',(-8.62246850024572,-17.6979687058314,3.));
#5932=CARTESIAN_POINT('Ctrl Pts',(-7.69714880774732,-22.4106447832154,3.));
#5933=CARTESIAN_POINT('Ctrl Pts',(-5.01233696993892,-24.9079209981153,3.));
#5934=CARTESIAN_POINT('',(-5.01233696993892,-24.9079209981153,2.5));
#5935=CARTESIAN_POINT('',(-5.01233696993892,-24.9079209981153,0.));
#5936=CARTESIAN_POINT('Origin',(-0.501625978082534,-13.3506666924735,2.5));
#5937=CARTESIAN_POINT('Origin',(-23.2984180190346,-50.4625363663865,5.));
#5938=CARTESIAN_POINT('Origin',(0.,0.,0.));
#5939=CARTESIAN_POINT('Origin',(0.,0.,2.5));
#5940=CARTESIAN_POINT('Origin',(0.,0.,5.));
#5941=CARTESIAN_POINT('Origin',(10.,-24.2597511791459,0.));
#5942=CARTESIAN_POINT('',(10.,-24.2597511791459,2.5));
#5943=CARTESIAN_POINT('',(10.,-24.2597511791459,0.));
#5944=CARTESIAN_POINT('',(36.2560510946393,-87.9562778294352,2.5));
#5945=CARTESIAN_POINT('',(7.37597294694268,-17.8939268396941,2.5));
#5946=CARTESIAN_POINT('',(36.2560510946393,-87.9562778294352,0.));
#5947=CARTESIAN_POINT('Origin',(-75.6371952538931,-82.9473779085281,0.));
#5948=CARTESIAN_POINT('Origin',(-75.6371952538931,-82.9473779085281,2.5));
#5949=CARTESIAN_POINT('Origin',(10.,-24.2157230834728,0.));
#5950=CARTESIAN_POINT('',(10.,-24.2597511791459,0.));
#5951=CARTESIAN_POINT('',(10.,-24.2157230834728,0.));
#5952=CARTESIAN_POINT('',(10.,-24.259751179146,0.));
#5953=CARTESIAN_POINT('Origin',(36.2560510946393,-87.9562778294352,0.));
#5954=CARTESIAN_POINT('',(7.37597294694268,-17.8939268396941,0.));
#5955=CARTESIAN_POINT('',(7.37597294694268,-17.8939268396941,2.5));
#5956=CARTESIAN_POINT('Origin',(10.0040420097033,-50.3354146417567,0.));
#5957=CARTESIAN_POINT('',(10.0040420097033,-50.3354146417567,2.5));
#5958=CARTESIAN_POINT('',(10.0040420097033,-50.3354146417567,0.));
#5959=CARTESIAN_POINT('',(10.2285987106246,-50.8056240015103,2.5));
#5960=CARTESIAN_POINT('',(10.2285987106246,-50.8056240015103,2.5));
#5961=CARTESIAN_POINT('',(10.2285987106246,-50.8056240015103,0.));
#5962=CARTESIAN_POINT('Origin',(117.48200997652,-3.32208615337613,0.));
#5963=CARTESIAN_POINT('',(35.7963844178447,-87.4971369216078,2.5));
#5964=CARTESIAN_POINT('Origin',(117.48200997652,-3.32208615337613,2.5));
#5965=CARTESIAN_POINT('',(35.7963844178447,-87.4971369216078,0.));
#5966=CARTESIAN_POINT('Origin',(-70.5325221599162,-50.0514465074616,0.));
#5967=CARTESIAN_POINT('',(5.26405556358433,-22.828338463855,2.5));
#5968=CARTESIAN_POINT('',(5.26405556358433,-22.828338463855,0.));
#5969=CARTESIAN_POINT('Origin',(-70.5325221599162,-50.0514465074616,2.5));
#5970=CARTESIAN_POINT('Ctrl Pts',(5.26405556358433,-22.828338463855,2.5));
#5971=CARTESIAN_POINT('Ctrl Pts',(6.5597187779879,-20.8726673655804,2.5));
#5972=CARTESIAN_POINT('Ctrl Pts',(7.27043212339197,-18.2938864404466,2.5));
#5973=CARTESIAN_POINT('Ctrl Pts',(5.26405556358433,-22.828338463855,3.));
#5974=CARTESIAN_POINT('Ctrl Pts',(6.5597187779879,-20.8726673655804,3.));
#5975=CARTESIAN_POINT('Ctrl Pts',(7.27043212339197,-18.2938864404466,3.));
#5976=CARTESIAN_POINT('',(7.27043212339197,-18.2938864404467,2.5));
#5977=CARTESIAN_POINT('',(7.27043212339197,-18.2938864404467,0.));
#5978=CARTESIAN_POINT('Origin',(-0.501625978082534,-13.3506666924735,2.5));
#5979=CARTESIAN_POINT('Origin',(35.7963844178447,-87.4971369216078,0.));
#5980=CARTESIAN_POINT('',(7.27043212339197,-18.2938864404467,2.5));
#5981=CARTESIAN_POINT('Origin',(-42.2865929751556,-84.0665403677381,0.));
#5982=CARTESIAN_POINT('',(-8.69772310816488,-17.2912367569916,2.5));
#5983=CARTESIAN_POINT('Origin',(48.7312411057336,-46.9029737312342,0.));
#5984=CARTESIAN_POINT('',(-9.03194736949611,-49.47123359469,2.5));
#5985=CARTESIAN_POINT('Origin',(48.7312411057336,-46.9029737312342,2.5));
#5986=CARTESIAN_POINT('',(-9.03194736949611,-49.47123359469,0.));
#5987=CARTESIAN_POINT('Origin',(1.14152353354151,-46.2657150065775,0.));
#5988=CARTESIAN_POINT('Origin',(1.14152353354151,-46.2657150065775,2.5));
#5989=CARTESIAN_POINT('Origin',(0.,4.45799661501736,5.));
#5990=CARTESIAN_POINT('Origin',(48.7312411057335,-46.9029737312341,0.));
#5991=CARTESIAN_POINT('',(-9.29486335595436,-49.16698126432,2.5));
#5992=CARTESIAN_POINT('',(-9.29486335595436,-49.16698126432,0.));
#5993=CARTESIAN_POINT('Origin',(48.7312411057335,-46.9029737312341,2.5));
#5994=CARTESIAN_POINT('Origin',(-41.5844990681302,-83.2271040269417,0.));
#5995=CARTESIAN_POINT('',(-41.5844990681302,-83.2271040269417,2.5));
#5996=CARTESIAN_POINT('Origin',(10.,-52.6452149294384,0.));
#5997=CARTESIAN_POINT('',(10.,-50.9068298783198,0.));
#5998=CARTESIAN_POINT('',(10.,-52.6452149294384,0.));
#5999=CARTESIAN_POINT('',(10.,-50.9068298783198,0.));
#6000=CARTESIAN_POINT('',(10.,-50.9068298783198,2.5));
#6001=CARTESIAN_POINT('',(10.,-50.9068298783198,0.));
#6002=CARTESIAN_POINT('',(10.,-52.6452149294384,2.5));
#6003=CARTESIAN_POINT('',(10.,-50.9068298783198,2.5));
#6004=CARTESIAN_POINT('',(10.,-52.6452149294384,0.));
#6005=CARTESIAN_POINT('Origin',(1.14152353354151,-46.2657150065775,0.));
#6006=CARTESIAN_POINT('',(-9.28024217716343,-49.5149339963896,0.));
#6007=CARTESIAN_POINT('Origin',(1.14152353354151,-46.2657150065775,0.));
#6008=CARTESIAN_POINT('',(-9.28024217716343,-49.5149339963896,2.5));
#6009=CARTESIAN_POINT('Origin',(1.14152353354151,-46.2657150065775,2.5));
#6010=CARTESIAN_POINT('',(-9.28024217716343,-49.5149339963896,0.));
#6011=CARTESIAN_POINT('Origin',(-42.5700623115985,-84.6300827280582,0.));
#6012=CARTESIAN_POINT('',(-42.5700623115979,-84.6300827280589,0.));
#6013=CARTESIAN_POINT('',(-42.570062311599,-84.6300827280588,0.));
#6014=CARTESIAN_POINT('',(-42.5700623115979,-84.6300827280589,2.5));
#6015=CARTESIAN_POINT('',(-42.570062311599,-84.6300827280588,2.5));
#6016=CARTESIAN_POINT('',(-42.5700623115979,-84.6300827280589,0.));
#6017=CARTESIAN_POINT('Origin',(76.091577024205,-91.2967762777831,0.));
#6018=CARTESIAN_POINT('',(-30.8156843051508,-39.3750377879855,0.));
#6019=CARTESIAN_POINT('Origin',(76.091577024205,-91.2967762777831,0.));
#6020=CARTESIAN_POINT('',(-30.8156843051508,-39.3750377879855,2.5));
#6021=CARTESIAN_POINT('Origin',(76.091577024205,-91.2967762777831,2.5));
#6022=CARTESIAN_POINT('',(-30.8156843051508,-39.3750377879855,0.));
#6023=CARTESIAN_POINT('Origin',(0.,0.,0.));
#6024=CARTESIAN_POINT('',(28.5150415300233,-41.0717957550223,0.));
#6025=CARTESIAN_POINT('Origin',(0.,0.,0.));
#6026=CARTESIAN_POINT('',(28.5150415300233,-41.0717957550223,2.5));
#6027=CARTESIAN_POINT('Origin',(0.,0.,2.5));
#6028=CARTESIAN_POINT('',(28.5150415300233,-41.0717957550223,0.));
#6029=CARTESIAN_POINT('Origin',(-75.6371952538931,-82.9473779085281,0.));
#6030=CARTESIAN_POINT('',(36.4806388846312,-88.5011222197429,0.));
#6031=CARTESIAN_POINT('Origin',(-75.6371952538931,-82.9473779085281,0.));
#6032=CARTESIAN_POINT('',(36.4806388846312,-88.5011222197429,2.5));
#6033=CARTESIAN_POINT('Origin',(-75.6371952538931,-82.9473779085281,2.5));
#6034=CARTESIAN_POINT('',(36.4806388846312,-88.5011222197429,0.));
#6035=CARTESIAN_POINT('Origin',(117.48200997652,-3.32208615337613,0.));
#6036=CARTESIAN_POINT('Origin',(117.48200997652,-3.32208615337613,0.));
#6037=CARTESIAN_POINT('Origin',(117.48200997652,-3.32208615337613,2.5));
#6038=CARTESIAN_POINT('Origin',(0.,-19.2505611098715,2.5));
#6039=CARTESIAN_POINT('Origin',(0.,-19.2505611098715,0.));
#6040=CARTESIAN_POINT('',(0.,0.,0.));
#6041=CARTESIAN_POINT('Ctrl Pts',(-11.842125005215,-30.,20.1557325076541));
#6042=CARTESIAN_POINT('Ctrl Pts',(-8.01051539892774,-30.,3.19765760843522));
#6043=CARTESIAN_POINT('Ctrl Pts',(-0.147108354932624,-30.,3.10405294926256));
#6044=CARTESIAN_POINT('Ctrl Pts',(7.71629868906249,-30.,3.01044829008991));
#6045=CARTESIAN_POINT('Ctrl Pts',(11.6552429213464,-30.,19.8760238388907));
#6046=CARTESIAN_POINT('Ctrl Pts',(-11.842125005215,-54.8957256234016,20.1557325076541));
#6047=CARTESIAN_POINT('Ctrl Pts',(-8.01051539892774,-54.8957256234016,3.19765760843522));
#6048=CARTESIAN_POINT('Ctrl Pts',(-0.147108354932624,-54.8957256234016,
3.10405294926256));
#6049=CARTESIAN_POINT('Ctrl Pts',(7.71629868906249,-54.8957256234016,3.01044829008991));
#6050=CARTESIAN_POINT('Ctrl Pts',(11.6552429213464,-54.8957256234016,19.8760238388907));
#6051=CARTESIAN_POINT('',(11.6552429213464,-54.7605139113878,19.8760238388907));
#6052=CARTESIAN_POINT('',(11.0369638990998,-53.4563869822085,17.4706521208598));
#6053=CARTESIAN_POINT('Ctrl Pts',(11.6552856675747,-54.7604724179947,19.8760459645605));
#6054=CARTESIAN_POINT('Ctrl Pts',(11.5460795657183,-54.5202393737906,19.408015469909));
#6055=CARTESIAN_POINT('Ctrl Pts',(11.4318717013122,-54.2742420288269,18.9440058405422));
#6056=CARTESIAN_POINT('Ctrl Pts',(11.312399304412,-54.0228958071283,18.4844023165704));
#6057=CARTESIAN_POINT('Ctrl Pts',(11.2239572481082,-53.83683126613,18.1441707501238));
#6058=CARTESIAN_POINT('Ctrl Pts',(11.1326305244468,-53.6478359264316,17.8063544688012));
#6059=CARTESIAN_POINT('Ctrl Pts',(11.0383244065406,-53.456086870986,17.4711212222855));
#6060=CARTESIAN_POINT('',(11.6552429213464,-30.,19.8760238388907));
#6061=CARTESIAN_POINT('',(11.6552429213464,-30.,19.8760238388907));
#6062=CARTESIAN_POINT('',(10.0061491357904,-30.,14.252165533245));
#6063=CARTESIAN_POINT('Origin',(-0.0410263732393013,-30.,36.5329658868461));
#6064=CARTESIAN_POINT('',(6.25437521197733,-31.0000937294629,7.00000151991844));
#6065=CARTESIAN_POINT('Ctrl Pts',(6.25437521197732,-31.0000937294629,7.00000151991844));
#6066=CARTESIAN_POINT('Ctrl Pts',(6.84552350700049,-30.8808275338422,7.7743003782789));
#6067=CARTESIAN_POINT('Ctrl Pts',(7.3658837337973,-30.758309237889,8.59596245648176));
#6068=CARTESIAN_POINT('Ctrl Pts',(8.6657105871115,-30.4271998717236,10.8992632692388));
#6069=CARTESIAN_POINT('Ctrl Pts',(9.38471228484442,-30.2072729936347,12.5385310439615));
#6070=CARTESIAN_POINT('Ctrl Pts',(10.0061491357904,-30.,14.252165533245));
#6071=CARTESIAN_POINT('',(6.25437521197732,-30.,7.00000151991844));
#6072=CARTESIAN_POINT('',(6.25437521197732,-30.,7.00000151991844));
#6073=CARTESIAN_POINT('',(-6.40896613750803,-30.,7.00000151991844));
#6074=CARTESIAN_POINT('Origin',(-0.0410263732393013,-30.,36.5329658868461));
#6075=CARTESIAN_POINT('',(-6.40896613750804,-30.9685029275868,7.00000151991844));
#6076=CARTESIAN_POINT('',(-6.40896613750803,-30.,7.00000151991844));
#6077=CARTESIAN_POINT('',(-10.0061491357904,-30.,13.8781671374056));
#6078=CARTESIAN_POINT('Ctrl Pts',(-10.0061491357904,-30.,13.8781671374056));
#6079=CARTESIAN_POINT('Ctrl Pts',(-9.40418801906931,-30.2007770902619,12.2570638489968));
#6080=CARTESIAN_POINT('Ctrl Pts',(-8.71173902568563,-30.4129787041066,10.7053993849406));
#6081=CARTESIAN_POINT('Ctrl Pts',(-7.46696590887178,-30.7336619755199,8.51792223613933));
#6082=CARTESIAN_POINT('Ctrl Pts',(-6.97081916538735,-30.8522268183298,7.7383040345151));
#6083=CARTESIAN_POINT('Ctrl Pts',(-6.40896613750803,-30.9685029275868,7.00000151991844));
#6084=CARTESIAN_POINT('',(-11.842125005215,-30.,20.1557325076541));
#6085=CARTESIAN_POINT('Origin',(-0.0410263732393013,-30.,36.5329658868461));
#6086=CARTESIAN_POINT('',(-11.842125005215,-54.8957256234016,20.1557325076541));
#6087=CARTESIAN_POINT('',(-11.842125005215,-30.,20.1557325076541));
#6088=CARTESIAN_POINT('',(-10.996177979903,-53.1135110814842,16.8773333121902));
#6089=CARTESIAN_POINT('Ctrl Pts',(-10.9977657119933,-53.1126940343002,16.8773400842942));
#6090=CARTESIAN_POINT('Ctrl Pts',(-11.1243862801802,-53.3658429397312,17.310618543525));
#6091=CARTESIAN_POINT('Ctrl Pts',(-11.2458150256697,-53.6144864712922,17.7483982719366));
#6092=CARTESIAN_POINT('Ctrl Pts',(-11.3622500354502,-53.8582211052348,18.1902833529822));
#6093=CARTESIAN_POINT('Ctrl Pts',(-11.4850550475388,-54.1152901321897,18.6563433706858));
#6094=CARTESIAN_POINT('Ctrl Pts',(-11.6023057245493,-54.3668985119823,19.1269697386749));
#6095=CARTESIAN_POINT('Ctrl Pts',(-11.7142737432791,-54.6125995122117,19.6017313489468));
#6096=CARTESIAN_POINT('Ctrl Pts',(-11.7576824509118,-54.7078549521578,19.7857909417598));
#6097=CARTESIAN_POINT('Ctrl Pts',(-11.8002975009686,-54.8022227672678,19.9704724514544));
#6098=CARTESIAN_POINT('Ctrl Pts',(-11.8421358000932,-54.8956779035152,20.155752217563));
#6099=CARTESIAN_POINT('Ctrl Pts',(11.036963899213,-53.456386982185,17.4706521208413));
#6100=CARTESIAN_POINT('Ctrl Pts',(10.8080640750866,-52.9920157388843,16.658474328071));
#6101=CARTESIAN_POINT('Ctrl Pts',(10.562248374334,-52.5166506467378,15.8627442276926));
#6102=CARTESIAN_POINT('Ctrl Pts',(9.57340188029037,-50.7027434319647,12.9486190537797));
#6103=CARTESIAN_POINT('Ctrl Pts',(8.72011791566495,-49.3088086610643,10.9560396484743));
#6104=CARTESIAN_POINT('Ctrl Pts',(7.16221989096775,-47.2425564494417,8.25882959523719));
#6105=CARTESIAN_POINT('Ctrl Pts',(6.53135754911206,-46.4744483247629,7.30356818069411));
#6106=CARTESIAN_POINT('Ctrl Pts',(5.0612703309752,-44.9952119009245,5.55084121422497));
#6107=CARTESIAN_POINT('Ctrl Pts',(4.22439714713117,-44.2835355836461,4.75186686037758));
#6108=CARTESIAN_POINT('Ctrl Pts',(2.82180811993196,-43.4697345864492,3.8638342688346));
#6109=CARTESIAN_POINT('Ctrl Pts',(2.28783348686299,-43.2141435303958,3.59001994823237));
#6110=CARTESIAN_POINT('Ctrl Pts',(1.134100736627,-42.8544358726841,3.20819830383063));
#6111=CARTESIAN_POINT('Ctrl Pts',(0.511919520724075,-42.754426795214,3.10366591411563));
#6112=CARTESIAN_POINT('Ctrl Pts',(-0.08208050713661,-42.754426795214,3.10366591411563));
#6113=CARTESIAN_POINT('Ctrl Pts',(-0.67596841714783,-42.754426795214,3.10366591411563));
#6114=CARTESIAN_POINT('Ctrl Pts',(-1.29803382824172,-42.8544194290498,3.20818025331819));
#6115=CARTESIAN_POINT('Ctrl Pts',(-2.45127979714002,-43.2143187138133,3.59020649773996));
#6116=CARTESIAN_POINT('Ctrl Pts',(-2.9848892621706,-43.4701115978879,3.86423875097145));
#6117=CARTESIAN_POINT('Ctrl Pts',(-4.38552819185224,-44.2842975071482,4.75271291544699));
#6118=CARTESIAN_POINT('Ctrl Pts',(-5.22036570130439,-44.9960571696408,5.55181003522751));
#6119=CARTESIAN_POINT('Ctrl Pts',(-6.68600689482449,-46.4753683246658,7.30469104138482));
#6120=CARTESIAN_POINT('Ctrl Pts',(-7.3144492477986,-47.2434690864798,8.25998460512211));
#6121=CARTESIAN_POINT('Ctrl Pts',(-8.86591109104591,-49.3101518970497,10.9578650120346));
#6122=CARTESIAN_POINT('Ctrl Pts',(-9.71430563255446,-50.7042974055985,12.9509193898793));
#6123=CARTESIAN_POINT('Ctrl Pts',(-10.6316061923351,-52.3994263583509,15.6744719290823));
#6124=CARTESIAN_POINT('Ctrl Pts',(-10.8187626689181,-52.7593977298629,16.2710391564994));
#6125=CARTESIAN_POINT('Ctrl Pts',(-10.9961779805486,-53.1135110813456,16.8773333120822));
#6126=CARTESIAN_POINT('Origin',(-0.0934410419343301,-30.,12.8070888701734));
#6127=CARTESIAN_POINT('',(-10.0061491357904,-30.,20.0102997536285));
#6128=CARTESIAN_POINT('',(-10.0061491357904,-30.,102.000001519918));
#6129=CARTESIAN_POINT('Origin',(-9.36439584484499,-30.,39.7735409511472));
#6130=CARTESIAN_POINT('Origin',(-0.0934410419343301,-30.,12.8070888701734));
#6131=CARTESIAN_POINT('',(-0.0467205209671651,-30.,7.00000151991844));
#6132=CARTESIAN_POINT('Origin',(-0.0934410419343301,-30.,12.8070888701734));
#6133=CARTESIAN_POINT('',(10.0061491357904,-30.,19.8149032079042));
#6134=CARTESIAN_POINT('',(10.0061491357904,-30.,102.000001519918));
#6135=CARTESIAN_POINT('Origin',(10.116569479016,-30.,39.1132890670707));
#6136=CARTESIAN_POINT('Origin',(10.116569479016,-30.,39.1132890670707));
#6137=CARTESIAN_POINT('',(11.1314425991317,-54.7551926381678,19.8412906763603));
#6138=CARTESIAN_POINT('Ctrl Pts',(11.1314948182095,-54.7551745586495,19.8413008860149));
#6139=CARTESIAN_POINT('Ctrl Pts',(11.3062021547731,-54.7600004430786,19.8505006181137));
#6140=CARTESIAN_POINT('Ctrl Pts',(11.480837537756,-54.7617599399328,19.8620864392456));
#6141=CARTESIAN_POINT('Ctrl Pts',(11.6552856675747,-54.7604724179947,19.8760459645605));
#6142=CARTESIAN_POINT('',(0.278496633557959,-56.0874606076852,22.5105118262312));
#6143=CARTESIAN_POINT('Ctrl Pts',(0.278496633557964,-56.0874606076852,22.5105118262312));
#6144=CARTESIAN_POINT('Ctrl Pts',(1.06439833642529,-55.8665867032742,22.0448211715882));
#6145=CARTESIAN_POINT('Ctrl Pts',(1.89228750585305,-55.6639762770952,21.6301717037398));
#6146=CARTESIAN_POINT('Ctrl Pts',(3.92246245170599,-55.2470895308955,20.7915503915205));
#6147=CARTESIAN_POINT('Ctrl Pts',(5.15237415782407,-55.0565539359185,20.420997244567));
#6148=CARTESIAN_POINT('Ctrl Pts',(7.63869364344201,-54.8034881494913,19.9324355939492));
#6149=CARTESIAN_POINT('Ctrl Pts',(8.89515560447098,-54.7411810378849,19.8145873122511));
#6150=CARTESIAN_POINT('Ctrl Pts',(10.116569479016,-54.7411810378849,19.8145873122511));
#6151=CARTESIAN_POINT('Ctrl Pts',(10.4525386041391,-54.7411810378849,19.8145873122511));
#6152=CARTESIAN_POINT('Ctrl Pts',(10.7911693140964,-54.7457949634548,19.823371714171));
#6153=CARTESIAN_POINT('Ctrl Pts',(11.1314425991317,-54.7551926381678,19.8412906763603));
#6154=CARTESIAN_POINT('',(0.278496633557986,-31.6234953816427,22.5105118262312));
#6155=CARTESIAN_POINT('',(0.278496633557986,-30.,22.5105118262312));
#6156=CARTESIAN_POINT('Ctrl Pts',(10.0061491357904,-30.,19.8149032079042));
#6157=CARTESIAN_POINT('Ctrl Pts',(9.5782748142974,-30.1427124757411,19.8173513934561));
#6158=CARTESIAN_POINT('Ctrl Pts',(9.14618521040494,-30.2766187613075,19.8340998426693));
#6159=CARTESIAN_POINT('Ctrl Pts',(7.77313295594812,-30.6701280696662,19.9342455263919));
#6160=CARTESIAN_POINT('Ctrl Pts',(6.82591174374417,-30.8936051662598,20.0736380073962));
#6161=CARTESIAN_POINT('Ctrl Pts',(4.97759009368941,-31.2447036816998,20.4872956254103));
#6162=CARTESIAN_POINT('Ctrl Pts',(4.0765358040062,-31.3724830494054,20.7616328823965));
#6163=CARTESIAN_POINT('Ctrl Pts',(2.24401988052938,-31.5605061137838,21.4618825004066));
#6164=CARTESIAN_POINT('Ctrl Pts',(1.24418533851296,-31.6149909120972,21.9382873310417));
#6165=CARTESIAN_POINT('Ctrl Pts',(0.278496633557985,-31.6234953816427,22.5105118262312));
#6166=CARTESIAN_POINT('Origin',(0.,11.0550353674579,54.3557401770122));
#6167=CARTESIAN_POINT('',(11.1345370613173,-54.8575316865655,20.0371324133642));
#6168=CARTESIAN_POINT('Ctrl Pts',(11.134552790517,-54.857526133802,20.0371353594498));
#6169=CARTESIAN_POINT('Ctrl Pts',(11.1336458886491,-54.8235062135916,19.9718040320049));
#6170=CARTESIAN_POINT('Ctrl Pts',(11.1326267276057,-54.7893888191759,19.9065256347437));
#6171=CARTESIAN_POINT('Ctrl Pts',(11.1314948182095,-54.7551745586495,19.8413008860149));
#6172=CARTESIAN_POINT('Ctrl Pts',(11.1345370613184,-54.857531686554,20.0371324133532));
#6173=CARTESIAN_POINT('Ctrl Pts',(10.7275445992428,-54.8445062153609,20.0121155988793));
#6174=CARTESIAN_POINT('Ctrl Pts',(10.3226107272227,-54.8381236865918,19.999882970952));
#6175=CARTESIAN_POINT('Ctrl Pts',(9.9213891119609,-54.8381236865918,19.999882970952));
#6176=CARTESIAN_POINT('Ctrl Pts',(8.65317702313336,-54.8381236865918,19.999882970952));
#6177=CARTESIAN_POINT('Ctrl Pts',(7.34925313342006,-54.903252683849,20.1238709307031));
#6178=CARTESIAN_POINT('Ctrl Pts',(4.77089890626037,-55.1671636368689,20.6372438637645));
#6179=CARTESIAN_POINT('Ctrl Pts',(3.49640918919351,-55.3657006959373,21.0264564593091));
#6180=CARTESIAN_POINT('Ctrl Pts',(1.59332462214914,-55.7581547622169,21.8236929606041));
#6181=CARTESIAN_POINT('Ctrl Pts',(0.923516502418456,-55.9165731065349,22.1502125301547));
#6182=CARTESIAN_POINT('Ctrl Pts',(0.27849663355795,-56.0874606076852,22.5105118262312));
#6183=CARTESIAN_POINT('Origin',(0.,11.0550353674579,54.3557401770122));
#6184=CARTESIAN_POINT('',(-4.26334361570599,-39.8210412069548,0.190639172029396));
#6185=CARTESIAN_POINT('Ctrl Pts',(-4.2633436155985,-39.8210412070298,0.190639172099878));
#6186=CARTESIAN_POINT('Ctrl Pts',(-5.08531541332497,-40.4466363419711,0.778246790273435));
#6187=CARTESIAN_POINT('Ctrl Pts',(-6.4860093679879,-41.9006161291891,2.1877055759902));
#6188=CARTESIAN_POINT('Ctrl Pts',(-8.572850102884,-45.0571033256895,5.53454359503884));
#6189=CARTESIAN_POINT('Ctrl Pts',(-10.2053696129415,-48.9958915068807,10.358458720001));
#6190=CARTESIAN_POINT('Ctrl Pts',(-10.8329597759465,-51.8175055015293,14.6605542599762));
#6191=CARTESIAN_POINT('Ctrl Pts',(-10.9977851729805,-53.1128469708063,16.8776018422489));
#6192=CARTESIAN_POINT('',(4.26334361545741,-39.8210412068602,0.190639171940554));
#6193=CARTESIAN_POINT('',(0.,-39.8210412067979,0.190639171882048));
#6194=CARTESIAN_POINT('Ctrl Pts',(11.0383065657832,-53.4559227065149,17.4708342181204));
#6195=CARTESIAN_POINT('Ctrl Pts',(10.8859973577583,-52.0544838756187,15.0207504020856));
#6196=CARTESIAN_POINT('Ctrl Pts',(10.2584106778018,-49.115343316459,10.5007553071335));
#6197=CARTESIAN_POINT('Ctrl Pts',(8.55738453751765,-45.0296843500904,5.50423347536127));
#6198=CARTESIAN_POINT('Ctrl Pts',(6.47749624281449,-41.8910486040699,2.17838727191778));
#6199=CARTESIAN_POINT('Ctrl Pts',(5.08152142342281,-40.4437487713374,0.775534559299147));
#6200=CARTESIAN_POINT('Ctrl Pts',(4.26334361541474,-39.8210412068899,0.190639171968528));
#6201=CARTESIAN_POINT('Ctrl Pts',(-4.26334361529367,-39.8210412067978,0.190639171881964));
#6202=CARTESIAN_POINT('Ctrl Pts',(-5.08531541332497,-40.4466363419711,0.778246790273435));
#6203=CARTESIAN_POINT('Ctrl Pts',(-6.4860093679879,-41.9006161291891,2.1877055759902));
#6204=CARTESIAN_POINT('Ctrl Pts',(-8.572850102884,-45.0571033256895,5.53454359503884));
#6205=CARTESIAN_POINT('Ctrl Pts',(-10.5410902165691,-49.805886326302,11.3504760818907));
#6206=CARTESIAN_POINT('Ctrl Pts',(-11.1111596165093,-53.2482725022187,16.9045672193098));
#6207=CARTESIAN_POINT('Ctrl Pts',(-11.1382778566509,-55.0350196766775,20.380190751747));
#6208=CARTESIAN_POINT('Ctrl Pts',(-4.59371307024251,-39.5460141859051,-0.0676876015436408));
#6209=CARTESIAN_POINT('Ctrl Pts',(-5.47974670465855,-40.1833801425998,0.524993937968017));
#6210=CARTESIAN_POINT('Ctrl Pts',(-6.99022519843826,-41.6647103614586,1.94727032295094));
#6211=CARTESIAN_POINT('Ctrl Pts',(-9.24230699611317,-44.880364676022,5.32852308174123));
#6212=CARTESIAN_POINT('Ctrl Pts',(-11.3688664203458,-49.716954621593,11.2138976995161));
#6213=CARTESIAN_POINT('Ctrl Pts',(-11.9861923458475,-53.2180312063436,16.8465788453989));
#6214=CARTESIAN_POINT('Ctrl Pts',(-12.0162336583212,-55.0316978510052,20.3737290566384));
#6215=CARTESIAN_POINT('Ctrl Pts',(-4.92408116557389,-39.249435656234,-0.303067341245116));
#6216=CARTESIAN_POINT('Ctrl Pts',(-5.87417592551585,-39.895454636652,0.297476845693721));
#6217=CARTESIAN_POINT('Ctrl Pts',(-7.49443739311271,-41.3968217229187,1.73864164043723));
#6218=CARTESIAN_POINT('Ctrl Pts',(-9.91175363115999,-44.6556869392331,5.16491733785242));
#6219=CARTESIAN_POINT('Ctrl Pts',(-12.1966171225674,-49.5568826557231,11.1289238313288));
#6220=CARTESIAN_POINT('Ctrl Pts',(-12.8611917468022,-53.1045615323937,16.8371050873911));
#6221=CARTESIAN_POINT('Ctrl Pts',(-12.8941555728435,-54.9423371055162,20.4114985308075));
#6222=CARTESIAN_POINT('Ctrl Pts',(-5.25185735191993,-38.9336312095516,-0.513654339829673));
#6223=CARTESIAN_POINT('Ctrl Pts',(-6.26516856470119,-39.5854241862068,0.0977229164924187));
#6224=CARTESIAN_POINT('Ctrl Pts',(-7.99316179651813,-41.0999920843202,1.56419649229362));
#6225=CARTESIAN_POINT('Ctrl Pts',(-10.5708554271755,-44.3867264370925,5.04641929097301));
#6226=CARTESIAN_POINT('Ctrl Pts',(-13.0066543900669,-49.3292994509988,11.097615251467));
#6227=CARTESIAN_POINT('Ctrl Pts',(-13.7153469586768,-52.9105657009095,16.8763779745466));
#6228=CARTESIAN_POINT('Ctrl Pts',(-13.7510467667688,-54.7690746379033,20.4925958600239));
#6229=CARTESIAN_POINT('',(-13.7510467667688,-54.7690746379034,20.4925958600239));
#6230=CARTESIAN_POINT('Ctrl Pts',(-11.8421358000932,-54.8956779035152,20.155752217563));
#6231=CARTESIAN_POINT('Ctrl Pts',(-12.045541001522,-54.8954984107956,20.1814514475448));
#6232=CARTESIAN_POINT('Ctrl Pts',(-12.2485506699808,-54.8911361575874,20.2103116691039));
#6233=CARTESIAN_POINT('Ctrl Pts',(-12.4509805837227,-54.8826057045067,20.2423027251115));
#6234=CARTESIAN_POINT('Ctrl Pts',(-12.7213733827868,-54.8712112764643,20.2850343106713));
#6235=CARTESIAN_POINT('Ctrl Pts',(-12.9904271260818,-54.8523971745855,20.3333081601931));
#6236=CARTESIAN_POINT('Ctrl Pts',(-13.2577069091876,-54.8261762709421,20.3869725610497));
#6237=CARTESIAN_POINT('Ctrl Pts',(-13.4228654061113,-54.8099737546746,20.4201330630554));
#6238=CARTESIAN_POINT('Ctrl Pts',(-13.5873465598871,-54.7909420841641,20.4553520599898));
#6239=CARTESIAN_POINT('Ctrl Pts',(-13.7510467667688,-54.7690746379031,20.4925958600236));
#6240=CARTESIAN_POINT('',(-6.02974326693339,-39.4759405503581,2.06605149655203E-10));
#6241=CARTESIAN_POINT('Ctrl Pts',(-13.7510467667688,-54.7690746379033,20.4925958600239));
#6242=CARTESIAN_POINT('Ctrl Pts',(-13.7153469586768,-52.9105657009095,16.8763779745466));
#6243=CARTESIAN_POINT('Ctrl Pts',(-13.0066543900669,-49.3292994509988,11.097615251467));
#6244=CARTESIAN_POINT('Ctrl Pts',(-10.5708554271755,-44.3867264370925,5.04641929097301));
#6245=CARTESIAN_POINT('Ctrl Pts',(-8.16477032110826,-41.3188046019486,1.7960235448449));
#6246=CARTESIAN_POINT('Ctrl Pts',(-6.71754386774445,-39.9910336936416,0.49311052974488));
#6247=CARTESIAN_POINT('Ctrl Pts',(-6.03036568690126,-39.4754027468013,-0.00030894023384917));
#6248=CARTESIAN_POINT('',(-5.74524179112245,-39.5155818120699,8.88178419700125E-15));
#6249=CARTESIAN_POINT('Ctrl Pts',(-6.02974326666559,-39.475940550269,1.33226762955019E-14));
#6250=CARTESIAN_POINT('Ctrl Pts',(-5.9350656510543,-39.4904020604263,1.33279929152929E-14));
#6251=CARTESIAN_POINT('Ctrl Pts',(-5.84022696423093,-39.5035919729373,6.66133814775094E-15));
#6252=CARTESIAN_POINT('Ctrl Pts',(-5.74524179112245,-39.5155818120699,6.66133814775094E-15));
#6253=CARTESIAN_POINT('Ctrl Pts',(-4.26334361529367,-39.8210412067978,0.190639171881964));
#6254=CARTESIAN_POINT('Ctrl Pts',(-4.32056546845686,-39.8210412067978,0.190639171881964));
#6255=CARTESIAN_POINT('Ctrl Pts',(-4.37782987315021,-39.8201783965862,0.190096895665523));
#6256=CARTESIAN_POINT('Ctrl Pts',(-4.71845213011711,-39.8091603721205,0.183173410190677));
#6257=CARTESIAN_POINT('Ctrl Pts',(-5.0027350681184,-39.7756779756491,0.162080384928735));
#6258=CARTESIAN_POINT('Ctrl Pts',(-5.43998700690531,-39.6547068208623,0.0864695344161933));
#6259=CARTESIAN_POINT('Ctrl Pts',(-5.59802281127762,-39.5936196874988,0.048365855981643));
#6260=CARTESIAN_POINT('Ctrl Pts',(-5.74524179112245,-39.5155818120699,1.20650017754187E-14));
#6261=CARTESIAN_POINT('Origin',(0.,0.,102.000001519918));
#6262=CARTESIAN_POINT('',(12.4466383336451,-29.0715995369694,101.999616333298));
#6263=CARTESIAN_POINT('',(4.13814705838776,-31.3528110294888,101.025293025947));
#6264=CARTESIAN_POINT('Ctrl Pts',(12.4447373053413,-29.0719190600495,101.999377223473));
#6265=CARTESIAN_POINT('Ctrl Pts',(12.2083693565091,-29.173116967632,101.999342673605));
#6266=CARTESIAN_POINT('Ctrl Pts',(11.9713034905133,-29.2713194820166,101.995390343945));
#6267=CARTESIAN_POINT('Ctrl Pts',(11.7334929758805,-29.3664765028982,101.98790224197));
#6268=CARTESIAN_POINT('Ctrl Pts',(11.5009311925141,-29.4595333070105,101.98057941038));
#6269=CARTESIAN_POINT('Ctrl Pts',(11.2676572359959,-29.5496774737746,101.96987531231));
#6270=CARTESIAN_POINT('Ctrl Pts',(11.0336157153319,-29.6369017640076,101.95611909053));
#6271=CARTESIAN_POINT('Ctrl Pts',(10.8067935831332,-29.7214354802219,101.942787201615));
#6272=CARTESIAN_POINT('Ctrl Pts',(10.5792504835504,-29.8032266787359,101.926588692236));
#6273=CARTESIAN_POINT('Ctrl Pts',(10.3509253317076,-29.8823069726479,101.907794614621));
#6274=CARTESIAN_POINT('Ctrl Pts',(10.126526723326,-29.9600273103376,101.889323741707));
#6275=CARTESIAN_POINT('Ctrl Pts',(9.90137273914468,-30.0351291184214,101.868345991923));
#6276=CARTESIAN_POINT('Ctrl Pts',(9.67539500525964,-30.1076804740873,101.845088367499));
#6277=CARTESIAN_POINT('Ctrl Pts',(9.45500076669671,-30.1784392188264,101.822405396316));
#6278=CARTESIAN_POINT('Ctrl Pts',(9.23382298286506,-30.2467719937413,101.797553969538));
#6279=CARTESIAN_POINT('Ctrl Pts',(9.01178819861939,-30.3127788127769,101.770713218808));
#6280=CARTESIAN_POINT('Ctrl Pts',(8.91132997284548,-30.3426431781818,101.758569291874));
#6281=CARTESIAN_POINT('Ctrl Pts',(8.81069617639656,-30.3720319154663,101.746017693244));
#6282=CARTESIAN_POINT('Ctrl Pts',(8.70987930353071,-30.4009568575391,101.733072682803));
#6283=CARTESIAN_POINT('Ctrl Pts',(8.50265280001147,-30.4604113361385,101.706464544944));
#6284=CARTESIAN_POINT('Ctrl Pts',(8.29628238353043,-30.5173339079639,101.678484249086));
#6285=CARTESIAN_POINT('Ctrl Pts',(8.09095195518165,-30.5717645532051,101.649459256673));
#6286=CARTESIAN_POINT('Ctrl Pts',(7.88495121809321,-30.6263728892908,101.620339511104));
#6287=CARTESIAN_POINT('Ctrl Pts',(7.67999737312832,-30.6784732333095,101.590168550232));
#6288=CARTESIAN_POINT('Ctrl Pts',(7.47622827890487,-30.7281277794257,101.559280653021));
#6289=CARTESIAN_POINT('Ctrl Pts',(7.27175493291228,-30.7779539379352,101.528286003329));
#6290=CARTESIAN_POINT('Ctrl Pts',(7.0684746020201,-30.8253176154981,101.496569739394));
#6291=CARTESIAN_POINT('Ctrl Pts',(6.86647724652867,-30.8702999470494,101.464468716946));
#6292=CARTESIAN_POINT('Ctrl Pts',(6.66376678911884,-30.9154410776447,101.432254369743));
#6293=CARTESIAN_POINT('Ctrl Pts',(6.46234840579462,-30.9581842879426,101.399652798807));
#6294=CARTESIAN_POINT('Ctrl Pts',(6.26226278062417,-30.9986260373117,101.36699944445));
#6295=CARTESIAN_POINT('Ctrl Pts',(6.06113592430268,-31.0392782426253,101.334176164395));
#6296=CARTESIAN_POINT('Ctrl Pts',(5.86135574158289,-31.0776052513123,101.301300788138));
#6297=CARTESIAN_POINT('Ctrl Pts',(5.66291262883039,-31.1137154860898,101.268705327783));
#6298=CARTESIAN_POINT('Ctrl Pts',(5.4639967573337,-31.1499117476838,101.236032213996));
#6299=CARTESIAN_POINT('Ctrl Pts',(5.26642429640152,-31.1838809522377,101.203640540924));
#6300=CARTESIAN_POINT('Ctrl Pts',(5.07013480291032,-31.2157384556242,101.171852852617));
#6301=CARTESIAN_POINT('Ctrl Pts',(4.87331746405262,-31.247681627557,101.139979683505));
#6302=CARTESIAN_POINT('Ctrl Pts',(4.67778995361994,-31.2775020202401,101.108713909075));
#6303=CARTESIAN_POINT('Ctrl Pts',(4.48344100840476,-31.3053176932922,101.078366178869));
#6304=CARTESIAN_POINT('Ctrl Pts',(4.36793825296223,-31.3218487162851,101.060330338972));
#6305=CARTESIAN_POINT('Ctrl Pts',(4.25285081191448,-31.3376716852113,101.042618463086));
#6306=CARTESIAN_POINT('Ctrl Pts',(4.13814705838776,-31.3528110294888,101.025293025947));
#6307=CARTESIAN_POINT('',(31.624721667197,-3.87291141636587E-15,102.000001519918));
#6308=CARTESIAN_POINT('Origin',(0.,0.,102.000001519918));
#6309=CARTESIAN_POINT('',(31.624721667197,-3.87291141636587E-15,7.00000151991844));
#6310=CARTESIAN_POINT('',(31.624721667197,-3.87291141636587E-15,102.000001519918));
#6311=CARTESIAN_POINT('Origin',(0.,0.,7.00000151991844));
#6312=CARTESIAN_POINT('Ctrl Pts',(0.278496633557986,-31.6234953816427,22.5105118262312));
#6313=CARTESIAN_POINT('Ctrl Pts',(0.218825756993667,-31.6240208813714,22.4771804889185));
#6314=CARTESIAN_POINT('Ctrl Pts',(0.159046285102857,-31.6243784171239,22.4441944374231));
#6315=CARTESIAN_POINT('Ctrl Pts',(-0.786804690580556,-31.6273444026347,
21.928635812372));
#6316=CARTESIAN_POINT('Ctrl Pts',(-1.69500314429784,-31.592054433816,21.5228656496646));
#6317=CARTESIAN_POINT('Ctrl Pts',(-3.47560576924684,-31.4456882945356,20.8736305564079));
#6318=CARTESIAN_POINT('Ctrl Pts',(-4.41438279754027,-31.3303245795077,20.6043049121739));
#6319=CARTESIAN_POINT('Ctrl Pts',(-6.33838886229043,-30.9984006099445,20.2081244919473));
#6320=CARTESIAN_POINT('Ctrl Pts',(-7.32357512024777,-30.781680432285,20.0811959728775));
#6321=CARTESIAN_POINT('Ctrl Pts',(-8.87326060631172,-30.3601945019592,19.9976437251162));
#6322=CARTESIAN_POINT('Ctrl Pts',(-9.44406502898422,-30.1874765799853,19.9920477208913));
#6323=CARTESIAN_POINT('Ctrl Pts',(-10.0061491357904,-30.,20.0102997536285));
#6324=CARTESIAN_POINT('Origin',(0.,0.,7.00000151991844));
#6325=CARTESIAN_POINT('',(1.25031101221594,31.599999293685,101.99999962002));
#6326=CARTESIAN_POINT('Origin',(0.,0.,102.000001519918));
#6327=CARTESIAN_POINT('',(-1.25031101221594,31.5999992936849,101.999997720122));
#6328=CARTESIAN_POINT('Ctrl Pts',(1.25022604627709,31.599999293685,101.999997720122));
#6329=CARTESIAN_POINT('Ctrl Pts',(0.834205116920965,31.6164587941059,101.980694329131));
#6330=CARTESIAN_POINT('Ctrl Pts',(0.417324038114281,31.624721667197,101.970990702108));
#6331=CARTESIAN_POINT('Ctrl Pts',(-0.41732403811428,31.624721667197,101.970990702108));
#6332=CARTESIAN_POINT('Ctrl Pts',(-0.834205116920966,31.6164587941059,101.980694329131));
#6333=CARTESIAN_POINT('Ctrl Pts',(-1.25022604627709,31.599999293685,101.999997720122));
#6334=CARTESIAN_POINT('',(-12.4468312889833,-29.0726597706444,101.998935650429));
#6335=CARTESIAN_POINT('Origin',(0.,0.,102.000001519918));
#6336=CARTESIAN_POINT('',(-4.13814705838771,-31.3528110294888,101.025293025947));
#6337=CARTESIAN_POINT('Ctrl Pts',(-4.13814705838771,-31.3528110294888,101.025293025947));
#6338=CARTESIAN_POINT('Ctrl Pts',(-4.23571117129431,-31.3399338859865,101.04002960477));
#6339=CARTESIAN_POINT('Ctrl Pts',(-4.33316849759799,-31.3266161931143,101.054985262944));
#6340=CARTESIAN_POINT('Ctrl Pts',(-4.43051030126319,-31.3128573816695,101.070113246069));
#6341=CARTESIAN_POINT('Ctrl Pts',(-4.62535879842138,-31.2853164523694,101.100394838004));
#6342=CARTESIAN_POINT('Ctrl Pts',(-4.82150939398896,-31.2557559828581,101.131646445901));
#6343=CARTESIAN_POINT('Ctrl Pts',(-5.01908643230759,-31.2240481717759,101.163556404308));
#6344=CARTESIAN_POINT('Ctrl Pts',(-5.21600435962991,-31.1924461369881,101.195359912064));
#6345=CARTESIAN_POINT('Ctrl Pts',(-5.41433929446029,-31.1587107712064,101.227817252828));
#6346=CARTESIAN_POINT('Ctrl Pts',(-5.61416527990893,-31.1227149626872,101.260603930693));
#6347=CARTESIAN_POINT('Ctrl Pts',(-5.81320163977767,-31.0868613939828,101.293261049835));
#6348=CARTESIAN_POINT('Ctrl Pts',(-6.01371734006136,-31.0487649233456,101.326244743055));
#6349=CARTESIAN_POINT('Ctrl Pts',(-6.2157359241655,-31.008303696742,101.359220728888));
#6350=CARTESIAN_POINT('Ctrl Pts',(-6.4168926270235,-30.9680150917442,101.392056027745));
#6351=CARTESIAN_POINT('Ctrl Pts',(-6.61953944625781,-30.9253815843804,101.424883485996));
#6352=CARTESIAN_POINT('Ctrl Pts',(-6.82364972927925,-30.8802908578576,101.457362272794));
#6353=CARTESIAN_POINT('Ctrl Pts',(-7.02650135991599,-30.8354781846971,101.489640778147));
#6354=CARTESIAN_POINT('Ctrl Pts',(-7.23079844693461,-30.7882382393403,101.521574666717));
#6355=CARTESIAN_POINT('Ctrl Pts',(-7.43646534755947,-30.7384727373641,101.552821893023));
#6356=CARTESIAN_POINT('Ctrl Pts',(-7.64140033343631,-30.6888843378032,101.583957918617));
#6357=CARTESIAN_POINT('Ctrl Pts',(-7.84769537404844,-30.6367880699798,101.614411900544));
#6358=CARTESIAN_POINT('Ctrl Pts',(-8.05522661528718,-30.5821025033004,101.643841650326));
#6359=CARTESIAN_POINT('Ctrl Pts',(-8.26181712942854,-30.5276648231276,101.673137996757));
#6360=CARTESIAN_POINT('Ctrl Pts',(-8.46963258744928,-30.4706610321377,101.701419087387));
#6361=CARTESIAN_POINT('Ctrl Pts',(-8.67850291724065,-30.4110301385048,101.728347706566));
#6362=CARTESIAN_POINT('Ctrl Pts',(-8.7546787052056,-30.3892825292869,101.738168674373));
#6363=CARTESIAN_POINT('Ctrl Pts',(-8.8309943444511,-30.3671856959079,101.747809776525));
#6364=CARTESIAN_POINT('Ctrl Pts',(-8.90744002546045,-30.3447374151003,101.757254786656));
#6365=CARTESIAN_POINT('Ctrl Pts',(-9.13121930199063,-30.279024611288,101.784903144366));
#6366=CARTESIAN_POINT('Ctrl Pts',(-9.35410409061674,-30.2109980941045,101.810540341678));
#6367=CARTESIAN_POINT('Ctrl Pts',(-9.5761679186629,-30.1405459782566,101.833996902956));
#6368=CARTESIAN_POINT('Ctrl Pts',(-9.80263560849857,-30.0686966903267,101.857918643344));
#6369=CARTESIAN_POINT('Ctrl Pts',(-10.0282494470251,-29.9943246778585,101.879572212203));
#6370=CARTESIAN_POINT('Ctrl Pts',(-10.2530770496403,-29.9173511946139,101.89874269948));
#6371=CARTESIAN_POINT('Ctrl Pts',(-10.4846447193243,-29.8380701368831,101.918487895416));
#6372=CARTESIAN_POINT('Ctrl Pts',(-10.7153783219717,-29.7560292813005,101.935598766526));
#6373=CARTESIAN_POINT('Ctrl Pts',(-10.9453407436491,-29.6711844490438,101.949805958506));
#6374=CARTESIAN_POINT('Ctrl Pts',(-11.1795013554083,-29.5847906909641,101.964272516742));
#6375=CARTESIAN_POINT('Ctrl Pts',(-11.4128623793999,-29.4954897385186,101.975728220541));
#6376=CARTESIAN_POINT('Ctrl Pts',(-11.6454788325955,-29.4032769599152,101.983855986421));
#6377=CARTESIAN_POINT('Ctrl Pts',(-11.8841763593571,-29.308653549206,101.992196228856));
#6378=CARTESIAN_POINT('Ctrl Pts',(-12.1220899231883,-29.2109641573955,101.997032123459));
#6379=CARTESIAN_POINT('Ctrl Pts',(-12.3592666802199,-29.1102463727482,101.997989396253));
#6380=CARTESIAN_POINT('Ctrl Pts',(-12.387774577001,-29.0981404132745,101.998104457418));
#6381=CARTESIAN_POINT('Ctrl Pts',(-12.4162718141593,-29.0859907501302,101.998163447818));
#6382=CARTESIAN_POINT('Ctrl Pts',(-12.4447584614457,-29.0737974876639,101.998165689157));
#6383=CARTESIAN_POINT('Ctrl Pts',(-4.13814705838771,-31.3528110294888,101.025293025947));
#6384=CARTESIAN_POINT('Ctrl Pts',(-2.78044359218402,-31.5320095262217,100.820218603066));
#6385=CARTESIAN_POINT('Ctrl Pts',(-1.3978366976121,-31.624721667197,100.712145696971));
#6386=CARTESIAN_POINT('Ctrl Pts',(1.39783669761212,-31.624721667197,100.712145696971));
#6387=CARTESIAN_POINT('Ctrl Pts',(2.78044359218405,-31.5320095262217,100.820218603066));
#6388=CARTESIAN_POINT('Ctrl Pts',(4.13814705838776,-31.3528110294888,101.025293025947));
#6389=CARTESIAN_POINT('Origin',(0.,11.0550353674579,54.3557401770122));
#6390=CARTESIAN_POINT('',(0.251725513504472,-59.3739755756,22.5889420414136));
#6391=CARTESIAN_POINT('',(0.305267753611434,-59.3739755756,22.5889420414136));
#6392=CARTESIAN_POINT('',(0.,-59.3739755756,22.5889420414136));
#6393=CARTESIAN_POINT('',(0.278496633557373,-59.3385472767881,22.5105118262349));
#6394=CARTESIAN_POINT('Ctrl Pts',(0.251725513505361,-59.3739755755988,22.588942041411));
#6395=CARTESIAN_POINT('Ctrl Pts',(0.260677637983986,-59.3621896881525,22.5628119796908));
#6396=CARTESIAN_POINT('Ctrl Pts',(0.269601376876867,-59.350380250032,22.5366685041176));
#6397=CARTESIAN_POINT('Ctrl Pts',(0.278496633557368,-59.3385472767858,22.5105118262329));
#6398=CARTESIAN_POINT('Ctrl Pts',(0.278496633559202,-59.3385472767867,22.5105118262349));
#6399=CARTESIAN_POINT('Ctrl Pts',(0.287391890239778,-59.350380250033,22.5366685041198));
#6400=CARTESIAN_POINT('Ctrl Pts',(0.296315629132732,-59.3621896881535,22.5628119796932));
#6401=CARTESIAN_POINT('Ctrl Pts',(0.305267753611434,-59.3739755756,22.5889420414136));
#6402=CARTESIAN_POINT('Origin',(0.013650635810722,-40.,45.5217803918848));
#6403=CARTESIAN_POINT('',(-13.1007617928184,-61.5,37.3408141567059));
#6404=CARTESIAN_POINT('',(10.7127236241617,-61.5,34.3662499661612));
#6405=CARTESIAN_POINT('Origin',(0.013650635810722,-61.5,45.5217803918848));
#6406=CARTESIAN_POINT('',(-13.1007617928185,-60.659258749052,37.3408141567059));
#6407=CARTESIAN_POINT('',(-13.1007617928185,-40.,37.3408141567059));
#6408=CARTESIAN_POINT('',(-11.6601218742852,-60.5659125479484,35.3906868046864));
#6409=CARTESIAN_POINT('Ctrl Pts',(-11.6601218742672,-60.5659125479617,35.3906868047014));
#6410=CARTESIAN_POINT('Ctrl Pts',(-12.190019789608,-60.5953796968541,36.0012731805965));
#6411=CARTESIAN_POINT('Ctrl Pts',(-12.6718365368466,-60.6266130307414,36.6532300075768));
#6412=CARTESIAN_POINT('Ctrl Pts',(-13.1007617928185,-60.659258749052,37.3408141567059));
#6413=CARTESIAN_POINT('',(-9.72726285792855,-60.2760678293694,33.5205043681941));
#6414=CARTESIAN_POINT('Ctrl Pts',(-9.72730151841923,-60.2760655533602,33.5205461870051));
#6415=CARTESIAN_POINT('Ctrl Pts',(-9.93704403902036,-60.3257919602478,33.6907837053274));
#6416=CARTESIAN_POINT('Ctrl Pts',(-10.1430390188068,-60.3689915425251,33.8671124104258));
#6417=CARTESIAN_POINT('Ctrl Pts',(-10.3448966180712,-60.4059955345327,34.0493727995786));
#6418=CARTESIAN_POINT('Ctrl Pts',(-10.4741487484109,-60.4296896873191,34.1660765732309));
#6419=CARTESIAN_POINT('Ctrl Pts',(-10.6017049566912,-60.4508425514599,34.2852126530151));
#6420=CARTESIAN_POINT('Ctrl Pts',(-10.7274656600115,-60.469530698222,34.4067417593682));
#6421=CARTESIAN_POINT('Ctrl Pts',(-10.9303041558835,-60.4996726700764,34.6027551442056));
#6422=CARTESIAN_POINT('Ctrl Pts',(-11.1280953696276,-60.5233494715891,34.8046293335394));
#6423=CARTESIAN_POINT('Ctrl Pts',(-11.3204936214756,-60.5409048931749,35.012115691862));
#6424=CARTESIAN_POINT('Ctrl Pts',(-11.435658647439,-60.5514131517651,35.1363121001648));
#6425=CARTESIAN_POINT('Ctrl Pts',(-11.5488918397781,-60.5597271452781,35.262519582896));
#6426=CARTESIAN_POINT('Ctrl Pts',(-11.6601218742867,-60.5659125479628,35.3906868047239));
#6427=CARTESIAN_POINT('',(-6.24686503362519,-59.618751463007,31.3894781927993));
#6428=CARTESIAN_POINT('Ctrl Pts',(-6.24686503356526,-59.6187514630467,31.3894781929217));
#6429=CARTESIAN_POINT('Ctrl Pts',(-7.06849113780309,-59.737029299737,31.753453080207));
#6430=CARTESIAN_POINT('Ctrl Pts',(-7.85570248509541,-59.8753676194952,32.1887482220302));
#6431=CARTESIAN_POINT('Ctrl Pts',(-8.98494770825423,-60.1060732906452,32.9453077963494));
#6432=CARTESIAN_POINT('Ctrl Pts',(-9.36492524348339,-60.1901654561842,33.2264106942491));
#6433=CARTESIAN_POINT('Ctrl Pts',(-9.72726285792842,-60.2760678293695,33.5205043681942));
#6434=CARTESIAN_POINT('',(6.27416630524662,-59.618751463007,31.3894781927993));
#6435=CARTESIAN_POINT('Ctrl Pts',(6.27416630518688,-59.6187514630467,31.3894781929218));
#6436=CARTESIAN_POINT('Ctrl Pts',(5.46045998776224,-59.5016137255165,31.0290117184021));
#6437=CARTESIAN_POINT('Ctrl Pts',(4.57117790782621,-59.4466111355977,30.7222509601836));
#6438=CARTESIAN_POINT('Ctrl Pts',(2.43825086312661,-59.3780366793101,30.204623644799));
#6439=CARTESIAN_POINT('Ctrl Pts',(1.17500614527903,-59.3788469686212,30.0648718429763));
#6440=CARTESIAN_POINT('Ctrl Pts',(-1.14770487365758,-59.3788469686212,30.0648718429763));
#6441=CARTESIAN_POINT('Ctrl Pts',(-2.41094959150517,-59.3780366793101,30.2046236447989));
#6442=CARTESIAN_POINT('Ctrl Pts',(-4.54387663620477,-59.4466111355977,30.7222509601836));
#6443=CARTESIAN_POINT('Ctrl Pts',(-5.43315871614081,-59.5016137255165,31.0290117184021));
#6444=CARTESIAN_POINT('Ctrl Pts',(-6.24686503356544,-59.6187514630467,31.3894781929218));
#6445=CARTESIAN_POINT('',(9.73154794048576,-60.2706192232786,33.5018596822832));
#6446=CARTESIAN_POINT('Ctrl Pts',(9.73154794048576,-60.2706192232786,33.5018596822832));
#6447=CARTESIAN_POINT('Ctrl Pts',(9.37614670395084,-60.186609268425,33.2145239500398));
#6448=CARTESIAN_POINT('Ctrl Pts',(9.00388748377027,-60.1043650305337,32.9397058510815));
#6449=CARTESIAN_POINT('Ctrl Pts',(7.88300375671685,-59.8753676194953,32.1887482220302));
#6450=CARTESIAN_POINT('Ctrl Pts',(7.09579240942453,-59.737029299737,31.753453080207));
#6451=CARTESIAN_POINT('Ctrl Pts',(6.2741663051867,-59.6187514630467,31.3894781929217));
#6452=CARTESIAN_POINT('',(10.7127236241617,-60.4606570522502,34.3662499661612));
#6453=CARTESIAN_POINT('Ctrl Pts',(10.7127360732487,-60.4606117314605,34.3662819094336));
#6454=CARTESIAN_POINT('Ctrl Pts',(10.5159382774531,-60.431133761424,34.1775383854366));
#6455=CARTESIAN_POINT('Ctrl Pts',(10.3147969321543,-60.3956471946707,33.9946276787495));
#6456=CARTESIAN_POINT('Ctrl Pts',(10.1096924265266,-60.3538523991556,33.8177005320629));
#6457=CARTESIAN_POINT('Ctrl Pts',(9.98508876528435,-60.3284615159758,33.7102149837429));
#6458=CARTESIAN_POINT('Ctrl Pts',(9.85902256283516,-60.3007415788423,33.6049379854039));
#6459=CARTESIAN_POINT('Ctrl Pts',(9.73158170948773,-60.2706164957748,33.5019055719184));
#6460=CARTESIAN_POINT('',(10.7127236241617,-40.,34.3662499661612));
#6461=CARTESIAN_POINT('Ctrl Pts',(-20.1003933292861,-59.6417925372452,45.0794535138367));
#6462=CARTESIAN_POINT('Ctrl Pts',(-19.761453300475,-59.6419372202058,42.9276985612305));
#6463=CARTESIAN_POINT('Ctrl Pts',(-18.1416289195721,-59.6426290001816,38.0363866406573));
#6464=CARTESIAN_POINT('Ctrl Pts',(-14.7885468132157,-59.6438850590739,34.0567908843367));
#6465=CARTESIAN_POINT('Ctrl Pts',(-12.484244062314,-59.6445581377123,32.284893517981));
#6466=CARTESIAN_POINT('Ctrl Pts',(-20.6127098845614,-59.4648591467028,44.9988566740498));
#6467=CARTESIAN_POINT('Ctrl Pts',(-20.2651040020693,-59.4649089404945,42.7912096206092));
#6468=CARTESIAN_POINT('Ctrl Pts',(-18.6038600748779,-59.4651481136072,37.7728495140733));
#6469=CARTESIAN_POINT('Ctrl Pts',(-15.165164663019,-59.4655829260086,33.6899545149101));
#6470=CARTESIAN_POINT('Ctrl Pts',(-12.8021146261162,-59.4658146480383,31.872088659863));
#6471=CARTESIAN_POINT('Ctrl Pts',(-21.1539160151937,-59.3739755756,44.9137149714186));
#6472=CARTESIAN_POINT('Ctrl Pts',(-20.7971713624805,-59.3739753889197,42.6470167599921));
#6473=CARTESIAN_POINT('Ctrl Pts',(-19.0922527657389,-59.3739756035434,37.4944190809546));
#6474=CARTESIAN_POINT('Ctrl Pts',(-15.5632084940524,-59.3739764531164,33.3022729730547));
#6475=CARTESIAN_POINT('Ctrl Pts',(-13.1381049397427,-59.3739755756,31.4357524603528));
#6476=CARTESIAN_POINT('Ctrl Pts',(-21.6952270244288,-59.3739755756,44.8285567694495));
#6477=CARTESIAN_POINT('Ctrl Pts',(-21.3293417091555,-59.3739755756,42.5027943097534));
#6478=CARTESIAN_POINT('Ctrl Pts',(-19.5807409531419,-59.3739755756,37.2159331689182));
#6479=CARTESIAN_POINT('Ctrl Pts',(-15.9613324374861,-59.3739755756,32.9145165956202));
#6480=CARTESIAN_POINT('Ctrl Pts',(-13.4741617247239,-59.3739755756,30.9993299373471));
#6481=CARTESIAN_POINT('',(-19.9770934928762,-59.6418450577478,44.3783168198961));
#6482=CARTESIAN_POINT('',(-21.6952270244288,-59.3739755756,44.8285567694495));
#6483=CARTESIAN_POINT('Ctrl Pts',(-19.9770145374329,-59.6418451669256,44.3783103738435));
#6484=CARTESIAN_POINT('Ctrl Pts',(-20.0701097747862,-59.6138799357219,44.4277409198727));
#6485=CARTESIAN_POINT('Ctrl Pts',(-20.1651698722059,-59.5873278861511,44.4738840575758));
#6486=CARTESIAN_POINT('Ctrl Pts',(-20.2621719933471,-59.5625666029573,44.5163672015752));
#6487=CARTESIAN_POINT('Ctrl Pts',(-20.3562373777781,-59.5385549669721,44.5575641694882));
#6488=CARTESIAN_POINT('Ctrl Pts',(-20.4521292359034,-59.5162274013105,44.5953194021048));
#6489=CARTESIAN_POINT('Ctrl Pts',(-20.5497890758384,-59.495943074548,44.6292665466746));
#6490=CARTESIAN_POINT('Ctrl Pts',(-20.6474489157734,-59.4756587477854,44.6632136912444));
#6491=CARTESIAN_POINT('Ctrl Pts',(-20.7468771992659,-59.4574176753286,44.6933528430017));
#6492=CARTESIAN_POINT('Ctrl Pts',(-20.8479715628323,-59.4415934146589,44.7192897242972));
#6493=CARTESIAN_POINT('Ctrl Pts',(-20.9484444246874,-59.4258664374058,44.7450671524289));
#6494=CARTESIAN_POINT('Ctrl Pts',(-21.0500060884134,-59.412615998267,44.766557768649));
#6495=CARTESIAN_POINT('Ctrl Pts',(-21.152454075214,-59.4021308910006,44.7834716316057));
#6496=CARTESIAN_POINT('Ctrl Pts',(-21.2542810906968,-59.3917093374562,44.8002829740141));
#6497=CARTESIAN_POINT('Ctrl Pts',(-21.3569837744318,-59.3840198006707,44.8125727441059));
#6498=CARTESIAN_POINT('Ctrl Pts',(-21.4603165772912,-59.3793352188205,44.8200376480001));
#6499=CARTESIAN_POINT('Ctrl Pts',(-21.5383033057103,-59.375799698614,44.8256715165932));
#6500=CARTESIAN_POINT('Ctrl Pts',(-21.6166480013157,-59.3739755756,44.8285567694495));
#6501=CARTESIAN_POINT('Ctrl Pts',(-21.6952270244288,-59.3739755756,44.8285567694495));
#6502=CARTESIAN_POINT('',(-13.4741617247239,-59.3739755756,30.9993299373471));
#6503=CARTESIAN_POINT('Ctrl Pts',(-21.6952270244288,-59.3739755756,44.8285567694495));
#6504=CARTESIAN_POINT('Ctrl Pts',(-21.3293417091555,-59.3739755756,42.5027943097534));
#6505=CARTESIAN_POINT('Ctrl Pts',(-19.5807409531419,-59.3739755756,37.2159331689182));
#6506=CARTESIAN_POINT('Ctrl Pts',(-15.9613324374861,-59.3739755756,32.9145165956202));
#6507=CARTESIAN_POINT('Ctrl Pts',(-13.4741617247239,-59.3739755756,30.9993299373471));
#6508=CARTESIAN_POINT('',(-12.4842440623145,-59.6445581377122,32.2848935179812));
#6509=CARTESIAN_POINT('Origin',(-13.4741617247239,-64.3739755756,30.9993299373471));
#6510=CARTESIAN_POINT('Ctrl Pts',(-12.484244062314,-59.6445581377123,32.284893517981));
#6511=CARTESIAN_POINT('Ctrl Pts',(-14.7885468132157,-59.6438850590739,34.0567908843367));
#6512=CARTESIAN_POINT('Ctrl Pts',(-17.9850770456906,-59.6426876442491,37.8505835039665));
#6513=CARTESIAN_POINT('Ctrl Pts',(-19.6064192546653,-59.6420030472114,42.4729455634854));
#6514=CARTESIAN_POINT('Ctrl Pts',(-19.9770186176813,-59.6418451651874,44.3783313518209));
#6515=CARTESIAN_POINT('Ctrl Pts',(-12.4842440623143,-59.6445581377122,32.2848935179812));
#6516=CARTESIAN_POINT('Ctrl Pts',(-11.8417223160204,-59.613640062282,31.6763914399752));
#6517=CARTESIAN_POINT('Ctrl Pts',(-11.0206959603387,-59.6014323454892,31.3361822920397));
#6518=CARTESIAN_POINT('Ctrl Pts',(-10.1699061442222,-59.6187514629586,31.3894781926504));
#6519=CARTESIAN_POINT('Ctrl Pts',(-12.8021146261164,-59.4658146480382,31.8720886598631));
#6520=CARTESIAN_POINT('Ctrl Pts',(-12.0649455814758,-59.4551704249342,31.2243091148106));
#6521=CARTESIAN_POINT('Ctrl Pts',(-11.1295373972989,-59.450968102199,30.8541031711061));
#6522=CARTESIAN_POINT('Ctrl Pts',(-10.1699061442223,-59.4569122093615,30.8914523094092));
#6523=CARTESIAN_POINT('Ctrl Pts',(-13.1381049397429,-59.3739755756,31.4357524603529));
#6524=CARTESIAN_POINT('Ctrl Pts',(-12.2986975586261,-59.3740158845874,30.7492941432646));
#6525=CARTESIAN_POINT('Ctrl Pts',(-11.2439705419072,-59.3739959812112,30.3491919477534));
#6526=CARTESIAN_POINT('Ctrl Pts',(-10.1699061442223,-59.3739755756,30.3678751254241));
#6527=CARTESIAN_POINT('Ctrl Pts',(-13.474161724724,-59.3739755756,30.9993299373472));
#6528=CARTESIAN_POINT('Ctrl Pts',(-12.5324754311163,-59.3739755756,30.2742068018336));
#6529=CARTESIAN_POINT('Ctrl Pts',(-11.3584248177083,-59.3739755756,29.8442132837907));
#6530=CARTESIAN_POINT('Ctrl Pts',(-10.1699061442223,-59.3739755756,29.8442132837906));
#6531=CARTESIAN_POINT('',(-10.1699061442223,-59.3739755756,29.8442132837906));
#6532=CARTESIAN_POINT('',(-10.1699061442221,-59.6187514629585,31.3894781926503));
#6533=CARTESIAN_POINT('Origin',(-10.1699061442223,-64.3739755756,29.8442132837906));
#6534=CARTESIAN_POINT('Ctrl Pts',(-10.1699061442222,-59.6187514629586,31.3894781926504));
#6535=CARTESIAN_POINT('Ctrl Pts',(-11.0206959603387,-59.6014323454892,31.3361822920397));
#6536=CARTESIAN_POINT('Ctrl Pts',(-11.8417223160204,-59.613640062282,31.6763914399752));
#6537=CARTESIAN_POINT('Ctrl Pts',(-12.4842440623143,-59.6445581377122,32.2848935179812));
#6538=CARTESIAN_POINT('Ctrl Pts',(-13.474161724724,-59.3739755756,30.9993299373472));
#6539=CARTESIAN_POINT('Ctrl Pts',(-12.5324754311163,-59.3739755756,30.2742068018336));
#6540=CARTESIAN_POINT('Ctrl Pts',(-11.3584248177083,-59.3739755756,29.8442132837907));
#6541=CARTESIAN_POINT('Ctrl Pts',(-10.1699061442223,-59.3739755756,29.8442132837906));
#6542=CARTESIAN_POINT('Ctrl Pts',(-1.5787100520065,39.9025733601476,-1.77635683940025E-14));
#6543=CARTESIAN_POINT('Ctrl Pts',(-37.8394892411809,38.4679476761633,-1.77635683940025E-14));
#6544=CARTESIAN_POINT('Ctrl Pts',(-39.8711582241061,2.2357164530792,-1.77635683940025E-14));
#6545=CARTESIAN_POINT('Ctrl Pts',(-41.9028272070313,-33.9965147700049,-1.77635683940025E-14));
#6546=CARTESIAN_POINT('Ctrl Pts',(-6.02974326686628,-39.4759405502383,-1.77635683940025E-14));
#6547=CARTESIAN_POINT('Ctrl Pts',(-2.58833463423351,65.4212675037101,20.5379125413657));
#6548=CARTESIAN_POINT('Ctrl Pts',(-62.0387894662315,63.0691627962636,20.5379125413657));
#6549=CARTESIAN_POINT('Ctrl Pts',(-65.3697616020709,3.66551306902475,20.5379125413657));
#6550=CARTESIAN_POINT('Ctrl Pts',(-68.7007337379103,-55.7381366582141,20.5379125413657));
#6551=CARTESIAN_POINT('Ctrl Pts',(-9.88591496793866,-64.7217923362561,20.5379125413657));
#6552=CARTESIAN_POINT('Ctrl Pts',(-2.48314188151627,62.76247558247,53.2020932926234));
#6553=CARTESIAN_POINT('Ctrl Pts',(-59.517465154883,60.5059629849396,53.2020932926234));
#6554=CARTESIAN_POINT('Ctrl Pts',(-62.7130629370515,3.51654260564187,53.2020932926234));
#6555=CARTESIAN_POINT('Ctrl Pts',(-65.9086607192201,-53.4728777736559,53.2020932926234));
#6556=CARTESIAN_POINT('Ctrl Pts',(-9.48414056255387,-62.0914278514643,53.2020932926234));
#6557=CARTESIAN_POINT('Ctrl Pts',(-2.37794912879903,60.1036836612298,85.8662740438812));
#6558=CARTESIAN_POINT('Ctrl Pts',(-56.9961408435346,57.9427631736156,85.8662740438812));
#6559=CARTESIAN_POINT('Ctrl Pts',(-60.0563642720322,3.36757214225899,85.8662740438812));
#6560=CARTESIAN_POINT('Ctrl Pts',(-63.1165877005298,-51.2076188890977,85.8662740438812));
#6561=CARTESIAN_POINT('Ctrl Pts',(-9.08236615716908,-59.4610633666726,85.8662740438812));
#6562=CARTESIAN_POINT('Ctrl Pts',(-1.25022604627709,31.599999293685,102.000001519918));
#6563=CARTESIAN_POINT('Ctrl Pts',(-29.9661834464275,30.4638778162194,102.000001519918));
#6564=CARTESIAN_POINT('Ctrl Pts',(-31.5751207409219,1.77052837421113,102.000001519918));
#6565=CARTESIAN_POINT('Ctrl Pts',(-33.1840580354162,-26.9228210677972,102.000001519918));
#6566=CARTESIAN_POINT('Ctrl Pts',(-4.77512769049568,-31.2621364603755,102.000001519918));
#6567=CARTESIAN_POINT('',(-20.8267786499437,-59.3739755756,44.7569621477161));
#6568=CARTESIAN_POINT('',(-20.231930757746,-59.5644920104921,44.5129986901878));
#6569=CARTESIAN_POINT('Ctrl Pts',(-20.8267786499437,-59.3739755755999,44.7569621477161));
#6570=CARTESIAN_POINT('Ctrl Pts',(-20.6909311971835,-59.4184329359503,44.7026333602814));
#6571=CARTESIAN_POINT('Ctrl Pts',(-20.55518529831,-59.4622094713856,44.647402340684));
#6572=CARTESIAN_POINT('Ctrl Pts',(-20.356972164199,-59.5251816366268,44.5653626169614));
#6573=CARTESIAN_POINT('Ctrl Pts',(-20.2944314878415,-59.5449123560464,44.5392742209117));
#6574=CARTESIAN_POINT('Ctrl Pts',(-20.231930757746,-59.5644920104921,44.5129986901878));
#6575=CARTESIAN_POINT('',(-38.2854058409925,-49.9999999999972,50.4424385454509));
#6576=CARTESIAN_POINT('Ctrl Pts',(-38.2854058409925,-49.9999999999943,50.4424385454509));
#6577=CARTESIAN_POINT('Ctrl Pts',(-37.3618413941348,-50.7093714246351,50.3948952551838));
#6578=CARTESIAN_POINT('Ctrl Pts',(-36.4178417666551,-51.3963588877172,50.285563028008));
#6579=CARTESIAN_POINT('Ctrl Pts',(-33.1804188882601,-53.6225450175898,49.7399024823671));
#6580=CARTESIAN_POINT('Ctrl Pts',(-30.8114647205834,-55.0348296333421,49.0598914905262));
#6581=CARTESIAN_POINT('Ctrl Pts',(-28.4166767125409,-56.2447543177868,48.1820111066478));
#6582=CARTESIAN_POINT('Ctrl Pts',(-26.1520749873255,-57.388904663693,47.3518543557425));
#6583=CARTESIAN_POINT('Ctrl Pts',(-23.8404039050929,-58.3632675108436,46.336347826033));
#6584=CARTESIAN_POINT('Ctrl Pts',(-21.1072099614881,-59.2892679071429,44.9679026444778));
#6585=CARTESIAN_POINT('Ctrl Pts',(-20.6643608874613,-59.4318908576925,44.7404537302794));
#6586=CARTESIAN_POINT('Ctrl Pts',(-20.231930757746,-59.5644920104921,44.5129986901878));
#6587=CARTESIAN_POINT('',(-38.5798664519986,-49.7725403841202,50.4555155567833));
#6588=CARTESIAN_POINT('Ctrl Pts',(-38.2854058409912,-49.9999999999953,50.4424385454509));
#6589=CARTESIAN_POINT('Ctrl Pts',(-38.3515778448596,-49.9491746040901,50.4458449507085));
#6590=CARTESIAN_POINT('Ctrl Pts',(-38.4176560687005,-49.898226400588,50.4489345108354));
#6591=CARTESIAN_POINT('Ctrl Pts',(-38.5157318449086,-49.822317707184,50.4530498483978));
#6592=CARTESIAN_POINT('Ctrl Pts',(-38.547808055437,-49.7974452217313,50.4543208261665));
#6593=CARTESIAN_POINT('Ctrl Pts',(-38.5798664519984,-49.7725403841204,50.4555155567833));
#6594=CARTESIAN_POINT('',(-41.1394816592074,-47.7,49.9630434410128));
#6595=CARTESIAN_POINT('Ctrl Pts',(-38.5798664519984,-49.7725403841204,50.4555155567836));
#6596=CARTESIAN_POINT('Ctrl Pts',(-38.6970651741326,-49.6885473124087,50.3083686103933));
#6597=CARTESIAN_POINT('Ctrl Pts',(-38.8347628155506,-49.5861824089871,50.1867407756321));
#6598=CARTESIAN_POINT('Ctrl Pts',(-39.1907474020213,-49.3148462104976,49.9534324525912));
#6599=CARTESIAN_POINT('Ctrl Pts',(-39.4331770244096,-49.1250797701034,49.8554273009389));
#6600=CARTESIAN_POINT('Ctrl Pts',(-39.9375446162809,-48.718848559568,49.7602323175621));
#6601=CARTESIAN_POINT('Ctrl Pts',(-40.1779752013763,-48.5209965198782,49.7543000194341));
#6602=CARTESIAN_POINT('Ctrl Pts',(-40.6619788021317,-48.1143717398999,49.8082995424193));
#6603=CARTESIAN_POINT('Ctrl Pts',(-40.9057144316312,-47.9051170939604,49.8710309952226));
#6604=CARTESIAN_POINT('Ctrl Pts',(-41.1394816592075,-47.6999999999999,49.9630434410128));
#6605=CARTESIAN_POINT('',(-41.8907248417581,-47.028678232477,50.2716738878482));
#6606=CARTESIAN_POINT('Ctrl Pts',(-41.1394816592074,-47.7,49.9630434410128));
#6607=CARTESIAN_POINT('Ctrl Pts',(-41.3926215747855,-47.4778845033706,50.0626811147832));
#6608=CARTESIAN_POINT('Ctrl Pts',(-41.643051089218,-47.2540967376457,50.165606007348));
#6609=CARTESIAN_POINT('Ctrl Pts',(-41.8907248417581,-47.028678232477,50.2716738878482));
#6610=CARTESIAN_POINT('',(-44.9792091623429,-44.1189314093425,49.3416377549748));
#6611=CARTESIAN_POINT('Ctrl Pts',(-44.9792091623429,-44.1189314093425,49.3416377549748));
#6612=CARTESIAN_POINT('Ctrl Pts',(-44.8437063031815,-44.2553691661564,49.4053695766502));
#6613=CARTESIAN_POINT('Ctrl Pts',(-44.7055443727291,-44.3931867574365,49.4666172657251));
#6614=CARTESIAN_POINT('Ctrl Pts',(-43.7193629299819,-45.3674467582871,49.8777179342852));
#6615=CARTESIAN_POINT('Ctrl Pts',(-42.8209888310708,-46.2068860367389,50.1206573756315));
#6616=CARTESIAN_POINT('Ctrl Pts',(-41.8907248417581,-47.028678232477,50.2716738878482));
#6617=CARTESIAN_POINT('',(-45.826534449972,-43.2478113281339,48.9068409718272));
#6618=CARTESIAN_POINT('Ctrl Pts',(-45.826534449972,-43.2478113281339,48.9068409718272));
#6619=CARTESIAN_POINT('Ctrl Pts',(-45.6276647526746,-43.4566413369074,49.0179333676985));
#6620=CARTESIAN_POINT('Ctrl Pts',(-45.4237742429031,-43.6675396818657,49.1250578678488));
#6621=CARTESIAN_POINT('Ctrl Pts',(-45.1366804335053,-43.9599231290867,49.2666838308801));
#6622=CARTESIAN_POINT('Ctrl Pts',(-45.0581439528319,-44.0394520107856,49.3045119111176));
#6623=CARTESIAN_POINT('Ctrl Pts',(-44.9792091623429,-44.1189314093425,49.3416377549748));
#6624=CARTESIAN_POINT('',(-45.1625521850175,-43.7294200805233,52.5066285257874));
#6625=CARTESIAN_POINT('Ctrl Pts',(-45.1625521850176,-43.7294200805234,52.5066285257877));
#6626=CARTESIAN_POINT('Ctrl Pts',(-45.4033975465995,-43.6016695779581,51.3063161157599));
#6627=CARTESIAN_POINT('Ctrl Pts',(-45.6246887579166,-43.4412163926604,50.1055641720507));
#6628=CARTESIAN_POINT('Ctrl Pts',(-45.826534449972,-43.2478113281339,48.9068409718271));
#6629=CARTESIAN_POINT('',(-46.7956919719437,-41.2028196581933,57.2313753696335));
#6630=CARTESIAN_POINT('Ctrl Pts',(-45.1625521850175,-43.7294200805235,52.5066285257876));
#6631=CARTESIAN_POINT('Ctrl Pts',(-45.285672724739,-43.5874687067704,52.6534168562685));
#6632=CARTESIAN_POINT('Ctrl Pts',(-45.4038034838008,-43.4480711007328,52.806491636872));
#6633=CARTESIAN_POINT('Ctrl Pts',(-45.9745784394598,-42.7573020557554,53.6143342189659));
#6634=CARTESIAN_POINT('Ctrl Pts',(-46.3453837365889,-42.2487523965339,54.3736323576898));
#6635=CARTESIAN_POINT('Ctrl Pts',(-46.735000785847,-41.5610613427759,55.8554622089093));
#6636=CARTESIAN_POINT('Ctrl Pts',(-46.8183626096817,-41.3339974430722,56.5304689588178));
#6637=CARTESIAN_POINT('Ctrl Pts',(-46.7956919719437,-41.2028196581933,57.2313753696335));
#6638=CARTESIAN_POINT('',(-34.8288531243597,-40.0281997340873,81.8279782338606));
#6639=CARTESIAN_POINT('Ctrl Pts',(-46.7956919719437,-41.2028196581933,57.2313753696335));
#6640=CARTESIAN_POINT('Ctrl Pts',(-46.6913943297834,-40.5993283129191,60.455937769166));
#6641=CARTESIAN_POINT('Ctrl Pts',(-46.1212941220263,-40.1280237879231,63.669059728629));
#6642=CARTESIAN_POINT('Ctrl Pts',(-44.0979234468335,-39.536237443656,69.723541345994));
#6643=CARTESIAN_POINT('Ctrl Pts',(-42.7013489601405,-39.4052370207302,72.5317743630297));
#6644=CARTESIAN_POINT('Ctrl Pts',(-39.204724530223,-39.4822042434017,77.6250185261943));
#6645=CARTESIAN_POINT('Ctrl Pts',(-37.1507553477503,-39.680903482671,79.8821212328433));
#6646=CARTESIAN_POINT('Ctrl Pts',(-34.8288531243597,-40.0281997340873,81.8279782338605));
#6647=CARTESIAN_POINT('',(-34.1742454874197,-40.1707583737031,82.3145676808814));
#6648=CARTESIAN_POINT('Ctrl Pts',(-34.8288531243597,-40.0281997340873,81.8279782338606));
#6649=CARTESIAN_POINT('Ctrl Pts',(-34.617894510399,-40.0597536621961,82.0047709048718));
#6650=CARTESIAN_POINT('Ctrl Pts',(-34.3991331483351,-40.1077726486697,82.1669308714008));
#6651=CARTESIAN_POINT('Ctrl Pts',(-34.1742454874197,-40.1707583737031,82.3145676808814));
#6652=CARTESIAN_POINT('Ctrl Pts',(-12.447463336594,-29.0746502677917,101.997120637703));
#6653=CARTESIAN_POINT('Ctrl Pts',(-13.4842996802303,-29.4015716523367,101.596481536145));
#6654=CARTESIAN_POINT('Ctrl Pts',(-17.7916551604043,-30.9192028330522,99.6941644207532));
#6655=CARTESIAN_POINT('Ctrl Pts',(-25.8963314235301,-34.9901788236429,93.9919708000558));
#6656=CARTESIAN_POINT('Ctrl Pts',(-31.3757754632325,-38.5032112531861,86.9718288143055));
#6657=CARTESIAN_POINT('Ctrl Pts',(-34.1742454874197,-40.1707583737031,82.3145676808813));
#6658=CARTESIAN_POINT('',(-11.2676035252383,38.3112098084661,0.));
#6659=CARTESIAN_POINT('Ctrl Pts',(-1.25039597815479,31.5999992936849,101.999997720122));
#6660=CARTESIAN_POINT('Ctrl Pts',(-3.01741831411443,31.6650284923342,101.923732705069));
#6661=CARTESIAN_POINT('Ctrl Pts',(-4.75572577206349,31.8673734037894,101.687195350107));
#6662=CARTESIAN_POINT('Ctrl Pts',(-9.17962642857064,32.7103926675488,100.676798131221));
#6663=CARTESIAN_POINT('Ctrl Pts',(-11.726136864796,33.5279111380779,99.6807649343575));
#6664=CARTESIAN_POINT('Ctrl Pts',(-16.5141687290236,35.5415767550308,97.0419154482762));
#6665=CARTESIAN_POINT('Ctrl Pts',(-18.7162718134474,36.7416724323212,95.3828357743775));
#6666=CARTESIAN_POINT('Ctrl Pts',(-24.7033859743046,40.5078265772346,89.6569360282846));
#6667=CARTESIAN_POINT('Ctrl Pts',(-27.7734406395385,43.176055801724,84.8746010148923));
#6668=CARTESIAN_POINT('Ctrl Pts',(-33.000150673401,48.2255135800542,72.8224627702093));
#6669=CARTESIAN_POINT('Ctrl Pts',(-34.6850040057367,50.3326268340515,65.2934305102033));
#6670=CARTESIAN_POINT('Ctrl Pts',(-35.9283185084794,52.3422083684745,49.747805137978));
#6671=CARTESIAN_POINT('Ctrl Pts',(-35.5017452130988,52.2666545127731,41.8628243579481));
#6672=CARTESIAN_POINT('Ctrl Pts',(-32.6517686823736,50.2094245599716,27.5865026972465));
#6673=CARTESIAN_POINT('Ctrl Pts',(-30.4785152645898,48.452021262045,21.2100949079709));
#6674=CARTESIAN_POINT('Ctrl Pts',(-24.9530767019316,44.657419257886,11.4252091508351));
#6675=CARTESIAN_POINT('Ctrl Pts',(-22.0601776724145,42.8170904788726,7.68119326185596));
#6676=CARTESIAN_POINT('Ctrl Pts',(-16.3473294353041,40.0769323827708,2.7959549384704));
#6677=CARTESIAN_POINT('Ctrl Pts',(-13.9305019162256,39.0930827493415,1.20745768047801));
#6678=CARTESIAN_POINT('Ctrl Pts',(-11.2676035252383,38.3112098084661,-2.24820162486594E-14));
#6679=CARTESIAN_POINT('Origin',(0.,0.,0.));
#6680=CARTESIAN_POINT('',(-24.7040184654136,-53.9984701321718,27.295819693791));
#6681=CARTESIAN_POINT('Ctrl Pts',(-13.7510467667688,-54.7690746379031,20.4925958600236));
#6682=CARTESIAN_POINT('Ctrl Pts',(-14.3171589971563,-54.6934520775441,20.6213933191526));
#6683=CARTESIAN_POINT('Ctrl Pts',(-14.8781936234287,-54.6226500120229,20.7752581695545));
#6684=CARTESIAN_POINT('Ctrl Pts',(-17.4476243022439,-54.3181445698271,21.6037311597999));
#6685=CARTESIAN_POINT('Ctrl Pts',(-19.3506469560245,-54.1497791002097,22.5746140586003));
#6686=CARTESIAN_POINT('Ctrl Pts',(-22.4206772351906,-53.9897444216189,24.8285246349184));
#6687=CARTESIAN_POINT('Ctrl Pts',(-23.6431253278322,-53.9690769700744,25.9915991525879));
#6688=CARTESIAN_POINT('Ctrl Pts',(-24.7040184654136,-53.9984701321718,27.295819693791));
#6689=CARTESIAN_POINT('',(-31.1832769704806,-54.3739755756001,41.7586083946847));
#6690=CARTESIAN_POINT('Ctrl Pts',(-24.7040184654136,-53.9984701321718,27.295819693791));
#6691=CARTESIAN_POINT('Ctrl Pts',(-25.7096627371219,-53.7686334943155,27.8791832990794));
#6692=CARTESIAN_POINT('Ctrl Pts',(-26.6426091628981,-53.5844296415578,28.5931835851459));
#6693=CARTESIAN_POINT('Ctrl Pts',(-28.1851163126785,-53.3422914872418,30.1316968471717));
#6694=CARTESIAN_POINT('Ctrl Pts',(-28.8153857882399,-53.2706472205654,30.9168470337196));
#6695=CARTESIAN_POINT('Ctrl Pts',(-29.9599577472678,-53.2074793203617,32.72283098235));
#6696=CARTESIAN_POINT('Ctrl Pts',(-30.4431307631936,-53.2273950859478,33.749658988043));
#6697=CARTESIAN_POINT('Ctrl Pts',(-31.049971917369,-53.3525062375204,35.6111464346481));
#6698=CARTESIAN_POINT('Ctrl Pts',(-31.2332005411202,-53.4331016723662,36.4179497363024));
#6699=CARTESIAN_POINT('Ctrl Pts',(-31.4480090656669,-53.6430295897371,38.0281096519834));
#6700=CARTESIAN_POINT('Ctrl Pts',(-31.4829038814337,-53.7704368291687,38.826633242907));
#6701=CARTESIAN_POINT('Ctrl Pts',(-31.4165778255599,-54.0545107011666,40.3426162953158));
#6702=CARTESIAN_POINT('Ctrl Pts',(-31.3274056099279,-54.2069074012145,41.0575953494699));
#6703=CARTESIAN_POINT('Ctrl Pts',(-31.1832769704806,-54.3739755756002,41.7586083946847));
#6704=CARTESIAN_POINT('',(-28.5292118966208,-56.1728239527372,46.8989556867945));
#6705=CARTESIAN_POINT('Ctrl Pts',(-31.1832769704806,-54.3739755756002,41.7586083946847));
#6706=CARTESIAN_POINT('Ctrl Pts',(-31.0889575049536,-54.4833069407963,42.2173595214954));
#6707=CARTESIAN_POINT('Ctrl Pts',(-30.9673661772765,-54.6011276999801,42.6706395690521));
#6708=CARTESIAN_POINT('Ctrl Pts',(-30.3893475891203,-55.0881637280262,44.3827161711969));
#6709=CARTESIAN_POINT('Ctrl Pts',(-29.7339265975775,-55.5152100224517,45.5678977000508));
#6710=CARTESIAN_POINT('Ctrl Pts',(-28.743063764803,-56.0583469892337,46.6779163322476));
#6711=CARTESIAN_POINT('Ctrl Pts',(-28.6371197989105,-56.1154917140428,46.7903768017854));
#6712=CARTESIAN_POINT('Ctrl Pts',(-28.5292118966207,-56.1728239527373,46.8989556867944));
#6713=CARTESIAN_POINT('Ctrl Pts',(-28.5292118966208,-56.1728239527372,46.8989556867945));
#6714=CARTESIAN_POINT('Ctrl Pts',(-25.9793089436005,-57.4581721173355,46.4821214003954));
#6715=CARTESIAN_POINT('Ctrl Pts',(-23.3893370771659,-58.5353541579505,45.7817932303219));
#6716=CARTESIAN_POINT('Ctrl Pts',(-20.8267786499437,-59.3739755755999,44.7569621477161));
#6717=CARTESIAN_POINT('',(-56.000000834465,27.005621358006,38.0000005662441));
#6718=CARTESIAN_POINT('',(-54.7629356699372,6.84689801297709,78.2909997991952));
#6719=CARTESIAN_POINT('Ctrl Pts',(-56.000000834465,27.0056213580061,38.0000005662441));
#6720=CARTESIAN_POINT('Ctrl Pts',(-57.5876344146319,25.2283748585997,41.9413800743792));
#6721=CARTESIAN_POINT('Ctrl Pts',(-58.6576438457755,23.3912707217425,46.0430058244973));
#6722=CARTESIAN_POINT('Ctrl Pts',(-59.7394130455217,19.62201178919,54.2736910554745));
#6723=CARTESIAN_POINT('Ctrl Pts',(-59.7685688029261,17.7082564621739,58.3694643605293));
#6724=CARTESIAN_POINT('Ctrl Pts',(-58.5429743223012,12.3821592375031,69.1643794700174));
#6725=CARTESIAN_POINT('Ctrl Pts',(-56.5309756272673,9.39616985907531,74.5771198719101));
#6726=CARTESIAN_POINT('Ctrl Pts',(-54.7629356699355,6.84689801299085,78.2909997991952));
#6727=CARTESIAN_POINT('',(-54.7629356699372,-6.84689801297709,78.2909997991952));
#6728=CARTESIAN_POINT('Ctrl Pts',(-54.7629356699372,6.84689801297715,78.2909997991952));
#6729=CARTESIAN_POINT('Ctrl Pts',(-55.3216862988155,6.01100259873357,77.482576311154));
#6730=CARTESIAN_POINT('Ctrl Pts',(-55.8481154162326,5.05582597791909,76.6702518770982));
#6731=CARTESIAN_POINT('Ctrl Pts',(-56.5580870381336,3.19123657591987,75.529293797761));
#6732=CARTESIAN_POINT('Ctrl Pts',(-56.8050639746334,2.2829844023123,75.1139163148587));
#6733=CARTESIAN_POINT('Ctrl Pts',(-57.0037965853718,0.648619684188792,74.7773110119115));
#6734=CARTESIAN_POINT('Ctrl Pts',(-57.0242017602806,-0.00755992242368622,
74.7421934102693));
#6735=CARTESIAN_POINT('Ctrl Pts',(-56.9311588733792,-1.4895518649359,74.9005187545863));
#6736=CARTESIAN_POINT('Ctrl Pts',(-56.7890859644306,-2.2616755106048,75.1424223825302));
#6737=CARTESIAN_POINT('Ctrl Pts',(-56.1720856689277,-4.45412948559096,76.1599508656217));
#6738=CARTESIAN_POINT('Ctrl Pts',(-55.4862684808219,-5.76478633678215,77.2444520124589));
#6739=CARTESIAN_POINT('Ctrl Pts',(-54.7629356699372,-6.84689801297716,78.2909997991952));
#6740=CARTESIAN_POINT('',(-56.000000834465,-27.005621358006,38.0000005662441));
#6741=CARTESIAN_POINT('Ctrl Pts',(-54.7629356699355,-6.84689801299087,78.2909997991953));
#6742=CARTESIAN_POINT('Ctrl Pts',(-56.9735628272499,-10.034320079422,73.6474374225557));
#6743=CARTESIAN_POINT('Ctrl Pts',(-59.4688505104658,-13.8051165005163,66.5142424740239));
#6744=CARTESIAN_POINT('Ctrl Pts',(-59.7401231376694,-21.1940056743844,50.9670866162046));
#6745=CARTESIAN_POINT('Ctrl Pts',(-58.5343755377284,-24.1685633454857,44.2917121086066));
#6746=CARTESIAN_POINT('Ctrl Pts',(-56.000000834465,-27.0056213580061,38.0000005662441));
#6747=CARTESIAN_POINT('Ctrl Pts',(-56.000000834465,-27.005621358006,38.0000005662441));
#6748=CARTESIAN_POINT('Ctrl Pts',(-57.0748265182574,-22.5582147969741,32.2279124238239));
#6749=CARTESIAN_POINT('Ctrl Pts',(-56.685695599565,-18.2709929422566,26.8564610124138));
#6750=CARTESIAN_POINT('Ctrl Pts',(-54.9286576326174,-11.3906050294337,19.4909240640123));
#6751=CARTESIAN_POINT('Ctrl Pts',(-54.0327891755724,-8.95364178841589,17.207311805119));
#6752=CARTESIAN_POINT('Ctrl Pts',(-52.9412623590936,-5.6087784388975,14.7799003695299));
#6753=CARTESIAN_POINT('Ctrl Pts',(-52.5341839734896,-4.30301444329997,13.9714636984746));
#6754=CARTESIAN_POINT('Ctrl Pts',(-52.1506132900537,-2.342967123295,13.24578146712));
#6755=CARTESIAN_POINT('Ctrl Pts',(-52.0608652765303,-1.74050975137293,13.0809531818582));
#6756=CARTESIAN_POINT('Ctrl Pts',(-51.9771677474761,-0.703413671572356,
12.9279103569944));
#6757=CARTESIAN_POINT('Ctrl Pts',(-51.9617709980595,-0.288439199549098,
12.9000392487728));
#6758=CARTESIAN_POINT('Ctrl Pts',(-51.9700165982783,0.570635424945546,12.9150285644502));
#6759=CARTESIAN_POINT('Ctrl Pts',(-51.9954514900525,1.00362664910425,12.9611354889914));
#6760=CARTESIAN_POINT('Ctrl Pts',(-52.1149680730998,2.16799061622228,13.1805096610513));
#6761=CARTESIAN_POINT('Ctrl Pts',(-52.2430112003081,2.87350254275025,13.4175277745452));
#6762=CARTESIAN_POINT('Ctrl Pts',(-53.0284963357739,6.32018036888834,14.9310099952436));
#6763=CARTESIAN_POINT('Ctrl Pts',(-54.2903854066933,9.38394148759941,17.5171643298272));
#6764=CARTESIAN_POINT('Ctrl Pts',(-56.5447319639001,17.2485288841931,25.5924692075092));
#6765=CARTESIAN_POINT('Ctrl Pts',(-57.2093773271667,22.0014713553544,31.5053402520103));
#6766=CARTESIAN_POINT('Ctrl Pts',(-56.000000834465,27.005621358006,38.0000005662441));
#6767=CARTESIAN_POINT('',(-49.8042965137682,5.,86.0602303490348));
#6768=CARTESIAN_POINT('',(-48.4753888382183,5.,87.7070316275442));
#6769=CARTESIAN_POINT('Ctrl Pts',(-49.8042965137805,5.,86.0602303490444));
#6770=CARTESIAN_POINT('Ctrl Pts',(-49.8042564959585,5.,86.0602817195208));
#6771=CARTESIAN_POINT('Ctrl Pts',(-49.8042164780833,5.,86.0603330898976));
#6772=CARTESIAN_POINT('Ctrl Pts',(-49.3669246514789,5.,86.6216765488298));
#6773=CARTESIAN_POINT('Ctrl Pts',(-48.923299650258,5.,87.1710652919495));
#6774=CARTESIAN_POINT('Ctrl Pts',(-48.4753888382183,5.,87.7070316275441));
#6775=CARTESIAN_POINT('',(-39.3401994115789,5.,96.5855756953904));
#6776=CARTESIAN_POINT('Ctrl Pts',(-48.4753888382183,5.,87.7070316275441));
#6777=CARTESIAN_POINT('Ctrl Pts',(-47.6944244093809,5.,88.6415271384865));
#6778=CARTESIAN_POINT('Ctrl Pts',(-46.9003238415133,5.,89.5351284955585));
#6779=CARTESIAN_POINT('Ctrl Pts',(-44.84937084907,5.,91.7186289197352));
#6780=CARTESIAN_POINT('Ctrl Pts',(-43.4738686003731,5.,93.0614278876905));
#6781=CARTESIAN_POINT('Ctrl Pts',(-41.1459864376973,5.,95.1195094942728));
#6782=CARTESIAN_POINT('Ctrl Pts',(-40.2556355255092,5.,95.8638088691602));
#6783=CARTESIAN_POINT('Ctrl Pts',(-39.3401994115789,5.,96.5855756953904));
#6784=CARTESIAN_POINT('',(-37.9767937613588,5.,97.6300777499246));
#6785=CARTESIAN_POINT('Ctrl Pts',(-39.3401994115789,5.,96.5855756953904));
#6786=CARTESIAN_POINT('Ctrl Pts',(-38.8914383691409,5.,96.9393970362872));
#6787=CARTESIAN_POINT('Ctrl Pts',(-38.4366673644224,5.,97.2878272347771));
#6788=CARTESIAN_POINT('Ctrl Pts',(-37.9767937613588,5.,97.6300777499246));
#6789=CARTESIAN_POINT('',(-33.958635735903,0.,100.611466607451));
#6790=CARTESIAN_POINT('Ctrl Pts',(-37.9767937613588,5.,97.6300777499246));
#6791=CARTESIAN_POINT('Ctrl Pts',(-37.9146061986755,5.,97.6763594352015));
#6792=CARTESIAN_POINT('Ctrl Pts',(-37.8524241815553,4.99819987880872,97.722631145291));
#6793=CARTESIAN_POINT('Ctrl Pts',(-37.7105203233136,4.98997972850821,97.8282130363482));
#6794=CARTESIAN_POINT('Ctrl Pts',(-37.6308661547784,4.98239420664134,97.8874690247183));
#6795=CARTESIAN_POINT('Ctrl Pts',(-37.4733932390873,4.96149736301611,98.0045961550431));
#6796=CARTESIAN_POINT('Ctrl Pts',(-37.3956002683329,4.94829195560358,98.0624484626249));
#6797=CARTESIAN_POINT('Ctrl Pts',(-37.2139507880209,4.91067329824304,98.1975135414032));
#6798=CARTESIAN_POINT('Ctrl Pts',(-37.1104534270051,4.88397807916935,98.2744515407505));
#6799=CARTESIAN_POINT('Ctrl Pts',(-36.7836751416465,4.7828067824857,98.5173184576956));
#6800=CARTESIAN_POINT('Ctrl Pts',(-36.5646201113525,4.6894125785415,98.6800415307066));
#6801=CARTESIAN_POINT('Ctrl Pts',(-36.1466435419424,4.45943548609016,98.9903849532055));
#6802=CARTESIAN_POINT('Ctrl Pts',(-35.9481155512809,4.32430613971552,99.1377167046714));
#6803=CARTESIAN_POINT('Ctrl Pts',(-35.4900107429615,3.9469432831994,99.4775380232517));
#6804=CARTESIAN_POINT('Ctrl Pts',(-35.2427531895953,3.68503225594584,99.660821692492));
#6805=CARTESIAN_POINT('Ctrl Pts',(-34.7050126385731,2.95956674067724,100.059228505725));
#6806=CARTESIAN_POINT('Ctrl Pts',(-34.4495023509039,2.46393867026923,100.248342580028));
#6807=CARTESIAN_POINT('Ctrl Pts',(-34.064015915818,1.3149196692377,100.533562427902));
#6808=CARTESIAN_POINT('Ctrl Pts',(-33.9586357359029,0.660728093606651,100.611466607451));
#6809=CARTESIAN_POINT('Ctrl Pts',(-33.9586357359029,4.02455846426619E-15,
100.611466607451));
#6810=CARTESIAN_POINT('',(-33.7991607677354,-6.00000000000034,100.379030958338));
#6811=CARTESIAN_POINT('Ctrl Pts',(-33.9586357359029,1.11022302462516E-15,
100.611466607451));
#6812=CARTESIAN_POINT('Ctrl Pts',(-33.9586357359029,-1.94444409963726,100.611466607451));
#6813=CARTESIAN_POINT('Ctrl Pts',(-33.9080092589444,-3.95727825195124,100.537678236966));
#6814=CARTESIAN_POINT('Ctrl Pts',(-33.7991607677354,-6.00000000000034,100.379030958338));
#6815=CARTESIAN_POINT('',(-35.3535207023547,-8.,99.1093685982703));
#6816=CARTESIAN_POINT('Ctrl Pts',(-33.7991607677353,-6.00000000000224,100.379030958338));
#6817=CARTESIAN_POINT('Ctrl Pts',(-33.7951863308986,-6.07458687275237,100.373238194642));
#6818=CARTESIAN_POINT('Ctrl Pts',(-33.7946738042483,-6.14925535206067,100.365116340304));
#6819=CARTESIAN_POINT('Ctrl Pts',(-33.8070275949596,-6.4565451192677,100.321998716694));
#6820=CARTESIAN_POINT('Ctrl Pts',(-33.8505753524169,-6.6831508944796,100.2671231897));
#6821=CARTESIAN_POINT('Ctrl Pts',(-33.9954934184682,-7.0842914980121,100.124490231338));
#6822=CARTESIAN_POINT('Ctrl Pts',(-34.0904466265246,-7.25911561597813,100.041003148939));
#6823=CARTESIAN_POINT('Ctrl Pts',(-34.310433939277,-7.5436024079435,99.8612029075123));
#6824=CARTESIAN_POINT('Ctrl Pts',(-34.4291557389525,-7.65724754823587,99.7686761565191));
#6825=CARTESIAN_POINT('Ctrl Pts',(-34.6401908734908,-7.80363981294586,99.6104753813806));
#6826=CARTESIAN_POINT('Ctrl Pts',(-34.7241672066294,-7.85035546782156,99.548824155289));
#6827=CARTESIAN_POINT('Ctrl Pts',(-34.8546251367453,-7.90653944409812,99.4548949509038));
#6828=CARTESIAN_POINT('Ctrl Pts',(-34.8985276930049,-7.92287019872763,99.4235755902625));
#6829=CARTESIAN_POINT('Ctrl Pts',(-34.9694375638116,-7.94521369698246,99.3734440171393));
#6830=CARTESIAN_POINT('Ctrl Pts',(-34.9960197409519,-7.95271429507885,99.3547496691921));
#6831=CARTESIAN_POINT('Ctrl Pts',(-35.0463190648877,-7.96527509901101,99.3195596940088));
#6832=CARTESIAN_POINT('Ctrl Pts',(-35.0699874288321,-7.9705192016083,99.3030761076894));
#6833=CARTESIAN_POINT('Ctrl Pts',(-35.1231517662753,-7.98081793134139,99.2662171604956));
#6834=CARTESIAN_POINT('Ctrl Pts',(-35.152701091036,-7.98553700677592,99.245843776285));
#6835=CARTESIAN_POINT('Ctrl Pts',(-35.2390554144278,-7.99642189407126,99.1866324397818));
#6836=CARTESIAN_POINT('Ctrl Pts',(-35.2961748245609,-8.,99.1478749076843));
#6837=CARTESIAN_POINT('Ctrl Pts',(-35.3535207023547,-8.,99.1093685982703));
#6838=CARTESIAN_POINT('',(-41.0311998159566,-8.,94.7984406423423));
#6839=CARTESIAN_POINT('Ctrl Pts',(-35.3535207023547,-8.,99.1093685982703));
#6840=CARTESIAN_POINT('Ctrl Pts',(-37.3084206662541,-8.,97.7967026180917));
#6841=CARTESIAN_POINT('Ctrl Pts',(-39.2169914668204,-8.,96.349967773371));
#6842=CARTESIAN_POINT('Ctrl Pts',(-41.0311998159566,-8.,94.7984406423423));
#6843=CARTESIAN_POINT('',(-42.744267567688,-8.,93.2771419320103));
#6844=CARTESIAN_POINT('Ctrl Pts',(-41.0311998159566,-8.,94.7984406423423));
#6845=CARTESIAN_POINT('Ctrl Pts',(-41.6151188583753,-8.,94.2990678789724));
#6846=CARTESIAN_POINT('Ctrl Pts',(-42.186788671501,-8.,93.7911432135293));
#6847=CARTESIAN_POINT('Ctrl Pts',(-42.744267567688,-8.,93.2771419320102));
#6848=CARTESIAN_POINT('',(-41.2353830949219,-7.24280370531953,94.7436355819041));
#6849=CARTESIAN_POINT('Ctrl Pts',(-42.7442675676882,-7.99999999999911,93.2771419320102));
#6850=CARTESIAN_POINT('Ctrl Pts',(-42.5176583384041,-7.93447732850206,93.4973847681918));
#6851=CARTESIAN_POINT('Ctrl Pts',(-42.2902534631474,-7.84839950196328,93.7184008973507));
#6852=CARTESIAN_POINT('Ctrl Pts',(-41.7788290232636,-7.60611404795424,94.2154573036076));
#6853=CARTESIAN_POINT('Ctrl Pts',(-41.4978957973006,-7.43627168501716,94.4884979500951));
#6854=CARTESIAN_POINT('Ctrl Pts',(-41.2353830949219,-7.24280370531956,94.7436355819041));
#6855=CARTESIAN_POINT('',(-38.1351558951749,0.,97.7567645415533));
#6856=CARTESIAN_POINT('Ctrl Pts',(-41.2353830949219,-7.24280370531954,94.7436355819041));
#6857=CARTESIAN_POINT('Ctrl Pts',(-41.0600291173415,-7.11357041692246,94.9140631389812));
#6858=CARTESIAN_POINT('Ctrl Pts',(-40.8928352587551,-6.97395112946427,95.0765598286507));
#6859=CARTESIAN_POINT('Ctrl Pts',(-40.5006124066763,-6.60974024484012,95.4577635140875));
#6860=CARTESIAN_POINT('Ctrl Pts',(-40.2549494268737,-6.34424484835529,95.696524801911));
#6861=CARTESIAN_POINT('Ctrl Pts',(-39.7992344128492,-5.75925781350076,96.1394368911334));
#6862=CARTESIAN_POINT('Ctrl Pts',(-39.589169769558,-5.43978527661822,96.3435999473607));
#6863=CARTESIAN_POINT('Ctrl Pts',(-39.1797201716436,-4.72098184206134,96.7415464078953));
#6864=CARTESIAN_POINT('Ctrl Pts',(-38.9373317669801,-4.19190983838649,96.9771251169765));
#6865=CARTESIAN_POINT('Ctrl Pts',(-38.5722350809169,-3.18129713184673,97.3319647229057));
#6866=CARTESIAN_POINT('Ctrl Pts',(-38.4046803226816,-2.55738512258534,97.4948121730561));
#6867=CARTESIAN_POINT('Ctrl Pts',(-38.1861580882599,-1.27094206146311,97.7071952116015));
#6868=CARTESIAN_POINT('Ctrl Pts',(-38.1351558951748,-0.608422477787861,
97.7567645415535));
#6869=CARTESIAN_POINT('Ctrl Pts',(-38.1351558951748,-3.19189119579733E-15,
97.7567645415535));
#6870=CARTESIAN_POINT('',(-49.6883510839547,0.,86.5281465219984));
#6871=CARTESIAN_POINT('Origin',(-1.18634027236017,0.,48.1820111066478));
#6872=CARTESIAN_POINT('',(-46.5748712757243,-7.24054179378179,89.5541557693942));
#6873=CARTESIAN_POINT('Ctrl Pts',(-49.6883510839548,-1.52655665885959E-15,
86.5281465219983));
#6874=CARTESIAN_POINT('Ctrl Pts',(-49.6883510839548,-0.484532443226435,
86.5281465219983));
#6875=CARTESIAN_POINT('Ctrl Pts',(-49.6557353680464,-1.01407053268826,86.5598459271746));
#6876=CARTESIAN_POINT('Ctrl Pts',(-49.5147590580322,-2.05314573819513,86.6968616279474));
#6877=CARTESIAN_POINT('Ctrl Pts',(-49.4063916719906,-2.56268106227864,86.8021845246661));
#6878=CARTESIAN_POINT('Ctrl Pts',(-49.1732131800179,-3.39035429805315,87.0288120657017));
#6879=CARTESIAN_POINT('Ctrl Pts',(-49.0207669689557,-3.82702440630275,87.1769754304311));
#6880=CARTESIAN_POINT('Ctrl Pts',(-48.7675007926703,-4.4269975430512,87.4231263094142));
#6881=CARTESIAN_POINT('Ctrl Pts',(-48.6408820318086,-4.69423798776757,87.5461878241376));
#6882=CARTESIAN_POINT('Ctrl Pts',(-48.3649053212786,-5.20480931751858,87.8144112042675));
#6883=CARTESIAN_POINT('Ctrl Pts',(-48.2155432625023,-5.44813588342005,87.9595770633401));
#6884=CARTESIAN_POINT('Ctrl Pts',(-47.8591666135164,-5.97083659693199,88.3059416141995));
#6885=CARTESIAN_POINT('Ctrl Pts',(-47.6079287939643,-6.28662634813297,88.5501211214024));
#6886=CARTESIAN_POINT('Ctrl Pts',(-47.0909830733387,-6.82532219022308,89.0525436927259));
#6887=CARTESIAN_POINT('Ctrl Pts',(-46.8283525182918,-7.05405601690667,89.3077958662328));
#6888=CARTESIAN_POINT('Ctrl Pts',(-46.5748712757243,-7.24054179378177,89.5541557693942));
#6889=CARTESIAN_POINT('',(-45.088072482665,-8.,90.9976619604066));
#6890=CARTESIAN_POINT('Ctrl Pts',(-46.574871275724,-7.24054179378194,89.5541557693944));
#6891=CARTESIAN_POINT('Ctrl Pts',(-46.3641908174639,-7.39553909667142,89.758917339794));
#6892=CARTESIAN_POINT('Ctrl Pts',(-46.1333120801866,-7.56855525501693,89.9782898483319));
#6893=CARTESIAN_POINT('Ctrl Pts',(-45.8630232678471,-7.78611983035867,90.2273184428177));
#6894=CARTESIAN_POINT('Ctrl Pts',(-45.800315773467,-7.83774095913593,90.2845435243215));
#6895=CARTESIAN_POINT('Ctrl Pts',(-45.7158440058834,-7.90992535127574,90.3606855286722));
#6896=CARTESIAN_POINT('Ctrl Pts',(-45.6923272837433,-7.9303125935004,90.3817805184807));
#6897=CARTESIAN_POINT('Ctrl Pts',(-45.6582929817482,-7.96035541660422,90.4121396599047));
#6898=CARTESIAN_POINT('Ctrl Pts',(-45.6475871038052,-7.96988410931319,90.4216646921233));
#6899=CARTESIAN_POINT('Ctrl Pts',(-45.6311640516551,-7.98463709801616,90.4362353779112));
#6900=CARTESIAN_POINT('Ctrl Pts',(-45.6254168859464,-7.98982553895025,90.4413265722598));
#6901=CARTESIAN_POINT('Ctrl Pts',(-45.6188891110719,-7.99574996897323,90.4471000929414));
#6902=CARTESIAN_POINT('Ctrl Pts',(-45.6180996141906,-7.99646701607648,90.4477982139985));
#6903=CARTESIAN_POINT('Ctrl Pts',(-45.6168735495267,-7.99758138585133,90.448882135537));
#6904=CARTESIAN_POINT('Ctrl Pts',(-45.6164370986794,-7.99797823698997,90.4492679395508));
#6905=CARTESIAN_POINT('Ctrl Pts',(-45.6157729643671,-7.99858235967115,90.4498549341865));
#6906=CARTESIAN_POINT('Ctrl Pts',(-45.6155449747405,-7.99878979205264,90.450056429781));
#6907=CARTESIAN_POINT('Ctrl Pts',(-45.6152055470911,-7.99909868040847,90.4503563942332));
#6908=CARTESIAN_POINT('Ctrl Pts',(-45.6150943955588,-7.99919984190016,90.4504546197627));
#6909=CARTESIAN_POINT('Ctrl Pts',(-45.6149173522863,-7.99936098966789,90.4506110694847));
#6910=CARTESIAN_POINT('Ctrl Pts',(-45.6148537133172,-7.99941891863844,90.4506673049408));
#6911=CARTESIAN_POINT('Ctrl Pts',(-45.6147508869759,-7.99951252422825,90.4507581672929));
#6912=CARTESIAN_POINT('Ctrl Pts',(-45.6147114662489,-7.99954841105404,90.4507930010356));
#6913=CARTESIAN_POINT('Ctrl Pts',(-45.6146342633961,-7.99961869626909,90.4508612196582));
#6914=CARTESIAN_POINT('Ctrl Pts',(-45.6146068705457,-7.99964363556738,90.4508854244925));
#6915=CARTESIAN_POINT('Ctrl Pts',(-45.6145698025826,-7.99967738397645,90.4509181782507));
#6916=CARTESIAN_POINT('Ctrl Pts',(-45.6145492558899,-7.99969609003675,90.4509363337235));
#6917=CARTESIAN_POINT('Ctrl Pts',(-45.6144875593642,-7.99975226384738,90.4509908489047));
#6918=CARTESIAN_POINT('Ctrl Pts',(-45.6144659964157,-7.99977189712195,90.451009901828));
#6919=CARTESIAN_POINT('Ctrl Pts',(-45.6144352156328,-7.99979992358598,90.4510370995008));
#6920=CARTESIAN_POINT('Ctrl Pts',(-45.6144073110861,-7.99982533221359,90.4510617555047));
#6921=CARTESIAN_POINT('Ctrl Pts',(-45.6144016494129,-7.99983048743119,90.4510667580715));
#6922=CARTESIAN_POINT('Ctrl Pts',(-45.614378472356,-7.99985159111776,90.4510872369643));
#6923=CARTESIAN_POINT('Ctrl Pts',(-45.6143557152506,-7.99987231297675,90.451107344654));
#6924=CARTESIAN_POINT('Ctrl Pts',(-45.6143370298798,-7.99988932797492,90.4511238544873));
#6925=CARTESIAN_POINT('Ctrl Pts',(-45.6143332511467,-7.99989276884178,90.451127193273));
#6926=CARTESIAN_POINT('Ctrl Pts',(-45.6143171240245,-7.99990745378492,90.4511414427904));
#6927=CARTESIAN_POINT('Ctrl Pts',(-45.6143079882022,-7.9999157728594,90.4511495149197));
#6928=CARTESIAN_POINT('Ctrl Pts',(-45.6142941891631,-7.99992833814077,90.4511617073384));
#6929=CARTESIAN_POINT('Ctrl Pts',(-45.6142823110692,-7.99993915442886,90.4511722024197));
#6930=CARTESIAN_POINT('Ctrl Pts',(-45.6142763861254,-7.99994455123363,90.451177437219));
#6931=CARTESIAN_POINT('Ctrl Pts',(-45.6142653550378,-7.99995459663584,90.4511871838276));
#6932=CARTESIAN_POINT('Ctrl Pts',(-45.6142602485856,-7.999959244436,90.4511916961092));
#6933=CARTESIAN_POINT('Ctrl Pts',(-45.6142505258704,-7.99996809797673,90.4512002867592));
#6934=CARTESIAN_POINT('Ctrl Pts',(-45.6142459089474,-7.99997230201381,90.451204366136));
#6935=CARTESIAN_POINT('Ctrl Pts',(-45.6142366346133,-7.99998074691669,90.451212560667));
#6936=CARTESIAN_POINT('Ctrl Pts',(-45.6142319767661,-7.9999849866571,90.4512166764872));
#6937=CARTESIAN_POINT('Ctrl Pts',(-45.6142194888756,-7.99999635157638,90.451227711545));
#6938=CARTESIAN_POINT('Ctrl Pts',(-45.6142201407505,-8.00000000482972,90.4512263523902));
#6939=CARTESIAN_POINT('Ctrl Pts',(-45.614208515347,-7.99999999899558,90.4512385774734));
#6940=CARTESIAN_POINT('Ctrl Pts',(-45.6141801703892,-7.99999999814578,90.451268382072));
#6941=CARTESIAN_POINT('Ctrl Pts',(-45.6139475801132,-8.00000000892259,90.4515129462625));
#6942=CARTESIAN_POINT('Ctrl Pts',(-45.6116224907037,-7.99999999998986,90.4539578433142));
#6943=CARTESIAN_POINT('Ctrl Pts',(-45.4391823945005,-8.00000000018543,90.6352275293894));
#6944=CARTESIAN_POINT('Ctrl Pts',(-45.2688540176694,-8.,90.8121383078397));
#6945=CARTESIAN_POINT('Ctrl Pts',(-45.0943366991417,-8.,90.991235468555));
#6946=CARTESIAN_POINT('Ctrl Pts',(-45.0912047671612,-8.,90.9944488862457));
#6947=CARTESIAN_POINT('Ctrl Pts',(-45.088072482665,-8.,90.9976619604066));
#6948=CARTESIAN_POINT('',(-51.8249664392261,-8.,82.7660697375909));
#6949=CARTESIAN_POINT('Ctrl Pts',(-45.088072482665,-8.,90.9976619604066));
#6950=CARTESIAN_POINT('Ctrl Pts',(-45.6454246544165,-8.,90.4259342441899));
#6951=CARTESIAN_POINT('Ctrl Pts',(-46.1831685830746,-8.,89.8519366491312));
#6952=CARTESIAN_POINT('Ctrl Pts',(-48.4614196088399,-8.,87.3279495462589));
#6953=CARTESIAN_POINT('Ctrl Pts',(-50.2153859826457,-8.,85.123493886931));
#6954=CARTESIAN_POINT('Ctrl Pts',(-51.8249664392261,-8.,82.7660697375909));
#6955=CARTESIAN_POINT('',(-53.2707638571216,-6.00000001662846,80.9674219947754));
#6956=CARTESIAN_POINT('Ctrl Pts',(-51.8249664392261,-8.,82.7660697375909));
#6957=CARTESIAN_POINT('Ctrl Pts',(-51.9738657227887,-8.00000000044499,82.5479888298509));
#6958=CARTESIAN_POINT('Ctrl Pts',(-52.124989658459,-7.96494383617419,82.3315271607461));
#6959=CARTESIAN_POINT('Ctrl Pts',(-52.4477371650043,-7.80667385851824,81.881634746382));
#6960=CARTESIAN_POINT('Ctrl Pts',(-52.6178315468701,-7.66802215132886,81.6527314408555));
#6961=CARTESIAN_POINT('Ctrl Pts',(-52.8912404696967,-7.31804549100788,81.3057037180461));
#6962=CARTESIAN_POINT('Ctrl Pts',(-52.9991458907195,-7.12800258940239,81.1773168057276));
#6963=CARTESIAN_POINT('Ctrl Pts',(-53.1377565105856,-6.76989626953937,81.0321852240337));
#6964=CARTESIAN_POINT('Ctrl Pts',(-53.1812391466623,-6.62197826365179,80.9928357878528));
#6965=CARTESIAN_POINT('Ctrl Pts',(-53.2445486828916,-6.31398855515333,80.9517724546448));
#6966=CARTESIAN_POINT('Ctrl Pts',(-53.2638775245983,-6.15703314899867,80.9502611370377));
#6967=CARTESIAN_POINT('Ctrl Pts',(-53.27076385858,-6.,80.9674219984099));
#6968=CARTESIAN_POINT('',(-53.4011356215521,0.,81.295245631569));
#6969=CARTESIAN_POINT('Ctrl Pts',(-53.2707638578408,-6.00000001685587,80.9674219965677));
#6970=CARTESIAN_POINT('Ctrl Pts',(-53.2985140715148,-5.36719547419583,81.0365760008788));
#6971=CARTESIAN_POINT('Ctrl Pts',(-53.3217793767156,-4.73300542130633,81.0949369289758));
#6972=CARTESIAN_POINT('Ctrl Pts',(-53.381066116812,-2.7341134791917,81.2441065191284));
#6973=CARTESIAN_POINT('Ctrl Pts',(-53.4011356215521,-1.367844272739,81.2952456315691));
#6974=CARTESIAN_POINT('Ctrl Pts',(-53.4011356215521,-6.38378239159465E-15,
81.2952456315691));
#6975=CARTESIAN_POINT('Ctrl Pts',(-53.4011356215521,9.71445146547012E-16,
81.2952456315691));
#6976=CARTESIAN_POINT('Ctrl Pts',(-53.4011356215521,0.555286785662993,81.2952456315691));
#6977=CARTESIAN_POINT('Ctrl Pts',(-53.336608736567,1.10112087696845,81.3834863255227));
#6978=CARTESIAN_POINT('Ctrl Pts',(-53.0806074420629,2.17040913224618,81.731989966142));
#6979=CARTESIAN_POINT('Ctrl Pts',(-52.8839583221744,2.67260964692253,81.9991482734339));
#6980=CARTESIAN_POINT('Ctrl Pts',(-52.3534869717303,3.61753162298091,82.7144182247619));
#6981=CARTESIAN_POINT('Ctrl Pts',(-52.0075471268415,4.02688912959931,83.1779959575816));
#6982=CARTESIAN_POINT('Ctrl Pts',(-51.1733009410055,4.69567535884466,84.283702181685));
#6983=CARTESIAN_POINT('Ctrl Pts',(-50.6731087171737,4.90915546962143,84.9392790584857));
#6984=CARTESIAN_POINT('Ctrl Pts',(-50.0430025460471,4.99220607464032,85.7533120457175));
#6985=CARTESIAN_POINT('Ctrl Pts',(-49.9237882520562,4.99999999999882,85.9068400040269));
#6986=CARTESIAN_POINT('Ctrl Pts',(-49.8042965137805,5.,86.0602303490444));
#6987=CARTESIAN_POINT('Origin',(0.,-64.3739755756,29.8442132837907));
#6988=CARTESIAN_POINT('',(0.,-59.6187514629586,31.3894781926504));
#6989=CARTESIAN_POINT('',(10.1699061442219,-59.3739755756,29.8442132837907));
#6990=CARTESIAN_POINT('',(0.,-59.3739755756,29.8442132837907));
#6991=CARTESIAN_POINT('',(10.1699061442219,-59.6187514629586,31.3894781926504));
#6992=CARTESIAN_POINT('Origin',(10.1699061442219,-64.3739755756,29.8442132837907));
#6993=CARTESIAN_POINT('',(0.,-59.6187514629586,31.3894781926504));
#6994=CARTESIAN_POINT('Ctrl Pts',(10.1699061442219,-59.6187514629586,31.3894781926504));
#6995=CARTESIAN_POINT('Ctrl Pts',(11.0207008372066,-59.6014322462132,31.3361819865387));
#6996=CARTESIAN_POINT('Ctrl Pts',(11.8417186329798,-59.6136398850545,31.6763879519408));
#6997=CARTESIAN_POINT('Ctrl Pts',(12.4842440623147,-59.6445581377123,32.2848935179816));
#6998=CARTESIAN_POINT('Ctrl Pts',(10.1699061442219,-59.4569122093615,30.8914523094092));
#6999=CARTESIAN_POINT('Ctrl Pts',(11.129542898064,-59.4509680681264,30.8541029570146));
#7000=CARTESIAN_POINT('Ctrl Pts',(12.0649413559013,-59.4551703639197,31.2243054016314));
#7001=CARTESIAN_POINT('Ctrl Pts',(12.8021146261169,-59.4658146480382,31.8720886598636));
#7002=CARTESIAN_POINT('Ctrl Pts',(10.1699061442219,-59.3739755756,30.3678751254241));
#7003=CARTESIAN_POINT('Ctrl Pts',(11.2439766986221,-59.3739959813282,30.3491918406582));
#7004=CARTESIAN_POINT('Ctrl Pts',(12.2986927470047,-59.3740158848184,30.7492902083723));
#7005=CARTESIAN_POINT('Ctrl Pts',(13.1381049397434,-59.3739755756,31.4357524603533));
#7006=CARTESIAN_POINT('Ctrl Pts',(10.1699061442219,-59.3739755756,29.8442132837906));
#7007=CARTESIAN_POINT('Ctrl Pts',(11.3584316304941,-59.3739755756,29.8442132837906));
#7008=CARTESIAN_POINT('Ctrl Pts',(12.5324700332154,-59.3739755756,30.2742026453082));
#7009=CARTESIAN_POINT('Ctrl Pts',(13.4741617247246,-59.3739755756,30.9993299373477));
#7010=CARTESIAN_POINT('',(13.4741617247246,-59.3739755756,30.9993299373477));
#7011=CARTESIAN_POINT('',(12.4842440623148,-59.6445581377123,32.2848935179816));
#7012=CARTESIAN_POINT('Origin',(13.4741617247246,-64.3739755756,30.9993299373477));
#7013=CARTESIAN_POINT('Ctrl Pts',(12.4842440623147,-59.6445581377123,32.2848935179816));
#7014=CARTESIAN_POINT('Ctrl Pts',(11.8417186329798,-59.6136398850545,31.6763879519408));
#7015=CARTESIAN_POINT('Ctrl Pts',(11.0207008372066,-59.6014322462132,31.3361819865387));
#7016=CARTESIAN_POINT('Ctrl Pts',(10.1699061442219,-59.6187514629586,31.3894781926504));
#7017=CARTESIAN_POINT('Ctrl Pts',(10.1699061442219,-59.3739755756,29.8442132837906));
#7018=CARTESIAN_POINT('Ctrl Pts',(11.3584316304941,-59.3739755756,29.8442132837906));
#7019=CARTESIAN_POINT('Ctrl Pts',(12.5324700332154,-59.3739755756,30.2742026453082));
#7020=CARTESIAN_POINT('Ctrl Pts',(13.4741617247246,-59.3739755756,30.9993299373477));
#7021=CARTESIAN_POINT('Ctrl Pts',(12.4842440623148,-59.6445581377123,32.2848935179816));
#7022=CARTESIAN_POINT('Ctrl Pts',(14.2182697648935,-59.6440516349716,33.618275415994));
#7023=CARTESIAN_POINT('Ctrl Pts',(17.7584902554458,-59.6428017865948,37.3880214336053));
#7024=CARTESIAN_POINT('Ctrl Pts',(19.6622369626287,-59.6419796240498,42.2502135049244));
#7025=CARTESIAN_POINT('Ctrl Pts',(20.1082891223199,-59.6417891663169,45.1300014610369));
#7026=CARTESIAN_POINT('Ctrl Pts',(12.8021146261169,-59.4658146480383,31.8720886598636));
#7027=CARTESIAN_POINT('Ctrl Pts',(14.5803486272115,-59.4656402734014,33.240062601334));
#7028=CARTESIAN_POINT('Ctrl Pts',(18.2109213581095,-59.4652084472926,37.1076450604096));
#7029=CARTESIAN_POINT('Ctrl Pts',(20.1633509231092,-59.4649235297952,42.096126781825));
#7030=CARTESIAN_POINT('Ctrl Pts',(20.6208075656859,-59.464857982278,45.0507176947884));
#7031=CARTESIAN_POINT('Ctrl Pts',(13.1381049397434,-59.3739755756,31.4357524603534));
#7032=CARTESIAN_POINT('Ctrl Pts',(14.9630352328408,-59.3739762359455,32.8403398315872));
#7033=CARTESIAN_POINT('Ctrl Pts',(18.6889837527312,-59.3739762569866,36.8114191588316));
#7034=CARTESIAN_POINT('Ctrl Pts',(20.6927431131859,-59.3739753298609,41.9333415573122));
#7035=CARTESIAN_POINT('Ctrl Pts',(21.1622265858793,-59.3739755756,44.9669631692778));
#7036=CARTESIAN_POINT('Ctrl Pts',(13.4741617247247,-59.3739755756,30.9993299373477));
#7037=CARTESIAN_POINT('Ctrl Pts',(15.3457985749359,-59.3739755756,32.4405393831908));
#7038=CARTESIAN_POINT('Ctrl Pts',(19.1671408311585,-59.3739755756,36.5151361488355));
#7039=CARTESIAN_POINT('Ctrl Pts',(21.2222377302797,-59.3739755756,41.770522584735));
#7040=CARTESIAN_POINT('Ctrl Pts',(21.7037505232719,-59.3739755756,44.8831924136573));
#7041=CARTESIAN_POINT('',(21.7037505234156,-59.3739755756,44.8831924136351));
#7042=CARTESIAN_POINT('',(19.9289584598829,-59.6418655000509,44.1384554281374));
#7043=CARTESIAN_POINT('Ctrl Pts',(21.7037505232077,-59.3739755756,44.8831924132426));
#7044=CARTESIAN_POINT('Ctrl Pts',(21.5542502317586,-59.3739755756,44.8250237941409));
#7045=CARTESIAN_POINT('Ctrl Pts',(21.4051821343479,-59.3798068932563,44.765888127975));
#7046=CARTESIAN_POINT('Ctrl Pts',(21.2568579945607,-59.3911576680421,44.7059345376232));
#7047=CARTESIAN_POINT('Ctrl Pts',(21.1085338547735,-59.4025084428278,44.6459809472715));
#7048=CARTESIAN_POINT('Ctrl Pts',(20.9609531022196,-59.4193788551789,44.5852095153996));
#7049=CARTESIAN_POINT('Ctrl Pts',(20.8143962419473,-59.441503926703,44.5237477046861));
#7050=CARTESIAN_POINT('Ctrl Pts',(20.6641358403898,-59.4641881062462,44.4607327332879));
#7051=CARTESIAN_POINT('Ctrl Pts',(20.5149844956962,-59.4923912190019,44.3970025662804));
#7052=CARTESIAN_POINT('Ctrl Pts',(20.3672542289893,-59.5258618825579,44.332748157463));
#7053=CARTESIAN_POINT('Ctrl Pts',(20.2195239622824,-59.5593325461138,44.2684937486456));
#7054=CARTESIAN_POINT('Ctrl Pts',(20.0732143119321,-59.5980709076694,44.2037151525924));
#7055=CARTESIAN_POINT('Ctrl Pts',(19.9286199012494,-59.6418659503663,44.1385687326269));
#7056=CARTESIAN_POINT('Ctrl Pts',(19.9286112841444,-59.6418659540454,44.1385272456296));
#7057=CARTESIAN_POINT('Ctrl Pts',(19.4043299459186,-59.6420897943702,41.6143916190866));
#7058=CARTESIAN_POINT('Ctrl Pts',(17.5252897719512,-59.642884116282,37.1397017042821));
#7059=CARTESIAN_POINT('Ctrl Pts',(14.2182697648935,-59.6440516349716,33.618275415994));
#7060=CARTESIAN_POINT('Ctrl Pts',(12.4842440623148,-59.6445581377123,32.2848935179816));
#7061=CARTESIAN_POINT('Ctrl Pts',(13.4741617247247,-59.3739755756,30.9993299373477));
#7062=CARTESIAN_POINT('Ctrl Pts',(15.3457985749359,-59.3739755756,32.4405393831908));
#7063=CARTESIAN_POINT('Ctrl Pts',(19.1671408311585,-59.3739755756,36.5151361488355));
#7064=CARTESIAN_POINT('Ctrl Pts',(21.2222377302797,-59.3739755756,41.770522584735));
#7065=CARTESIAN_POINT('Ctrl Pts',(21.7037505232719,-59.3739755756,44.8831924136573));
#7066=CARTESIAN_POINT('Ctrl Pts',(6.02974326680793,-39.4759405502473,-1.77635683940025E-14));
#7067=CARTESIAN_POINT('Ctrl Pts',(41.9028272070076,-33.9965147700628,-1.77635683940025E-14));
#7068=CARTESIAN_POINT('Ctrl Pts',(39.8711582241077,2.23571645304972,-1.77635683940025E-14));
#7069=CARTESIAN_POINT('Ctrl Pts',(37.8394892412078,38.4679476761622,-1.77635683940025E-14));
#7070=CARTESIAN_POINT('Ctrl Pts',(1.57871005200651,39.9025733601476,-1.77635683940025E-14));
#7071=CARTESIAN_POINT('Ctrl Pts',(9.88591496784298,-64.7217923362707,20.5379125413657));
#7072=CARTESIAN_POINT('Ctrl Pts',(68.7007337378715,-55.738136658309,20.5379125413657));
#7073=CARTESIAN_POINT('Ctrl Pts',(65.3697616020736,3.66551306897642,20.5379125413657));
#7074=CARTESIAN_POINT('Ctrl Pts',(62.0387894662756,63.0691627962618,20.5379125413657));
#7075=CARTESIAN_POINT('Ctrl Pts',(2.58833463423353,65.4212675037101,20.5379125413657));
#7076=CARTESIAN_POINT('Ctrl Pts',(9.48414056246208,-62.0914278514784,53.2020932926234));
#7077=CARTESIAN_POINT('Ctrl Pts',(65.9086607191829,-53.4728777737469,53.2020932926234));
#7078=CARTESIAN_POINT('Ctrl Pts',(62.7130629370541,3.51654260559551,53.2020932926234));
#7079=CARTESIAN_POINT('Ctrl Pts',(59.5174651549254,60.5059629849379,53.2020932926234));
#7080=CARTESIAN_POINT('Ctrl Pts',(2.48314188151629,62.76247558247,53.2020932926234));
#7081=CARTESIAN_POINT('Ctrl Pts',(9.08236615708118,-59.461063366686,85.8662740438812));
#7082=CARTESIAN_POINT('Ctrl Pts',(63.1165877004942,-51.2076188891848,85.8662740438812));
#7083=CARTESIAN_POINT('Ctrl Pts',(60.0563642720347,3.36757214221459,85.8662740438812));
#7084=CARTESIAN_POINT('Ctrl Pts',(56.9961408435751,57.942763173614,85.8662740438812));
#7085=CARTESIAN_POINT('Ctrl Pts',(2.37794912879905,60.1036836612298,85.8662740438812));
#7086=CARTESIAN_POINT('Ctrl Pts',(4.77512769044946,-31.2621364603826,102.000001519918));
#7087=CARTESIAN_POINT('Ctrl Pts',(33.1840580353975,-26.922821067843,102.000001519918));
#7088=CARTESIAN_POINT('Ctrl Pts',(31.5751207409232,1.77052837418778,102.000001519918));
#7089=CARTESIAN_POINT('Ctrl Pts',(29.9661834464488,30.4638778162186,102.000001519918));
#7090=CARTESIAN_POINT('Ctrl Pts',(1.2502260462771,31.599999293685,102.000001519918));
#7091=CARTESIAN_POINT('',(20.7840158565421,-59.3739755756,44.5109348594242));
#7092=CARTESIAN_POINT('Ctrl Pts',(19.9289584641436,-59.641865497873,44.138455417223));
#7093=CARTESIAN_POINT('Ctrl Pts',(20.2129402050995,-59.5558216131762,44.2664833709563));
#7094=CARTESIAN_POINT('Ctrl Pts',(20.4979958875022,-59.4665169920659,44.3906421784511));
#7095=CARTESIAN_POINT('Ctrl Pts',(20.7840158565421,-59.3739755756001,44.5109348594242));
#7096=CARTESIAN_POINT('',(29.2219720874901,-55.8160846087095,46.9208883371868));
#7097=CARTESIAN_POINT('Ctrl Pts',(20.7840158565421,-59.3739755756001,44.5109348594242));
#7098=CARTESIAN_POINT('Ctrl Pts',(23.5880559995784,-58.4667317648454,45.6902424004135));
#7099=CARTESIAN_POINT('Ctrl Pts',(26.4307920654413,-57.2671201857439,46.4753512245864));
#7100=CARTESIAN_POINT('Ctrl Pts',(29.2219720874901,-55.8160846087095,46.9208883371869));
#7101=CARTESIAN_POINT('',(31.41976181976,-54.3739755818127,43.0113854843275));
#7102=CARTESIAN_POINT('Ctrl Pts',(29.2219720874901,-55.8160846087095,46.9208883371868));
#7103=CARTESIAN_POINT('Ctrl Pts',(29.4712707659836,-55.6793408355379,46.6505264547078));
#7104=CARTESIAN_POINT('Ctrl Pts',(29.7050781794587,-55.5461392540776,46.3632859935428));
#7105=CARTESIAN_POINT('Ctrl Pts',(30.5799170954802,-55.026427595636,45.1492245035769));
#7106=CARTESIAN_POINT('Ctrl Pts',(31.0808127853363,-54.676736574287,44.1143108383081));
#7107=CARTESIAN_POINT('Ctrl Pts',(31.4197618336706,-54.3739755756,43.011385439063));
#7108=CARTESIAN_POINT('',(31.4665259450159,-53.,35.1986818225915));
#7109=CARTESIAN_POINT('Ctrl Pts',(31.419761820208,-54.3739755876253,43.0113854828696));
#7110=CARTESIAN_POINT('Ctrl Pts',(31.7239335295728,-54.1022789115629,42.0216240375969));
#7111=CARTESIAN_POINT('Ctrl Pts',(31.9159598387097,-53.8594795396685,40.9931142657422));
#7112=CARTESIAN_POINT('Ctrl Pts',(32.0413578742786,-53.4954376314052,39.1445701291453));
#7113=CARTESIAN_POINT('Ctrl Pts',(32.0247678193116,-53.359874083718,38.3368106350315));
#7114=CARTESIAN_POINT('Ctrl Pts',(31.848049178208,-53.1411236842027,36.7442565387272));
#7115=CARTESIAN_POINT('Ctrl Pts',(31.6916084373576,-53.0574204136231,35.963582110009));
#7116=CARTESIAN_POINT('Ctrl Pts',(31.4665259450159,-53.,35.1986818225915));
#7117=CARTESIAN_POINT('',(29.1630096858533,-53.,30.7030319486909));
#7118=CARTESIAN_POINT('Ctrl Pts',(31.4665259450159,-53.,35.1986818225915));
#7119=CARTESIAN_POINT('Ctrl Pts',(31.4161778686926,-53.,35.0790063406832));
#7120=CARTESIAN_POINT('Ctrl Pts',(31.3651076918968,-53.,34.9595585652676));
#7121=CARTESIAN_POINT('Ctrl Pts',(30.6759276119902,-53.,33.3731937640085));
#7122=CARTESIAN_POINT('Ctrl Pts',(29.9277935445733,-53.,31.9540207591072));
#7123=CARTESIAN_POINT('Ctrl Pts',(29.1630096858534,-53.,30.7030319486909));
#7124=CARTESIAN_POINT('',(25.2610117325295,-53.7401580868865,27.295819693791));
#7125=CARTESIAN_POINT('Ctrl Pts',(29.1630096858533,-53.,30.7030319486909));
#7126=CARTESIAN_POINT('Ctrl Pts',(28.5840936699951,-53.0680552169809,29.9583859872403));
#7127=CARTESIAN_POINT('Ctrl Pts',(27.9315523598701,-53.1730651024356,29.2793121923505));
#7128=CARTESIAN_POINT('Ctrl Pts',(26.6041600011904,-53.4313555035984,28.1558630402871));
#7129=CARTESIAN_POINT('Ctrl Pts',(25.9490602056898,-53.5750197286193,27.694949335562));
#7130=CARTESIAN_POINT('Ctrl Pts',(25.2610117325295,-53.7401580868865,27.295819693791));
#7131=CARTESIAN_POINT('',(13.7497312371713,-54.7080054991825,20.3740217176695));
#7132=CARTESIAN_POINT('Ctrl Pts',(25.2610117325295,-53.7401580868866,27.295819693791));
#7133=CARTESIAN_POINT('Ctrl Pts',(24.2424479311019,-53.7223590260692,26.0436371833299));
#7134=CARTESIAN_POINT('Ctrl Pts',(23.075012862499,-53.7524840437213,24.9216197546976));
#7135=CARTESIAN_POINT('Ctrl Pts',(20.4878198574015,-53.9080395015016,22.9813584721475));
#7136=CARTESIAN_POINT('Ctrl Pts',(19.0787141649168,-54.0332796371353,22.173875896243));
#7137=CARTESIAN_POINT('Ctrl Pts',(16.3500311856118,-54.3426382761089,21.0257137990175));
#7138=CARTESIAN_POINT('Ctrl Pts',(15.0629998873557,-54.5125046504763,20.6331849286082));
#7139=CARTESIAN_POINT('Ctrl Pts',(13.7497312371713,-54.7080054991824,20.3740217176693));
#7140=CARTESIAN_POINT('',(6.02974326685551,-39.4759405503321,1.46505585441048E-10));
#7141=CARTESIAN_POINT('Ctrl Pts',(6.0303393753749,-39.4754186872158,-0.000288790494537533));
#7142=CARTESIAN_POINT('Ctrl Pts',(6.71334060108759,-39.9879626791654,0.490183434123023));
#7143=CARTESIAN_POINT('Ctrl Pts',(8.15446368703353,-41.3085835580623,1.78591357527566));
#7144=CARTESIAN_POINT('Ctrl Pts',(10.5517399917993,-44.3581805556617,5.01488308002665));
#7145=CARTESIAN_POINT('Ctrl Pts',(12.9894177293416,-49.2824849958281,11.0349332476786));
#7146=CARTESIAN_POINT('Ctrl Pts',(13.7054270087219,-52.8517006430567,16.7773823597048));
#7147=CARTESIAN_POINT('Ctrl Pts',(13.7497312371713,-54.7080054991825,20.3740217176694));
#7148=CARTESIAN_POINT('',(11.2676035252383,38.3112098084661,0.));
#7149=CARTESIAN_POINT('Origin',(0.,0.,0.));
#7150=CARTESIAN_POINT('Ctrl Pts',(11.2676035252383,38.3112098084661,-1.80411241501588E-14));
#7151=CARTESIAN_POINT('Ctrl Pts',(15.5918002869462,39.5808686322663,1.96075246787262));
#7152=CARTESIAN_POINT('Ctrl Pts',(19.2495153601302,41.3629303206188,4.90805850159883));
#7153=CARTESIAN_POINT('Ctrl Pts',(22.2837374758494,43.1016130675122,8.40418778633855));
#7154=CARTESIAN_POINT('Ctrl Pts',(25.9085291431469,45.1787064682765,12.5807904923391));
#7155=CARTESIAN_POINT('Ctrl Pts',(28.6569617876587,47.1887645613591,17.5246407372537));
#7156=CARTESIAN_POINT('Ctrl Pts',(30.7236655867407,48.7292853648737,22.8905453314639));
#7157=CARTESIAN_POINT('Ctrl Pts',(33.0586748556243,50.4698010385334,28.9530671930828));
#7158=CARTESIAN_POINT('Ctrl Pts',(34.5169958906,51.6191633970307,35.5886639253955));
#7159=CARTESIAN_POINT('Ctrl Pts',(35.1743785792467,51.9483909219294,42.3130020103545));
#7160=CARTESIAN_POINT('Ctrl Pts',(35.92492093684,52.324274265056,49.9902661773346));
#7161=CARTESIAN_POINT('Ctrl Pts',(35.6411740970743,51.6325768710253,57.859748459896));
#7162=CARTESIAN_POINT('Ctrl Pts',(34.3028341372184,49.964276475721,65.2743949534215));
#7163=CARTESIAN_POINT('Ctrl Pts',(33.1884358981699,48.5751294140647,71.4483636335777));
#7164=CARTESIAN_POINT('Ctrl Pts',(31.3400229945784,46.5049115158509,77.3470480557841));
#7165=CARTESIAN_POINT('Ctrl Pts',(28.6375760953712,44.0543803891429,82.6092575366001));
#7166=CARTESIAN_POINT('Ctrl Pts',(26.4562347464103,42.0763785733915,86.8567693492337));
#7167=CARTESIAN_POINT('Ctrl Pts',(23.7184262456662,39.8469325774708,90.6957745129739));
#7168=CARTESIAN_POINT('Ctrl Pts',(20.2853887392698,37.7312328572082,93.8762455244336));
#7169=CARTESIAN_POINT('Ctrl Pts',(17.8960298234148,36.2587275378044,96.0898207486165));
#7170=CARTESIAN_POINT('Ctrl Pts',(15.1671876982471,34.8492876790108,97.9772630406306));
#7171=CARTESIAN_POINT('Ctrl Pts',(12.0952656084778,33.7427623008831,99.3839955107469));
#7172=CARTESIAN_POINT('Ctrl Pts',(9.32928654956494,32.7464394988661,100.650626772911));
#7173=CARTESIAN_POINT('Ctrl Pts',(6.30725855132867,32.0173264445947,101.508666549068));
#7174=CARTESIAN_POINT('Ctrl Pts',(3.16447399527788,31.7244013357171,101.853769319125));
#7175=CARTESIAN_POINT('Ctrl Pts',(2.53200523385499,31.6654517076095,101.923219425439));
#7176=CARTESIAN_POINT('Ctrl Pts',(1.89380676468531,31.6236778216803,101.972227990039));
#7177=CARTESIAN_POINT('Ctrl Pts',(1.25039597815479,31.5999992936849,101.999997720122));
#7178=CARTESIAN_POINT('',(34.1742454874197,-40.1707583737031,82.3145676808813));
#7179=CARTESIAN_POINT('Ctrl Pts',(34.1742454874197,-40.1707583737031,82.3145676808813));
#7180=CARTESIAN_POINT('Ctrl Pts',(32.3086747847526,-39.0591055682539,85.4192819890897));
#7181=CARTESIAN_POINT('Ctrl Pts',(28.1407541959717,-36.4580722144945,91.2294649822811));
#7182=CARTESIAN_POINT('Ctrl Pts',(21.6436533158986,-32.7676995096261,97.1450542869137));
#7183=CARTESIAN_POINT('Ctrl Pts',(16.1437665055708,-30.3371548710789,100.423003353175));
#7184=CARTESIAN_POINT('Ctrl Pts',(13.4847208697312,-29.3997620518103,101.597574918862));
#7185=CARTESIAN_POINT('Ctrl Pts',(12.448308676746,-29.073044745538,101.997997628983));
#7186=CARTESIAN_POINT('',(34.8288531243597,-40.0281997340873,81.8279782338606));
#7187=CARTESIAN_POINT('Ctrl Pts',(34.1742454874198,-40.1707583737031,82.3145676808813));
#7188=CARTESIAN_POINT('Ctrl Pts',(34.3988722148466,-40.1078457299801,82.1671021719851));
#7189=CARTESIAN_POINT('Ctrl Pts',(34.6176451674406,-40.059790957425,82.0049798653253));
#7190=CARTESIAN_POINT('Ctrl Pts',(34.8288531243597,-40.0281997340873,81.8279782338606));
#7191=CARTESIAN_POINT('',(46.7956919719437,-41.2028196581933,57.2313753696335));
#7192=CARTESIAN_POINT('Ctrl Pts',(34.8288531243597,-40.0281997340873,81.8279782338606));
#7193=CARTESIAN_POINT('Ctrl Pts',(36.6812184150069,-39.7511340096073,80.2756139986501));
#7194=CARTESIAN_POINT('Ctrl Pts',(38.3653092291809,-39.5681432814156,78.5231968981038));
#7195=CARTESIAN_POINT('Ctrl Pts',(41.5236084689992,-39.3944251661698,74.424015873641));
#7196=CARTESIAN_POINT('Ctrl Pts',(42.9232405570371,-39.4326681498864,72.0555886230723));
#7197=CARTESIAN_POINT('Ctrl Pts',(45.7290858968694,-39.8547343509505,65.62297774252));
#7198=CARTESIAN_POINT('Ctrl Pts',(46.6594606200422,-40.4145521564103,61.4432298840805));
#7199=CARTESIAN_POINT('Ctrl Pts',(46.7956919719437,-41.2028196581933,57.2313753696335));
#7200=CARTESIAN_POINT('',(45.1625521850176,-43.7294200805234,52.5066285257877));
#7201=CARTESIAN_POINT('Ctrl Pts',(46.7956919719437,-41.2028196581933,57.2313753696335));
#7202=CARTESIAN_POINT('Ctrl Pts',(46.8085387090964,-41.2771539818276,56.8341937582274));
#7203=CARTESIAN_POINT('Ctrl Pts',(46.7873166432388,-41.3825404823476,56.4441486754068));
#7204=CARTESIAN_POINT('Ctrl Pts',(46.6815416741248,-41.6527127454393,55.6635759559532));
#7205=CARTESIAN_POINT('Ctrl Pts',(46.5937129960657,-41.8196028823167,55.2773432654952));
#7206=CARTESIAN_POINT('Ctrl Pts',(46.2118232982564,-42.4408612384041,54.0600463793687));
#7207=CARTESIAN_POINT('Ctrl Pts',(45.7991593158999,-42.9837946271721,53.3104813972639));
#7208=CARTESIAN_POINT('Ctrl Pts',(45.2561539514316,-43.6210314673213,52.6200252331369));
#7209=CARTESIAN_POINT('Ctrl Pts',(45.2097894433184,-43.6749580571818,52.5629463286349));
#7210=CARTESIAN_POINT('Ctrl Pts',(45.1625521850176,-43.7294200805234,52.5066285257877));
#7211=CARTESIAN_POINT('',(45.8265344419028,-43.2478113358657,48.9068410197486));
#7212=CARTESIAN_POINT('Ctrl Pts',(45.8265344419028,-43.2478113358657,48.9068410197487));
#7213=CARTESIAN_POINT('Ctrl Pts',(45.6246926169291,-43.4412126936465,50.1055412510849));
#7214=CARTESIAN_POINT('Ctrl Pts',(45.4033992844111,-43.6016686561787,51.306307454946));
#7215=CARTESIAN_POINT('Ctrl Pts',(45.1625521850176,-43.7294200805234,52.5066285257877));
#7216=CARTESIAN_POINT('',(44.9792091623482,-44.1189314093398,49.3416377549736));
#7217=CARTESIAN_POINT('Ctrl Pts',(44.9792091623468,-44.1189314093386,49.341637754973));
#7218=CARTESIAN_POINT('Ctrl Pts',(45.2671462342648,-43.8290077247819,49.2062106928816));
#7219=CARTESIAN_POINT('Ctrl Pts',(45.549749343025,-43.5384591092927,49.0614583970977));
#7220=CARTESIAN_POINT('Ctrl Pts',(45.826534432182,-43.2478113468149,48.906840981765));
#7221=CARTESIAN_POINT('',(41.8907248417749,-47.0286782324603,50.2716738878499));
#7222=CARTESIAN_POINT('Ctrl Pts',(41.890724841777,-47.0286782324603,50.2716738878452));
#7223=CARTESIAN_POINT('Ctrl Pts',(42.559564399722,-46.4378275328362,50.1630963029502));
#7224=CARTESIAN_POINT('Ctrl Pts',(43.2053726935554,-45.8437459777746,50.0080295441183));
#7225=CARTESIAN_POINT('Ctrl Pts',(44.2189616184604,-44.8745282235673,49.6707641702312));
#7226=CARTESIAN_POINT('Ctrl Pts',(44.6053897100781,-44.4953300169885,49.5174583599273));
#7227=CARTESIAN_POINT('Ctrl Pts',(44.9792091623468,-44.1189314093386,49.341637754973));
#7228=CARTESIAN_POINT('',(41.1394816592074,-47.7,49.9630434410128));
#7229=CARTESIAN_POINT('Ctrl Pts',(41.8907248417744,-47.0286782324622,50.2716738878552));
#7230=CARTESIAN_POINT('Ctrl Pts',(41.6430510892289,-47.2540967376359,50.1656060073525));
#7231=CARTESIAN_POINT('Ctrl Pts',(41.3926215747911,-47.4778845033658,50.0626811147854));
#7232=CARTESIAN_POINT('Ctrl Pts',(41.1394816592075,-47.7,49.9630434410128));
#7233=CARTESIAN_POINT('',(38.5798664519417,-49.7725403841593,50.4555155568181));
#7234=CARTESIAN_POINT('Ctrl Pts',(41.1394816592075,-47.6999999999999,49.9630434410128));
#7235=CARTESIAN_POINT('Ctrl Pts',(40.6988104297689,-48.0866632757362,49.7895921064077));
#7236=CARTESIAN_POINT('Ctrl Pts',(40.2476439753233,-48.4660779312404,49.7297168756852));
#7237=CARTESIAN_POINT('Ctrl Pts',(39.5156658474105,-49.0602001017427,49.8253732468235));
#7238=CARTESIAN_POINT('Ctrl Pts',(39.2267764925722,-49.287419182768,49.9293964300082));
#7239=CARTESIAN_POINT('Ctrl Pts',(38.8359144448127,-49.5852837799933,50.1862391350391));
#7240=CARTESIAN_POINT('Ctrl Pts',(38.6983785580378,-49.6876060466131,50.3067196126142));
#7241=CARTESIAN_POINT('Ctrl Pts',(38.579866451957,-49.7725403841501,50.4555155568356));
#7242=CARTESIAN_POINT('',(38.2854058290637,-50.0000000045783,50.4424385448369));
#7243=CARTESIAN_POINT('Ctrl Pts',(38.579866451945,-49.7725403841618,50.4555155567813));
#7244=CARTESIAN_POINT('Ctrl Pts',(38.481922406515,-49.8486290476017,50.4518654444126));
#7245=CARTESIAN_POINT('Ctrl Pts',(38.3837662437312,-49.9244513371693,50.4475019465336));
#7246=CARTESIAN_POINT('Ctrl Pts',(38.2854058312725,-50.00000000746,50.4424385449506));
#7247=CARTESIAN_POINT('',(12.80914606743,-61.1206334709279,39.8257044940743));
#7248=CARTESIAN_POINT('Ctrl Pts',(12.809146067422,-61.1206334709279,39.825704494066));
#7249=CARTESIAN_POINT('Ctrl Pts',(13.1919231076342,-61.084580809922,40.1426152073822));
#7250=CARTESIAN_POINT('Ctrl Pts',(13.5826504592937,-61.0378095615577,40.4400219284814));
#7251=CARTESIAN_POINT('Ctrl Pts',(16.4661163405916,-60.6396058441717,42.5347094727795));
#7252=CARTESIAN_POINT('Ctrl Pts',(20.3421538330259,-59.7539726845243,44.7436669861703));
#7253=CARTESIAN_POINT('Ctrl Pts',(27.8988910619063,-56.6314355013413,48.0932210368695));
#7254=CARTESIAN_POINT('Ctrl Pts',(31.1104405236259,-54.9140970350211,49.2235173828813));
#7255=CARTESIAN_POINT('Ctrl Pts',(35.5701301212837,-52.0065646079917,50.1768488657766));
#7256=CARTESIAN_POINT('Ctrl Pts',(36.956524297397,-51.0206873992681,50.3740303235144));
#7257=CARTESIAN_POINT('Ctrl Pts',(38.2854058290637,-50.0000000091566,50.4424385448369));
#7258=CARTESIAN_POINT('',(13.1166670922893,-60.656356603159,37.343751471309));
#7259=CARTESIAN_POINT('Ctrl Pts',(12.809146067438,-61.1206334709269,39.8257044940828));
#7260=CARTESIAN_POINT('Ctrl Pts',(12.9130693659366,-61.0847511525154,39.7245107253592));
#7261=CARTESIAN_POINT('Ctrl Pts',(13.0059641913355,-61.0490538968594,39.6120307798442));
#7262=CARTESIAN_POINT('Ctrl Pts',(13.2320809848684,-60.9505196875143,39.267460338004));
#7263=CARTESIAN_POINT('Ctrl Pts',(13.3328991315451,-60.8906399686294,39.0168990275458));
#7264=CARTESIAN_POINT('Ctrl Pts',(13.4266632064909,-60.7890270387516,38.5043037509195));
#7265=CARTESIAN_POINT('Ctrl Pts',(13.4248981345996,-60.747293818811,38.2482358476471));
#7266=CARTESIAN_POINT('Ctrl Pts',(13.3280592212808,-60.6863724266655,37.7672072383153));
#7267=CARTESIAN_POINT('Ctrl Pts',(13.241009240472,-60.6662345363197,37.5455811047542));
#7268=CARTESIAN_POINT('Ctrl Pts',(13.1166670922893,-60.656356603159,37.343751471309));
#7269=CARTESIAN_POINT('',(11.6666951045557,-60.5599909796148,35.3690858721517));
#7270=CARTESIAN_POINT('Ctrl Pts',(13.1166670922893,-60.656356603159,37.343751471309));
#7271=CARTESIAN_POINT('Ctrl Pts',(12.7659974874989,-60.6284988657123,36.7745517363067));
#7272=CARTESIAN_POINT('Ctrl Pts',(12.3778836972607,-60.6018533145988,36.229225022363));
#7273=CARTESIAN_POINT('Ctrl Pts',(11.8604948087037,-60.5710165192521,35.5958506554375));
#7274=CARTESIAN_POINT('Ctrl Pts',(11.7644247692254,-60.5654655886534,35.4817388874649));
#7275=CARTESIAN_POINT('Ctrl Pts',(11.6666951045531,-60.5599909796168,35.3690858721539));
#7276=CARTESIAN_POINT('Ctrl Pts',(12.4842561775884,-59.6445549625998,32.284897315452));
#7277=CARTESIAN_POINT('Ctrl Pts',(12.2490594742288,-59.9738127530446,33.3151077976572));
#7278=CARTESIAN_POINT('Ctrl Pts',(11.9780544465979,-60.2790713854716,34.3449185491348));
#7279=CARTESIAN_POINT('Ctrl Pts',(11.6666951045559,-60.559990979617,35.3690858721572));
#7280=CARTESIAN_POINT('',(54.135618713349,0.,80.1076288240717));
#7281=CARTESIAN_POINT('',(53.9978487669485,-6.00000001987696,79.7827108264007));
#7282=CARTESIAN_POINT('Ctrl Pts',(54.1356187133489,0.,80.1076288240716));
#7283=CARTESIAN_POINT('Ctrl Pts',(54.1356187133489,-1.31033278172863,80.1076288240716));
#7284=CARTESIAN_POINT('Ctrl Pts',(54.1161369142957,-2.6192768881308,80.0611121837433));
#7285=CARTESIAN_POINT('Ctrl Pts',(54.0561351729295,-4.6186803318505,79.9194270347666));
#7286=CARTESIAN_POINT('Ctrl Pts',(54.0298015960397,-5.31015620365659,79.8574235548567));
#7287=CARTESIAN_POINT('Ctrl Pts',(53.9978487678566,-6.00000002014898,79.782710828524));
#7288=CARTESIAN_POINT('',(52.5929547439392,-8.,81.6135312082428));
#7289=CARTESIAN_POINT('Ctrl Pts',(53.9978487678566,-6.00000002014898,79.782710828524));
#7290=CARTESIAN_POINT('Ctrl Pts',(53.9878233496889,-6.21644320123614,79.7592692056901));
#7291=CARTESIAN_POINT('Ctrl Pts',(53.9550231059085,-6.43162826249111,79.7719507166805));
#7292=CARTESIAN_POINT('Ctrl Pts',(53.8454441989715,-6.84571909289329,79.8695867331433));
#7293=CARTESIAN_POINT('Ctrl Pts',(53.7699678673531,-7.03693682145189,79.9538716233315));
#7294=CARTESIAN_POINT('Ctrl Pts',(53.5753439196594,-7.39863817355559,80.194411172279));
#7295=CARTESIAN_POINT('Ctrl Pts',(53.453985278296,-7.55728975742115,80.3561874940226));
#7296=CARTESIAN_POINT('Ctrl Pts',(53.1643147759816,-7.8304529807733,80.7596549926491));
#7297=CARTESIAN_POINT('Ctrl Pts',(52.9929584405479,-7.92605541513865,81.0091258823113));
#7298=CARTESIAN_POINT('Ctrl Pts',(52.7450653586598,-7.9902796867959,81.3809796258677));
#7299=CARTESIAN_POINT('Ctrl Pts',(52.6687180427932,-8.00000000009165,81.4970017530445));
#7300=CARTESIAN_POINT('Ctrl Pts',(52.5929547439392,-8.,81.6135312082428));
#7301=CARTESIAN_POINT('',(36.1827534292456,-8.,98.5426661889666));
#7302=CARTESIAN_POINT('Ctrl Pts',(52.5929547439392,-8.,81.6135312082428));
#7303=CARTESIAN_POINT('Ctrl Pts',(50.2165086974527,-7.99999999999999,85.26867779298));
#7304=CARTESIAN_POINT('Ctrl Pts',(47.3238291751373,-8.,88.8353861880849));
#7305=CARTESIAN_POINT('Ctrl Pts',(44.0505757564068,-8.,92.0371073797458));
#7306=CARTESIAN_POINT('Ctrl Pts',(41.595635692359,-8.,94.4383982734914));
#7307=CARTESIAN_POINT('Ctrl Pts',(38.9266228115777,-7.99999999999999,96.6343838652997));
#7308=CARTESIAN_POINT('Ctrl Pts',(36.1827534292456,-8.,98.5426661889666));
#7309=CARTESIAN_POINT('',(34.6469458410616,-6.00000000000048,99.8393686966877));
#7310=CARTESIAN_POINT('Ctrl Pts',(36.1827534292456,-8.,98.5426661889666));
#7311=CARTESIAN_POINT('Ctrl Pts',(36.1345390201611,-8.,98.5761979252784));
#7312=CARTESIAN_POINT('Ctrl Pts',(36.0864871393098,-7.99741334940193,98.6099117432319));
#7313=CARTESIAN_POINT('Ctrl Pts',(36.0080577174713,-7.98892959767025,98.6654248462069));
#7314=CARTESIAN_POINT('Ctrl Pts',(35.9775190164538,-7.98454828388398,98.6871633587403));
#7315=CARTESIAN_POINT('Ctrl Pts',(35.9241049844762,-7.97498047930339,98.7254024840594));
#7316=CARTESIAN_POINT('Ctrl Pts',(35.9011608246661,-7.97024280431561,98.7418997944881));
#7317=CARTESIAN_POINT('Ctrl Pts',(35.853879071788,-7.95917311921774,98.7760452788933));
#7318=CARTESIAN_POINT('Ctrl Pts',(35.8295665175773,-7.95275240690598,98.7936861510945));
#7319=CARTESIAN_POINT('Ctrl Pts',(35.7678001754489,-7.93456563597122,98.8387167313272));
#7320=CARTESIAN_POINT('Ctrl Pts',(35.7306080534175,-7.92182259150089,98.8660358267129));
#7321=CARTESIAN_POINT('Ctrl Pts',(35.5945535349058,-7.86848840335874,98.9667391431666));
#7322=CARTESIAN_POINT('Ctrl Pts',(35.4992002857683,-7.81763993219666,99.0388520213152));
#7323=CARTESIAN_POINT('Ctrl Pts',(35.2274771075461,-7.63045139796564,99.2491719428053));
#7324=CARTESIAN_POINT('Ctrl Pts',(35.0701940566093,-7.46162048897273,99.3778102451017));
#7325=CARTESIAN_POINT('Ctrl Pts',(34.8460432144021,-7.09536203880392,99.5755111286486));
#7326=CARTESIAN_POINT('Ctrl Pts',(34.7689557050799,-6.91206709992996,99.6500615709884));
#7327=CARTESIAN_POINT('Ctrl Pts',(34.6578116839272,-6.48712026539816,99.7759647522423));
#7328=CARTESIAN_POINT('Ctrl Pts',(34.633914668827,-6.24447942999396,99.8203756910025));
#7329=CARTESIAN_POINT('Ctrl Pts',(34.6469458410616,-6.0000000000004,99.8393686966877));
#7330=CARTESIAN_POINT('',(34.8064697628708,0.,100.071875696004));
#7331=CARTESIAN_POINT('Ctrl Pts',(34.6469458410616,-6.00000000000047,99.8393686966877));
#7332=CARTESIAN_POINT('Ctrl Pts',(34.7557712265186,-3.95831351728246,99.9979822985545));
#7333=CARTESIAN_POINT('Ctrl Pts',(34.8064697628708,-1.94593347437413,100.071875696004));
#7334=CARTESIAN_POINT('Ctrl Pts',(34.8064697628708,0.,100.071875696004));
#7335=CARTESIAN_POINT('',(38.7784779817396,5.,97.023223239847));
#7336=CARTESIAN_POINT('Ctrl Pts',(34.8064697628708,3.46944695195361E-16,
100.071875696004));
#7337=CARTESIAN_POINT('Ctrl Pts',(34.8064697628708,0.369186582916318,100.071875696004));
#7338=CARTESIAN_POINT('Ctrl Pts',(34.8389915191011,0.737228608545248,100.047000783159));
#7339=CARTESIAN_POINT('Ctrl Pts',(34.9726763252103,1.4844525129484,99.9447213445027));
#7340=CARTESIAN_POINT('Ctrl Pts',(35.078306012525,1.85973968243924,99.8638980979404));
#7341=CARTESIAN_POINT('Ctrl Pts',(35.4101662609123,2.70423582276178,99.6098502711623));
#7342=CARTESIAN_POINT('Ctrl Pts',(35.6645208078588,3.15021872114352,99.415059376501));
#7343=CARTESIAN_POINT('Ctrl Pts',(36.2450268923517,3.88058797176545,98.9700727971336));
#7344=CARTESIAN_POINT('Ctrl Pts',(36.5576974976796,4.17310899145789,98.7302440636126));
#7345=CARTESIAN_POINT('Ctrl Pts',(37.1363098400732,4.56468934553692,98.2860277147709));
#7346=CARTESIAN_POINT('Ctrl Pts',(37.3860677430059,4.69451509443097,98.0941771502552));
#7347=CARTESIAN_POINT('Ctrl Pts',(37.7748187961867,4.84052032207183,97.7953773021889));
#7348=CARTESIAN_POINT('Ctrl Pts',(37.907286410999,4.88105881102446,97.6935309921458));
#7349=CARTESIAN_POINT('Ctrl Pts',(38.1221116921618,4.93222900469768,97.5283155932005));
#7350=CARTESIAN_POINT('Ctrl Pts',(38.2035480107939,4.94833678092278,97.4656743632304));
#7351=CARTESIAN_POINT('Ctrl Pts',(38.3580964318646,4.97272282243625,97.3467737973988));
#7352=CARTESIAN_POINT('Ctrl Pts',(38.431110129738,4.98166249387248,97.2905924841122));
#7353=CARTESIAN_POINT('Ctrl Pts',(38.5955452524083,4.99601364091227,97.1640460130695));
#7354=CARTESIAN_POINT('Ctrl Pts',(38.687001366534,5.,97.0936492665031));
#7355=CARTESIAN_POINT('Ctrl Pts',(38.7784779817396,5.,97.023223239847));
#7356=CARTESIAN_POINT('',(50.6471188360962,5.,84.952742799504));
#7357=CARTESIAN_POINT('Ctrl Pts',(38.7784779817396,5.,97.023223239847));
#7358=CARTESIAN_POINT('Ctrl Pts',(39.891999598067,5.,96.1659450944182));
#7359=CARTESIAN_POINT('Ctrl Pts',(40.9713457554966,5.,95.2739093954196));
#7360=CARTESIAN_POINT('Ctrl Pts',(43.4738686003731,5.,93.0614278876905));
#7361=CARTESIAN_POINT('Ctrl Pts',(44.8493708490699,5.,91.7186289197352));
#7362=CARTESIAN_POINT('Ctrl Pts',(47.3560602576991,5.,89.0499390925245));
#7363=CARTESIAN_POINT('Ctrl Pts',(48.604544954803,5.,87.6003293155069));
#7364=CARTESIAN_POINT('Ctrl Pts',(50.0880088652823,5.,85.6960340324788));
#7365=CARTESIAN_POINT('Ctrl Pts',(50.3691627773568,5.,85.326668410364));
#7366=CARTESIAN_POINT('Ctrl Pts',(50.6471188360975,5.,84.952742799505));
#7367=CARTESIAN_POINT('Ctrl Pts',(50.6471188361035,5.,84.9527427994969));
#7368=CARTESIAN_POINT('Ctrl Pts',(50.9630446416293,4.99999999999893,84.5277376733179));
#7369=CARTESIAN_POINT('Ctrl Pts',(51.2771122337721,4.9422072011055,84.1014090035219));
#7370=CARTESIAN_POINT('Ctrl Pts',(52.0654854493151,4.64002032876473,83.0223657453991));
#7371=CARTESIAN_POINT('Ctrl Pts',(52.5248962301692,4.3052890486602,82.3844113457016));
#7372=CARTESIAN_POINT('Ctrl Pts',(53.2501235643576,3.41918867791686,81.3675269139073));
#7373=CARTESIAN_POINT('Ctrl Pts',(53.5319294001162,2.92002490938087,80.9683185231351));
#7374=CARTESIAN_POINT('Ctrl Pts',(53.8695854626325,1.98179566428363,80.4879875973004));
#7375=CARTESIAN_POINT('Ctrl Pts',(53.9689009661665,1.60248257534309,80.3461278492449));
#7376=CARTESIAN_POINT('Ctrl Pts',(54.1018540789299,0.81192780137773,80.1560290072383));
#7377=CARTESIAN_POINT('Ctrl Pts',(54.1356187133489,0.407869588317856,80.1076288240715));
#7378=CARTESIAN_POINT('Ctrl Pts',(54.1356187133489,0.,80.1076288240715));
#7379=CARTESIAN_POINT('',(54.7629356699406,-6.84689801293949,78.2909997991976));
#7380=CARTESIAN_POINT('',(54.7629356699406,6.84689801293949,78.2909997991976));
#7381=CARTESIAN_POINT('Ctrl Pts',(54.7629356699407,-6.84689801293946,78.2909997991975));
#7382=CARTESIAN_POINT('Ctrl Pts',(55.3216862988018,-6.01100259871685,77.4825763111811));
#7383=CARTESIAN_POINT('Ctrl Pts',(55.8481154162032,-5.05582597792926,76.6702518771512));
#7384=CARTESIAN_POINT('Ctrl Pts',(56.5580870381024,-3.19123657595576,75.5292937978204));
#7385=CARTESIAN_POINT('Ctrl Pts',(56.805063974607,-2.28298440234179,75.1139163149111));
#7386=CARTESIAN_POINT('Ctrl Pts',(57.0037965853498,-0.648619684209448,74.7773110119571));
#7387=CARTESIAN_POINT('Ctrl Pts',(57.02420176026,0.00755992240445147,74.7421934103126));
#7388=CARTESIAN_POINT('Ctrl Pts',(56.9311588733611,1.48955186491588,74.9005187546252));
#7389=CARTESIAN_POINT('Ctrl Pts',(56.7890859644145,2.26167551058264,75.1424223825652));
#7390=CARTESIAN_POINT('Ctrl Pts',(56.1720856689179,4.454129485562,76.1599508656448));
#7391=CARTESIAN_POINT('Ctrl Pts',(55.4862684808189,5.76478633674812,77.2444520124705));
#7392=CARTESIAN_POINT('Ctrl Pts',(54.7629356699407,6.84689801293949,78.2909997991975));
#7393=CARTESIAN_POINT('',(56.000000834465,27.005621358006,38.0000005662441));
#7394=CARTESIAN_POINT('Ctrl Pts',(54.7629356699406,6.84689801293949,78.2909997991976));
#7395=CARTESIAN_POINT('Ctrl Pts',(56.9735628272394,10.034320079372,73.6474374225908));
#7396=CARTESIAN_POINT('Ctrl Pts',(59.4688505104711,13.8051165004795,66.5142424740534));
#7397=CARTESIAN_POINT('Ctrl Pts',(59.7401231376749,21.1940056743696,50.9670866162036));
#7398=CARTESIAN_POINT('Ctrl Pts',(58.5343755377338,24.1685633454726,44.2917121086052));
#7399=CARTESIAN_POINT('Ctrl Pts',(56.0000008344702,27.0056213579944,38.000000566242));
#7400=CARTESIAN_POINT('',(56.000000834465,-27.005621358006,38.0000005662441));
#7401=CARTESIAN_POINT('Ctrl Pts',(56.000000834465,27.0056213580061,38.0000005662441));
#7402=CARTESIAN_POINT('Ctrl Pts',(57.0748265182574,22.558214796974,32.2279124238238));
#7403=CARTESIAN_POINT('Ctrl Pts',(56.685695599565,18.2709929422564,26.8564610124136));
#7404=CARTESIAN_POINT('Ctrl Pts',(54.9286576326173,11.3906050294335,19.4909240640122));
#7405=CARTESIAN_POINT('Ctrl Pts',(54.0327891755723,8.95364178841584,17.2073118051189));
#7406=CARTESIAN_POINT('Ctrl Pts',(52.9412623590973,5.60877843890869,14.779900369538));
#7407=CARTESIAN_POINT('Ctrl Pts',(52.5341839734912,4.3030144433078,13.9714636984774));
#7408=CARTESIAN_POINT('Ctrl Pts',(52.1506132900536,2.34296712329481,13.24578146712));
#7409=CARTESIAN_POINT('Ctrl Pts',(52.0608652765303,1.74050975137283,13.0809531818582));
#7410=CARTESIAN_POINT('Ctrl Pts',(51.9771677474762,0.703413671573331,12.9279103569945));
#7411=CARTESIAN_POINT('Ctrl Pts',(51.9617709980595,0.288439199549545,12.9000392487727));
#7412=CARTESIAN_POINT('Ctrl Pts',(51.9700165982783,-0.570635424945813,12.9150285644502));
#7413=CARTESIAN_POINT('Ctrl Pts',(51.9954514900525,-1.00362664910479,12.9611354889915));
#7414=CARTESIAN_POINT('Ctrl Pts',(52.1149680730997,-2.16799061622225,13.1805096610513));
#7415=CARTESIAN_POINT('Ctrl Pts',(52.2430112003081,-2.8735025427501,13.4175277745451));
#7416=CARTESIAN_POINT('Ctrl Pts',(53.0284963357739,-6.32018036888855,14.9310099952436));
#7417=CARTESIAN_POINT('Ctrl Pts',(54.2903854066934,-9.38394148759957,17.5171643298274));
#7418=CARTESIAN_POINT('Ctrl Pts',(56.5447319639001,-17.2485288841931,25.5924692075092));
#7419=CARTESIAN_POINT('Ctrl Pts',(57.2093773271667,-22.0014713553544,31.5053402520103));
#7420=CARTESIAN_POINT('Ctrl Pts',(56.000000834465,-27.0056213580061,38.0000005662441));
#7421=CARTESIAN_POINT('Ctrl Pts',(56.0000008344702,-27.0056213579944,38.000000566242));
#7422=CARTESIAN_POINT('Ctrl Pts',(57.5876344146573,-25.2283748585648,41.9413800744272));
#7423=CARTESIAN_POINT('Ctrl Pts',(58.6576438458079,-23.3912707216826,46.0430058245992));
#7424=CARTESIAN_POINT('Ctrl Pts',(59.7394130455417,-19.6220117890766,54.273691055683));
#7425=CARTESIAN_POINT('Ctrl Pts',(59.7685688029272,-17.7082564620327,58.3694643607891));
#7426=CARTESIAN_POINT('Ctrl Pts',(58.5429743222437,-12.3821592373756,69.164379470204));
#7427=CARTESIAN_POINT('Ctrl Pts',(56.5309756272346,-9.39616985898848,74.577119871992));
#7428=CARTESIAN_POINT('Ctrl Pts',(54.7629356699406,-6.8468980129395,78.2909997991976));
#7429=CARTESIAN_POINT('Origin',(-15.5913269339537,-59.3739755756,33.4788192281179));
#7430=CARTESIAN_POINT('',(22.7521318899443,-59.3739755756,31.6208077788));
#7431=CARTESIAN_POINT('',(21.640792828941,-59.3739755756,23.8470496101088));
#7432=CARTESIAN_POINT('Origin',(25.2610117325295,-59.3739755756,27.295819693791));
#7433=CARTESIAN_POINT('',(23.8803589805504,-59.3739755756,45.6521331630279));
#7434=CARTESIAN_POINT('Origin',(18.4557067742454,-59.3739755756,39.0272953746287));
#7435=CARTESIAN_POINT('Origin',(35.0034441969433,-59.3739755756,10.7013928259136));
#7436=CARTESIAN_POINT('',(-21.0071817527273,-59.3739755756,44.8285567694495));
#7437=CARTESIAN_POINT('',(0.,-59.3739755756,44.8285567694495));
#7438=CARTESIAN_POINT('',(-23.3233657134345,-59.3739755756,45.6521331630279));
#7439=CARTESIAN_POINT('Origin',(-34.4464509298274,-59.3739755756,10.7013928259136));
#7440=CARTESIAN_POINT('',(-22.1951386228284,-59.3739755756,31.6208077788));
#7441=CARTESIAN_POINT('Origin',(-17.8987135071295,-59.3739755756,39.0272953746287));
#7442=CARTESIAN_POINT('',(-21.0837995618251,-59.3739755756,23.8470496101088));
#7443=CARTESIAN_POINT('Origin',(-24.7040184654136,-59.3739755756,27.295819693791));
#7444=CARTESIAN_POINT('',(0.278496633557959,-59.3739755756,22.5105118262312));
#7445=CARTESIAN_POINT('Origin',(-9.36439584484499,-59.3739755756,39.7735409511472));
#7446=CARTESIAN_POINT('Origin',(-34.4464509298274,-59.3739755756,10.7013928259136));
#7447=CARTESIAN_POINT('Origin',(35.0034441969433,-59.3739755756,10.7013928259136));
#7448=CARTESIAN_POINT('Origin',(9.9213891119609,-59.3739755756,39.7735409511472));
#7449=CARTESIAN_POINT('Origin',(-17.8987135071295,-54.3739755756,39.0272953746287));
#7450=CARTESIAN_POINT('',(-24.7040184654136,-54.3739755756,27.295819693791));
#7451=CARTESIAN_POINT('Origin',(-22.1951386228284,-54.3739755756,31.6208077788));
#7452=CARTESIAN_POINT('Ctrl Pts',(-23.3233657134345,-59.3739755756,45.6521331630279));
#7453=CARTESIAN_POINT('Ctrl Pts',(-23.9628265062185,-59.3739755756,45.8556417817889));
#7454=CARTESIAN_POINT('Ctrl Pts',(-24.5728948904304,-59.2792911331511,46.0303285045005));
#7455=CARTESIAN_POINT('Ctrl Pts',(-25.8496610936205,-58.8889217684142,46.3652543065935));
#7456=CARTESIAN_POINT('Ctrl Pts',(-26.5195342869075,-58.5398758737052,46.5174766321732));
#7457=CARTESIAN_POINT('Ctrl Pts',(-27.609833632975,-57.6402409801727,46.7403871827087));
#7458=CARTESIAN_POINT('Ctrl Pts',(-28.0397172221261,-57.127205614361,46.8169273036801));
#7459=CARTESIAN_POINT('Ctrl Pts',(-28.4169466783137,-56.4202325069131,46.8804832942312));
#7460=CARTESIAN_POINT('Ctrl Pts',(-28.4758181200292,-56.297580029014,46.8902273715708));
#7461=CARTESIAN_POINT('Ctrl Pts',(-28.5292118966207,-56.1728239527371,46.8989556867945));
#7462=CARTESIAN_POINT('Origin',(-17.8987135071295,-54.3739755756,39.0272953746287));
#7463=CARTESIAN_POINT('Ctrl Pts',(-24.7040184654136,-54.3739755756,27.295819693791));
#7464=CARTESIAN_POINT('Ctrl Pts',(-24.7040184654136,-54.3739755756,27.295819693791));
#7465=CARTESIAN_POINT('Ctrl Pts',(-24.7040184654136,-54.3739755756,27.295819693791));
#7466=CARTESIAN_POINT('Ctrl Pts',(-24.7040184654136,-54.3739755756,27.295819693791));
#7467=CARTESIAN_POINT('Ctrl Pts',(-24.7040184654136,-54.3739755756,27.295819693791));
#7468=CARTESIAN_POINT('Ctrl Pts',(-24.7040184654136,-59.3739755756,27.295819693791));
#7469=CARTESIAN_POINT('Ctrl Pts',(-24.7040184654136,-59.3739755756,27.295819693791));
#7470=CARTESIAN_POINT('Ctrl Pts',(-24.7040184654136,-59.3739755756,27.295819693791));
#7471=CARTESIAN_POINT('Ctrl Pts',(-24.7040184654136,-59.3739755756,27.295819693791));
#7472=CARTESIAN_POINT('Ctrl Pts',(-24.7040184654136,-59.3739755756,27.295819693791));
#7473=CARTESIAN_POINT('Ctrl Pts',(-21.5489202384662,-59.3739755756,23.4169854387198));
#7474=CARTESIAN_POINT('Ctrl Pts',(-19.5134140652409,-59.3739755756,25.0726947306771));
#7475=CARTESIAN_POINT('Ctrl Pts',(-19.7194585911683,-59.3739755756,27.6884554793021));
#7476=CARTESIAN_POINT('Ctrl Pts',(-19.9255031170957,-59.3739755756,30.3042162279272));
#7477=CARTESIAN_POINT('Ctrl Pts',(-22.1951386228284,-59.3739755756,31.6208077788));
#7478=CARTESIAN_POINT('Ctrl Pts',(-24.7040184654136,-54.3739755756,27.295819693791));
#7479=CARTESIAN_POINT('Ctrl Pts',(-24.7040184652981,-54.3861259245509,27.2958196938849));
#7480=CARTESIAN_POINT('Ctrl Pts',(-24.7039905177682,-54.3982762735031,27.2957853358127));
#7481=CARTESIAN_POINT('Ctrl Pts',(-24.7007190994555,-55.1093842897661,27.2917636372591));
#7482=CARTESIAN_POINT('Ctrl Pts',(-24.606198863902,-55.7993491119427,27.1732224288921));
#7483=CARTESIAN_POINT('Ctrl Pts',(-24.2470223480176,-57.0231512018606,26.7514192415868));
#7484=CARTESIAN_POINT('Ctrl Pts',(-23.9989981154034,-57.5530467079094,26.4677454724744));
#7485=CARTESIAN_POINT('Ctrl Pts',(-23.3582793145521,-58.4355183646884,25.795640992883));
#7486=CARTESIAN_POINT('Ctrl Pts',(-22.97342371974,-58.7812386701248,25.4159042286614));
#7487=CARTESIAN_POINT('Ctrl Pts',(-22.0891092444932,-59.2535043792997,24.6265292901954));
#7488=CARTESIAN_POINT('Ctrl Pts',(-21.5988686183369,-59.3739755756,24.2260597816606));
#7489=CARTESIAN_POINT('Ctrl Pts',(-21.0837995618251,-59.3739755756,23.8470496101088));
#7490=CARTESIAN_POINT('Origin',(-9.36439584484499,-53.,39.7735409511472));
#7491=CARTESIAN_POINT('',(-24.7040184654136,-53.,27.295819693791));
#7492=CARTESIAN_POINT('',(0.278496633557956,-53.,22.5105118262312));
#7493=CARTESIAN_POINT('',(0.278496633557959,-53.,22.5105118262312));
#7494=CARTESIAN_POINT('Origin',(-17.8987135071295,-53.,39.0272953746287));
#7495=CARTESIAN_POINT('Origin',(18.4557067742454,-54.3739755756,39.0272953746287));
#7496=CARTESIAN_POINT('Ctrl Pts',(29.2219720874901,-55.8160846087095,46.9208883371869));
#7497=CARTESIAN_POINT('Ctrl Pts',(29.1931787808216,-55.9021948536742,46.9162922571727));
#7498=CARTESIAN_POINT('Ctrl Pts',(29.161822730131,-55.9875595415712,46.9112521371261));
#7499=CARTESIAN_POINT('Ctrl Pts',(28.8998840691858,-56.6411023852653,46.8687428908686));
#7500=CARTESIAN_POINT('Ctrl Pts',(28.5639454369364,-57.1566381099647,46.8121907362017));
#7501=CARTESIAN_POINT('Ctrl Pts',(27.6840857779109,-58.0951767786341,46.6447777184876));
#7502=CARTESIAN_POINT('Ctrl Pts',(27.1312640856328,-58.4907358334733,46.5300049750364));
#7503=CARTESIAN_POINT('Ctrl Pts',(25.8470325092639,-59.1094743677589,46.2250253137714));
#7504=CARTESIAN_POINT('Ctrl Pts',(25.1153738144568,-59.2972939887419,46.0298630757268));
#7505=CARTESIAN_POINT('Ctrl Pts',(24.21482282162,-59.3673212144623,45.7572216201134));
#7506=CARTESIAN_POINT('Ctrl Pts',(24.0496533384751,-59.3739755756,45.7060111510673));
#7507=CARTESIAN_POINT('Ctrl Pts',(23.8803589805504,-59.3739755756,45.6521331630279));
#7508=CARTESIAN_POINT('',(25.2610117325295,-54.3739755756,27.295819693791));
#7509=CARTESIAN_POINT('Origin',(22.7521318899443,-54.3739755756,31.6208077788));
#7510=CARTESIAN_POINT('Origin',(18.4557067742454,-54.3739755756,39.0272953746287));
#7511=CARTESIAN_POINT('Ctrl Pts',(25.2610117325295,-54.3739755756,27.295819693791));
#7512=CARTESIAN_POINT('Ctrl Pts',(25.2610117325295,-54.3739755756,27.295819693791));
#7513=CARTESIAN_POINT('Ctrl Pts',(25.2610117325295,-54.3739755756,27.295819693791));
#7514=CARTESIAN_POINT('Ctrl Pts',(25.2610117325295,-54.3739755756,27.295819693791));
#7515=CARTESIAN_POINT('Ctrl Pts',(25.2610117325295,-54.3739755756,27.295819693791));
#7516=CARTESIAN_POINT('Ctrl Pts',(25.2610117325295,-59.3739755756,27.295819693791));
#7517=CARTESIAN_POINT('Ctrl Pts',(25.2610117325295,-59.3739755756,27.295819693791));
#7518=CARTESIAN_POINT('Ctrl Pts',(25.2610117325295,-59.3739755756,27.295819693791));
#7519=CARTESIAN_POINT('Ctrl Pts',(25.2610117325295,-59.3739755756,27.295819693791));
#7520=CARTESIAN_POINT('Ctrl Pts',(25.2610117325295,-59.3739755756,27.295819693791));
#7521=CARTESIAN_POINT('Ctrl Pts',(22.7521318899443,-59.3739755756,31.6208077788));
#7522=CARTESIAN_POINT('Ctrl Pts',(20.4824963840171,-59.3739755756,30.3042162278144));
#7523=CARTESIAN_POINT('Ctrl Pts',(20.2764518582565,-59.3739755756,27.6884554789506));
#7524=CARTESIAN_POINT('Ctrl Pts',(20.0704073324959,-59.3739755756,25.0726947300868));
#7525=CARTESIAN_POINT('Ctrl Pts',(22.1059135061292,-59.3739755756,23.4169854382747));
#7526=CARTESIAN_POINT('Ctrl Pts',(21.640792828941,-59.3739755756,23.8470496101088));
#7527=CARTESIAN_POINT('Ctrl Pts',(22.1558618854528,-59.3739755756,24.2260597816607));
#7528=CARTESIAN_POINT('Ctrl Pts',(22.6461025116091,-59.2535043792997,24.6265292901954));
#7529=CARTESIAN_POINT('Ctrl Pts',(23.5304169868559,-58.7812386701248,25.4159042286614));
#7530=CARTESIAN_POINT('Ctrl Pts',(23.915272581668,-58.4355183646884,25.795640992883));
#7531=CARTESIAN_POINT('Ctrl Pts',(24.5559913825193,-57.5530467079094,26.4677454724744));
#7532=CARTESIAN_POINT('Ctrl Pts',(24.8040156151335,-57.0231512018606,26.7514192415868));
#7533=CARTESIAN_POINT('Ctrl Pts',(25.163192131018,-55.7993491119427,27.1732224288921));
#7534=CARTESIAN_POINT('Ctrl Pts',(25.2577123665714,-55.1093842897661,27.2917636372591));
#7535=CARTESIAN_POINT('Ctrl Pts',(25.2609837848841,-54.3982762735031,27.2957853358127));
#7536=CARTESIAN_POINT('Ctrl Pts',(25.261011732414,-54.386125924551,27.2958196938849));
#7537=CARTESIAN_POINT('Ctrl Pts',(25.2610117325295,-54.3739755756,27.295819693791));
#7538=CARTESIAN_POINT('Origin',(35.0034441969433,-53.,10.7013928259136));
#7539=CARTESIAN_POINT('Origin',(-34.4464509298274,-53.,10.7013928259136));
#7540=CARTESIAN_POINT('Origin',(-34.4464509298274,-53.,10.7013928259136));
#7541=CARTESIAN_POINT('Ctrl Pts',(-21.0071817527273,-59.3739755756,44.8285567694495));
#7542=CARTESIAN_POINT('Ctrl Pts',(-20.7475585606551,-59.4378650962191,44.7263172171489));
#7543=CARTESIAN_POINT('Ctrl Pts',(-20.4891080290301,-59.5014615143853,44.6211169358914));
#7544=CARTESIAN_POINT('Ctrl Pts',(-20.231930757746,-59.5644920104921,44.5129986901878));
#7545=CARTESIAN_POINT('Origin',(9.9213891119609,-53.,39.7735409511472));
#7546=CARTESIAN_POINT('',(0.278496633557959,-53.,22.5105118262312));
#7547=CARTESIAN_POINT('Ctrl Pts',(13.7497312371713,-54.7080054991824,20.3740217176693));
#7548=CARTESIAN_POINT('Ctrl Pts',(13.4844397145199,-54.7474983461529,20.3216685279122));
#7549=CARTESIAN_POINT('Ctrl Pts',(13.2171486421064,-54.7795358781182,20.2745996629601));
#7550=CARTESIAN_POINT('Ctrl Pts',(12.9482997935022,-54.8041438337167,20.2329616925552));
#7551=CARTESIAN_POINT('Ctrl Pts',(12.7826981446948,-54.8193014884436,20.2073141341303));
#7552=CARTESIAN_POINT('Ctrl Pts',(12.6165052473152,-54.8316392855918,20.1837273349742));
#7553=CARTESIAN_POINT('Ctrl Pts',(12.4498233989101,-54.8411536341264,20.162237538265));
#7554=CARTESIAN_POINT('Ctrl Pts',(12.1804765290754,-54.856528193629,20.1275114446177));
#7555=CARTESIAN_POINT('Ctrl Pts',(11.9101566849466,-54.8645154337804,20.0982998179937));
#7556=CARTESIAN_POINT('Ctrl Pts',(11.6392979579327,-54.8650778033299,20.0746668685505));
#7557=CARTESIAN_POINT('Ctrl Pts',(11.4712226183186,-54.8654267692062,20.0600019690749));
#7558=CARTESIAN_POINT('Ctrl Pts',(11.3029396624792,-54.8629157801208,20.0474854347999));
#7559=CARTESIAN_POINT('Ctrl Pts',(11.1345527905169,-54.857526133795,20.0371353594363));
#7560=CARTESIAN_POINT('',(25.2610117325295,-53.,27.295819693791));
#7561=CARTESIAN_POINT('Origin',(35.0034441969433,-53.,10.7013928259136));
#7562=CARTESIAN_POINT('Origin',(18.4557067742454,-53.,39.0272953746287));
#7563=CARTESIAN_POINT('Origin',(18.4557067742454,-53.,39.0272953746287));
#7564=CARTESIAN_POINT('Origin',(16.1483202010696,-53.,33.4788192281179));
#7565=CARTESIAN_POINT('Ctrl Pts',(-10.1942775286667,-59.5757892756746,31.2576895078202));
#7566=CARTESIAN_POINT('Ctrl Pts',(-9.98319737384043,-59.9516640548714,32.4070655308211));
#7567=CARTESIAN_POINT('Ctrl Pts',(-9.73395549918685,-60.2964265612476,33.5565643338202));
#7568=CARTESIAN_POINT('Ctrl Pts',(-9.44062397988932,-60.6097977569076,34.699061216864));
#7569=CARTESIAN_POINT('Ctrl Pts',(-10.9985369193688,-59.6278276627038,31.4168161043288));
#7570=CARTESIAN_POINT('Ctrl Pts',(-10.7707341443294,-60.0066198146629,32.5838908421417));
#7571=CARTESIAN_POINT('Ctrl Pts',(-10.5017226900049,-60.3534157184784,33.7510701849458));
#7572=CARTESIAN_POINT('Ctrl Pts',(-10.1851211266506,-60.6679485701629,34.9110689693654));
#7573=CARTESIAN_POINT('Ctrl Pts',(-11.8027725108339,-59.5994045912848,31.6022504028786));
#7574=CARTESIAN_POINT('Ctrl Pts',(-11.5582493668499,-59.9831972298907,32.7848919248584));
#7575=CARTESIAN_POINT('Ctrl Pts',(-11.2694698824395,-60.3345618167969,33.9676232355746));
#7576=CARTESIAN_POINT('Ctrl Pts',(-10.9296007039676,-60.6532282850533,35.1430588832155));
#7577=CARTESIAN_POINT('Ctrl Pts',(-12.5901300464235,-59.4911157198852,31.8101062819268));
#7578=CARTESIAN_POINT('Ctrl Pts',(-12.3297599070718,-59.881868728724,33.0059763445858));
#7579=CARTESIAN_POINT('Ctrl Pts',(-12.0221967609328,-60.2402302625982,34.201974153884));
#7580=CARTESIAN_POINT('Ctrl Pts',(-11.6601218742867,-60.5659125479628,35.3906868047239));
#7581=CARTESIAN_POINT('Ctrl Pts',(-10.1699071342157,-59.6187513761314,31.3894791257232));
#7582=CARTESIAN_POINT('Ctrl Pts',(-10.0375283395951,-59.8497868557173,32.1004541406918));
#7583=CARTESIAN_POINT('Ctrl Pts',(-9.89046082554098,-60.0689135965119,32.8113719401024));
#7584=CARTESIAN_POINT('Ctrl Pts',(-9.72730151841929,-60.2760655533601,33.5205461870049));
#7585=CARTESIAN_POINT('Ctrl Pts',(-11.6601218742867,-60.5659125479628,35.3906868047239));
#7586=CARTESIAN_POINT('Ctrl Pts',(-11.9742780247039,-60.2833326265079,34.3592941174285));
#7587=CARTESIAN_POINT('Ctrl Pts',(-12.2473963463359,-59.9761509331652,33.3224169770096));
#7588=CARTESIAN_POINT('Ctrl Pts',(-12.4842573844607,-59.6445554395858,32.2848974408257));
#7589=CARTESIAN_POINT('Origin',(0.,11.0550353674579,54.3557401770122));
#7590=CARTESIAN_POINT('Ctrl Pts',(9.73158170948773,-60.2706164957748,33.5019055719184));
#7591=CARTESIAN_POINT('Ctrl Pts',(9.89303618516625,-60.065063247318,32.7988901397665));
#7592=CARTESIAN_POINT('Ctrl Pts',(10.0387022534025,-59.8477354319167,32.09414257214));
#7593=CARTESIAN_POINT('Ctrl Pts',(10.1699069707545,-59.6187513998376,31.3894792924674));
#7594=CARTESIAN_POINT('Origin',(0.,11.0550353674579,54.3557401770122));
#7595=CARTESIAN_POINT('Ctrl Pts',(11.1372714687012,-54.976308711794,20.2662266343854));
#7596=CARTESIAN_POINT('Ctrl Pts',(11.1031869874901,-53.1916889489586,16.8094204390414));
#7597=CARTESIAN_POINT('Ctrl Pts',(10.5271814296901,-49.7608981414816,11.2902310816372));
#7598=CARTESIAN_POINT('Ctrl Pts',(8.55738453751765,-45.0296843500904,5.50423347536127));
#7599=CARTESIAN_POINT('Ctrl Pts',(6.47749624281449,-41.8910486040699,2.17838727191778));
#7600=CARTESIAN_POINT('Ctrl Pts',(5.08152142342281,-40.4437487713374,0.775534559299147));
#7601=CARTESIAN_POINT('Ctrl Pts',(4.26334361529362,-39.8210412067978,0.190639171881941));
#7602=CARTESIAN_POINT('Ctrl Pts',(12.0151219826737,-54.9721010001053,20.2580763022326));
#7603=CARTESIAN_POINT('Ctrl Pts',(11.9775569667463,-53.160506606595,16.750069395861));
#7604=CARTESIAN_POINT('Ctrl Pts',(11.3538263169538,-49.6711466293101,11.1528804538959));
#7605=CARTESIAN_POINT('Ctrl Pts',(9.22561037816088,-44.8524331416337,5.29788581028944));
#7606=CARTESIAN_POINT('Ctrl Pts',(6.98104349091503,-41.6549626918737,1.93786657156827));
#7607=CARTESIAN_POINT('Ctrl Pts',(5.47565702339455,-40.1804382411751,0.522258287205434));
#7608=CARTESIAN_POINT('Ctrl Pts',(4.59371307024245,-39.5460141859051,-0.0676876015436663));
#7609=CARTESIAN_POINT('Ctrl Pts',(12.892938627041,-54.8819480229724,20.2942966947645));
#7610=CARTESIAN_POINT('Ctrl Pts',(12.8518937358378,-53.0462712472713,16.7393021841313));
#7611=CARTESIAN_POINT('Ctrl Pts',(12.1804458605155,-49.5104640929793,11.0670900235858));
#7612=CARTESIAN_POINT('Ctrl Pts',(9.89382602905678,-44.6273809921762,5.13387167387218));
#7613=CARTESIAN_POINT('Ctrl Pts',(7.4845871148612,-41.3869423458019,1.72911297593065));
#7614=CARTESIAN_POINT('Ctrl Pts',(5.86979055617113,-39.8924727953112,0.294704903169047));
#7615=CARTESIAN_POINT('Ctrl Pts',(4.92408116557382,-39.249435656234,-0.303067341245145));
#7616=CARTESIAN_POINT('Ctrl Pts',(13.7497312371713,-54.7080054991825,20.3740217176694));
#7617=CARTESIAN_POINT('Ctrl Pts',(13.7054270087219,-52.8517006430567,16.7773823597048));
#7618=CARTESIAN_POINT('Ctrl Pts',(12.9894177293416,-49.2824849958281,11.0349332476786));
#7619=CARTESIAN_POINT('Ctrl Pts',(10.5517399917993,-44.3581805556617,5.01488308002665));
#7620=CARTESIAN_POINT('Ctrl Pts',(7.98265677246005,-41.0900264189422,1.55450124839441));
#7621=CARTESIAN_POINT('Ctrl Pts',(6.26049140604656,-39.5824156937285,0.0949009715760001));
#7622=CARTESIAN_POINT('Ctrl Pts',(5.25185735191987,-38.9336312095516,-0.513654339829704));
#7623=CARTESIAN_POINT('',(5.74524179112241,-39.5155818120699,8.88178419700125E-15));
#7624=CARTESIAN_POINT('Ctrl Pts',(5.74524179112243,-39.5155818120699,1.82579645846559E-14));
#7625=CARTESIAN_POINT('Ctrl Pts',(5.58514388845505,-39.6004465502847,0.0525969688931065));
#7626=CARTESIAN_POINT('Ctrl Pts',(5.41244348026651,-39.6651674646964,0.0929939648331559));
#7627=CARTESIAN_POINT('Ctrl Pts',(4.91793359311797,-39.7932774414398,0.173109267343026));
#7628=CARTESIAN_POINT('Ctrl Pts',(4.58815144911228,-39.8210412067978,0.190639171881957));
#7629=CARTESIAN_POINT('Ctrl Pts',(4.26334361529362,-39.8210412067978,0.190639171881958));
#7630=CARTESIAN_POINT('Ctrl Pts',(5.74524179112241,-39.5155818120699,3.33066907387547E-15));
#7631=CARTESIAN_POINT('Ctrl Pts',(5.84016483130762,-39.5035998158851,3.33066907387547E-15));
#7632=CARTESIAN_POINT('Ctrl Pts',(5.93499674452426,-39.4904125855381,1.22124532708767E-14));
#7633=CARTESIAN_POINT('Ctrl Pts',(6.02974326666561,-39.475940550269,1.22124532708767E-14));
#7634=CARTESIAN_POINT('Ctrl Pts',(9.4459492277392,-60.6041000350707,34.6783001034773));
#7635=CARTESIAN_POINT('Ctrl Pts',(9.73670394112413,-60.2925345646918,33.543675266852));
#7636=CARTESIAN_POINT('Ctrl Pts',(9.98409349965905,-59.9499056748879,32.4018438765471));
#7637=CARTESIAN_POINT('Ctrl Pts',(10.1937568478461,-59.5767162610193,31.2605243005889));
#7638=CARTESIAN_POINT('Ctrl Pts',(10.1908688185829,-60.6622295695576,34.8899898439675));
#7639=CARTESIAN_POINT('Ctrl Pts',(10.504689147747,-60.3495002227041,33.7379827745402));
#7640=CARTESIAN_POINT('Ctrl Pts',(10.7717012260242,-60.0048467305769,32.5785887552418));
#7641=CARTESIAN_POINT('Ctrl Pts',(10.9979749891655,-59.6287618499965,31.4196945431908));
#7642=CARTESIAN_POINT('Ctrl Pts',(10.9357708013227,-60.6474341248346,35.1216992412965));
#7643=CARTESIAN_POINT('Ctrl Pts',(11.2726543342026,-60.3305947283809,33.9543614268032));
#7644=CARTESIAN_POINT('Ctrl Pts',(11.5592873937978,-59.981400723917,32.7795190907311));
#7645=CARTESIAN_POINT('Ctrl Pts',(11.8021693361112,-59.6003511107394,31.605167235216));
#7646=CARTESIAN_POINT('Ctrl Pts',(11.6666951045559,-60.559990979617,35.3690858721572));
#7647=CARTESIAN_POINT('Ctrl Pts',(12.0255882240864,-60.2361847022179,34.1885637042014));
#7648=CARTESIAN_POINT('Ctrl Pts',(12.3308650934975,-59.8800406690367,33.000543466312));
#7649=CARTESIAN_POINT('Ctrl Pts',(12.5894877795588,-59.4920793979407,31.813055746452));
#7650=CARTESIAN_POINT('Ctrl Pts',(11.6666951045559,-60.559990979617,35.3690858721572));
#7651=CARTESIAN_POINT('Ctrl Pts',(11.4814650633679,-60.549614784623,35.1555711452215));
#7652=CARTESIAN_POINT('Ctrl Pts',(11.2905446699364,-60.5333955913439,34.9476211754244));
#7653=CARTESIAN_POINT('Ctrl Pts',(11.0942734903456,-60.5110076241586,34.7454793216812));
#7654=CARTESIAN_POINT('Ctrl Pts',(10.9692351552023,-60.4967449384707,34.6167009605));
#7655=CARTESIAN_POINT('Ctrl Pts',(10.8420254034947,-60.4799777812544,34.4902800389275));
#7656=CARTESIAN_POINT('Ctrl Pts',(10.7127360732487,-60.4606117314605,34.3662819094336));
#7657=CARTESIAN_POINT('Ctrl Pts',(33.584024684693,-50.,65.9640762253211));
#7658=CARTESIAN_POINT('Ctrl Pts',(33.584024684693,-50.,59.6390762253211));
#7659=CARTESIAN_POINT('Ctrl Pts',(27.259024684693,-50.,59.6390762253211));
#7660=CARTESIAN_POINT('Ctrl Pts',(20.934024684693,-50.,59.6390762253211));
#7661=CARTESIAN_POINT('Ctrl Pts',(20.934024684693,-50.,65.9640762253211));
#7662=CARTESIAN_POINT('Ctrl Pts',(20.934024684693,-50.,72.2890762253211));
#7663=CARTESIAN_POINT('Ctrl Pts',(27.259024684693,-50.,72.2890762253211));
#7664=CARTESIAN_POINT('Ctrl Pts',(33.584024684693,-50.,72.2890762253211));
#7665=CARTESIAN_POINT('Ctrl Pts',(33.584024684693,-50.,65.9640762253211));
#7666=CARTESIAN_POINT('Ctrl Pts',(31.693454023294,-52.5,65.9640762253211));
#7667=CARTESIAN_POINT('Ctrl Pts',(31.693454023294,-52.5,61.5296468867201));
#7668=CARTESIAN_POINT('Ctrl Pts',(27.259024684693,-52.5,61.5296468867201));
#7669=CARTESIAN_POINT('Ctrl Pts',(22.824595346092,-52.5,61.5296468867201));
#7670=CARTESIAN_POINT('Ctrl Pts',(22.824595346092,-52.5,65.9640762253211));
#7671=CARTESIAN_POINT('Ctrl Pts',(22.824595346092,-52.5,70.3985055639222));
#7672=CARTESIAN_POINT('Ctrl Pts',(27.259024684693,-52.5,70.3985055639222));
#7673=CARTESIAN_POINT('Ctrl Pts',(31.693454023294,-52.5,70.3985055639222));
#7674=CARTESIAN_POINT('Ctrl Pts',(31.693454023294,-52.5,65.9640762253211));
#7675=CARTESIAN_POINT('Ctrl Pts',(28.5590868741325,-52.5,65.9640762253211));
#7676=CARTESIAN_POINT('Ctrl Pts',(28.5590868741325,-52.5,64.6640140358816));
#7677=CARTESIAN_POINT('Ctrl Pts',(27.259024684693,-52.5,64.6640140358816));
#7678=CARTESIAN_POINT('Ctrl Pts',(25.9589624952534,-52.5,64.6640140358816));
#7679=CARTESIAN_POINT('Ctrl Pts',(25.9589624952534,-52.5,65.9640762253211));
#7680=CARTESIAN_POINT('Ctrl Pts',(25.9589624952534,-52.5,67.2641384147607));
#7681=CARTESIAN_POINT('Ctrl Pts',(27.259024684693,-52.5,67.2641384147607));
#7682=CARTESIAN_POINT('Ctrl Pts',(28.5590868741325,-52.5,67.2641384147607));
#7683=CARTESIAN_POINT('Ctrl Pts',(28.5590868741325,-52.5,65.9640762253211));
#7684=CARTESIAN_POINT('',(28.5590868741325,-52.5,65.9640762253211));
#7685=CARTESIAN_POINT('Origin',(27.259024684693,-52.5,65.9640762253211));
#7686=CARTESIAN_POINT('',(33.584024684693,-50.,65.9640762253211));
#7687=CARTESIAN_POINT('Origin',(28.5590868741325,-46.2,65.9640762253211));
#7688=CARTESIAN_POINT('Origin',(27.259024684693,-50.,65.9640762253211));
#7689=CARTESIAN_POINT('Origin',(27.259024684693,-52.5,65.9640762253211));
#7690=CARTESIAN_POINT('Ctrl Pts',(-20.715975315307,-50.,65.5502404636296));
#7691=CARTESIAN_POINT('Ctrl Pts',(-20.715975315307,-50.,59.2252404636296));
#7692=CARTESIAN_POINT('Ctrl Pts',(-27.040975315307,-50.,59.2252404636296));
#7693=CARTESIAN_POINT('Ctrl Pts',(-33.365975315307,-50.,59.2252404636296));
#7694=CARTESIAN_POINT('Ctrl Pts',(-33.365975315307,-50.,65.5502404636296));
#7695=CARTESIAN_POINT('Ctrl Pts',(-33.365975315307,-50.,71.8752404636296));
#7696=CARTESIAN_POINT('Ctrl Pts',(-27.040975315307,-50.,71.8752404636296));
#7697=CARTESIAN_POINT('Ctrl Pts',(-20.715975315307,-50.,71.8752404636296));
#7698=CARTESIAN_POINT('Ctrl Pts',(-20.715975315307,-50.,65.5502404636296));
#7699=CARTESIAN_POINT('Ctrl Pts',(-22.606545976706,-52.5,65.5502404636296));
#7700=CARTESIAN_POINT('Ctrl Pts',(-22.606545976706,-52.5,61.1158111250286));
#7701=CARTESIAN_POINT('Ctrl Pts',(-27.040975315307,-52.5,61.1158111250286));
#7702=CARTESIAN_POINT('Ctrl Pts',(-31.475404653908,-52.5,61.1158111250286));
#7703=CARTESIAN_POINT('Ctrl Pts',(-31.475404653908,-52.5,65.5502404636296));
#7704=CARTESIAN_POINT('Ctrl Pts',(-31.475404653908,-52.5,69.9846698022306));
#7705=CARTESIAN_POINT('Ctrl Pts',(-27.040975315307,-52.5,69.9846698022306));
#7706=CARTESIAN_POINT('Ctrl Pts',(-22.606545976706,-52.5,69.9846698022306));
#7707=CARTESIAN_POINT('Ctrl Pts',(-22.606545976706,-52.5,65.5502404636296));
#7708=CARTESIAN_POINT('Ctrl Pts',(-25.7409131258675,-52.5,65.5502404636296));
#7709=CARTESIAN_POINT('Ctrl Pts',(-25.7409131258675,-52.5,64.25017827419));
#7710=CARTESIAN_POINT('Ctrl Pts',(-27.040975315307,-52.5,64.25017827419));
#7711=CARTESIAN_POINT('Ctrl Pts',(-28.3410375047466,-52.5,64.25017827419));
#7712=CARTESIAN_POINT('Ctrl Pts',(-28.3410375047466,-52.5,65.5502404636296));
#7713=CARTESIAN_POINT('Ctrl Pts',(-28.3410375047466,-52.5,66.8503026530691));
#7714=CARTESIAN_POINT('Ctrl Pts',(-27.040975315307,-52.5,66.8503026530691));
#7715=CARTESIAN_POINT('Ctrl Pts',(-25.7409131258675,-52.5,66.8503026530691));
#7716=CARTESIAN_POINT('Ctrl Pts',(-25.7409131258675,-52.5,65.5502404636296));
#7717=CARTESIAN_POINT('',(-25.7409131258675,-52.5,65.5502404636296));
#7718=CARTESIAN_POINT('Origin',(-27.040975315307,-52.5,65.5502404636296));
#7719=CARTESIAN_POINT('',(-20.715975315307,-50.,65.5502404636296));
#7720=CARTESIAN_POINT('Origin',(-25.7409131258675,-46.2,65.5502404636296));
#7721=CARTESIAN_POINT('Origin',(-27.040975315307,-50.,65.5502404636296));
#7722=CARTESIAN_POINT('Origin',(-27.040975315307,-52.5,65.5502404636296));
#7723=CARTESIAN_POINT('Origin',(21.2340476120008,-47.7,57.6058138439571));
#7724=CARTESIAN_POINT('',(16.6251521629307,-50.,56.6848997656953));
#7725=CARTESIAN_POINT('',(14.3697352410453,-47.6999999999292,56.2342396848438));
#7726=CARTESIAN_POINT('Origin',(16.6251521629307,-47.7,56.6848997656953));
#7727=CARTESIAN_POINT('',(17.8472332331974,-47.7,51.4796822453437));
#7728=CARTESIAN_POINT('Origin',(21.2340476120008,-47.7,57.6058138439571));
#7729=CARTESIAN_POINT('',(18.9600436719471,-50.,53.4925540563167));
#7730=CARTESIAN_POINT('Origin',(18.9600436719471,-47.7,53.4925540563167));
#7731=CARTESIAN_POINT('Origin',(21.2340476120008,-50.,57.6058138439571));
#7732=CARTESIAN_POINT('Origin',(31.1041078175818,-47.7,75.4589587000951));
#7733=CARTESIAN_POINT('',(20.0782278461722,-47.70000000011,50.3754901621205));
#7734=CARTESIAN_POINT('',(29.0608392841376,-50.,50.4424385454506));
#7735=CARTESIAN_POINT('Ctrl Pts',(29.0608392841376,-50.,50.4424385454506));
#7736=CARTESIAN_POINT('Ctrl Pts',(28.5288208115204,-50.,50.4424385454506));
#7737=CARTESIAN_POINT('Ctrl Pts',(27.881434703195,-49.9984341850415,50.4425454512931));
#7738=CARTESIAN_POINT('Ctrl Pts',(26.4964828046035,-49.9806583745243,50.4437240182492));
#7739=CARTESIAN_POINT('Ctrl Pts',(25.6022199079942,-49.9554120393319,50.4455206576111));
#7740=CARTESIAN_POINT('Ctrl Pts',(23.7642455232362,-49.8132484425975,50.4537424972489));
#7741=CARTESIAN_POINT('Ctrl Pts',(22.3725354136737,-49.6448386490487,50.4686713475715));
#7742=CARTESIAN_POINT('Ctrl Pts',(21.0771469798529,-49.1068323038329,50.4694417388657));
#7743=CARTESIAN_POINT('Ctrl Pts',(20.7481797341305,-48.944381301038,50.4686941112587));
#7744=CARTESIAN_POINT('Ctrl Pts',(20.354895785772,-48.6097687127542,50.4554218142832));
#7745=CARTESIAN_POINT('Ctrl Pts',(20.2352324983619,-48.4781134240722,50.4486582954481));
#7746=CARTESIAN_POINT('Ctrl Pts',(20.098668447638,-48.2262085414366,50.4303597478061));
#7747=CARTESIAN_POINT('Ctrl Pts',(20.0622404882722,-48.1178442459001,50.4211740256794));
#7748=CARTESIAN_POINT('Ctrl Pts',(20.0396375291305,-47.9005526166302,50.3994576819545));
#7749=CARTESIAN_POINT('Ctrl Pts',(20.0499434179898,-47.7988479274232,50.3879230802342));
#7750=CARTESIAN_POINT('Ctrl Pts',(20.0782278462009,-47.7000000001197,50.3754901621079));
#7751=CARTESIAN_POINT('Origin',(31.1041078175818,-50.,75.4589587000951));
#7752=CARTESIAN_POINT('Origin',(31.1041078175818,-47.7,75.4589587000951));
#7753=CARTESIAN_POINT('Ctrl Pts',(14.2346196026114,-47.7105828183052,57.6952987106919));
#7754=CARTESIAN_POINT('Ctrl Pts',(14.2283661109847,-47.7124353248683,57.2061560651795));
#7755=CARTESIAN_POINT('Ctrl Pts',(14.2739512769701,-47.7087607291624,56.713609353027));
#7756=CARTESIAN_POINT('Ctrl Pts',(14.3697352410446,-47.6999999998585,56.2342396848475));
#7757=CARTESIAN_POINT('Ctrl Pts',(14.2377764406972,-48.3967181637681,57.6952582967728));
#7758=CARTESIAN_POINT('Ctrl Pts',(14.2320871627065,-48.3982133621241,57.2058157442433));
#7759=CARTESIAN_POINT('Ctrl Pts',(14.2764994794627,-48.3952416487944,56.714647882033));
#7760=CARTESIAN_POINT('Ctrl Pts',(14.3697352410031,-48.3881583906718,56.2342396848392));
#7761=CARTESIAN_POINT('Ctrl Pts',(14.8179331246416,-49.5818195927243,57.6878311165919));
#7762=CARTESIAN_POINT('Ctrl Pts',(14.8130758950027,-49.5822691809676,57.2395221853286));
#7763=CARTESIAN_POINT('Ctrl Pts',(14.8530844925432,-49.5813865520161,56.7881161200225));
#7764=CARTESIAN_POINT('Ctrl Pts',(14.9368602039851,-49.5792530191877,56.3475582376922));
#7765=CARTESIAN_POINT('Ctrl Pts',(16.0198420132524,-50.,57.6724442493476));
#7766=CARTESIAN_POINT('Ctrl Pts',(16.0154406962968,-49.9999953383807,57.3082044307039));
#7767=CARTESIAN_POINT('Ctrl Pts',(16.0488714809247,-49.9999776748438,56.9412478181339));
#7768=CARTESIAN_POINT('Ctrl Pts',(16.1190377891552,-50.,56.5837718800301));
#7769=CARTESIAN_POINT('Ctrl Pts',(16.5344068050645,-50.,57.665856778188));
#7770=CARTESIAN_POINT('Ctrl Pts',(16.5302031977844,-50.,57.3375018977604));
#7771=CARTESIAN_POINT('Ctrl Pts',(16.5608093096575,-50.,57.006916217212));
#7772=CARTESIAN_POINT('Ctrl Pts',(16.6251521629307,-50.,56.6848997656953));
#7773=CARTESIAN_POINT('',(16.5344068050645,-50.,57.665856778188));
#7774=CARTESIAN_POINT('Ctrl Pts',(16.6251521629307,-50.,56.6848997656953));
#7775=CARTESIAN_POINT('Ctrl Pts',(16.5608093096575,-50.,57.006916217212));
#7776=CARTESIAN_POINT('Ctrl Pts',(16.5302031977844,-50.,57.3375018977604));
#7777=CARTESIAN_POINT('Ctrl Pts',(16.5344068050645,-50.,57.665856778188));
#7778=CARTESIAN_POINT('',(14.2346196026114,-47.7105828183052,57.6952987106919));
#7779=CARTESIAN_POINT('Origin',(16.5344068050645,-47.7,57.665856778188));
#7780=CARTESIAN_POINT('Ctrl Pts',(14.3697352410446,-47.6999999998585,56.2342396848475));
#7781=CARTESIAN_POINT('Ctrl Pts',(14.2739512769701,-47.7087607291624,56.713609353027));
#7782=CARTESIAN_POINT('Ctrl Pts',(14.2283661109847,-47.7124353248683,57.2061560651795));
#7783=CARTESIAN_POINT('Ctrl Pts',(14.2346196026114,-47.7105828183052,57.6952987106919));
#7784=CARTESIAN_POINT('Origin',(31.1041078175818,-47.7,75.4589587000951));
#7785=CARTESIAN_POINT('',(42.7830380874634,-47.7,50.6728131588712));
#7786=CARTESIAN_POINT('Origin',(31.1041078175818,-47.7,75.4589587000951));
#7787=CARTESIAN_POINT('',(41.802683673229,-50.,52.7534152886622));
#7788=CARTESIAN_POINT('Origin',(41.802683673229,-47.7,52.7534152886622));
#7789=CARTESIAN_POINT('',(33.1473763510259,-50.,50.4424385454506));
#7790=CARTESIAN_POINT('Origin',(31.1041078175818,-50.,75.4589587000951));
#7791=CARTESIAN_POINT('Ctrl Pts',(38.5798664519376,-49.7725403841284,50.4555155567829));
#7792=CARTESIAN_POINT('Ctrl Pts',(38.3768095521926,-49.7999243546756,50.4542018976243));
#7793=CARTESIAN_POINT('Ctrl Pts',(38.1761806115351,-49.8230880927606,50.4530001959651));
#7794=CARTESIAN_POINT('Ctrl Pts',(36.6584501877268,-49.9768953120565,50.4447169805981));
#7795=CARTESIAN_POINT('Ctrl Pts',(35.1739475459559,-49.9973138424778,50.4426185188107));
#7796=CARTESIAN_POINT('Ctrl Pts',(33.4373396996762,-49.9998858797229,50.4424461944436));
#7797=CARTESIAN_POINT('Ctrl Pts',(33.3032105699817,-50.,50.4424385454506));
#7798=CARTESIAN_POINT('Ctrl Pts',(33.1473763510259,-50.,50.4424385454506));
#7799=CARTESIAN_POINT('Origin',(39.7993507397933,-47.7,57.0050805104091));
#7800=CARTESIAN_POINT('',(46.7956919719437,-47.7,57.2313753696335));
#7801=CARTESIAN_POINT('',(44.4968941385229,-50.,57.1570213444598));
#7802=CARTESIAN_POINT('Origin',(44.4968941385229,-47.7,57.1570213444598));
#7803=CARTESIAN_POINT('Origin',(39.7993507397933,-50.,57.0050805104091));
#7804=CARTESIAN_POINT('Origin',(39.7993507397933,-47.7,57.0050805104091));
#7805=CARTESIAN_POINT('Origin',(13.3080833497401,-47.7,56.1482272744407));
#7806=CARTESIAN_POINT('',(34.8288531243597,-47.7,81.8279782338606));
#7807=CARTESIAN_POINT('',(33.3515335734305,-50.,80.0651603350286));
#7808=CARTESIAN_POINT('Origin',(33.3515335734305,-47.7,80.0651603350286));
#7809=CARTESIAN_POINT('Origin',(13.3080833497401,-50.,56.1482272744407));
#7810=CARTESIAN_POINT('Origin',(13.3080833497401,-47.7,56.1482272744407));
#7811=CARTESIAN_POINT('Origin',(30.3326631867493,-47.7,76.4628802808936));
#7812=CARTESIAN_POINT('',(25.9068065550648,-47.7,81.8861443419342));
#7813=CARTESIAN_POINT('',(27.3610165911897,-50.,80.104214721878));
#7814=CARTESIAN_POINT('Origin',(27.3610165911897,-47.7,80.104214721878));
#7815=CARTESIAN_POINT('Origin',(30.3326631867493,-50.,76.4628802808936));
#7816=CARTESIAN_POINT('Origin',(30.3326631867493,-47.7,76.4628802808936));
#7817=CARTESIAN_POINT('Origin',(45.9798562001247,-47.7,57.2894486522899));
#7818=CARTESIAN_POINT('',(14.2613933240872,-47.6999999999994,58.6546862445925));
#7819=CARTESIAN_POINT('',(16.5592657381148,-50.,58.5557803860644));
#7820=CARTESIAN_POINT('Origin',(16.5592657381148,-47.7,58.5557803860644));
#7821=CARTESIAN_POINT('Origin',(45.9798562001247,-50.,57.2894486522899));
#7822=CARTESIAN_POINT('Origin',(45.9798562001247,-47.7,57.2894486522899));
#7823=CARTESIAN_POINT('Ctrl Pts',(14.2613933240872,-47.6999999999988,58.6546862445925));
#7824=CARTESIAN_POINT('Ctrl Pts',(14.2476411702533,-47.7058390786335,58.3351834830918));
#7825=CARTESIAN_POINT('Ctrl Pts',(14.2387114179699,-47.7093706771112,58.0153569291922));
#7826=CARTESIAN_POINT('Ctrl Pts',(14.2346196026114,-47.7105828183052,57.6952987106919));
#7827=CARTESIAN_POINT('Ctrl Pts',(14.2613933240868,-48.3881583907854,58.6546862445925));
#7828=CARTESIAN_POINT('Ctrl Pts',(14.2494373930191,-48.3928794248148,58.3350314956352));
#7829=CARTESIAN_POINT('Ctrl Pts',(14.2414971670295,-48.3957398182354,58.0153635576551));
#7830=CARTESIAN_POINT('Ctrl Pts',(14.2377764406972,-48.3967181637681,57.6952582967728));
#7831=CARTESIAN_POINT('Ctrl Pts',(14.8391966495132,-49.5792510372746,58.629816224128));
#7832=CARTESIAN_POINT('Ctrl Pts',(14.8284715027147,-49.5806730497033,58.3159965244445));
#7833=CARTESIAN_POINT('Ctrl Pts',(14.8213808047819,-49.5815234479035,58.0019946855542));
#7834=CARTESIAN_POINT('Ctrl Pts',(14.8179360102944,-49.5818176246912,57.6878310796497));
#7835=CARTESIAN_POINT('Ctrl Pts',(16.0436243742006,-50.,58.5779748088179));
#7836=CARTESIAN_POINT('Ctrl Pts',(16.0314658952017,-49.9999851201495,58.2763201425895));
#7837=CARTESIAN_POINT('Ctrl Pts',(16.02353714661,-50.0000030502136,57.9744561472099));
#7838=CARTESIAN_POINT('Ctrl Pts',(16.0198420132524,-50.,57.6724442493476));
#7839=CARTESIAN_POINT('Ctrl Pts',(16.5592657381148,-50.,58.5557803860644));
#7840=CARTESIAN_POINT('Ctrl Pts',(16.5465052867151,-50.,58.2593177730484));
#7841=CARTESIAN_POINT('Ctrl Pts',(16.5382067654757,-50.,57.9626817343032));
#7842=CARTESIAN_POINT('Ctrl Pts',(16.5344068050645,-50.,57.665856778188));
#7843=CARTESIAN_POINT('Ctrl Pts',(14.2346196026114,-47.7105828183052,57.6952987106919));
#7844=CARTESIAN_POINT('Ctrl Pts',(14.2387114179699,-47.7093706771112,58.0153569291922));
#7845=CARTESIAN_POINT('Ctrl Pts',(14.2476411702533,-47.7058390786335,58.3351834830918));
#7846=CARTESIAN_POINT('Ctrl Pts',(14.2613933240872,-47.6999999999988,58.6546862445925));
#7847=CARTESIAN_POINT('Ctrl Pts',(16.5344068050645,-50.,57.665856778188));
#7848=CARTESIAN_POINT('Ctrl Pts',(16.5382067654757,-50.,57.9626817343032));
#7849=CARTESIAN_POINT('Ctrl Pts',(16.5465052867151,-50.,58.2593177730484));
#7850=CARTESIAN_POINT('Ctrl Pts',(16.5592657381148,-50.,58.5557803860644));
#7851=CARTESIAN_POINT('Origin',(31.1041078175818,-30.,75.4589587000951));
#7852=CARTESIAN_POINT('',(17.8472332331974,-47.4419204700544,51.4796822453437));
#7853=CARTESIAN_POINT('',(17.8472332331974,-30.,51.4796822453437));
#7854=CARTESIAN_POINT('',(20.1992931471522,-47.3270437399907,50.3226216550307));
#7855=CARTESIAN_POINT('Ctrl Pts',(20.1992931471522,-47.3270437399907,50.3226216550307));
#7856=CARTESIAN_POINT('Ctrl Pts',(19.3964719864208,-47.3647127724463,50.6709069264917));
#7857=CARTESIAN_POINT('Ctrl Pts',(18.6104632951486,-47.4037651510335,51.0577326827949));
#7858=CARTESIAN_POINT('Ctrl Pts',(17.8472332331974,-47.4419204700544,51.4796822453437));
#7859=CARTESIAN_POINT('Ctrl Pts',(20.0782278462009,-47.7000000001198,50.3754901621079));
#7860=CARTESIAN_POINT('Ctrl Pts',(20.1141403954136,-47.574493448396,50.3597041691745));
#7861=CARTESIAN_POINT('Ctrl Pts',(20.1545518814205,-47.4500445244503,50.3420316116227));
#7862=CARTESIAN_POINT('Ctrl Pts',(20.1992931471522,-47.3270437399907,50.3226216550307));
#7863=CARTESIAN_POINT('Origin',(21.2340476120008,-30.,57.6058138439571));
#7864=CARTESIAN_POINT('Ctrl Pts',(17.8472332331974,-47.4419204700544,51.4796822453437));
#7865=CARTESIAN_POINT('Ctrl Pts',(17.2620866162492,-47.4711730597474,51.803178883326));
#7866=CARTESIAN_POINT('Ctrl Pts',(16.7309195616639,-47.5053622167054,52.2094248521513));
#7867=CARTESIAN_POINT('Ctrl Pts',(15.6630700486624,-47.5827692043439,53.2773272113648));
#7868=CARTESIAN_POINT('Ctrl Pts',(15.1244750962275,-47.6303620505485,54.064036563641));
#7869=CARTESIAN_POINT('Ctrl Pts',(14.591860843776,-47.679269923067,55.3494468868235));
#7870=CARTESIAN_POINT('Ctrl Pts',(14.4584049312339,-47.6918899664023,55.7904747981648));
#7871=CARTESIAN_POINT('Ctrl Pts',(14.3697352410451,-47.6999999998585,56.234239684845));
#7872=CARTESIAN_POINT('Origin',(45.9798562001247,-30.,57.2894486522899));
#7873=CARTESIAN_POINT('',(25.9068065550648,-43.0362073506981,81.8861443419342));
#7874=CARTESIAN_POINT('',(25.9068065550648,-30.,81.8861443419342));
#7875=CARTESIAN_POINT('Ctrl Pts',(14.2613933240872,-47.6999999999988,58.6546862445925));
#7876=CARTESIAN_POINT('Ctrl Pts',(14.3299152008079,-47.6709060390671,60.2466498817036));
#7877=CARTESIAN_POINT('Ctrl Pts',(14.5207203305685,-47.5831011590988,61.8634743000933));
#7878=CARTESIAN_POINT('Ctrl Pts',(15.2486076003058,-47.2480629028142,65.5324397304528));
#7879=CARTESIAN_POINT('Ctrl Pts',(15.8704085981054,-46.9616038895303,67.5761931078538));
#7880=CARTESIAN_POINT('Ctrl Pts',(17.5005751100519,-46.2375659028626,71.4784046739844));
#7881=CARTESIAN_POINT('Ctrl Pts',(18.510245219584,-45.7998553526885,73.340541350685));
#7882=CARTESIAN_POINT('Ctrl Pts',(20.829254925876,-44.8525770677281,76.7744264438762));
#7883=CARTESIAN_POINT('Ctrl Pts',(22.1387748874489,-44.3437629403884,78.3462609017587));
#7884=CARTESIAN_POINT('Ctrl Pts',(24.2716100232806,-43.5812726099676,80.4795857954385));
#7885=CARTESIAN_POINT('Ctrl Pts',(25.0661490040433,-43.3086077969431,81.2000944363262));
#7886=CARTESIAN_POINT('Ctrl Pts',(25.9068065550648,-43.0362073506981,81.8861443419342));
#7887=CARTESIAN_POINT('Origin',(30.3326631867493,-30.,76.4628802808936));
#7888=CARTESIAN_POINT('',(34.8288531243597,-30.,81.8279782338606));
#7889=CARTESIAN_POINT('',(26.3849885497177,-42.8931029436907,82.243526002622));
#7890=CARTESIAN_POINT('Ctrl Pts',(26.3849885497177,-42.8931029436907,82.2435260026221));
#7891=CARTESIAN_POINT('Ctrl Pts',(26.9068186324891,-42.7492028071278,82.599890236267));
#7892=CARTESIAN_POINT('Ctrl Pts',(27.4682817811162,-42.5794017013173,82.8799187357517));
#7893=CARTESIAN_POINT('Ctrl Pts',(28.6495669552033,-42.1904268980926,83.2867096190808));
#7894=CARTESIAN_POINT('Ctrl Pts',(29.2645775699038,-41.9722328383696,83.4085424249037));
#7895=CARTESIAN_POINT('Ctrl Pts',(30.739596449867,-41.4235660559266,83.5036622642188));
#7896=CARTESIAN_POINT('Ctrl Pts',(31.5973833503175,-41.0822079436971,83.4008527669597));
#7897=CARTESIAN_POINT('Ctrl Pts',(33.0277642213585,-40.5406669818597,82.9549720106334));
#7898=CARTESIAN_POINT('Ctrl Pts',(33.6217525344025,-40.3254986074713,82.6772745386606));
#7899=CARTESIAN_POINT('Ctrl Pts',(34.1742454874197,-40.1707583737031,82.3145676808814));
#7900=CARTESIAN_POINT('Ctrl Pts',(25.9068065550648,-43.0362073506981,81.8861443419342));
#7901=CARTESIAN_POINT('Ctrl Pts',(26.0591636203772,-42.9868386957336,82.0104809997674));
#7902=CARTESIAN_POINT('Ctrl Pts',(26.2188973974658,-42.9389043267079,82.1301002954012));
#7903=CARTESIAN_POINT('Ctrl Pts',(26.3849885497177,-42.8931029436907,82.243526002622));
#7904=CARTESIAN_POINT('Origin',(13.3080833497401,-30.,56.1482272744407));
#7905=CARTESIAN_POINT('',(46.7956919719437,-30.,57.2313753696335));
#7906=CARTESIAN_POINT('Origin',(39.7993507397933,-30.,57.0050805104091));
#7907=CARTESIAN_POINT('',(42.7830380874634,-45.6650144433175,50.6728131588712));
#7908=CARTESIAN_POINT('',(42.7830380874634,-30.,50.6728131588712));
#7909=CARTESIAN_POINT('Ctrl Pts',(45.1625521850176,-43.7294200805234,52.5066285257877));
#7910=CARTESIAN_POINT('Ctrl Pts',(44.5413711091401,-44.4456085188594,51.7660361497257));
#7911=CARTESIAN_POINT('Ctrl Pts',(43.7443306355507,-45.1092385128164,51.1257625139614));
#7912=CARTESIAN_POINT('Ctrl Pts',(42.7830380874634,-45.6650144433175,50.6728131588712));
#7913=CARTESIAN_POINT('Origin',(31.1041078175818,-30.,75.4589587000951));
#7914=CARTESIAN_POINT('',(41.5100927466095,-46.2912675864803,50.1120476229968));
#7915=CARTESIAN_POINT('Ctrl Pts',(41.5100927173912,-46.2912676050046,50.112047619957));
#7916=CARTESIAN_POINT('Ctrl Pts',(41.5877182066341,-46.418935510109,50.1439161843887));
#7917=CARTESIAN_POINT('Ctrl Pts',(41.6607239242662,-46.549630178328,50.1743049721787));
#7918=CARTESIAN_POINT('Ctrl Pts',(41.7864189834515,-46.7963579967696,50.2271816042762));
#7919=CARTESIAN_POINT('Ctrl Pts',(41.8405323200665,-46.9117066141502,50.2501786170003));
#7920=CARTESIAN_POINT('Ctrl Pts',(41.8907248417548,-47.0286782324695,50.2716738878469));
#7921=CARTESIAN_POINT('Ctrl Pts',(42.7830380874634,-45.6650144433175,50.6728131588712));
#7922=CARTESIAN_POINT('Ctrl Pts',(42.3747607399821,-45.9010619640754,50.4804378391961));
#7923=CARTESIAN_POINT('Ctrl Pts',(41.9497783374958,-46.1101638121977,50.2925572656073));
#7924=CARTESIAN_POINT('Ctrl Pts',(41.5100927445113,-46.2912675894537,50.1120476310909));
#7925=CARTESIAN_POINT('Origin',(-45.9798562001247,-47.7,57.2894486522899));
#7926=CARTESIAN_POINT('',(-16.5592657381148,-50.,58.5557803860644));
#7927=CARTESIAN_POINT('',(-14.2613933240872,-47.6999999999994,58.6546862445925));
#7928=CARTESIAN_POINT('Origin',(-16.5592657381148,-47.7,58.5557803860644));
#7929=CARTESIAN_POINT('',(-25.9068065550648,-47.7,81.8861443419342));
#7930=CARTESIAN_POINT('Origin',(-45.9798562001247,-47.7,57.2894486522899));
#7931=CARTESIAN_POINT('',(-27.3610165911897,-50.,80.104214721878));
#7932=CARTESIAN_POINT('Origin',(-27.3610165911897,-47.7,80.104214721878));
#7933=CARTESIAN_POINT('Origin',(-45.9798562001247,-50.,57.2894486522899));
#7934=CARTESIAN_POINT('Origin',(-30.3326631867493,-47.7,76.4628802808936));
#7935=CARTESIAN_POINT('',(-34.8288531243597,-47.7,81.8279782338606));
#7936=CARTESIAN_POINT('',(-33.3515335734305,-50.,80.0651603350286));
#7937=CARTESIAN_POINT('Origin',(-33.3515335734305,-47.7,80.0651603350286));
#7938=CARTESIAN_POINT('Origin',(-30.3326631867493,-50.,76.4628802808936));
#7939=CARTESIAN_POINT('Origin',(-30.3326631867493,-47.7,76.4628802808936));
#7940=CARTESIAN_POINT('Origin',(-13.3080833497401,-47.7,56.1482272744407));
#7941=CARTESIAN_POINT('',(-46.7956919719437,-47.7,57.2313753696335));
#7942=CARTESIAN_POINT('',(-44.4968941385229,-50.,57.1570213444598));
#7943=CARTESIAN_POINT('Origin',(-44.4968941385229,-47.7,57.1570213444598));
#7944=CARTESIAN_POINT('Origin',(-13.3080833497401,-50.,56.1482272744407));
#7945=CARTESIAN_POINT('Origin',(-13.3080833497401,-47.7,56.1482272744407));
#7946=CARTESIAN_POINT('Origin',(-39.7993507397933,-47.7,57.0050805104091));
#7947=CARTESIAN_POINT('',(-42.7830380874634,-47.7,50.6728131588712));
#7948=CARTESIAN_POINT('',(-41.802683673229,-50.,52.7534152886622));
#7949=CARTESIAN_POINT('Origin',(-41.802683673229,-47.7,52.7534152886622));
#7950=CARTESIAN_POINT('Origin',(-39.7993507397933,-50.,57.0050805104091));
#7951=CARTESIAN_POINT('Origin',(-39.7993507397933,-47.7,57.0050805104091));
#7952=CARTESIAN_POINT('Origin',(-31.1041078175818,-47.7,75.4589587000951));
#7953=CARTESIAN_POINT('',(-33.1473763510261,-50.,50.4424385454506));
#7954=CARTESIAN_POINT('Ctrl Pts',(-33.1473763510261,-50.,50.4424385454506));
#7955=CARTESIAN_POINT('Ctrl Pts',(-34.2859637111074,-50.,50.4424385454506));
#7956=CARTESIAN_POINT('Ctrl Pts',(-35.2411109357541,-49.9940978031143,50.4428747795703));
#7957=CARTESIAN_POINT('Ctrl Pts',(-36.929160568112,-49.9339138648793,50.4467186366676));
#7958=CARTESIAN_POINT('Ctrl Pts',(-37.7746637604762,-49.8811288970813,50.4503063671838));
#7959=CARTESIAN_POINT('Ctrl Pts',(-38.5798664519986,-49.7725403841202,50.4555155567833));
#7960=CARTESIAN_POINT('Origin',(-31.1041078175818,-50.,75.4589587000951));
#7961=CARTESIAN_POINT('Origin',(-31.1041078175818,-47.7,75.4589587000951));
#7962=CARTESIAN_POINT('Ctrl Pts',(-14.2346196026114,-47.7105828183052,57.6952987106919));
#7963=CARTESIAN_POINT('Ctrl Pts',(-14.2387101448016,-47.7093710542689,58.0152573430838));
#7964=CARTESIAN_POINT('Ctrl Pts',(-14.2476402522539,-47.7058394684103,58.3351621552787));
#7965=CARTESIAN_POINT('Ctrl Pts',(-14.2613933240872,-47.6999999999988,58.6546862445925));
#7966=CARTESIAN_POINT('Ctrl Pts',(-14.2377764406972,-48.3967181637681,57.6952582967728));
#7967=CARTESIAN_POINT('Ctrl Pts',(-14.2414960093256,-48.3957401226476,58.0152639569095));
#7968=CARTESIAN_POINT('Ctrl Pts',(-14.2494365949231,-48.3928797399587,58.3350101576764));
#7969=CARTESIAN_POINT('Ctrl Pts',(-14.2613933240868,-48.3881583907853,58.6546862445925));
#7970=CARTESIAN_POINT('Ctrl Pts',(-14.8179360102944,-49.5818176246912,57.6878310796497));
#7971=CARTESIAN_POINT('Ctrl Pts',(-14.8213797329342,-49.5815235394366,58.0018969335544));
#7972=CARTESIAN_POINT('Ctrl Pts',(-14.8284707867775,-49.5806731446271,58.3159755759936));
#7973=CARTESIAN_POINT('Ctrl Pts',(-14.8391966495132,-49.5792510372747,58.629816224128));
#7974=CARTESIAN_POINT('Ctrl Pts',(-16.0198420132524,-50.,57.6724442493476));
#7975=CARTESIAN_POINT('Ctrl Pts',(-16.0235359968693,-50.0000030492646,57.9743621762138));
#7976=CARTESIAN_POINT('Ctrl Pts',(-16.031465083585,-49.9999851191562,58.2763000061928));
#7977=CARTESIAN_POINT('Ctrl Pts',(-16.0436243742006,-50.,58.5779748088179));
#7978=CARTESIAN_POINT('Ctrl Pts',(-16.5344068050645,-50.,57.665856778188));
#7979=CARTESIAN_POINT('Ctrl Pts',(-16.538205583118,-50.,57.962589377224));
#7980=CARTESIAN_POINT('Ctrl Pts',(-16.5465044349149,-50.,58.2592979832376));
#7981=CARTESIAN_POINT('Ctrl Pts',(-16.5592657381148,-50.,58.5557803860644));
#7982=CARTESIAN_POINT('',(-16.5344068050645,-50.,57.665856778188));
#7983=CARTESIAN_POINT('Ctrl Pts',(-16.5592657381148,-50.,58.5557803860644));
#7984=CARTESIAN_POINT('Ctrl Pts',(-16.5465044349149,-50.,58.2592979832376));
#7985=CARTESIAN_POINT('Ctrl Pts',(-16.538205583118,-50.,57.962589377224));
#7986=CARTESIAN_POINT('Ctrl Pts',(-16.5344068050645,-50.,57.665856778188));
#7987=CARTESIAN_POINT('',(-14.2346196026114,-47.7105828183052,57.6952987106919));
#7988=CARTESIAN_POINT('Origin',(-16.5344068050645,-47.7,57.665856778188));
#7989=CARTESIAN_POINT('Ctrl Pts',(-14.2613933240872,-47.6999999999988,58.6546862445925));
#7990=CARTESIAN_POINT('Ctrl Pts',(-14.2476402522539,-47.7058394684103,58.3351621552787));
#7991=CARTESIAN_POINT('Ctrl Pts',(-14.2387101448016,-47.7093710542689,58.0152573430838));
#7992=CARTESIAN_POINT('Ctrl Pts',(-14.2346196026114,-47.7105828183052,57.6952987106919));
#7993=CARTESIAN_POINT('Origin',(-31.1041078175818,-47.7,75.4589587000951));
#7994=CARTESIAN_POINT('',(-17.8472332331974,-47.7,51.4796822453437));
#7995=CARTESIAN_POINT('',(-18.9600436719471,-50.,53.4925540563167));
#7996=CARTESIAN_POINT('Origin',(-18.9600436719471,-47.7,53.4925540563167));
#7997=CARTESIAN_POINT('',(-29.0608392841375,-50.,50.4424385454506));
#7998=CARTESIAN_POINT('Origin',(-31.1041078175818,-50.,75.4589587000951));
#7999=CARTESIAN_POINT('',(-20.0782278461722,-47.70000000011,50.3754901621205));
#8000=CARTESIAN_POINT('Ctrl Pts',(-20.0782278462351,-47.7,50.3754901620929));
#8001=CARTESIAN_POINT('Ctrl Pts',(-20.0484904416422,-47.8039257638116,50.388561761549));
#8002=CARTESIAN_POINT('Ctrl Pts',(-20.0390385697163,-47.9096585845068,50.4004684012996));
#8003=CARTESIAN_POINT('Ctrl Pts',(-20.0644257945008,-48.1222600553144,50.4215029766514));
#8004=CARTESIAN_POINT('Ctrl Pts',(-20.0983711286271,-48.2226242912654,50.4300024672178));
#8005=CARTESIAN_POINT('Ctrl Pts',(-20.214848090645,-48.4442216359566,50.4463147963125));
#8006=CARTESIAN_POINT('Ctrl Pts',(-20.3088801351537,-48.5572251034221,50.4526082488378));
#8007=CARTESIAN_POINT('Ctrl Pts',(-20.6026266713927,-48.8354094001415,50.4651851947808));
#8008=CARTESIAN_POINT('Ctrl Pts',(-20.8402235125264,-48.9805537008984,50.4678867732141));
#8009=CARTESIAN_POINT('Ctrl Pts',(-21.6820905109749,-49.3957892059797,50.4714230953305));
#8010=CARTESIAN_POINT('Ctrl Pts',(-22.4178645126604,-49.5672686161246,50.4640133577683));
#8011=CARTESIAN_POINT('Ctrl Pts',(-24.3776853526433,-49.9274861596653,50.449925751218));
#8012=CARTESIAN_POINT('Ctrl Pts',(-26.0634089093643,-49.9828541246958,50.4435826978433));
#8013=CARTESIAN_POINT('Ctrl Pts',(-28.1901639685376,-49.9990897314729,50.4424998983187));
#8014=CARTESIAN_POINT('Ctrl Pts',(-28.6576264231648,-50.,50.4424385454506));
#8015=CARTESIAN_POINT('Ctrl Pts',(-29.0608392841417,-50.,50.4424385454506));
#8016=CARTESIAN_POINT('Origin',(-31.1041078175818,-47.7,75.4589587000951));
#8017=CARTESIAN_POINT('Origin',(-21.2340476120008,-47.7,57.6058138439571));
#8018=CARTESIAN_POINT('',(-14.3697352410453,-47.6999999999292,56.2342396848438));
#8019=CARTESIAN_POINT('',(-16.6251521629307,-50.,56.6848997656953));
#8020=CARTESIAN_POINT('Origin',(-16.6251521629307,-47.7,56.6848997656953));
#8021=CARTESIAN_POINT('Origin',(-21.2340476120008,-50.,57.6058138439571));
#8022=CARTESIAN_POINT('Origin',(-21.2340476120008,-47.7,57.6058138439571));
#8023=CARTESIAN_POINT('Ctrl Pts',(-14.3697352410453,-47.6999999998584,56.2342396848438));
#8024=CARTESIAN_POINT('Ctrl Pts',(-14.2734704698403,-47.7088047054287,56.7160156467772));
#8025=CARTESIAN_POINT('Ctrl Pts',(-14.228396501547,-47.7124263221032,57.2085331883803));
#8026=CARTESIAN_POINT('Ctrl Pts',(-14.2346196026114,-47.7105828183052,57.6952987106919));
#8027=CARTESIAN_POINT('Ctrl Pts',(-14.3697352410038,-48.3881583906717,56.2342396848355));
#8028=CARTESIAN_POINT('Ctrl Pts',(-14.2760314635549,-48.3952772046522,56.7170593888913));
#8029=CARTESIAN_POINT('Ctrl Pts',(-14.2321148113174,-48.3982060957965,57.2081943249246));
#8030=CARTESIAN_POINT('Ctrl Pts',(-14.2377764406972,-48.3967181637681,57.6952582967728));
#8031=CARTESIAN_POINT('Ctrl Pts',(-14.9368602039857,-49.5792530191877,56.3475582376888));
#8032=CARTESIAN_POINT('Ctrl Pts',(-14.852663963285,-49.5813972617189,56.7903275901033));
#8033=CARTESIAN_POINT('Ctrl Pts',(-14.8130995000459,-49.5822669960699,57.2417008658656));
#8034=CARTESIAN_POINT('Ctrl Pts',(-14.8179331246416,-49.5818195927243,57.6878311165919));
#8035=CARTESIAN_POINT('Ctrl Pts',(-16.1190377891557,-50.,56.5837718800273));
#8036=CARTESIAN_POINT('Ctrl Pts',(-16.0485192668397,-49.9999775627782,56.9430422414626));
#8037=CARTESIAN_POINT('Ctrl Pts',(-16.0154620857069,-49.9999953610351,57.3099745542688));
#8038=CARTESIAN_POINT('Ctrl Pts',(-16.0198420132524,-50.,57.6724442493476));
#8039=CARTESIAN_POINT('Ctrl Pts',(-16.6251521629312,-50.,56.6848997656928));
#8040=CARTESIAN_POINT('Ctrl Pts',(-16.5604863275916,-50.,57.0085326444207));
#8041=CARTESIAN_POINT('Ctrl Pts',(-16.53022362637,-50.,57.3390976285996));
#8042=CARTESIAN_POINT('Ctrl Pts',(-16.5344068050645,-50.,57.665856778188));
#8043=CARTESIAN_POINT('Ctrl Pts',(-14.2346196026114,-47.7105828183052,57.6952987106919));
#8044=CARTESIAN_POINT('Ctrl Pts',(-14.228396501547,-47.7124263221032,57.2085331883807));
#8045=CARTESIAN_POINT('Ctrl Pts',(-14.2734704698402,-47.7088047054287,56.716015646778));
#8046=CARTESIAN_POINT('Ctrl Pts',(-14.3697352410451,-47.6999999998585,56.234239684845));
#8047=CARTESIAN_POINT('Ctrl Pts',(-16.5344068050645,-50.,57.665856778188));
#8048=CARTESIAN_POINT('Ctrl Pts',(-16.53022362637,-50.,57.3390976285996));
#8049=CARTESIAN_POINT('Ctrl Pts',(-16.5604863275916,-50.,57.0085326444207));
#8050=CARTESIAN_POINT('Ctrl Pts',(-16.6251521629312,-50.,56.6848997656928));
#8051=CARTESIAN_POINT('Origin',(-31.1041078175818,-30.,75.4589587000951));
#8052=CARTESIAN_POINT('',(-42.7830380874634,-45.6650144433175,50.6728131588712));
#8053=CARTESIAN_POINT('',(-42.7830380874634,-30.,50.6728131588712));
#8054=CARTESIAN_POINT('',(-41.5100927158598,-46.2912676012148,50.1120476191573));
#8055=CARTESIAN_POINT('Ctrl Pts',(-41.5100927158197,-46.2912676012716,50.1120476193118));
#8056=CARTESIAN_POINT('Ctrl Pts',(-41.9497782185506,-46.1101638626723,50.2925572161936));
#8057=CARTESIAN_POINT('Ctrl Pts',(-42.3747605077992,-45.901062098313,50.4804377297943));
#8058=CARTESIAN_POINT('Ctrl Pts',(-42.7830380874634,-45.6650144433175,50.6728131588712));
#8059=CARTESIAN_POINT('Ctrl Pts',(-41.8907248417581,-47.028678232477,50.2716738878482));
#8060=CARTESIAN_POINT('Ctrl Pts',(-41.8405323200689,-46.9117066141551,50.2501786170013));
#8061=CARTESIAN_POINT('Ctrl Pts',(-41.7864189834527,-46.796357996772,50.2271816042767));
#8062=CARTESIAN_POINT('Ctrl Pts',(-41.660723923657,-46.5496301771323,50.1743049719224));
#8063=CARTESIAN_POINT('Ctrl Pts',(-41.5877182053241,-46.4189355077641,50.1439161838434));
#8064=CARTESIAN_POINT('Ctrl Pts',(-41.510092715302,-46.2912676015684,50.1120476190993));
#8065=CARTESIAN_POINT('Origin',(-39.7993507397933,-30.,57.0050805104091));
#8066=CARTESIAN_POINT('',(-46.7956919719437,-30.,57.2313753696335));
#8067=CARTESIAN_POINT('Ctrl Pts',(-42.7830380874634,-45.6650144433175,50.6728131588712));
#8068=CARTESIAN_POINT('Ctrl Pts',(-43.7443306355506,-45.1092385128165,51.1257625139613));
#8069=CARTESIAN_POINT('Ctrl Pts',(-44.54137110914,-44.4456085188596,51.7660361497255));
#8070=CARTESIAN_POINT('Ctrl Pts',(-45.1625521850176,-43.7294200805234,52.5066285257877));
#8071=CARTESIAN_POINT('Origin',(-13.3080833497401,-30.,56.1482272744407));
#8072=CARTESIAN_POINT('',(-34.8288531243597,-30.,81.8279782338606));
#8073=CARTESIAN_POINT('Origin',(-30.3326631867493,-30.,76.4628802808936));
#8074=CARTESIAN_POINT('',(-25.9068065550648,-43.0362073506981,81.8861443419342));
#8075=CARTESIAN_POINT('',(-25.9068065550648,-30.,81.8861443419342));
#8076=CARTESIAN_POINT('',(-26.3849885497244,-42.8931029437026,82.2435260026063));
#8077=CARTESIAN_POINT('Ctrl Pts',(-26.3849885497129,-42.893102943692,82.2435260026188));
#8078=CARTESIAN_POINT('Ctrl Pts',(-26.2189034532533,-42.9389026567609,82.1301044309733));
#8079=CARTESIAN_POINT('Ctrl Pts',(-26.059191367369,-42.9868297048039,82.0105036437336));
#8080=CARTESIAN_POINT('Ctrl Pts',(-25.9068065550648,-43.0362073506981,81.8861443419342));
#8081=CARTESIAN_POINT('Ctrl Pts',(-34.1742454874197,-40.1707583737031,82.3145676808813));
#8082=CARTESIAN_POINT('Ctrl Pts',(-33.6912809443192,-40.3060253411693,82.6316297373114));
#8083=CARTESIAN_POINT('Ctrl Pts',(-33.1767885331938,-40.4876887433644,82.8836157935676));
#8084=CARTESIAN_POINT('Ctrl Pts',(-32.1996180608947,-40.8523863754891,83.225971022876));
#8085=CARTESIAN_POINT('Ctrl Pts',(-31.7391712277871,-41.0318712762816,83.336216960605));
#8086=CARTESIAN_POINT('Ctrl Pts',(-30.4418897000614,-41.5340090341039,83.512137930454));
#8087=CARTESIAN_POINT('Ctrl Pts',(-29.5897289601438,-41.8584936355052,83.4753942260426));
#8088=CARTESIAN_POINT('Ctrl Pts',(-27.9212011841521,-42.4392109552824,83.0903747579829));
#8089=CARTESIAN_POINT('Ctrl Pts',(-27.1154957506736,-42.6916578958709,82.7423984276425));
#8090=CARTESIAN_POINT('Ctrl Pts',(-26.3849885497177,-42.8931029436907,82.243526002622));
#8091=CARTESIAN_POINT('Origin',(-45.9798562001247,-30.,57.2894486522899));
#8092=CARTESIAN_POINT('Ctrl Pts',(-25.9068065550648,-43.0362073506981,81.8861443419342));
#8093=CARTESIAN_POINT('Ctrl Pts',(-25.0661490040433,-43.3086077969431,81.2000944363262));
#8094=CARTESIAN_POINT('Ctrl Pts',(-24.2716100232806,-43.5812726099676,80.4795857954385));
#8095=CARTESIAN_POINT('Ctrl Pts',(-22.1387748874489,-44.3437629403884,78.3462609017587));
#8096=CARTESIAN_POINT('Ctrl Pts',(-20.8292549258759,-44.8525770677281,76.7744264438762));
#8097=CARTESIAN_POINT('Ctrl Pts',(-18.510245219584,-45.7998553526885,73.340541350685));
#8098=CARTESIAN_POINT('Ctrl Pts',(-17.5005751100519,-46.2375659028626,71.4784046739844));
#8099=CARTESIAN_POINT('Ctrl Pts',(-15.8704085981054,-46.9616038895303,67.5761931078538));
#8100=CARTESIAN_POINT('Ctrl Pts',(-15.2486076003058,-47.2480629028142,65.5324397304528));
#8101=CARTESIAN_POINT('Ctrl Pts',(-14.5207203305685,-47.5831011590988,61.8634743000934));
#8102=CARTESIAN_POINT('Ctrl Pts',(-14.3299152008079,-47.6709060390671,60.2466498817036));
#8103=CARTESIAN_POINT('Ctrl Pts',(-14.2613933240872,-47.6999999999988,58.6546862445925));
#8104=CARTESIAN_POINT('Origin',(-21.2340476120008,-30.,57.6058138439571));
#8105=CARTESIAN_POINT('',(-17.8472332331974,-47.4419204700544,51.4796822453437));
#8106=CARTESIAN_POINT('',(-17.8472332331974,-30.,51.4796822453437));
#8107=CARTESIAN_POINT('Ctrl Pts',(-14.3697352410451,-47.6999999998585,56.234239684845));
#8108=CARTESIAN_POINT('Ctrl Pts',(-14.4584049312339,-47.6918899664023,55.7904747981648));
#8109=CARTESIAN_POINT('Ctrl Pts',(-14.591860843776,-47.679269923067,55.3494468868235));
#8110=CARTESIAN_POINT('Ctrl Pts',(-15.1244750962275,-47.6303620505485,54.064036563641));
#8111=CARTESIAN_POINT('Ctrl Pts',(-15.6630700486624,-47.5827692043439,53.2773272113648));
#8112=CARTESIAN_POINT('Ctrl Pts',(-16.7309195616639,-47.5053622167054,52.2094248521513));
#8113=CARTESIAN_POINT('Ctrl Pts',(-17.2620866162492,-47.4711730597474,51.803178883326));
#8114=CARTESIAN_POINT('Ctrl Pts',(-17.8472332331974,-47.4419204700544,51.4796822453437));
#8115=CARTESIAN_POINT('Origin',(-31.1041078175818,-30.,75.4589587000951));
#8116=CARTESIAN_POINT('',(-20.1992931471522,-47.3270437399907,50.3226216550307));
#8117=CARTESIAN_POINT('Ctrl Pts',(-20.1992931471522,-47.3270437399907,50.3226216550307));
#8118=CARTESIAN_POINT('Ctrl Pts',(-20.1545518814205,-47.4500445244503,50.3420316116227));
#8119=CARTESIAN_POINT('Ctrl Pts',(-20.1141403954135,-47.574493448396,50.3597041691745));
#8120=CARTESIAN_POINT('Ctrl Pts',(-20.0782278462009,-47.7000000001198,50.3754901621079));
#8121=CARTESIAN_POINT('Ctrl Pts',(-17.8472332331974,-47.4419204700544,51.4796822453437));
#8122=CARTESIAN_POINT('Ctrl Pts',(-18.6104597392237,-47.403765328801,51.0577346486779));
#8123=CARTESIAN_POINT('Ctrl Pts',(-19.3964633514345,-47.364713177607,50.6709106725795));
#8124=CARTESIAN_POINT('Ctrl Pts',(-20.1992931471522,-47.3270437399907,50.3226216550307));
#8125=CARTESIAN_POINT('Origin',(30.5166991758971,-50.,65.7610068717996));
#8126=CARTESIAN_POINT('',(0.,-50.,50.4424385454506));
#8127=CARTESIAN_POINT('Origin',(0.,-49.1975396767461,38.4692995489466));
#8128=CARTESIAN_POINT('',(44.9191316765683,-44.1189314093237,49.341637754966));
#8129=CARTESIAN_POINT('',(0.,-44.1189314093425,49.3416377549748));
#8130=CARTESIAN_POINT('Ctrl Pts',(41.5100927497559,-46.2912675864803,50.1120476153329));
#8131=CARTESIAN_POINT('Ctrl Pts',(42.0308059297605,-46.0645128563914,50.0554449181316));
#8132=CARTESIAN_POINT('Ctrl Pts',(42.5345199659307,-45.8034470403833,49.9833854457766));
#8133=CARTESIAN_POINT('Ctrl Pts',(43.7057271062837,-45.0964536907057,49.7551937291359));
#8134=CARTESIAN_POINT('Ctrl Pts',(44.3398859670975,-44.6266876678832,49.5788171991388));
#8135=CARTESIAN_POINT('Ctrl Pts',(44.9191316765579,-44.118931409314,49.3416377549615));
#8136=CARTESIAN_POINT('Origin',(0.,-49.1975396767461,38.4692995489466));
#8137=CARTESIAN_POINT('',(0.,-47.3270437399907,50.3226216550307));
#8138=CARTESIAN_POINT('',(0.,-50.,50.4424385454506));
#8139=CARTESIAN_POINT('',(-12.8073536830843,-61.1208022187294,39.8242203418115));
#8140=CARTESIAN_POINT('Ctrl Pts',(-19.9770934928763,-59.6418450577478,44.3783168198961));
#8141=CARTESIAN_POINT('Ctrl Pts',(-18.4235393953836,-60.1085849915264,43.5533447173676));
#8142=CARTESIAN_POINT('Ctrl Pts',(-17.0086459498557,-60.4451255352846,42.7315670026696));
#8143=CARTESIAN_POINT('Ctrl Pts',(-14.6663281370401,-60.8974851524359,41.2367874368071));
#8144=CARTESIAN_POINT('Ctrl Pts',(-13.6511722820163,-61.0413928947421,40.5230200230679));
#8145=CARTESIAN_POINT('Ctrl Pts',(-12.8073536830847,-61.1208022187294,39.8242203418119));
#8146=CARTESIAN_POINT('',(-12.5002022499814,-61.0900176778018,40.0720992851604));
#8147=CARTESIAN_POINT('Ctrl Pts',(-12.807353683084,-61.1208022187295,39.8242203418112));
#8148=CARTESIAN_POINT('Ctrl Pts',(-12.715949398376,-61.110571065295,39.9142541867034));
#8149=CARTESIAN_POINT('Ctrl Pts',(-12.6126165269291,-61.0999476246769,39.9984209134366));
#8150=CARTESIAN_POINT('Ctrl Pts',(-12.5002022499814,-61.0900176778018,40.0720992851604));
#8151=CARTESIAN_POINT('',(12.5111781266621,-61.0909856062775,40.0649009782869));
#8152=CARTESIAN_POINT('Ctrl Pts',(-12.5002022499814,-61.0900176778018,40.0720992851604));
#8153=CARTESIAN_POINT('Ctrl Pts',(-12.4146549915589,-61.0824609887894,40.1281685218905));
#8154=CARTESIAN_POINT('Ctrl Pts',(-12.3286539502537,-61.074571373018,40.1837122976049));
#8155=CARTESIAN_POINT('Ctrl Pts',(-11.0321751712995,-60.9515807640743,41.0087030956609));
#8156=CARTESIAN_POINT('Ctrl Pts',(-9.73463982156381,-60.7758050049256,41.6722532915759));
#8157=CARTESIAN_POINT('Ctrl Pts',(-7.0361273263834,-60.4261739213474,42.7393192370217));
#8158=CARTESIAN_POINT('Ctrl Pts',(-5.63292976650256,-60.253594550309,43.1435821247232));
#8159=CARTESIAN_POINT('Ctrl Pts',(-2.8064253285743,-60.013156913027,43.6758043466281));
#8160=CARTESIAN_POINT('Ctrl Pts',(-1.38294455548638,-59.946781877098,43.8035091547059));
#8161=CARTESIAN_POINT('Ctrl Pts',(1.38294455548639,-59.946781877098,43.8035091547059));
#8162=CARTESIAN_POINT('Ctrl Pts',(2.80642532857431,-60.013156913027,43.6758043466281));
#8163=CARTESIAN_POINT('Ctrl Pts',(5.63292976650257,-60.253594550309,43.1435821247232));
#8164=CARTESIAN_POINT('Ctrl Pts',(7.03612732638341,-60.4261739213474,42.7393192370217));
#8165=CARTESIAN_POINT('Ctrl Pts',(9.73463982156382,-60.7758050049256,41.6722532915759));
#8166=CARTESIAN_POINT('Ctrl Pts',(11.0321751712995,-60.9515807640743,41.0087030956609));
#8167=CARTESIAN_POINT('Ctrl Pts',(12.332351741699,-61.0749221644301,40.1813592749677));
#8168=CARTESIAN_POINT('Ctrl Pts',(12.4220119112684,-61.0831354065129,40.1234155450949));
#8169=CARTESIAN_POINT('Ctrl Pts',(12.5111781266621,-61.0909856062775,40.0649009782869));
#8170=CARTESIAN_POINT('Ctrl Pts',(12.5111781266621,-61.0909856062775,40.0649009782869));
#8171=CARTESIAN_POINT('Ctrl Pts',(12.6198615674607,-61.1005541039154,39.9935783991076));
#8172=CARTESIAN_POINT('Ctrl Pts',(12.7200477789019,-61.1107636195319,39.9124626294966));
#8173=CARTESIAN_POINT('Ctrl Pts',(12.8091460674382,-61.120633470926,39.8257044940825));
#8174=CARTESIAN_POINT('Origin',(0.,18.5210089837612,57.4444629685578));
#8175=CARTESIAN_POINT('Ctrl Pts',(4.13814705838776,-31.3528110294888,101.025293025947));
#8176=CARTESIAN_POINT('Ctrl Pts',(7.13476519123849,-31.8266958871515,100.482980085442));
#8177=CARTESIAN_POINT('Ctrl Pts',(11.411454675464,-33.2928977857768,98.7882115286959));
#8178=CARTESIAN_POINT('Ctrl Pts',(17.5710218125303,-36.5838668748882,94.3240725822256));
#8179=CARTESIAN_POINT('Ctrl Pts',(22.2332279156152,-39.7989057779898,89.1530474362094));
#8180=CARTESIAN_POINT('Ctrl Pts',(25.2276831247215,-42.0373169348583,84.361688621841));
#8181=CARTESIAN_POINT('Ctrl Pts',(26.3852683187074,-42.8928268191264,82.2435673737855));
#8182=CARTESIAN_POINT('Ctrl Pts',(-26.3856945877687,-42.8918199458507,82.2433925497745));
#8183=CARTESIAN_POINT('Ctrl Pts',(-24.4248771215397,-41.4394163999766,85.8328327428967));
#8184=CARTESIAN_POINT('Ctrl Pts',(-20.355980178299,-38.3647541509585,91.7797511075318));
#8185=CARTESIAN_POINT('Ctrl Pts',(-12.8370904446594,-33.7887327937857,98.2188513811064));
#8186=CARTESIAN_POINT('Ctrl Pts',(-7.13492328800036,-31.8267208885558,100.482951473882));
#8187=CARTESIAN_POINT('Ctrl Pts',(-4.13814705838771,-31.3528110294888,101.025293025947));
#8188=CARTESIAN_POINT('Ctrl Pts',(4.13814705838776,-31.3528110294888,101.025293025947));
#8189=CARTESIAN_POINT('Ctrl Pts',(7.13476519123849,-31.8266958871515,100.482980085442));
#8190=CARTESIAN_POINT('Ctrl Pts',(11.411454675464,-33.2928977857768,98.7882115286959));
#8191=CARTESIAN_POINT('Ctrl Pts',(17.5710218125303,-36.5838668748882,94.3240725822256));
#8192=CARTESIAN_POINT('Ctrl Pts',(22.8204930788093,-40.2038815135876,88.5016899331066));
#8193=CARTESIAN_POINT('Ctrl Pts',(26.1849895832285,-42.7584514595666,82.7830528023526));
#8194=CARTESIAN_POINT('Ctrl Pts',(27.6908153444749,-43.8501684507247,79.7272567036566));
#8195=CARTESIAN_POINT('Ctrl Pts',(4.46241235124966,-30.2685706659594,102.266095660283));
#8196=CARTESIAN_POINT('Ctrl Pts',(7.69505093262652,-30.7606852903704,101.730306813));
#8197=CARTESIAN_POINT('Ctrl Pts',(12.3152269488644,-32.2824567757801,100.055500442577));
#8198=CARTESIAN_POINT('Ctrl Pts',(18.9908279405572,-35.7155264059811,95.6238265421551));
#8199=CARTESIAN_POINT('Ctrl Pts',(24.6993555988681,-39.5159760403022,89.8142738850314));
#8200=CARTESIAN_POINT('Ctrl Pts',(28.3741936127564,-42.2325269706183,84.0596903396723));
#8201=CARTESIAN_POINT('Ctrl Pts',(30.0225595925585,-43.4055777400773,80.9716987798686));
#8202=CARTESIAN_POINT('Ctrl Pts',(4.78651112748695,-28.9155879704126,103.270941690268));
#8203=CARTESIAN_POINT('Ctrl Pts',(8.25501463900848,-29.4107790805779,102.733504187138));
#8204=CARTESIAN_POINT('Ctrl Pts',(13.2185047202614,-30.9408158426537,101.053543541718));
#8205=CARTESIAN_POINT('Ctrl Pts',(20.4090777970792,-34.3850770735889,96.6073478245968));
#8206=CARTESIAN_POINT('Ctrl Pts',(26.574715447067,-38.1936814998472,90.7773213518659));
#8207=CARTESIAN_POINT('Ctrl Pts',(30.5574999362337,-40.9131268184972,84.9999883047079));
#8208=CARTESIAN_POINT('Ctrl Pts',(32.3466365147743,-42.086641334681,81.8991568692115));
#8209=CARTESIAN_POINT('Ctrl Pts',(5.08261467953706,-27.4100366606534,103.953550116514));
#8210=CARTESIAN_POINT('Ctrl Pts',(8.76529364262025,-27.8981070817847,103.40255564845));
#8211=CARTESIAN_POINT('Ctrl Pts',(14.0336205766412,-29.4046258843949,101.680656667862));
#8212=CARTESIAN_POINT('Ctrl Pts',(21.6436533158986,-32.7676995096261,97.1450542869137));
#8213=CARTESIAN_POINT('Ctrl Pts',(28.1407541959717,-36.4580722144945,91.2294649822811));
#8214=CARTESIAN_POINT('Ctrl Pts',(32.3086747847526,-39.0591055682539,85.4192819890897));
#8215=CARTESIAN_POINT('Ctrl Pts',(34.1742454874197,-40.1707583737031,82.3145676808813));
#8216=CARTESIAN_POINT('Origin',(-30.5166991758971,-50.,65.7610068717995));
#8217=CARTESIAN_POINT('Origin',(0.,-49.1975396767461,38.4692995489466));
#8218=CARTESIAN_POINT('',(-44.9191316765253,-44.1189314093425,49.3416377549748));
#8219=CARTESIAN_POINT('Ctrl Pts',(-44.9191316765299,-44.1189314093385,49.3416377549729));
#8220=CARTESIAN_POINT('Ctrl Pts',(-44.5868095978367,-44.4102389021009,49.4777112115805));
#8221=CARTESIAN_POINT('Ctrl Pts',(-44.2358082212133,-44.6896105357233,49.5939701900205));
#8222=CARTESIAN_POINT('Ctrl Pts',(-43.1955652672193,-45.4327262453094,49.874931108529));
#8223=CARTESIAN_POINT('Ctrl Pts',(-42.4744717334413,-45.8533918455468,49.9995283689599));
#8224=CARTESIAN_POINT('Ctrl Pts',(-41.6440560589722,-46.232238822162,50.0971959614101));
#8225=CARTESIAN_POINT('Ctrl Pts',(-41.5772030657503,-46.2620430881331,50.1047525727058));
#8226=CARTESIAN_POINT('Ctrl Pts',(-41.5100927159198,-46.2912676012148,50.112047619011));
#8227=CARTESIAN_POINT('',(0.,-44.1189314093425,49.3416377549748));
#8228=CARTESIAN_POINT('Ctrl Pts',(-19.3541041211534,-57.7819030399477,32.284893517981));
#8229=CARTESIAN_POINT('Ctrl Pts',(-15.5055521082584,-59.0709792464158,32.284893517981));
#8230=CARTESIAN_POINT('Ctrl Pts',(-11.5200362587446,-59.8382689409342,32.284893517981));
#8231=CARTESIAN_POINT('Ctrl Pts',(-19.8568110837596,-59.2827405258364,38.233956907253));
#8232=CARTESIAN_POINT('Ctrl Pts',(-15.9082960924326,-60.605299428288,38.233956907253));
#8233=CARTESIAN_POINT('Ctrl Pts',(-11.8192597412935,-61.3925188425887,38.233956907253));
#8234=CARTESIAN_POINT('Ctrl Pts',(-19.9770934928763,-59.6418450577478,44.3783168198961));
#8235=CARTESIAN_POINT('Ctrl Pts',(-16.0046604165362,-60.97241534583,44.3783168198961));
#8236=CARTESIAN_POINT('Ctrl Pts',(-11.8908547738323,-61.7644033328514,44.3783168198961));
#8237=CARTESIAN_POINT('Ctrl Pts',(-13.1007617928185,-60.659258749052,37.3408141567059));
#8238=CARTESIAN_POINT('Ctrl Pts',(-13.1796494460291,-60.6652629282628,37.4672741847748));
#8239=CARTESIAN_POINT('Ctrl Pts',(-13.2440127741522,-60.6753392042065,37.6019289061557));
#8240=CARTESIAN_POINT('Ctrl Pts',(-13.3386448506239,-60.7023146918144,37.8739424416995));
#8241=CARTESIAN_POINT('Ctrl Pts',(-13.3704483318023,-60.7186736033272,38.0097608797026));
#8242=CARTESIAN_POINT('Ctrl Pts',(-13.4206128164029,-60.7741492440493,38.4047939138836));
#8243=CARTESIAN_POINT('Ctrl Pts',(-13.4027444247056,-60.8201175634946,38.6645996008287));
#8244=CARTESIAN_POINT('Ctrl Pts',(-13.2734923430247,-60.9239910174474,39.1513354795837));
#8245=CARTESIAN_POINT('Ctrl Pts',(-13.1667223529,-60.9805505280172,39.375286131878));
#8246=CARTESIAN_POINT('Ctrl Pts',(-12.9578663466979,-61.0665010215023,39.6632053370475));
#8247=CARTESIAN_POINT('Ctrl Pts',(-12.8857855633335,-61.0935987537581,39.7469644039352));
#8248=CARTESIAN_POINT('Ctrl Pts',(-12.807353683084,-61.1208022187294,39.8242203418112));
#8249=CARTESIAN_POINT('Ctrl Pts',(-41.8899175690606,-45.9721633852369,47.7994785179672));
#8250=CARTESIAN_POINT('Ctrl Pts',(-41.7024146616613,-46.1608878688368,49.0100725469178));
#8251=CARTESIAN_POINT('Ctrl Pts',(-41.4969435957469,-46.3156274664556,50.2223072097698));
#8252=CARTESIAN_POINT('Ctrl Pts',(-41.2734452594547,-46.4367007011069,51.4335661124284));
#8253=CARTESIAN_POINT('Ctrl Pts',(-43.3778034794352,-45.3529288595867,48.151477440322));
#8254=CARTESIAN_POINT('Ctrl Pts',(-43.1834420984394,-45.5421460014538,49.365172530245));
#8255=CARTESIAN_POINT('Ctrl Pts',(-42.9704758288939,-45.6973423213221,50.5804435343683));
#8256=CARTESIAN_POINT('Ctrl Pts',(-42.7387784993219,-45.8187712534165,51.7947920084683));
#8257=CARTESIAN_POINT('Ctrl Pts',(-44.7273099691458,-44.4189972902881,48.5310909163481));
#8258=CARTESIAN_POINT('Ctrl Pts',(-44.52777194556,-44.6099987077917,49.7406433914667));
#8259=CARTESIAN_POINT('Ctrl Pts',(-44.3091043902351,-44.767347254285,50.9519015749682));
#8260=CARTESIAN_POINT('Ctrl Pts',(-44.0711611381122,-44.8912745899822,52.1624161847286));
#8261=CARTESIAN_POINT('Ctrl Pts',(-45.826534449972,-43.2478113281339,48.9068409718271));
#8262=CARTESIAN_POINT('Ctrl Pts',(-45.6246887579166,-43.4412163926604,50.1055641720507));
#8263=CARTESIAN_POINT('Ctrl Pts',(-45.4033975465995,-43.6016695779581,51.3063161157599));
#8264=CARTESIAN_POINT('Ctrl Pts',(-45.1625521850176,-43.7294200805234,52.5066285257877));
#8265=CARTESIAN_POINT('Ctrl Pts',(-44.9191316765253,-44.1189314093425,49.3416377549748));
#8266=CARTESIAN_POINT('Ctrl Pts',(-45.2376616803685,-43.839713798662,49.2112116369554));
#8267=CARTESIAN_POINT('Ctrl Pts',(-45.5401165337226,-43.5485743743701,49.0668394681744));
#8268=CARTESIAN_POINT('Ctrl Pts',(-45.826534449972,-43.2478113281339,48.9068409718272));
#8269=CARTESIAN_POINT('Ctrl Pts',(-13.1007617928184,-61.5,37.3408141567059));
#8270=CARTESIAN_POINT('Ctrl Pts',(-13.1007617928184,-61.9561498885482,37.3408141567059));
#8271=CARTESIAN_POINT('Ctrl Pts',(-12.8888953539657,-62.872095534918,37.3633881674845));
#8272=CARTESIAN_POINT('Ctrl Pts',(-12.1452994195061,-63.894104281468,37.4527924684147));
#8273=CARTESIAN_POINT('Ctrl Pts',(-11.3707532132197,-64.4510638683745,37.5625305576697));
#8274=CARTESIAN_POINT('Ctrl Pts',(-10.7220835492581,-64.7429268973,37.6670917141703));
#8275=CARTESIAN_POINT('Ctrl Pts',(-10.2305147479666,-64.8929370974915,37.7528884923402));
#8276=CARTESIAN_POINT('Ctrl Pts',(-9.7380835554798,-64.9802070082748,37.8458529203743));
#8277=CARTESIAN_POINT('Ctrl Pts',(-9.41341444961663,-64.9994595927854,37.9119817682722));
#8278=CARTESIAN_POINT('Ctrl Pts',(-9.24847389597913,-64.9999925444477,37.9468279268475));
#8279=CARTESIAN_POINT('Ctrl Pts',(-9.24388756871208,-65.,37.9477977498194));
#8280=CARTESIAN_POINT('Ctrl Pts',(-9.23930291609836,-65.,37.9487682690123));
#8281=CARTESIAN_POINT('Ctrl Pts',(-13.4129574841726,-61.5,37.8412761971498));
#8282=CARTESIAN_POINT('Ctrl Pts',(-13.4129574841726,-62.0324384353803,37.8412761971498));
#8283=CARTESIAN_POINT('Ctrl Pts',(-13.1039538873797,-63.0873169743216,37.8374068022772));
#8284=CARTESIAN_POINT('Ctrl Pts',(-12.1861882924063,-64.0870249215274,37.8412384442746));
#8285=CARTESIAN_POINT('Ctrl Pts',(-11.3535727655086,-64.5647838022276,37.8575785789539));
#8286=CARTESIAN_POINT('Ctrl Pts',(-10.6923247153198,-64.8015675552496,37.8777403296646));
#8287=CARTESIAN_POINT('Ctrl Pts',(-10.2042293140641,-64.9188005689082,37.8966745758755));
#8288=CARTESIAN_POINT('Ctrl Pts',(-9.72292122353989,-64.9852164089048,37.9196946468481));
#8289=CARTESIAN_POINT('Ctrl Pts',(-9.4082731588314,-64.9995841427005,37.9379765784401));
#8290=CARTESIAN_POINT('Ctrl Pts',(-9.24820736720886,-64.9999947276366,37.948197244249));
#8291=CARTESIAN_POINT('Ctrl Pts',(-9.24375381182697,-65.,37.9484825042088));
#8292=CARTESIAN_POINT('Ctrl Pts',(-9.23930291609836,-65.,37.9487682690123));
#8293=CARTESIAN_POINT('Ctrl Pts',(-13.5406134378315,-61.5,38.9660340356962));
#8294=CARTESIAN_POINT('Ctrl Pts',(-13.5406134378315,-62.0977370031931,38.9660340356962));
#8295=CARTESIAN_POINT('Ctrl Pts',(-13.153433708787,-63.2694122938173,38.8690865800546));
#8296=CARTESIAN_POINT('Ctrl Pts',(-12.1243677554799,-64.2408119810112,38.6140823760026));
#8297=CARTESIAN_POINT('Ctrl Pts',(-11.2763252474247,-64.6528279617624,38.4102052962991));
#8298=CARTESIAN_POINT('Ctrl Pts',(-10.62677860952,-64.8462104512717,38.2586296699894));
#8299=CARTESIAN_POINT('Ctrl Pts',(-10.1565529027482,-64.9382840641198,38.1512069473372));
#8300=CARTESIAN_POINT('Ctrl Pts',(-9.69784052668046,-64.9889599903179,38.0486802393841));
#8301=CARTESIAN_POINT('Ctrl Pts',(-9.39943728985598,-64.9996769062152,37.9834373257688));
#8302=CARTESIAN_POINT('Ctrl Pts',(-9.247738121496,-64.9999963762958,37.9505940835079));
#8303=CARTESIAN_POINT('Ctrl Pts',(-9.24351973727802,-65.,37.9496808243903));
#8304=CARTESIAN_POINT('Ctrl Pts',(-9.23930291609836,-65.,37.9487682690123));
#8305=CARTESIAN_POINT('Ctrl Pts',(-12.8702033532975,-61.5,39.8295937994821));
#8306=CARTESIAN_POINT('Ctrl Pts',(-12.8702033532975,-62.0125793146303,39.8295937994821));
#8307=CARTESIAN_POINT('Ctrl Pts',(-12.6166160563606,-63.031555466957,39.7042338156534));
#8308=CARTESIAN_POINT('Ctrl Pts',(-11.842189676258,-64.0379656902577,39.3096545241449));
#8309=CARTESIAN_POINT('Ctrl Pts',(-11.1179936402404,-64.5361272841922,38.9343183058284));
#8310=CARTESIAN_POINT('Ctrl Pts',(-10.5350556284207,-64.7868703625278,38.6303934871133));
#8311=CARTESIAN_POINT('Ctrl Pts',(-10.1017080593706,-64.9123445752784,38.403473241636));
#8312=CARTESIAN_POINT('Ctrl Pts',(-9.67229392183608,-64.9839750623673,38.1777028930316));
#8313=CARTESIAN_POINT('Ctrl Pts',(-9.39054306026553,-64.9995541374803,38.0289010974255));
#8314=CARTESIAN_POINT('Ctrl Pts',(-9.24726988581286,-64.9999941621178,37.952990866599));
#8315=CARTESIAN_POINT('Ctrl Pts',(-9.24328566272907,-65.,37.9508791445719));
#8316=CARTESIAN_POINT('Ctrl Pts',(-9.23930291609836,-65.,37.9487682690123));
#8317=CARTESIAN_POINT('Ctrl Pts',(-12.5002022499814,-61.5,40.0720992851604));
#8318=CARTESIAN_POINT('Ctrl Pts',(-12.5002022499814,-61.9561498885469,40.0720992851604));
#8319=CARTESIAN_POINT('Ctrl Pts',(-12.3211067884051,-62.8720955349177,39.9601057879709));
#8320=CARTESIAN_POINT('Ctrl Pts',(-11.6931777110859,-63.8941042814673,39.5627652900165));
#8321=CARTESIAN_POINT('Ctrl Pts',(-11.0397084390501,-64.4510638683741,39.1419323459613));
#8322=CARTESIAN_POINT('Ctrl Pts',(-10.4923886636142,-64.7429268972997,38.7842121468754));
#8323=CARTESIAN_POINT('Ctrl Pts',(-10.0774394248647,-64.8929370974913,38.5103970136223));
#8324=CARTESIAN_POINT('Ctrl Pts',(-9.66140703377544,-64.9802070082747,38.2331848065642));
#8325=CARTESIAN_POINT('Ctrl Pts',(-9.38673840372877,-64.9994595927854,38.0484074189836));
#8326=CARTESIAN_POINT('Ctrl Pts',(-9.24706908683847,-64.9999925444477,37.954017675212));
#8327=CARTESIAN_POINT('Ctrl Pts',(-9.24318534506524,-65.,37.951392710364));
#8328=CARTESIAN_POINT('Ctrl Pts',(-9.23930291609836,-65.,37.9487682690123));
#8329=CARTESIAN_POINT('',(-9.23930291609836,-65.,37.9487682690123));
#8330=CARTESIAN_POINT('Ctrl Pts',(-13.1007617928184,-61.5,37.3408141567059));
#8331=CARTESIAN_POINT('Ctrl Pts',(-13.1007617928184,-61.9561498885482,37.3408141567059));
#8332=CARTESIAN_POINT('Ctrl Pts',(-12.8888953539657,-62.872095534918,37.3633881674845));
#8333=CARTESIAN_POINT('Ctrl Pts',(-12.1452994195061,-63.894104281468,37.4527924684147));
#8334=CARTESIAN_POINT('Ctrl Pts',(-11.3707532132197,-64.4510638683745,37.5625305576697));
#8335=CARTESIAN_POINT('Ctrl Pts',(-10.7220835492581,-64.7429268973,37.6670917141703));
#8336=CARTESIAN_POINT('Ctrl Pts',(-10.2305147479666,-64.8929370974915,37.7528884923402));
#8337=CARTESIAN_POINT('Ctrl Pts',(-9.7380835554798,-64.9802070082748,37.8458529203743));
#8338=CARTESIAN_POINT('Ctrl Pts',(-9.41341444961663,-64.9994595927854,37.9119817682722));
#8339=CARTESIAN_POINT('Ctrl Pts',(-9.24847389597913,-64.9999925444477,37.9468279268475));
#8340=CARTESIAN_POINT('Ctrl Pts',(-9.24388756871208,-65.,37.9477977498194));
#8341=CARTESIAN_POINT('Ctrl Pts',(-9.23930291609836,-65.,37.9487682690123));
#8342=CARTESIAN_POINT('',(-12.5002022499814,-61.5,40.0720992851604));
#8343=CARTESIAN_POINT('Ctrl Pts',(-9.23930291609836,-65.,37.9487682690123));
#8344=CARTESIAN_POINT('Ctrl Pts',(-9.24318534506524,-65.,37.951392710364));
#8345=CARTESIAN_POINT('Ctrl Pts',(-9.24706908683847,-64.9999925444477,37.954017675212));
#8346=CARTESIAN_POINT('Ctrl Pts',(-9.38673840372877,-64.9994595927854,38.0484074189836));
#8347=CARTESIAN_POINT('Ctrl Pts',(-9.66140703377544,-64.9802070082747,38.2331848065642));
#8348=CARTESIAN_POINT('Ctrl Pts',(-10.0774394248647,-64.8929370974913,38.5103970136223));
#8349=CARTESIAN_POINT('Ctrl Pts',(-10.4923886636142,-64.7429268972997,38.7842121468754));
#8350=CARTESIAN_POINT('Ctrl Pts',(-11.0397084390501,-64.4510638683741,39.1419323459613));
#8351=CARTESIAN_POINT('Ctrl Pts',(-11.6931777110859,-63.8941042814673,39.5627652900165));
#8352=CARTESIAN_POINT('Ctrl Pts',(-12.3211067884051,-62.8720955349177,39.9601057879709));
#8353=CARTESIAN_POINT('Ctrl Pts',(-12.5002022499814,-61.9561498885469,40.0720992851604));
#8354=CARTESIAN_POINT('Ctrl Pts',(-12.5002022499814,-61.5,40.0720992851604));
#8355=CARTESIAN_POINT('Origin',(-11.4038620036875,-61.5,38.3993655752244));
#8356=CARTESIAN_POINT('Ctrl Pts',(12.5111781266621,-61.5,40.0649009782869));
#8357=CARTESIAN_POINT('Ctrl Pts',(12.5111781266622,-61.9553703389748,40.0649009782869));
#8358=CARTESIAN_POINT('Ctrl Pts',(12.3786843703924,-62.6403777856323,39.9816818363262));
#8359=CARTESIAN_POINT('Ctrl Pts',(12.0182378640886,-63.3827006398205,39.7531685776389));
#8360=CARTESIAN_POINT('Ctrl Pts',(11.6878634671857,-63.8491326174044,39.5422452557736));
#8361=CARTESIAN_POINT('Ctrl Pts',(11.3138429620866,-64.2292240529425,39.3015508233684));
#8362=CARTESIAN_POINT('Ctrl Pts',(10.7859926764889,-64.6213770953219,38.9588804623977));
#8363=CARTESIAN_POINT('Ctrl Pts',(10.0929986080952,-64.9246800233116,38.502849305331));
#8364=CARTESIAN_POINT('Ctrl Pts',(9.53910305937157,-64.9989090332462,38.1313814408616));
#8365=CARTESIAN_POINT('Ctrl Pts',(9.26367417231646,-64.9999925797076,37.9450562795856));
#8366=CARTESIAN_POINT('Ctrl Pts',(9.25975183643343,-65.,37.9424024943117));
#8367=CARTESIAN_POINT('Ctrl Pts',(9.25582972152032,-65.,37.9397485333366));
#8368=CARTESIAN_POINT('Ctrl Pts',(13.002362617639,-61.5,39.7425653539093));
#8369=CARTESIAN_POINT('Ctrl Pts',(13.002362617639,-62.0307496095132,39.7425653539093));
#8370=CARTESIAN_POINT('Ctrl Pts',(12.7989688170195,-62.8194407666523,39.6472836257486));
#8371=CARTESIAN_POINT('Ctrl Pts',(12.3109802832348,-63.5844257284796,39.4138574640296));
#8372=CARTESIAN_POINT('Ctrl Pts',(11.896165334812,-64.0326193160425,39.2141685207511));
#8373=CARTESIAN_POINT('Ctrl Pts',(11.4539908548798,-64.3735712542377,39.0006124739543));
#8374=CARTESIAN_POINT('Ctrl Pts',(10.8602225813001,-64.7062535099855,38.7137284859045));
#8375=CARTESIAN_POINT('Ctrl Pts',(10.1203930473515,-64.9442857043718,38.3567602780534));
#8376=CARTESIAN_POINT('Ctrl Pts',(9.54872266639216,-64.9991885979619,38.0813661537366));
#8377=CARTESIAN_POINT('Ctrl Pts',(9.26394711377553,-64.9999944932455,37.9436748457163));
#8378=CARTESIAN_POINT('Ctrl Pts',(9.25988744036257,-65.,37.941711109003));
#8379=CARTESIAN_POINT('Ctrl Pts',(9.25582972152032,-65.,37.9397485333366));
#8380=CARTESIAN_POINT('Ctrl Pts',(13.5884844468952,-61.5,38.7803310753723));
#8381=CARTESIAN_POINT('Ctrl Pts',(13.5884844468952,-62.0952026298061,38.7803310753723));
#8382=CARTESIAN_POINT('Ctrl Pts',(13.3042141406662,-62.9714415269421,38.721499240679));
#8383=CARTESIAN_POINT('Ctrl Pts',(12.6778090219364,-63.7501526035297,38.5941710796358));
#8384=CARTESIAN_POINT('Ctrl Pts',(12.1695921633555,-64.1801111189252,38.4920033356945));
#8385=CARTESIAN_POINT('Ctrl Pts',(11.6505113474148,-64.4871645215298,38.3889986669542));
#8386=CARTESIAN_POINT('Ctrl Pts',(10.9776249665088,-64.7712425865041,38.2574440189078));
#8387=CARTESIAN_POINT('Ctrl Pts',(10.1731496695631,-64.9589178647188,38.1043050803012));
#8388=CARTESIAN_POINT('Ctrl Pts',(9.56605949804219,-64.9994089203323,37.9941811891221));
#8389=CARTESIAN_POINT('Ctrl Pts',(9.26441999315966,-64.9999958262247,37.9412540886835));
#8390=CARTESIAN_POINT('Ctrl Pts',(9.26012474723858,-65.,37.9405011847127));
#8391=CARTESIAN_POINT('Ctrl Pts',(9.25582972152031,-65.,37.9397485333366));
#8392=CARTESIAN_POINT('Ctrl Pts',(13.3477873669364,-61.5,37.7189011771452));
#8393=CARTESIAN_POINT('Ctrl Pts',(13.3477873669364,-62.0111337298042,37.7189011771452));
#8394=CARTESIAN_POINT('Ctrl Pts',(13.1392616972877,-62.7730359709245,37.7201537893363));
#8395=CARTESIAN_POINT('Ctrl Pts',(12.6262404295318,-63.5326717822413,37.7316316140825));
#8396=CARTESIAN_POINT('Ctrl Pts',(12.181758854025,-63.985872800784,37.745506118757));
#8397=CARTESIAN_POINT('Ctrl Pts',(11.7011358274843,-64.3370454490084,37.7649626877725));
#8398=CARTESIAN_POINT('Ctrl Pts',(11.0477457997849,-64.6849668026141,37.797576765506));
#8399=CARTESIAN_POINT('Ctrl Pts',(10.2240957823294,-64.939438453692,37.8509879885752));
#8400=CARTESIAN_POINT('Ctrl Pts',(9.58316183765144,-64.9991228021313,37.906889848667));
#8401=CARTESIAN_POINT('Ctrl Pts',(9.264895084225,-64.9999939761447,37.9388343396478));
#8402=CARTESIAN_POINT('Ctrl Pts',(9.26036205411459,-65.,37.9392912604225));
#8403=CARTESIAN_POINT('Ctrl Pts',(9.25582972152032,-65.,37.9397485333366));
#8404=CARTESIAN_POINT('Ctrl Pts',(13.1166670922893,-61.5,37.343751471309));
#8405=CARTESIAN_POINT('Ctrl Pts',(13.1166670922893,-61.9553703389739,37.343751471309));
#8406=CARTESIAN_POINT('Ctrl Pts',(12.9595776841582,-62.6403777856321,37.3598301038697));
#8407=CARTESIAN_POINT('Ctrl Pts',(12.5319168221814,-63.3827006398202,37.4085095713684));
#8408=CARTESIAN_POINT('Ctrl Pts',(12.1397798642826,-63.8491326174042,37.4566387531384));
#8409=CARTESIAN_POINT('Ctrl Pts',(11.6957158038106,-64.2292240529423,37.5157667477268));
#8410=CARTESIAN_POINT('Ctrl Pts',(11.068987187718,-64.6213770953218,37.6066823275506));
#8411=CARTESIAN_POINT('Ctrl Pts',(10.2464783344357,-64.9246800233114,37.7419090187902));
#8412=CARTESIAN_POINT('Ctrl Pts',(9.59054285543899,-64.9989090332462,37.8694202852514));
#8413=CARTESIAN_POINT('Ctrl Pts',(9.26509820519173,-64.9999925797076,37.9377978654358));
#8414=CARTESIAN_POINT('Ctrl Pts',(9.26046375706145,-65.,37.938772721441));
#8415=CARTESIAN_POINT('Ctrl Pts',(9.25582972152032,-65.,37.9397485333366));
#8416=CARTESIAN_POINT('',(12.5111781266621,-61.5,40.0649009782869));
#8417=CARTESIAN_POINT('',(9.25582972152032,-65.,37.9397485333366));
#8418=CARTESIAN_POINT('Ctrl Pts',(12.5111781266621,-61.5,40.0649009782869));
#8419=CARTESIAN_POINT('Ctrl Pts',(12.5111781266622,-61.9553703389748,40.0649009782869));
#8420=CARTESIAN_POINT('Ctrl Pts',(12.3786843703924,-62.6403777856323,39.9816818363262));
#8421=CARTESIAN_POINT('Ctrl Pts',(12.0182378640886,-63.3827006398205,39.7531685776389));
#8422=CARTESIAN_POINT('Ctrl Pts',(11.6878634671857,-63.8491326174044,39.5422452557736));
#8423=CARTESIAN_POINT('Ctrl Pts',(11.3138429620866,-64.2292240529425,39.3015508233684));
#8424=CARTESIAN_POINT('Ctrl Pts',(10.7859926764889,-64.6213770953219,38.9588804623977));
#8425=CARTESIAN_POINT('Ctrl Pts',(10.0929986080952,-64.9246800233116,38.502849305331));
#8426=CARTESIAN_POINT('Ctrl Pts',(9.53910305937157,-64.9989090332462,38.1313814408616));
#8427=CARTESIAN_POINT('Ctrl Pts',(9.26367417231646,-64.9999925797076,37.9450562795856));
#8428=CARTESIAN_POINT('Ctrl Pts',(9.25975183643343,-65.,37.9424024943117));
#8429=CARTESIAN_POINT('Ctrl Pts',(9.25582972152032,-65.,37.9397485333366));
#8430=CARTESIAN_POINT('',(13.1166670922893,-61.5,37.343751471309));
#8431=CARTESIAN_POINT('Ctrl Pts',(9.25582972152032,-65.,37.9397485333366));
#8432=CARTESIAN_POINT('Ctrl Pts',(9.26046375706145,-65.,37.938772721441));
#8433=CARTESIAN_POINT('Ctrl Pts',(9.26509820519173,-64.9999925797076,37.9377978654358));
#8434=CARTESIAN_POINT('Ctrl Pts',(9.59054285543899,-64.9989090332462,37.8694202852514));
#8435=CARTESIAN_POINT('Ctrl Pts',(10.2464783344357,-64.9246800233114,37.7419090187902));
#8436=CARTESIAN_POINT('Ctrl Pts',(11.068987187718,-64.6213770953218,37.6066823275506));
#8437=CARTESIAN_POINT('Ctrl Pts',(11.6957158038106,-64.2292240529423,37.5157667477268));
#8438=CARTESIAN_POINT('Ctrl Pts',(12.1397798642826,-63.8491326174042,37.4566387531384));
#8439=CARTESIAN_POINT('Ctrl Pts',(12.5319168221814,-63.3827006398202,37.4085095713684));
#8440=CARTESIAN_POINT('Ctrl Pts',(12.9595776841582,-62.6403777856321,37.3598301038697));
#8441=CARTESIAN_POINT('Ctrl Pts',(13.1166670922893,-61.9553703389739,37.343751471309));
#8442=CARTESIAN_POINT('Ctrl Pts',(13.1166670922893,-61.5,37.343751471309));
#8443=CARTESIAN_POINT('Origin',(11.4138752323165,-61.5,38.3927986016183));
#8444=CARTESIAN_POINT('Origin',(0.013650635810722,-61.5,45.5217803918848));
#8445=CARTESIAN_POINT('',(8.29006870964652,-65.,36.8922632608951));
#8446=CARTESIAN_POINT('Origin',(8.29006870964652,-61.5,36.8922632608951));
#8447=CARTESIAN_POINT('Origin',(0.013650635810722,-65.,45.5217803918848));
#8448=CARTESIAN_POINT('Origin',(0.261174580842448,-61.5,45.2636962660069));
#8449=CARTESIAN_POINT('Origin',(0.261174580842448,-65.,45.2636962660069));
#8450=CARTESIAN_POINT('Origin',(0.261174580842448,-61.5,45.2636962660069));
#8451=CARTESIAN_POINT('Origin',(4.44089209850063E-15,-61.5,21.0000003129244));
#8452=CARTESIAN_POINT('Origin',(4.44089209850063E-15,-65.,21.0000003129244));
#8453=CARTESIAN_POINT('Origin',(4.44089209850063E-15,-61.5,21.0000003129244));
#8454=CARTESIAN_POINT('Origin',(-11.4038620036876,-40.,38.3993655752244));
#8455=CARTESIAN_POINT('',(-12.5002022499814,-40.,40.0720992851604));
#8456=CARTESIAN_POINT('Origin',(4.44089209850063E-15,-40.,21.0000003129244));
#8457=CARTESIAN_POINT('',(12.5111781266621,-40.,40.0649009782869));
#8458=CARTESIAN_POINT('Origin',(11.4138752323165,-40.,38.3927986016183));
#8459=CARTESIAN_POINT('',(13.1166670922893,-40.,37.343751471309));
#8460=CARTESIAN_POINT('Origin',(0.00500661431444671,-65.,36.9341904988411));
#8461=CARTESIAN_POINT('Origin',(0.261174580842448,-40.,45.2636962660069));
#8462=CARTESIAN_POINT('Origin',(39.9337912824499,0.,7.33571845077567E-15));
#8463=CARTESIAN_POINT('',(-5.76424151505488,-39.5155818120699,0.));
#8464=CARTESIAN_POINT('',(0.,-39.5155818120699,8.88178419700125E-15));
#8465=CARTESIAN_POINT('',(0.,38.3112098084661,8.88178419700125E-15));
#8466=CARTESIAN_POINT('',(5.76424151505488,-39.5155818120699,0.));
#8467=CARTESIAN_POINT('',(0.,-39.5155818120699,8.88178419700125E-15));
#8468=CARTESIAN_POINT('Origin',(0.,0.,0.));
#8469=CARTESIAN_POINT('Ctrl Pts',(-5.76424151505492,-39.5155818120699,-8.62118477422922E-15));
#8470=CARTESIAN_POINT('Ctrl Pts',(0.,-40.3564268337098,-8.88178419700125E-15));
#8471=CARTESIAN_POINT('Ctrl Pts',(5.7642415150549,-39.5155818120699,-9.14238361977329E-15));
#8472=CARTESIAN_POINT('Ctrl Pts',(-5.87572737851286,-40.2798504061001,0.621121254720541));
#8473=CARTESIAN_POINT('Ctrl Pts',(0.,-41.1369581629198,0.62112125472054));
#8474=CARTESIAN_POINT('Ctrl Pts',(5.87572737851284,-40.2798504061001,0.62112125472054));
#8475=CARTESIAN_POINT('Ctrl Pts',(-5.98428233946056,-41.0240267958699,1.26667877810657));
#8476=CARTESIAN_POINT('Ctrl Pts',(0.,-41.8969697494364,1.26667877810657));
#8477=CARTESIAN_POINT('Ctrl Pts',(5.98428233946054,-41.0240267958699,1.26667877810657));
#8478=CARTESIAN_POINT('',(-5.28075973593385,-39.8210412067979,0.190639171882045));
#8479=CARTESIAN_POINT('Ctrl Pts',(-5.76424151505493,-39.5155818120699,2.75647560332715E-14));
#8480=CARTESIAN_POINT('Ctrl Pts',(-5.6055295021254,-39.620264287446,0.0648794896070374));
#8481=CARTESIAN_POINT('Ctrl Pts',(-5.44434631889148,-39.722232307251,0.128542159920115));
#8482=CARTESIAN_POINT('Ctrl Pts',(-5.28075973593387,-39.821041206798,0.190639171882062));
#8483=CARTESIAN_POINT('',(5.28075973593385,-39.8210412067979,0.190639171882045));
#8484=CARTESIAN_POINT('Ctrl Pts',(5.28075973593386,-39.8210412067979,0.190639171882055));
#8485=CARTESIAN_POINT('Ctrl Pts',(5.44246973557031,-39.7233657934423,0.129254505730104));
#8486=CARTESIAN_POINT('Ctrl Pts',(5.60362465532993,-39.6215206767645,0.0656581671978836));
#8487=CARTESIAN_POINT('Ctrl Pts',(5.76424151505491,-39.5155818120699,1.35655375821386E-14));
#8488=CARTESIAN_POINT('Ctrl Pts',(5.2807597359339,-39.8210412067979,0.190639171882054));
#8489=CARTESIAN_POINT('Ctrl Pts',(4.63459969349003,-40.2113321559134,0.435919727044497));
#8490=CARTESIAN_POINT('Ctrl Pts',(3.94597514871802,-40.5552669523207,0.658789254492776));
#8491=CARTESIAN_POINT('Ctrl Pts',(2.50469170046461,-41.08523928535,1.00732941475395));
#8492=CARTESIAN_POINT('Ctrl Pts',(1.75998417091166,-41.2715065363771,1.13273212171267));
#8493=CARTESIAN_POINT('Ctrl Pts',(-0.00535024573660656,-41.4701816590151,
1.26659657556341));
#8494=CARTESIAN_POINT('Ctrl Pts',(-0.982317769206828,-41.4123553159151,
1.22697760144915));
#8495=CARTESIAN_POINT('Ctrl Pts',(-3.15220184109316,-40.9296477905747,0.904095816144904));
#8496=CARTESIAN_POINT('Ctrl Pts',(-4.26770235601203,-40.4329439868317,0.575192936022036));
#8497=CARTESIAN_POINT('Ctrl Pts',(-5.28075973593389,-39.8210412067979,0.190639171882046));
#8498=CARTESIAN_POINT('Origin',(0.,-52.0581166378279,32.345346184622));
#8499=CARTESIAN_POINT('Origin',(0.,-52.0581166378279,32.345346184622));
#8500=CARTESIAN_POINT('Ctrl Pts',(45.8265344419028,-43.2478113358656,48.9068410197485));
#8501=CARTESIAN_POINT('Ctrl Pts',(45.6554332214649,-43.4274820942829,49.0024214136778));
#8502=CARTESIAN_POINT('Ctrl Pts',(45.4788468493219,-43.6033495608121,49.0922665418489));
#8503=CARTESIAN_POINT('Ctrl Pts',(45.2968115039096,-43.7750473924291,49.1768032154635));
#8504=CARTESIAN_POINT('Ctrl Pts',(45.173330753999,-43.8915158560568,49.2341473088825));
#8505=CARTESIAN_POINT('Ctrl Pts',(45.0473432514226,-44.0060649361795,49.2890493437205));
#8506=CARTESIAN_POINT('Ctrl Pts',(44.9188675092226,-44.1185708360996,49.3416492259194));
#8507=CARTESIAN_POINT('Ctrl Pts',(41.2734452887749,-46.4367006887426,51.4335661196562));
#8508=CARTESIAN_POINT('Ctrl Pts',(41.4969452399126,-46.3156265793807,50.2222984660989));
#8509=CARTESIAN_POINT('Ctrl Pts',(41.7024182798417,-46.1608842440926,49.0100493839656));
#8510=CARTESIAN_POINT('Ctrl Pts',(41.8899175964627,-45.9721633752313,47.7994785403077));
#8511=CARTESIAN_POINT('Ctrl Pts',(42.7387785171278,-45.818771241096,51.7947920133733));
#8512=CARTESIAN_POINT('Ctrl Pts',(42.9704775206995,-45.6973414316956,50.5804347661656));
#8513=CARTESIAN_POINT('Ctrl Pts',(43.1834458362141,-45.5421423672795,49.3651493058416));
#8514=CARTESIAN_POINT('Ctrl Pts',(43.3778034950158,-45.3529288495734,48.1514774607191));
#8515=CARTESIAN_POINT('Ctrl Pts',(44.0711611453915,-44.891274582233,52.1624161870244));
#8516=CARTESIAN_POINT('Ctrl Pts',(44.3091061165736,-44.767346351187,50.9518928318724));
#8517=CARTESIAN_POINT('Ctrl Pts',(44.5277757717576,-44.6099950440561,49.7406202437787));
#8518=CARTESIAN_POINT('Ctrl Pts',(44.7273099739561,-44.4189972848903,48.531090934138));
#8519=CARTESIAN_POINT('Ctrl Pts',(45.1625521850176,-43.7294200805234,52.5066285257877));
#8520=CARTESIAN_POINT('Ctrl Pts',(45.4033992866062,-43.6016686550144,51.3063074440065));
#8521=CARTESIAN_POINT('Ctrl Pts',(45.6246926209627,-43.4412126907217,50.1055412291977));
#8522=CARTESIAN_POINT('Ctrl Pts',(45.8265344474215,-43.2478113305778,48.9068409869743));
#8523=CARTESIAN_POINT('Ctrl Pts',(-27.6908153444749,-43.8501684507247,79.7272567036566));
#8524=CARTESIAN_POINT('Ctrl Pts',(-25.4319847097139,-42.2125262695498,84.3111375343339));
#8525=CARTESIAN_POINT('Ctrl Pts',(-21.0088157331195,-38.7620720459417,91.2206694148136));
#8526=CARTESIAN_POINT('Ctrl Pts',(-12.8370904446594,-33.7887327937857,98.2188513811064));
#8527=CARTESIAN_POINT('Ctrl Pts',(-7.13492328800036,-31.8267208885558,100.482951473882));
#8528=CARTESIAN_POINT('Ctrl Pts',(-4.13814705838771,-31.3528110294888,101.025293025947));
#8529=CARTESIAN_POINT('Ctrl Pts',(-30.0225595925585,-43.4055777400773,80.9716987798687));
#8530=CARTESIAN_POINT('Ctrl Pts',(-27.5499099219931,-41.6459299226627,85.6038747690708));
#8531=CARTESIAN_POINT('Ctrl Pts',(-22.7230138212651,-37.9926248408785,92.53908170046));
#8532=CARTESIAN_POINT('Ctrl Pts',(-13.8554319645163,-32.7965864797177,99.492941416753));
#8533=CARTESIAN_POINT('Ctrl Pts',(-7.69522148144837,-30.760711253548,101.73027854564));
#8534=CARTESIAN_POINT('Ctrl Pts',(-4.46241235124961,-30.2685706659594,102.266095660283));
#8535=CARTESIAN_POINT('Ctrl Pts',(-32.3466365147742,-42.086641334681,81.8991568692115));
#8536=CARTESIAN_POINT('Ctrl Pts',(-29.6628223462388,-40.3262978688483,86.5505934563578));
#8537=CARTESIAN_POINT('Ctrl Pts',(-24.4346850562833,-36.6681590359929,93.5123303923794));
#8538=CARTESIAN_POINT('Ctrl Pts',(-14.873286065021,-31.4577123284562,100.489252720915));
#8539=CARTESIAN_POINT('Ctrl Pts',(-8.25519763168541,-29.4108052060659,102.733475832798));
#8540=CARTESIAN_POINT('Ctrl Pts',(-4.78651112748689,-28.9155879704126,103.270941690268));
#8541=CARTESIAN_POINT('Ctrl Pts',(-34.1742454874197,-40.1707583737031,82.3145676808813));
#8542=CARTESIAN_POINT('Ctrl Pts',(-31.3757754632325,-38.5032112531861,86.9718288143055));
#8543=CARTESIAN_POINT('Ctrl Pts',(-25.8963314235301,-34.9901788236429,93.9919708000558));
#8544=CARTESIAN_POINT('Ctrl Pts',(-15.7904030969924,-29.9139746367901,101.102182011945));
#8545=CARTESIAN_POINT('Ctrl Pts',(-8.76548793485018,-27.8981328315966,103.402526578866));
#8546=CARTESIAN_POINT('Ctrl Pts',(-5.082614679537,-27.4100366606534,103.953550116514));
#8547=CARTESIAN_POINT('Origin',(0.,-9.15574714786115,48.9853213073748));
#8548=CARTESIAN_POINT('Origin',(0.,-33.4936925554081,46.4962963822347));
#8549=CARTESIAN_POINT('Origin',(0.,0.,7.00000151991844));
#8550=CARTESIAN_POINT('Origin',(-18.9071013475157,0.,31.0928986524843));
#8551=CARTESIAN_POINT('',(-56.000000834465,0.,38.0000005662441));
#8552=CARTESIAN_POINT('Origin',(-9.48605173597543,0.,56.7363611178001));
#8553=CARTESIAN_POINT('',(-54.7629356699372,0.,78.2909997991952));
#8554=CARTESIAN_POINT('Origin',(-8.55452669058581,0.,46.3535586453813));
#8555=CARTESIAN_POINT('Origin',(18.9071013475157,0.,31.0928986524843));
#8556=CARTESIAN_POINT('',(56.000000834465,0.,38.0000005662441));
#8557=CARTESIAN_POINT('Origin',(8.55452669058581,0.,46.3535586453813));
#8558=CARTESIAN_POINT('',(54.7629356699406,0.,78.2909997991976));
#8559=CARTESIAN_POINT('Origin',(9.48605173597543,0.,56.7363611178001));
#8560=CARTESIAN_POINT('Ctrl Pts',(53.7899141081502,-1.38777878078145E-16,
125.039661046931));
#8561=CARTESIAN_POINT('Ctrl Pts',(53.7899141081502,0.433412205408976,125.039661046931));
#8562=CARTESIAN_POINT('Ctrl Pts',(53.7502902545924,1.29982359544265,124.827635125241));
#8563=CARTESIAN_POINT('Ctrl Pts',(53.5663435033318,2.65032585361989,123.866809735112));
#8564=CARTESIAN_POINT('Ctrl Pts',(53.2438711921741,3.74268853606962,122.264059911586));
#8565=CARTESIAN_POINT('Ctrl Pts',(52.8637938248846,4.38767230449976,120.522270974183));
#8566=CARTESIAN_POINT('Ctrl Pts',(52.5378058086531,4.71591655318311,119.114367248308));
#8567=CARTESIAN_POINT('Ctrl Pts',(52.2814135985093,4.88321833730168,118.048401250107));
#8568=CARTESIAN_POINT('Ctrl Pts',(52.0152955021841,4.97894102033671,116.98287002568));
#8569=CARTESIAN_POINT('Ctrl Pts',(51.8320758515896,4.99967049017527,116.275587419044));
#8570=CARTESIAN_POINT('Ctrl Pts',(51.7378915067644,4.99999759505501,115.91845738178));
#8571=CARTESIAN_POINT('Ctrl Pts',(51.7364304704565,5.,115.912918928591));
#8572=CARTESIAN_POINT('Ctrl Pts',(51.7349691085602,5.,115.907380796929));
#8573=CARTESIAN_POINT('Ctrl Pts',(53.7085528393467,3.05964325799468E-16,
125.225168004339));
#8574=CARTESIAN_POINT('Ctrl Pts',(53.7085528393467,0.465057665140387,125.225168004339));
#8575=CARTESIAN_POINT('Ctrl Pts',(53.662144735442,1.38898349604671,124.981455343003));
#8576=CARTESIAN_POINT('Ctrl Pts',(53.4644257516795,2.75468478117201,123.946141597837));
#8577=CARTESIAN_POINT('Ctrl Pts',(53.1460483729381,3.80970357296965,122.299592188438));
#8578=CARTESIAN_POINT('Ctrl Pts',(52.7869343044337,4.42305888599827,120.540253706003));
#8579=CARTESIAN_POINT('Ctrl Pts',(52.4823628899372,4.73288136518673,119.124633609759));
#8580=CARTESIAN_POINT('Ctrl Pts',(52.243716719113,4.89038776833745,118.054630306077));
#8581=CARTESIAN_POINT('Ctrl Pts',(51.9962027167345,4.98024231903292,116.985935943832));
#8582=CARTESIAN_POINT('Ctrl Pts',(51.8255616674344,4.99969024964192,116.27667942465));
#8583=CARTESIAN_POINT('Ctrl Pts',(51.7376956431289,4.99999775465353,115.918490382767));
#8584=CARTESIAN_POINT('Ctrl Pts',(51.7363325345065,5.,115.912935420934));
#8585=CARTESIAN_POINT('Ctrl Pts',(51.7349691085602,5.,115.907380796929));
#8586=CARTESIAN_POINT('Ctrl Pts',(53.4304377786043,1.20065322256453E-15,
125.54378733686));
#8587=CARTESIAN_POINT('Ctrl Pts',(53.4304377786043,0.517050867259427,125.54378733686));
#8588=CARTESIAN_POINT('Ctrl Pts',(53.3833907002871,1.53434053309336,125.2432479735));
#8589=CARTESIAN_POINT('Ctrl Pts',(53.1996546585526,2.9168006578446,124.079068627251));
#8590=CARTESIAN_POINT('Ctrl Pts',(52.9256752967533,3.90902360124235,122.361203398));
#8591=CARTESIAN_POINT('Ctrl Pts',(52.624490566936,4.47467867186063,120.573053242807));
#8592=CARTESIAN_POINT('Ctrl Pts',(52.3687760034973,4.75732101125934,119.144237253435));
#8593=CARTESIAN_POINT('Ctrl Pts',(52.1677631717868,4.90066982556353,118.066886913693));
#8594=CARTESIAN_POINT('Ctrl Pts',(51.9581018051156,4.98209587704627,116.9920803209));
#8595=CARTESIAN_POINT('Ctrl Pts',(51.8125426968914,4.99971891216288,116.278864470208));
#8596=CARTESIAN_POINT('Ctrl Pts',(51.7373038192478,4.99999797802978,115.918556374103));
#8597=CARTESIAN_POINT('Ctrl Pts',(51.7361366626064,5.,115.912968405619));
#8598=CARTESIAN_POINT('Ctrl Pts',(51.7349691085602,5.,115.907380796929));
#8599=CARTESIAN_POINT('Ctrl Pts',(52.7089899066957,2.24462460665234E-15,
125.726313399163));
#8600=CARTESIAN_POINT('Ctrl Pts',(52.7089899066957,0.537315967667153,125.726313399163));
#8601=CARTESIAN_POINT('Ctrl Pts',(52.6925104154199,1.59068856838408,125.400567626502));
#8602=CARTESIAN_POINT('Ctrl Pts',(52.6230388168572,2.97744863190368,124.178398916979));
#8603=CARTESIAN_POINT('Ctrl Pts',(52.496010399656,3.94485368766058,122.424784796136));
#8604=CARTESIAN_POINT('Ctrl Pts',(52.3242019331366,4.49306715355879,120.61658924494));
#8605=CARTESIAN_POINT('Ctrl Pts',(52.1647264952801,4.76593916481055,119.174495835271));
#8606=CARTESIAN_POINT('Ctrl Pts',(52.0333693845835,4.90428330673537,118.087542222323));
#8607=CARTESIAN_POINT('Ctrl Pts',(51.8912868604798,4.98274454911489,117.002920108603));
#8608=CARTESIAN_POINT('Ctrl Pts',(51.7897434583488,4.99972924420267,116.282698645316));
#8609=CARTESIAN_POINT('Ctrl Pts',(51.7366182916242,4.99999805308496,115.918671752293));
#8610=CARTESIAN_POINT('Ctrl Pts',(51.7357938867812,5.,115.913026128819));
#8611=CARTESIAN_POINT('Ctrl Pts',(51.7349691085602,5.,115.907380796929));
#8612=CARTESIAN_POINT('Ctrl Pts',(52.2214448043002,2.16619973061257E-15,
125.454298245134));
#8613=CARTESIAN_POINT('Ctrl Pts',(52.2214448043002,0.481315404343058,125.454298245134));
#8614=CARTESIAN_POINT('Ctrl Pts',(52.2251270790232,1.43467420451179,125.191663110738));
#8615=CARTESIAN_POINT('Ctrl Pts',(52.2287656667893,2.80767152077738,124.107303308214));
#8616=CARTESIAN_POINT('Ctrl Pts',(52.1961138201465,3.84338179371041,122.422259055518));
#8617=CARTESIAN_POINT('Ctrl Pts',(52.1127656070019,4.44078088018331,120.631749124314));
#8618=CARTESIAN_POINT('Ctrl Pts',(52.0201804891507,4.74134802647954,119.191004761998));
#8619=CARTESIAN_POINT('Ctrl Pts',(51.9379325592152,4.89395611721953,118.100898334654));
#8620=CARTESIAN_POINT('Ctrl Pts',(51.8437653391836,4.98088235122274,117.010484233875));
#8621=CARTESIAN_POINT('Ctrl Pts',(51.7734817500519,4.99969905481311,116.285418077801));
#8622=CARTESIAN_POINT('Ctrl Pts',(51.736128388368,4.99999784545189,115.918754362231));
#8623=CARTESIAN_POINT('Ctrl Pts',(51.7355490469061,5.,115.913067359675));
#8624=CARTESIAN_POINT('Ctrl Pts',(51.7349691085602,5.,115.907380796929));
#8625=CARTESIAN_POINT('Ctrl Pts',(52.0495442566127,1.83193261341379E-15,
125.20375224507));
#8626=CARTESIAN_POINT('Ctrl Pts',(52.0495442566127,0.433412205408923,125.20375224507));
#8627=CARTESIAN_POINT('Ctrl Pts',(52.051009114123,1.29982359544267,124.990666453025));
#8628=CARTESIAN_POINT('Ctrl Pts',(52.0530437130051,2.65032585361993,124.023564494507));
#8629=CARTESIAN_POINT('Ctrl Pts',(52.0399422178501,3.74268853606954,122.40507388608));
#8630=CARTESIAN_POINT('Ctrl Pts',(51.9937481981017,4.38767230449973,120.636091700677));
#8631=CARTESIAN_POINT('Ctrl Pts',(51.9356376201419,4.71591655318309,119.199774153375));
#8632=CARTESIAN_POINT('Ctrl Pts',(51.8809003585168,4.88321833730167,118.109009018976));
#8633=CARTESIAN_POINT('Ctrl Pts',(51.8150119030886,4.9789410203367,117.015314025475));
#8634=CARTESIAN_POINT('Ctrl Pts',(51.7636978210902,4.99967049017527,116.287082629274));
#8635=CARTESIAN_POINT('Ctrl Pts',(51.7358347225521,4.99999759505501,115.918803590671));
#8636=CARTESIAN_POINT('Ctrl Pts',(51.7354021429811,5.,115.913092098189));
#8637=CARTESIAN_POINT('Ctrl Pts',(51.7349691085602,5.,115.907380796929));
#8638=CARTESIAN_POINT('',(53.7899141081502,-1.38777878078145E-16,125.039661046931));
#8639=CARTESIAN_POINT('',(51.7349691085602,5.,115.907380796929));
#8640=CARTESIAN_POINT('Ctrl Pts',(53.7899141081502,-1.38777878078145E-16,
125.039661046931));
#8641=CARTESIAN_POINT('Ctrl Pts',(53.7899141081502,0.433412205408976,125.039661046931));
#8642=CARTESIAN_POINT('Ctrl Pts',(53.7502902545924,1.29982359544265,124.827635125241));
#8643=CARTESIAN_POINT('Ctrl Pts',(53.5663435033318,2.65032585361989,123.866809735112));
#8644=CARTESIAN_POINT('Ctrl Pts',(53.2438711921741,3.74268853606962,122.264059911586));
#8645=CARTESIAN_POINT('Ctrl Pts',(52.8637938248846,4.38767230449976,120.522270974183));
#8646=CARTESIAN_POINT('Ctrl Pts',(52.5378058086531,4.71591655318311,119.114367248308));
#8647=CARTESIAN_POINT('Ctrl Pts',(52.2814135985093,4.88321833730168,118.048401250107));
#8648=CARTESIAN_POINT('Ctrl Pts',(52.0152955021841,4.97894102033671,116.98287002568));
#8649=CARTESIAN_POINT('Ctrl Pts',(51.8320758515896,4.99967049017527,116.275587419044));
#8650=CARTESIAN_POINT('Ctrl Pts',(51.7378915067644,4.99999759505501,115.91845738178));
#8651=CARTESIAN_POINT('Ctrl Pts',(51.7364304704565,5.,115.912918928591));
#8652=CARTESIAN_POINT('Ctrl Pts',(51.7349691085602,5.,115.907380796929));
#8653=CARTESIAN_POINT('',(52.0495442566127,6.80011602582908E-15,125.20375224507));
#8654=CARTESIAN_POINT('Ctrl Pts',(51.7349691085602,5.,115.907380796929));
#8655=CARTESIAN_POINT('Ctrl Pts',(51.7354021429811,5.,115.913092098189));
#8656=CARTESIAN_POINT('Ctrl Pts',(51.7358347225521,4.99999759505501,115.918803590671));
#8657=CARTESIAN_POINT('Ctrl Pts',(51.7636978210902,4.99967049017527,116.287082629274));
#8658=CARTESIAN_POINT('Ctrl Pts',(51.8150119030886,4.9789410203367,117.015314025475));
#8659=CARTESIAN_POINT('Ctrl Pts',(51.8809003585168,4.88321833730167,118.109009018976));
#8660=CARTESIAN_POINT('Ctrl Pts',(51.9356376201419,4.71591655318309,119.199774153375));
#8661=CARTESIAN_POINT('Ctrl Pts',(51.9937481981017,4.38767230449973,120.636091700677));
#8662=CARTESIAN_POINT('Ctrl Pts',(52.0399422178501,3.74268853606954,122.40507388608));
#8663=CARTESIAN_POINT('Ctrl Pts',(52.0530437130051,2.65032585361993,124.023564494507));
#8664=CARTESIAN_POINT('Ctrl Pts',(52.051009114123,1.29982359544267,124.990666453025));
#8665=CARTESIAN_POINT('Ctrl Pts',(52.0495442566127,0.433412205408923,125.20375224507));
#8666=CARTESIAN_POINT('Ctrl Pts',(52.0495442566127,1.83193261341379E-15,
125.20375224507));
#8667=CARTESIAN_POINT('Origin',(52.8741232993482,-6.93889390390723E-17,
124.638005479917));
#8668=CARTESIAN_POINT('Origin',(50.1576908053477,0.,113.60848893665));
#8669=CARTESIAN_POINT('',(50.1576908053477,5.,113.60848893665));
#8670=CARTESIAN_POINT('',(46.0347955916703,0.,116.437222762416));
#8671=CARTESIAN_POINT('Origin',(1.64877757174001,0.,102.171143958732));
#8672=CARTESIAN_POINT('Origin',(1.64877757174001,0.,102.171143958732));
#8673=CARTESIAN_POINT('Origin',(1.64877757174001,5.,102.171143958732));
#8674=CARTESIAN_POINT('Origin',(46.4473813392192,5.,101.118955450752));
#8675=CARTESIAN_POINT('Ctrl Pts',(-50.8314948872267,3.28209681654812E-14,
125.20375224507));
#8676=CARTESIAN_POINT('Ctrl Pts',(-50.8314948872267,0.433417955779372,125.20375224507));
#8677=CARTESIAN_POINT('Ctrl Pts',(-50.8329753071425,1.2998155646772,124.989101104959));
#8678=CARTESIAN_POINT('Ctrl Pts',(-50.8344525249684,2.31229150251103,124.268715871108));
#8679=CARTESIAN_POINT('Ctrl Pts',(-50.8298227470905,3.08795865650119,123.368227091442));
#8680=CARTESIAN_POINT('Ctrl Pts',(-50.8169228533179,3.67617297565052,122.383155862863));
#8681=CARTESIAN_POINT('Ctrl Pts',(-50.7941515434182,4.13091267142485,121.340231409949));
#8682=CARTESIAN_POINT('Ctrl Pts',(-50.7502544745279,4.58200428949723,119.923410612253));
#8683=CARTESIAN_POINT('Ctrl Pts',(-50.668509731971,4.91840376137767,118.111238693255));
#8684=CARTESIAN_POINT('Ctrl Pts',(-50.5730676653441,4.99938520106878,116.649432436627));
#8685=CARTESIAN_POINT('Ctrl Pts',(-50.5177763620915,4.9999974890676,115.918685120141));
#8686=CARTESIAN_POINT('Ctrl Pts',(-50.5173482726557,5.,115.913032735194));
#8687=CARTESIAN_POINT('Ctrl Pts',(-50.5169197391742,5.,115.907380796929));
#8688=CARTESIAN_POINT('Ctrl Pts',(-50.9460952523518,3.38417317282574E-14,
125.370782911779));
#8689=CARTESIAN_POINT('Ctrl Pts',(-50.9460952523518,0.465063835372272,125.370782911779));
#8690=CARTESIAN_POINT('Ctrl Pts',(-50.9489142659695,1.38874548805455,125.1235286606));
#8691=CARTESIAN_POINT('Ctrl Pts',(-50.9507470463229,2.41338631392653,124.344867682804));
#8692=CARTESIAN_POINT('Ctrl Pts',(-50.941178452824,3.17623430737588,123.407396422894));
#8693=CARTESIAN_POINT('Ctrl Pts',(-50.9188344984753,3.74412294476995,122.399390056475));
#8694=CARTESIAN_POINT('Ctrl Pts',(-50.8829735632605,4.17880160848136,121.343497393385));
#8695=CARTESIAN_POINT('Ctrl Pts',(-50.818413424123,4.60675291581901,119.91795637278));
#8696=CARTESIAN_POINT('Ctrl Pts',(-50.7066865813795,4.92344178141895,118.105115097874));
#8697=CARTESIAN_POINT('Ctrl Pts',(-50.5858034182953,4.99941093103315,116.647269540478));
#8698=CARTESIAN_POINT('Ctrl Pts',(-50.5179701671185,4.99999771389921,115.918652613688));
#8699=CARTESIAN_POINT('Ctrl Pts',(-50.5174451906641,5.,115.913016414272));
#8700=CARTESIAN_POINT('Ctrl Pts',(-50.5169197391742,5.,115.907380796929));
#8701=CARTESIAN_POINT('Ctrl Pts',(-51.2788621279474,3.16895747141427E-14,
125.631805449575));
#8702=CARTESIAN_POINT('Ctrl Pts',(-51.2788621279474,0.517057727319893,125.631805449575));
#8703=CARTESIAN_POINT('Ctrl Pts',(-51.2726125486023,1.53372619477453,125.327845024567));
#8704=CARTESIAN_POINT('Ctrl Pts',(-51.247138150102,2.57224239189507,124.452490940614));
#8705=CARTESIAN_POINT('Ctrl Pts',(-51.2048261728119,3.31129305841889,123.457097351191));
#8706=CARTESIAN_POINT('Ctrl Pts',(-51.1469362257582,3.8457943961087,122.414843221972));
#8707=CARTESIAN_POINT('Ctrl Pts',(-51.0736287042124,4.24927743371972,121.340842946557));
#8708=CARTESIAN_POINT('Ctrl Pts',(-50.9584761921852,4.64241513710356,119.904312779612));
#8709=CARTESIAN_POINT('Ctrl Pts',(-50.782661560904,4.9305676863734,118.093011373556));
#8710=CARTESIAN_POINT('Ctrl Pts',(-50.6112331073579,4.99944208655131,116.642959453087));
#8711=CARTESIAN_POINT('Ctrl Pts',(-50.5183579982771,4.99999806475676,115.918587517628));
#8712=CARTESIAN_POINT('Ctrl Pts',(-50.5176390266809,5.,115.912983772428));
#8713=CARTESIAN_POINT('Ctrl Pts',(-50.5169197391742,5.,115.907380796929));
#8714=CARTESIAN_POINT('Ctrl Pts',(-52.0217120905102,1.45913872249595E-14,
125.676270097792));
#8715=CARTESIAN_POINT('Ctrl Pts',(-52.0217120905102,0.537323096598175,125.676270097792));
#8716=CARTESIAN_POINT('Ctrl Pts',(-51.9807673354784,1.58993049639151,125.350973250807));
#8717=CARTESIAN_POINT('Ctrl Pts',(-51.8632622868389,2.63219347207422,124.442098143616));
#8718=CARTESIAN_POINT('Ctrl Pts',(-51.7281731312755,3.36125004335983,123.429565998875));
#8719=CARTESIAN_POINT('Ctrl Pts',(-51.582894613808,3.88275622438847,122.379709988524));
#8720=CARTESIAN_POINT('Ctrl Pts',(-51.4274299999134,4.27456501949726,121.304627342838));
#8721=CARTESIAN_POINT('Ctrl Pts',(-51.2101102321585,4.65499517907488,119.871960525541));
#8722=CARTESIAN_POINT('Ctrl Pts',(-50.9161316787034,4.93304729966014,118.072236795729));
#8723=CARTESIAN_POINT('Ctrl Pts',(-50.6557936413627,4.99945201560009,116.635469642877));
#8724=CARTESIAN_POINT('Ctrl Pts',(-50.5190363940886,4.99999819273769,115.918473319087));
#8725=CARTESIAN_POINT('Ctrl Pts',(-50.5179782397103,5.,115.9129266492));
#8726=CARTESIAN_POINT('Ctrl Pts',(-50.5169197391742,5.,115.907380796929));
#8727=CARTESIAN_POINT('Ctrl Pts',(-52.449822835559,-4.03292408187046E-15,
125.317921483043));
#8728=CARTESIAN_POINT('Ctrl Pts',(-52.449822835559,0.481321790277046,125.317921483043));
#8729=CARTESIAN_POINT('Ctrl Pts',(-52.399547637704,1.43430661532131,125.056688599828));
#8730=CARTESIAN_POINT('Ctrl Pts',(-52.2462982376714,2.46480632912269,124.256189257302));
#8731=CARTESIAN_POINT('Ctrl Pts',(-52.0662900270311,3.22087532080234,123.309745111115));
#8732=CARTESIAN_POINT('Ctrl Pts',(-51.8730341110235,3.77832069153617,122.301390451897));
#8733=CARTESIAN_POINT('Ctrl Pts',(-51.6681086329966,4.2028043997316,121.251881360762));
#8734=CARTESIAN_POINT('Ctrl Pts',(-51.38546555726,4.61908780660636,119.841398970273));
#8735=CARTESIAN_POINT('Ctrl Pts',(-51.0105628621366,4.92591175603723,118.057026518721));
#8736=CARTESIAN_POINT('Ctrl Pts',(-50.6875230160331,4.99941855092353,116.630085097511));
#8737=CARTESIAN_POINT('Ctrl Pts',(-50.5195214878597,4.99999785400713,115.918391930418));
#8738=CARTESIAN_POINT('Ctrl Pts',(-50.5182205347313,5.,115.912885846895));
#8739=CARTESIAN_POINT('Ctrl Pts',(-50.5169197391742,5.,115.907380796929));
#8740=CARTESIAN_POINT('Ctrl Pts',(-52.5718647387643,-1.33646628206522E-14,
125.039661046931));
#8741=CARTESIAN_POINT('Ctrl Pts',(-52.5718647387643,0.433417955779078,125.039661046931));
#8742=CARTESIAN_POINT('Ctrl Pts',(-52.5319549326049,1.29981556467708,124.82607579856));
#8743=CARTESIAN_POINT('Ctrl Pts',(-52.3948983477768,2.31229150251087,124.1103785702));
#8744=CARTESIAN_POINT('Ctrl Pts',(-52.2178447119352,3.08795865650108,123.217802611294));
#8745=CARTESIAN_POINT('Ctrl Pts',(-52.017300861215,3.67617297565041,122.2438571544));
#8746=CARTESIAN_POINT('Ctrl Pts',(-51.7970908397678,4.13091267142477,121.215565471524));
#8747=CARTESIAN_POINT('Ctrl Pts',(-51.4868560586025,4.58200428949717,119.822645911691));
#8748=CARTESIAN_POINT('Ctrl Pts',(-51.0684462092348,4.91840376137763,118.048916425336));
#8749=CARTESIAN_POINT('Ctrl Pts',(-50.706698292705,4.99938520106878,116.626966353965));
#8750=CARTESIAN_POINT('Ctrl Pts',(-50.5198118169512,4.9999974890676,115.918342505833));
#8751=CARTESIAN_POINT('Ctrl Pts',(-50.5183659117439,5.,115.912861365512));
#8752=CARTESIAN_POINT('Ctrl Pts',(-50.5169197391742,5.,115.907380796929));
#8753=CARTESIAN_POINT('',(-50.8314948872267,3.28209681654812E-14,125.20375224507));
#8754=CARTESIAN_POINT('',(-50.5169197391742,5.,115.907380796929));
#8755=CARTESIAN_POINT('Ctrl Pts',(-50.8314948872267,3.28209681654812E-14,
125.20375224507));
#8756=CARTESIAN_POINT('Ctrl Pts',(-50.8314948872267,0.433417955779372,125.20375224507));
#8757=CARTESIAN_POINT('Ctrl Pts',(-50.8329753071425,1.2998155646772,124.989101104959));
#8758=CARTESIAN_POINT('Ctrl Pts',(-50.8344525249684,2.31229150251103,124.268715871108));
#8759=CARTESIAN_POINT('Ctrl Pts',(-50.8298227470905,3.08795865650119,123.368227091442));
#8760=CARTESIAN_POINT('Ctrl Pts',(-50.8169228533179,3.67617297565052,122.383155862863));
#8761=CARTESIAN_POINT('Ctrl Pts',(-50.7941515434182,4.13091267142485,121.340231409949));
#8762=CARTESIAN_POINT('Ctrl Pts',(-50.7502544745279,4.58200428949723,119.923410612253));
#8763=CARTESIAN_POINT('Ctrl Pts',(-50.668509731971,4.91840376137767,118.111238693255));
#8764=CARTESIAN_POINT('Ctrl Pts',(-50.5730676653441,4.99938520106878,116.649432436627));
#8765=CARTESIAN_POINT('Ctrl Pts',(-50.5177763620915,4.9999974890676,115.918685120141));
#8766=CARTESIAN_POINT('Ctrl Pts',(-50.5173482726557,5.,115.913032735194));
#8767=CARTESIAN_POINT('Ctrl Pts',(-50.5169197391742,5.,115.907380796929));
#8768=CARTESIAN_POINT('',(-52.5718647387643,-1.38777878078145E-16,125.039661046931));
#8769=CARTESIAN_POINT('Ctrl Pts',(-50.5169197391742,5.,115.907380796929));
#8770=CARTESIAN_POINT('Ctrl Pts',(-50.5183659117439,5.,115.912861365512));
#8771=CARTESIAN_POINT('Ctrl Pts',(-50.5198118169512,4.9999974890676,115.918342505833));
#8772=CARTESIAN_POINT('Ctrl Pts',(-50.706698292705,4.99938520106878,116.626966353965));
#8773=CARTESIAN_POINT('Ctrl Pts',(-51.0684462092348,4.91840376137763,118.048916425336));
#8774=CARTESIAN_POINT('Ctrl Pts',(-51.4868560586025,4.58200428949717,119.822645911691));
#8775=CARTESIAN_POINT('Ctrl Pts',(-51.7970908397678,4.13091267142477,121.215565471524));
#8776=CARTESIAN_POINT('Ctrl Pts',(-52.017300861215,3.67617297565041,122.2438571544));
#8777=CARTESIAN_POINT('Ctrl Pts',(-52.2178447119352,3.08795865650108,123.217802611294));
#8778=CARTESIAN_POINT('Ctrl Pts',(-52.3948983477768,2.31229150251087,124.1103785702));
#8779=CARTESIAN_POINT('Ctrl Pts',(-52.5319549326049,1.29981556467708,124.82607579856));
#8780=CARTESIAN_POINT('Ctrl Pts',(-52.5718647387643,0.433417955779078,125.039661046931));
#8781=CARTESIAN_POINT('Ctrl Pts',(-52.5718647387643,-1.33646628206522E-14,
125.039661046931));
#8782=CARTESIAN_POINT('Origin',(-51.6560739299622,-2.08166817117217E-16,
124.638005479917));
#8783=CARTESIAN_POINT('Origin',(-0.430728202354059,0.,102.171143958732));
#8784=CARTESIAN_POINT('Origin',(-0.430728202354059,5.,102.171143958732));
#8785=CARTESIAN_POINT('Origin',(-0.430728202354059,0.,102.171143958732));
#8786=CARTESIAN_POINT('Origin',(-38.8164942995685,0.,98.8539459337643));
#8787=CARTESIAN_POINT('',(-34.6935990858911,0.,101.682679759531));
#8788=CARTESIAN_POINT('',(-38.8164942995685,5.,98.8539459337643));
#8789=CARTESIAN_POINT('Origin',(-45.2293319698332,5.,101.118955450752));
#8790=CARTESIAN_POINT('Ctrl Pts',(52.6608787546868,-8.,122.559625089732));
#8791=CARTESIAN_POINT('Ctrl Pts',(52.6626028628136,-8.,122.563302501298));
#8792=CARTESIAN_POINT('Ctrl Pts',(52.6643264162259,-7.99999209818016,122.566979145807));
#8793=CARTESIAN_POINT('Ctrl Pts',(52.7569052671347,-7.99938197010921,122.764500911861));
#8794=CARTESIAN_POINT('Ctrl Pts',(53.028597769645,-7.93862763979679,123.348063746437));
#8795=CARTESIAN_POINT('Ctrl Pts',(53.3833618616488,-7.63735629923633,124.12683341055));
#8796=CARTESIAN_POINT('Ctrl Pts',(53.65355160154,-7.02390058086703,124.731779937256));
#8797=CARTESIAN_POINT('Ctrl Pts',(53.7657267677833,-6.49665335477527,124.984888000518));
#8798=CARTESIAN_POINT('Ctrl Pts',(53.7899141081502,-6.16575461487017,125.039661046931));
#8799=CARTESIAN_POINT('Ctrl Pts',(53.7899141081502,-6.,125.039661046931));
#8800=CARTESIAN_POINT('Ctrl Pts',(52.6608787546868,-8.,122.559625089732));
#8801=CARTESIAN_POINT('Ctrl Pts',(52.6620944377482,-8.00001332041428,122.563330577454));
#8802=CARTESIAN_POINT('Ctrl Pts',(52.6633509017855,-7.99997873091507,122.567119437889));
#8803=CARTESIAN_POINT('Ctrl Pts',(52.7288633685838,-8.00012318263909,122.76658503871));
#8804=CARTESIAN_POINT('Ctrl Pts',(52.9235294733511,-7.95425359356426,123.362196816113));
#8805=CARTESIAN_POINT('Ctrl Pts',(53.1883747177902,-7.74586458977083,124.16500537031));
#8806=CARTESIAN_POINT('Ctrl Pts',(53.4496055516545,-7.23230028359785,124.898742032642));
#8807=CARTESIAN_POINT('Ctrl Pts',(53.5903605463325,-6.6689596324956,125.298327910184));
#8808=CARTESIAN_POINT('Ctrl Pts',(53.6274079898091,-6.22797791312979,125.411837358221));
#8809=CARTESIAN_POINT('Ctrl Pts',(53.6271915705432,-6.,125.410674961747));
#8810=CARTESIAN_POINT('Ctrl Pts',(52.6608787546868,-8.,122.559625089732));
#8811=CARTESIAN_POINT('Ctrl Pts',(52.6612406758027,-8.00000912408411,122.563397264591));
#8812=CARTESIAN_POINT('Ctrl Pts',(52.6616038022013,-7.99998449493265,122.56734529712));
#8813=CARTESIAN_POINT('Ctrl Pts',(52.6810146417903,-8.00020202521423,122.770848459662));
#8814=CARTESIAN_POINT('Ctrl Pts',(52.7373101620238,-7.9668453185374,123.385521350756));
#8815=CARTESIAN_POINT('Ctrl Pts',(52.8055271012449,-7.82827744460708,124.215559814557));
#8816=CARTESIAN_POINT('Ctrl Pts',(52.8627505728296,-7.42251234800446,125.086283648528));
#8817=CARTESIAN_POINT('Ctrl Pts',(52.8987696502695,-6.84310422035971,125.658084919657));
#8818=CARTESIAN_POINT('Ctrl Pts',(52.9111322876257,-6.29157245947312,125.84466026223));
#8819=CARTESIAN_POINT('Ctrl Pts',(52.910912942648,-5.99999999999999,125.842166388616));
#8820=CARTESIAN_POINT('Ctrl Pts',(52.6608787546868,-8.,122.559625089732));
#8821=CARTESIAN_POINT('Ctrl Pts',(52.6603808986712,-8.00000999031071,122.563528496774));
#8822=CARTESIAN_POINT('Ctrl Pts',(52.6598631801502,-7.99998207273134,122.567497796147));
#8823=CARTESIAN_POINT('Ctrl Pts',(52.6329811364613,-7.99993787950662,122.777489347111));
#8824=CARTESIAN_POINT('Ctrl Pts',(52.5510863547178,-7.9503471051224,123.401674059131));
#8825=CARTESIAN_POINT('Ctrl Pts',(52.4293182593184,-7.7187375171372,124.237423319518));
#8826=CARTESIAN_POINT('Ctrl Pts',(52.3019591759489,-7.18020035791513,124.972623716699));
#8827=CARTESIAN_POINT('Ctrl Pts',(52.2368396957542,-6.62588306306551,125.352251298055));
#8828=CARTESIAN_POINT('Ctrl Pts',(52.221445015593,-6.21242208856488,125.455187325808));
#8829=CARTESIAN_POINT('Ctrl Pts',(52.2214448043002,-5.99999999999999,125.454298245134));
#8830=CARTESIAN_POINT('Ctrl Pts',(52.6608787546868,-8.,122.559625089732));
#8831=CARTESIAN_POINT('Ctrl Pts',(52.6600031187495,-8.,122.563591091038));
#8832=CARTESIAN_POINT('Ctrl Pts',(52.6591275413627,-7.99999209818016,122.56755608444));
#8833=CARTESIAN_POINT('Ctrl Pts',(52.6120784180656,-7.99938197010921,122.780554073523));
#8834=CARTESIAN_POINT('Ctrl Pts',(52.4719215813535,-7.9386276397968,123.40815767753));
#8835=CARTESIAN_POINT('Ctrl Pts',(52.2800361746062,-7.63735629923633,124.23859743442));
#8836=CARTESIAN_POINT('Ctrl Pts',(52.1277370370787,-7.023900580867,124.878891185295));
#8837=CARTESIAN_POINT('Ctrl Pts',(52.0634976108322,-6.49665335477525,125.146021569628));
#8838=CARTESIAN_POINT('Ctrl Pts',(52.0495442566127,-6.16575461487016,125.20375224507));
#8839=CARTESIAN_POINT('Ctrl Pts',(52.0495442566127,-5.99999999999999,125.20375224507));
#8840=CARTESIAN_POINT('',(53.7899141081502,-6.,125.039661046931));
#8841=CARTESIAN_POINT('',(52.0495442566127,-6.,125.20375224507));
#8842=CARTESIAN_POINT('Origin',(52.8741232993482,-6.,124.638005479917));
#8843=CARTESIAN_POINT('',(52.6608787546868,-8.,122.559625089732));
#8844=CARTESIAN_POINT('Ctrl Pts',(52.0495442566127,-5.99999999999999,125.20375224507));
#8845=CARTESIAN_POINT('Ctrl Pts',(52.0495442566127,-6.16575461487016,125.20375224507));
#8846=CARTESIAN_POINT('Ctrl Pts',(52.0634976108322,-6.49665335477525,125.146021569628));
#8847=CARTESIAN_POINT('Ctrl Pts',(52.1277370370787,-7.023900580867,124.878891185295));
#8848=CARTESIAN_POINT('Ctrl Pts',(52.2800361746062,-7.63735629923633,124.23859743442));
#8849=CARTESIAN_POINT('Ctrl Pts',(52.4719215813535,-7.9386276397968,123.40815767753));
#8850=CARTESIAN_POINT('Ctrl Pts',(52.6120784180656,-7.99938197010921,122.780554073523));
#8851=CARTESIAN_POINT('Ctrl Pts',(52.6591275413627,-7.99999209818016,122.56755608444));
#8852=CARTESIAN_POINT('Ctrl Pts',(52.6600031187495,-8.,122.563591091038));
#8853=CARTESIAN_POINT('Ctrl Pts',(52.6608787546868,-8.,122.559625089732));
#8854=CARTESIAN_POINT('Ctrl Pts',(52.6608787546868,-8.,122.559625089732));
#8855=CARTESIAN_POINT('Ctrl Pts',(52.6626028628136,-8.,122.563302501298));
#8856=CARTESIAN_POINT('Ctrl Pts',(52.6643264162259,-7.99999209818016,122.566979145807));
#8857=CARTESIAN_POINT('Ctrl Pts',(52.7569052671347,-7.99938197010921,122.764500911861));
#8858=CARTESIAN_POINT('Ctrl Pts',(53.028597769645,-7.93862763979679,123.348063746437));
#8859=CARTESIAN_POINT('Ctrl Pts',(53.3833618616488,-7.63735629923633,124.12683341055));
#8860=CARTESIAN_POINT('Ctrl Pts',(53.65355160154,-7.02390058086703,124.731779937256));
#8861=CARTESIAN_POINT('Ctrl Pts',(53.7657267677833,-6.49665335477527,124.984888000518));
#8862=CARTESIAN_POINT('Ctrl Pts',(53.7899141081502,-6.16575461487017,125.039661046931));
#8863=CARTESIAN_POINT('Ctrl Pts',(53.7899141081502,-6.,125.039661046931));
#8864=CARTESIAN_POINT('Origin',(52.8741232993482,0.,124.638005479917));
#8865=CARTESIAN_POINT('',(52.0495442566127,0.,125.20375224507));
#8866=CARTESIAN_POINT('',(53.7899141081502,0.,125.039661046931));
#8867=CARTESIAN_POINT('Ctrl Pts',(52.6608787546869,-8.,122.559625089732));
#8868=CARTESIAN_POINT('Ctrl Pts',(52.6608734245237,-8.,122.554092024399));
#8869=CARTESIAN_POINT('Ctrl Pts',(52.6608676629758,-7.99999805843837,122.548558666207));
#8870=CARTESIAN_POINT('Ctrl Pts',(52.660487703679,-7.99971953420783,122.206470004257));
#8871=CARTESIAN_POINT('Ctrl Pts',(52.6566471022456,-7.98348487717196,121.530538550663));
#8872=CARTESIAN_POINT('Ctrl Pts',(52.6412897946192,-7.91314603130687,120.513851712364));
#8873=CARTESIAN_POINT('Ctrl Pts',(52.6162898461174,-7.7971936013741,119.500524979386));
#8874=CARTESIAN_POINT('Ctrl Pts',(52.581754999411,-7.63333338253238,118.495514166561));
#8875=CARTESIAN_POINT('Ctrl Pts',(52.538242809091,-7.41978718049982,117.507802550405));
#8876=CARTESIAN_POINT('Ctrl Pts',(52.485804595229,-7.14441958200502,116.532813316653));
#8877=CARTESIAN_POINT('Ctrl Pts',(52.4264615512986,-6.80106372964211,115.598768540432));
#8878=CARTESIAN_POINT('Ctrl Pts',(52.363217789151,-6.36010754554156,114.729574133095));
#8879=CARTESIAN_POINT('Ctrl Pts',(52.3025979546116,-5.78704312931736,113.987886017201));
#8880=CARTESIAN_POINT('Ctrl Pts',(52.2803329264752,-5.26564873206499,113.736453617295));
#8881=CARTESIAN_POINT('Ctrl Pts',(52.2803329264752,-5.,113.736453617295));
#8882=CARTESIAN_POINT('Ctrl Pts',(52.6608787546868,-8.,122.559625089732));
#8883=CARTESIAN_POINT('Ctrl Pts',(52.6606442162919,-8.00000030820337,122.554117338627));
#8884=CARTESIAN_POINT('Ctrl Pts',(52.6604095088304,-7.99999727958123,122.54860970986));
#8885=CARTESIAN_POINT('Ctrl Pts',(52.6458619540845,-7.99968269901319,122.208090967119));
#8886=CARTESIAN_POINT('Ctrl Pts',(52.6142200481848,-7.98020263428746,121.535525856373));
#8887=CARTESIAN_POINT('Ctrl Pts',(52.5588099995988,-7.89596822607762,120.526002032218));
#8888=CARTESIAN_POINT('Ctrl Pts',(52.4970231105299,-7.75716795736896,119.523411828134));
#8889=CARTESIAN_POINT('Ctrl Pts',(52.4305705419896,-7.56241078135379,118.534076440032));
#8890=CARTESIAN_POINT('Ctrl Pts',(52.3621758927857,-7.31018177229133,117.569144955361));
#8891=CARTESIAN_POINT('Ctrl Pts',(52.2939661546059,-6.99092308054714,116.62678570959));
#8892=CARTESIAN_POINT('Ctrl Pts',(52.232613284874,-6.60018926807412,115.741421964974));
#8893=CARTESIAN_POINT('Ctrl Pts',(52.1853434841556,-6.12435420180072,114.944473036278));
#8894=CARTESIAN_POINT('Ctrl Pts',(52.1683141440195,-5.55667719599949,114.322256084524));
#8895=CARTESIAN_POINT('Ctrl Pts',(52.1826398882486,-5.16839009220738,114.167346783018));
#8896=CARTESIAN_POINT('Ctrl Pts',(52.1821101714264,-5.00000000000001,114.166461200851));
#8897=CARTESIAN_POINT('Ctrl Pts',(52.6608787546868,-8.,122.559625089732));
#8898=CARTESIAN_POINT('Ctrl Pts',(52.6602432828458,-8.00000067731354,122.554161671154));
#8899=CARTESIAN_POINT('Ctrl Pts',(52.6596075155632,-7.99999647490552,122.54869900833));
#8900=CARTESIAN_POINT('Ctrl Pts',(52.6202768496588,-7.99966671128159,122.210928809295));
#8901=CARTESIAN_POINT('Ctrl Pts',(52.5399557232836,-7.9777826784017,121.544224953162));
#8902=CARTESIAN_POINT('Ctrl Pts',(52.411162666004,-7.88310860859502,120.545998616516));
#8903=CARTESIAN_POINT('Ctrl Pts',(52.2750094506608,-7.72646853379745,119.558775494246));
#8904=CARTESIAN_POINT('Ctrl Pts',(52.1324981975349,-7.50671108367086,118.590450638843));
#8905=CARTESIAN_POINT('Ctrl Pts',(51.9859207470656,-7.22091771111729,117.655083057632));
#8906=CARTESIAN_POINT('Ctrl Pts',(51.8357769867682,-6.86092329610768,116.754643191248));
#8907=CARTESIAN_POINT('Ctrl Pts',(51.6898057174387,-6.41981286100022,115.932589552353));
#8908=CARTESIAN_POINT('Ctrl Pts',(51.5568848194504,-5.89936817987766,115.23136015902));
#8909=CARTESIAN_POINT('Ctrl Pts',(51.461385597682,-5.31470598853584,114.772429727282));
#8910=CARTESIAN_POINT('Ctrl Pts',(51.4522606646312,-5.06326033543336,114.752468993787));
#8911=CARTESIAN_POINT('Ctrl Pts',(51.4519392630077,-5.00000000000002,114.750677585507));
#8912=CARTESIAN_POINT('Ctrl Pts',(52.6608787546868,-8.,122.559625089732));
#8913=CARTESIAN_POINT('Ctrl Pts',(52.6598423552816,-8.00000023115253,122.554206373208));
#8914=CARTESIAN_POINT('Ctrl Pts',(52.6588055202432,-7.99999747429552,122.548787854392));
#8915=CARTESIAN_POINT('Ctrl Pts',(52.5946913494044,-7.99969190781185,122.213786476193));
#8916=CARTESIAN_POINT('Ctrl Pts',(52.46569043198,-7.98102319500858,121.55288850874));
#8917=CARTESIAN_POINT('Ctrl Pts',(52.2639436112535,-7.90026267738492,120.56309544315));
#8918=CARTESIAN_POINT('Ctrl Pts',(52.0545529226784,-7.76717436837022,119.582213518072));
#8919=CARTESIAN_POINT('Ctrl Pts',(51.8380213215361,-7.58014143164841,118.616361471407));
#8920=CARTESIAN_POINT('Ctrl Pts',(51.6159535526408,-7.33758312434339,117.676219430016));
#8921=CARTESIAN_POINT('Ctrl Pts',(51.3869083510203,-7.02929720591156,116.759825366634));
#8922=CARTESIAN_POINT('Ctrl Pts',(51.1572580984494,-6.65040788346609,115.89979466716));
#8923=CARTESIAN_POINT('Ctrl Pts',(50.9337735707907,-6.18329253773588,115.125140332943));
#8924=CARTESIAN_POINT('Ctrl Pts',(50.7350689124174,-5.61426867932902,114.514499163063));
#8925=CARTESIAN_POINT('Ctrl Pts',(50.6679121427894,-5.19270475217167,114.353049964483));
#8926=CARTESIAN_POINT('Ctrl Pts',(50.6680194968652,-5.00000000000002,114.352295830212));
#8927=CARTESIAN_POINT('Ctrl Pts',(52.6608787546868,-8.,122.559625089732));
#8928=CARTESIAN_POINT('Ctrl Pts',(52.6596704903112,-8.,122.554225558494));
#8929=CARTESIAN_POINT('Ctrl Pts',(52.6584618580635,-7.99999805843837,122.548825902986));
#8930=CARTESIAN_POINT('Ctrl Pts',(52.5837237517932,-7.99971953420783,122.215012169142));
#8931=CARTESIAN_POINT('Ctrl Pts',(52.4338668449478,-7.98348487717196,121.556593402213));
#8932=CARTESIAN_POINT('Ctrl Pts',(52.2017847368913,-7.91314603130686,120.569770831173));
#8933=CARTESIAN_POINT('Ctrl Pts',(51.9637981689912,-7.79719360137408,119.58969005708));
#8934=CARTESIAN_POINT('Ctrl Pts',(51.7211438608648,-7.63333338253235,118.621062008588));
#8935=CARTESIAN_POINT('Ctrl Pts',(51.4762378923883,-7.41978718049976,117.672369112593));
#8936=CARTESIAN_POINT('Ctrl Pts',(51.2281880969376,-7.14441958200498,116.739040720701));
#8937=CARTESIAN_POINT('Ctrl Pts',(50.9845765727859,-6.80106372964208,115.847837211024));
#8938=CARTESIAN_POINT('Ctrl Pts',(50.7526662667056,-6.36010754554151,115.021016381073));
#8939=CARTESIAN_POINT('Ctrl Pts',(50.5504946582065,-5.78704312931742,114.317501036212));
#8940=CARTESIAN_POINT('Ctrl Pts',(50.4808635275912,-5.26564873206488,114.079514968718));
#8941=CARTESIAN_POINT('Ctrl Pts',(50.4808635275911,-5.00000000000001,114.079514968718));
#8942=CARTESIAN_POINT('',(50.4808635275912,-5.00000000000001,114.079514968718));
#8943=CARTESIAN_POINT('',(52.2803329264752,-5.,113.736453617295));
#8944=CARTESIAN_POINT('Origin',(51.3054425703266,-5.,113.513768203565));
#8945=CARTESIAN_POINT('Ctrl Pts',(52.2803329264752,-5.,113.736453617295));
#8946=CARTESIAN_POINT('Ctrl Pts',(52.2803329264752,-5.26564873206499,113.736453617295));
#8947=CARTESIAN_POINT('Ctrl Pts',(52.3025979546116,-5.78704312931736,113.987886017201));
#8948=CARTESIAN_POINT('Ctrl Pts',(52.363217789151,-6.36010754554156,114.729574133095));
#8949=CARTESIAN_POINT('Ctrl Pts',(52.4264615512986,-6.80106372964211,115.598768540432));
#8950=CARTESIAN_POINT('Ctrl Pts',(52.485804595229,-7.14441958200502,116.532813316653));
#8951=CARTESIAN_POINT('Ctrl Pts',(52.538242809091,-7.41978718049982,117.507802550405));
#8952=CARTESIAN_POINT('Ctrl Pts',(52.581754999411,-7.63333338253238,118.495514166561));
#8953=CARTESIAN_POINT('Ctrl Pts',(52.6162898461174,-7.7971936013741,119.500524979386));
#8954=CARTESIAN_POINT('Ctrl Pts',(52.6412897946192,-7.91314603130687,120.513851712364));
#8955=CARTESIAN_POINT('Ctrl Pts',(52.6566471022456,-7.98348487717196,121.530538550663));
#8956=CARTESIAN_POINT('Ctrl Pts',(52.660487703679,-7.99971953420783,122.206470004257));
#8957=CARTESIAN_POINT('Ctrl Pts',(52.6608676629758,-7.99999805843837,122.548558666207));
#8958=CARTESIAN_POINT('Ctrl Pts',(52.6608734245237,-8.,122.554092024399));
#8959=CARTESIAN_POINT('Ctrl Pts',(52.6608787546869,-8.,122.559625089732));
#8960=CARTESIAN_POINT('Ctrl Pts',(52.6608787546868,-8.,122.559625089732));
#8961=CARTESIAN_POINT('Ctrl Pts',(52.6596704903112,-8.,122.554225558494));
#8962=CARTESIAN_POINT('Ctrl Pts',(52.6584618580635,-7.99999805843837,122.548825902986));
#8963=CARTESIAN_POINT('Ctrl Pts',(52.5837237517932,-7.99971953420783,122.215012169142));
#8964=CARTESIAN_POINT('Ctrl Pts',(52.4338668449478,-7.98348487717196,121.556593402213));
#8965=CARTESIAN_POINT('Ctrl Pts',(52.2017847368913,-7.91314603130686,120.569770831173));
#8966=CARTESIAN_POINT('Ctrl Pts',(51.9637981689912,-7.79719360137408,119.58969005708));
#8967=CARTESIAN_POINT('Ctrl Pts',(51.7211438608648,-7.63333338253235,118.621062008588));
#8968=CARTESIAN_POINT('Ctrl Pts',(51.4762378923883,-7.41978718049976,117.672369112593));
#8969=CARTESIAN_POINT('Ctrl Pts',(51.2281880969376,-7.14441958200498,116.739040720701));
#8970=CARTESIAN_POINT('Ctrl Pts',(50.9845765727859,-6.80106372964208,115.847837211024));
#8971=CARTESIAN_POINT('Ctrl Pts',(50.7526662667056,-6.36010754554151,115.021016381073));
#8972=CARTESIAN_POINT('Ctrl Pts',(50.5504946582065,-5.78704312931742,114.317501036212));
#8973=CARTESIAN_POINT('Ctrl Pts',(50.4808635275912,-5.26564873206488,114.079514968718));
#8974=CARTESIAN_POINT('Ctrl Pts',(50.4808635275911,-5.00000000000001,114.079514968718));
#8975=CARTESIAN_POINT('Origin',(51.3054425703266,0.,113.513768203565));
#8976=CARTESIAN_POINT('',(52.2803329264752,0.,113.736453617295));
#8977=CARTESIAN_POINT('',(50.4808635275911,0.,114.079514968718));
#8978=CARTESIAN_POINT('Origin',(51.3054425703266,0.,113.513768203565));
#8979=CARTESIAN_POINT('',(52.2803329264752,0.,113.736453617295));
#8980=CARTESIAN_POINT('',(50.4808635275911,0.,114.079514968718));
#8981=CARTESIAN_POINT('Origin',(46.4473813392192,0.,101.118955450752));
#8982=CARTESIAN_POINT('',(39.3103443083209,0.,97.7984213557686));
#8983=CARTESIAN_POINT('',(51.7349691085602,0.,115.907380796929));
#8984=CARTESIAN_POINT('',(51.109729219091,0.,86.3305301045751));
#8985=CARTESIAN_POINT('',(39.3103443083209,0.,97.7984213557686));
#8986=CARTESIAN_POINT('Origin',(1.64877757174001,0.,102.171143958732));
#8987=CARTESIAN_POINT('Origin',(39.3103443083209,0.,97.7984213557686));
#8988=CARTESIAN_POINT('',(39.3103443083209,-5.,97.7984213557686));
#8989=CARTESIAN_POINT('',(41.3351917274603,-5.,100.74964768069));
#8990=CARTESIAN_POINT('',(39.3103443083209,0.,97.7984213557686));
#8991=CARTESIAN_POINT('Origin',(1.64877757174001,0.,102.171143958732));
#8992=CARTESIAN_POINT('Origin',(1.64877757174001,-6.,102.171143958732));
#8993=CARTESIAN_POINT('Origin',(1.64877757174001,-6.,102.171143958732));
#8994=CARTESIAN_POINT('Origin',(1.64877757174001,-8.,102.171143958732));
#8995=CARTESIAN_POINT('Origin',(38.8614545992539,-5.,102.44688797615));
#8996=CARTESIAN_POINT('',(38.8614545992539,-8.,102.44688797615));
#8997=CARTESIAN_POINT('',(39.2738103604745,-5.54658859765354,97.833928913497));
#8998=CARTESIAN_POINT('Ctrl Pts',(36.1827534292456,-8.,98.5426661889666));
#8999=CARTESIAN_POINT('Ctrl Pts',(36.1897576965979,-8.,98.5377949222567));
#9000=CARTESIAN_POINT('Ctrl Pts',(36.1968014377313,-7.99996360926969,98.5329802223229));
#9001=CARTESIAN_POINT('Ctrl Pts',(36.221415570495,-7.99971059840982,98.5164423998894));
#9002=CARTESIAN_POINT('Ctrl Pts',(36.2391664561591,-7.99930759781194,98.5050190028012));
#9003=CARTESIAN_POINT('Ctrl Pts',(36.2894502170451,-7.99755802132352,98.4739976508818));
#9004=CARTESIAN_POINT('Ctrl Pts',(36.3223796853731,-7.99571823204127,98.4552111186272));
#9005=CARTESIAN_POINT('Ctrl Pts',(36.4278877550254,-7.98770235613459,98.399316902153));
#9006=CARTESIAN_POINT('Ctrl Pts',(36.5020896690362,-7.97900054765639,98.3662142002581));
#9007=CARTESIAN_POINT('Ctrl Pts',(36.7261536989877,-7.94420415780992,98.2796668634053));
#9008=CARTESIAN_POINT('Ctrl Pts',(36.8803485810551,-7.90915279533353,98.237243583336));
#9009=CARTESIAN_POINT('Ctrl Pts',(37.2387639677621,-7.8030414786167,98.1572494516777));
#9010=CARTESIAN_POINT('Ctrl Pts',(37.4463511108646,-7.72188629003796,98.1256390350211));
#9011=CARTESIAN_POINT('Ctrl Pts',(37.8055596530371,-7.54266107672638,98.0785915123116));
#9012=CARTESIAN_POINT('Ctrl Pts',(37.9615130678184,-7.45021770459089,98.0613053600109));
#9013=CARTESIAN_POINT('Ctrl Pts',(38.3572649103282,-7.17087769223823,98.0185210882676));
#9014=CARTESIAN_POINT('Ctrl Pts',(38.582286056633,-6.96211334980992,97.9953353792057));
#9015=CARTESIAN_POINT('Ctrl Pts',(38.9062629055328,-6.54458075622244,97.950207374614));
#9016=CARTESIAN_POINT('Ctrl Pts',(39.0215777299173,-6.35161058939175,97.9298069450948));
#9017=CARTESIAN_POINT('Ctrl Pts',(39.1902571882702,-5.95323050325969,97.8847971077231));
#9018=CARTESIAN_POINT('Ctrl Pts',(39.2460299865866,-5.75264744106408,97.8609288214645));
#9019=CARTESIAN_POINT('Ctrl Pts',(39.2738103604743,-5.54658859765354,97.8339289134972));
#9020=CARTESIAN_POINT('Origin',(37.1276238848807,-5.,99.9198201097769));
#9021=CARTESIAN_POINT('Origin',(47.7921080723466,-6.,115.463364861969));
#9022=CARTESIAN_POINT('',(46.1429499868757,-6.,116.594858392276));
#9023=CARTESIAN_POINT('Ctrl Pts',(-51.4428293853009,-8.,122.559625089732));
#9024=CARTESIAN_POINT('Ctrl Pts',(-51.4419540082941,-8.,122.563589918266));
#9025=CARTESIAN_POINT('Ctrl Pts',(-51.4410786898591,-7.99999210232952,122.567553739275));
#9026=CARTESIAN_POINT('Ctrl Pts',(-51.3940297814106,-7.99938219751555,122.780550783008));
#9027=CARTESIAN_POINT('Ctrl Pts',(-51.2538724470335,-7.93862801610361,123.408156653287));
#9028=CARTESIAN_POINT('Ctrl Pts',(-51.0619872363362,-7.63735732463638,124.238595583971));
#9029=CARTESIAN_POINT('Ctrl Pts',(-50.9096878039603,-7.02390149893543,124.878890619551));
#9030=CARTESIAN_POINT('Ctrl Pts',(-50.8454482802586,-6.49665390899214,125.146021407165));
#9031=CARTESIAN_POINT('Ctrl Pts',(-50.8314948872267,-6.16575480298659,125.20375224507));
#9032=CARTESIAN_POINT('Ctrl Pts',(-50.8314948872267,-6.,125.20375224507));
#9033=CARTESIAN_POINT('Ctrl Pts',(-51.4428293853009,-8.,122.559625089732));
#9034=CARTESIAN_POINT('Ctrl Pts',(-51.4424575669026,-8.00001331793748,122.563506478293));
#9035=CARTESIAN_POINT('Ctrl Pts',(-51.4420592507713,-7.99997873730761,122.56747604975));
#9036=CARTESIAN_POINT('Ctrl Pts',(-51.4218996352694,-8.00012331009448,122.776464515029));
#9037=CARTESIAN_POINT('Ctrl Pts',(-51.3594253277314,-7.95425386957065,123.399511842537));
#9038=CARTESIAN_POINT('Ctrl Pts',(-51.2610298595395,-7.74586535759589,124.237029971108));
#9039=CARTESIAN_POINT('Ctrl Pts',(-51.141983995355,-7.23230116156329,125.003867110269));
#9040=CARTESIAN_POINT('Ctrl Pts',(-51.0765710573356,-6.66896032549489,125.420994235516));
#9041=CARTESIAN_POINT('Ctrl Pts',(-51.0606959031028,-6.22797818351048,125.538999025911));
#9042=CARTESIAN_POINT('Ctrl Pts',(-51.0606956174768,-6.,125.537813578488));
#9043=CARTESIAN_POINT('Ctrl Pts',(-51.4428293853009,-8.,122.559625089732));
#9044=CARTESIAN_POINT('Ctrl Pts',(-51.4433060202162,-8.00000911199699,122.563383108479));
#9045=CARTESIAN_POINT('Ctrl Pts',(-51.4438115883677,-7.99998451126344,122.567314774852));
#9046=CARTESIAN_POINT('Ctrl Pts',(-51.469560378632,-8.00020170735394,122.770104971332));
#9047=CARTESIAN_POINT('Ctrl Pts',(-51.5462271443288,-7.96684528655172,123.382621167562));
#9048=CARTESIAN_POINT('Ctrl Pts',(-51.6465149485615,-7.82827792638318,124.209533004683));
#9049=CARTESIAN_POINT('Ctrl Pts',(-51.7540598423356,-7.42251238787412,125.075719650639));
#9050=CARTESIAN_POINT('Ctrl Pts',(-51.823453515324,-6.84310480836552,125.644571007279));
#9051=CARTESIAN_POINT('Ctrl Pts',(-51.8452407317293,-6.29157094312422,125.830312675277));
#9052=CARTESIAN_POINT('Ctrl Pts',(-51.8450013972173,-5.99999999999999,125.827823633726));
#9053=CARTESIAN_POINT('Ctrl Pts',(-51.4428293853009,-8.,122.559625089732));
#9054=CARTESIAN_POINT('Ctrl Pts',(-51.4441717760982,-8.00000998845311,122.563322460676));
#9055=CARTESIAN_POINT('Ctrl Pts',(-51.4455446091734,-7.99998207856309,122.567082162946));
#9056=CARTESIAN_POINT('Ctrl Pts',(-51.5178233739406,-7.99993803194974,122.766060905086));
#9057=CARTESIAN_POINT('Ctrl Pts',(-51.7317468515485,-7.95034740620383,123.358662578479));
#9058=CARTESIAN_POINT('Ctrl Pts',(-52.0190714432586,-7.71873834935586,124.155460528521));
#9059=CARTESIAN_POINT('Ctrl Pts',(-52.2825424227311,-7.18020124590618,124.85700081419));
#9060=CARTESIAN_POINT('Ctrl Pts',(-52.4161526464364,-6.62588372136925,125.219967673574));
#9061=CARTESIAN_POINT('Ctrl Pts',(-52.4499851480405,-6.21242233837949,125.318793285775));
#9062=CARTESIAN_POINT('Ctrl Pts',(-52.449822835559,-5.99999999999999,125.317921483043));
#9063=CARTESIAN_POINT('Ctrl Pts',(-51.4428293853009,-8.,122.559625089732));
#9064=CARTESIAN_POINT('Ctrl Pts',(-51.444552983598,-8.,122.563301413864));
#9065=CARTESIAN_POINT('Ctrl Pts',(-51.4462760274195,-7.99999210232952,122.566976971185));
#9066=CARTESIAN_POINT('Ctrl Pts',(-51.5388544717727,-7.99938219751555,122.764497854402));
#9067=CARTESIAN_POINT('Ctrl Pts',(-51.8105479614281,-7.93862801610354,123.348062787584));
#9068=CARTESIAN_POINT('Ctrl Pts',(-52.1653117045159,-7.63735732463623,124.126831671568));
#9069=CARTESIAN_POINT('Ctrl Pts',(-52.4355019947355,-7.02390149893528,124.731779400987));
#9070=CARTESIAN_POINT('Ctrl Pts',(-52.5476773299826,-6.49665390899218,124.984887846847));
#9071=CARTESIAN_POINT('Ctrl Pts',(-52.5718647387642,-6.16575480298657,125.039661046931));
#9072=CARTESIAN_POINT('Ctrl Pts',(-52.5718647387642,-5.99999999999999,125.039661046931));
#9073=CARTESIAN_POINT('',(-50.8314948872267,-6.,125.20375224507));
#9074=CARTESIAN_POINT('',(-52.5718647387643,-6.,125.039661046931));
#9075=CARTESIAN_POINT('Origin',(-51.6560739299622,-6.,124.638005479917));
#9076=CARTESIAN_POINT('',(-51.4428293853009,-8.,122.559625089732));
#9077=CARTESIAN_POINT('Ctrl Pts',(-52.5718647387642,-5.99999999999999,125.039661046931));
#9078=CARTESIAN_POINT('Ctrl Pts',(-52.5718647387642,-6.16575480298657,125.039661046931));
#9079=CARTESIAN_POINT('Ctrl Pts',(-52.5476773299826,-6.49665390899218,124.984887846847));
#9080=CARTESIAN_POINT('Ctrl Pts',(-52.4355019947355,-7.02390149893528,124.731779400987));
#9081=CARTESIAN_POINT('Ctrl Pts',(-52.1653117045159,-7.63735732463623,124.126831671568));
#9082=CARTESIAN_POINT('Ctrl Pts',(-51.8105479614281,-7.93862801610354,123.348062787584));
#9083=CARTESIAN_POINT('Ctrl Pts',(-51.5388544717727,-7.99938219751555,122.764497854402));
#9084=CARTESIAN_POINT('Ctrl Pts',(-51.4462760274195,-7.99999210232952,122.566976971185));
#9085=CARTESIAN_POINT('Ctrl Pts',(-51.444552983598,-8.,122.563301413864));
#9086=CARTESIAN_POINT('Ctrl Pts',(-51.4428293853009,-8.,122.559625089732));
#9087=CARTESIAN_POINT('Ctrl Pts',(-51.4428293853009,-8.,122.559625089732));
#9088=CARTESIAN_POINT('Ctrl Pts',(-51.4419540082941,-8.,122.563589918266));
#9089=CARTESIAN_POINT('Ctrl Pts',(-51.4410786898591,-7.99999210232952,122.567553739275));
#9090=CARTESIAN_POINT('Ctrl Pts',(-51.3940297814106,-7.99938219751555,122.780550783008));
#9091=CARTESIAN_POINT('Ctrl Pts',(-51.2538724470335,-7.93862801610361,123.408156653287));
#9092=CARTESIAN_POINT('Ctrl Pts',(-51.0619872363362,-7.63735732463638,124.238595583971));
#9093=CARTESIAN_POINT('Ctrl Pts',(-50.9096878039603,-7.02390149893543,124.878890619551));
#9094=CARTESIAN_POINT('Ctrl Pts',(-50.8454482802586,-6.49665390899214,125.146021407165));
#9095=CARTESIAN_POINT('Ctrl Pts',(-50.8314948872267,-6.16575480298659,125.20375224507));
#9096=CARTESIAN_POINT('Ctrl Pts',(-50.8314948872267,-6.,125.20375224507));
#9097=CARTESIAN_POINT('Origin',(-51.6560739299622,0.,124.638005479917));
#9098=CARTESIAN_POINT('',(-52.5718647387643,0.,125.039661046931));
#9099=CARTESIAN_POINT('',(-50.8314948872267,0.,125.20375224507));
#9100=CARTESIAN_POINT('Ctrl Pts',(-51.4428293853009,-8.,122.559625089732));
#9101=CARTESIAN_POINT('Ctrl Pts',(-51.4416269531106,-8.,122.554251621554));
#9102=CARTESIAN_POINT('Ctrl Pts',(-51.4404244476226,-7.99999660976469,122.548878888148));
#9103=CARTESIAN_POINT('Ctrl Pts',(-51.2921109878911,-7.99970664044474,121.886521370386));
#9104=CARTESIAN_POINT('Ctrl Pts',(-50.8351952452655,-7.89774402296193,119.909692482563));
#9105=CARTESIAN_POINT('Ctrl Pts',(-50.2561327034688,-7.48599165075994,117.63858338511));
#9106=CARTESIAN_POINT('Ctrl Pts',(-49.7662122081776,-6.80110813989349,115.846722178287));
#9107=CARTESIAN_POINT('Ctrl Pts',(-49.5347781343121,-6.35990210044306,115.021574307348));
#9108=CARTESIAN_POINT('Ctrl Pts',(-49.3323747373737,-5.78703532781794,114.317249962957));
#9109=CARTESIAN_POINT('Ctrl Pts',(-49.2628141582052,-5.26564992633746,114.079514968718));
#9110=CARTESIAN_POINT('Ctrl Pts',(-49.2628141582052,-5.00000000000002,114.079514968718));
#9111=CARTESIAN_POINT('Ctrl Pts',(-51.4428293853009,-8.,122.559625089732));
#9112=CARTESIAN_POINT('Ctrl Pts',(-51.4418561648976,-7.99998722558096,122.55419788485));
#9113=CARTESIAN_POINT('Ctrl Pts',(-51.4408792620124,-8.00000932594841,122.548857460323));
#9114=CARTESIAN_POINT('Ctrl Pts',(-51.3207153091139,-7.99904812782585,121.882102820595));
#9115=CARTESIAN_POINT('Ctrl Pts',(-50.9468671787913,-7.8801147666299,119.899061392615));
#9116=CARTESIAN_POINT('Ctrl Pts',(-50.4488739908724,-7.38053636981069,117.627349754914));
#9117=CARTESIAN_POINT('Ctrl Pts',(-49.9965312874328,-6.60000322627566,115.915190631848));
#9118=CARTESIAN_POINT('Ctrl Pts',(-49.7762058986989,-6.12429871238162,115.160921771609));
#9119=CARTESIAN_POINT('Ctrl Pts',(-49.5785104618657,-5.55655512531597,114.579522476245));
#9120=CARTESIAN_POINT('Ctrl Pts',(-49.5121937650316,-5.16844840352829,114.444425818346));
#9121=CARTESIAN_POINT('Ctrl Pts',(-49.5123554505706,-5.00000000000001,114.443222784044));
#9122=CARTESIAN_POINT('Ctrl Pts',(-51.4428293853009,-8.,122.559625089732));
#9123=CARTESIAN_POINT('Ctrl Pts',(-51.4422395153025,-7.99998854934285,122.554126769553));
#9124=CARTESIAN_POINT('Ctrl Pts',(-51.4416933729731,-8.00000765225336,122.548796576603));
#9125=CARTESIAN_POINT('Ctrl Pts',(-51.3700199004499,-7.99901660287433,121.875336515061));
#9126=CARTESIAN_POINT('Ctrl Pts',(-51.1440157303883,-7.86621756220002,119.878487807833));
#9127=CARTESIAN_POINT('Ctrl Pts',(-50.8240995705522,-7.30013184101373,117.582328903156));
#9128=CARTESIAN_POINT('Ctrl Pts',(-50.5714386014617,-6.41985731806463,115.912508197984));
#9129=CARTESIAN_POINT('Ctrl Pts',(-50.4652102553731,-5.89921946589538,115.210220731917));
#9130=CARTESIAN_POINT('Ctrl Pts',(-50.3999208429655,-5.31467827266565,114.741927127774));
#9131=CARTESIAN_POINT('Ctrl Pts',(-50.4067671891472,-5.06328804001498,114.719990234551));
#9132=CARTESIAN_POINT('Ctrl Pts',(-50.4062557305754,-5.,114.717818994777));
#9133=CARTESIAN_POINT('Ctrl Pts',(-51.4428293853009,-8.,122.559625089732));
#9134=CARTESIAN_POINT('Ctrl Pts',(-51.4426433716986,-7.99999041918572,122.554119914601));
#9135=CARTESIAN_POINT('Ctrl Pts',(-51.4424864122344,-8.00000614690248,122.548669322205));
#9136=CARTESIAN_POINT('Ctrl Pts',(-51.4202083645199,-7.99921275598053,121.871427676292));
#9137=CARTESIAN_POINT('Ctrl Pts',(-51.338908799839,-7.88452208071292,119.849530348712));
#9138=CARTESIAN_POINT('Ctrl Pts',(-51.1864244270102,-7.406900190048,117.511233626832));
#9139=CARTESIAN_POINT('Ctrl Pts',(-51.0626340025835,-6.65027945468014,115.704084695723));
#9140=CARTESIAN_POINT('Ctrl Pts',(-51.0120054372535,-6.18319955939698,114.891656265874));
#9141=CARTESIAN_POINT('Ctrl Pts',(-50.9836697265475,-5.61417517594144,114.238156937963));
#9142=CARTESIAN_POINT('Ctrl Pts',(-50.9890877207698,-5.19274878423055,114.059745754277));
#9143=CARTESIAN_POINT('Ctrl Pts',(-50.9886164908026,-4.99999999999999,114.058959304962));
#9144=CARTESIAN_POINT('Ctrl Pts',(-51.4428293853009,-8.,122.559625089732));
#9145=CARTESIAN_POINT('Ctrl Pts',(-51.4428240808659,-8.,122.554118732016));
#9146=CARTESIAN_POINT('Ctrl Pts',(-51.4428184862954,-7.9999966097647,122.548613010269));
#9147=CARTESIAN_POINT('Ctrl Pts',(-51.4420409434252,-7.9997066404447,121.86982815554));
#9148=CARTESIAN_POINT('Ctrl Pts',(-51.4217151680599,-7.89774402296195,119.837003772303));
#9149=CARTESIAN_POINT('Ctrl Pts',(-51.3278002546654,-7.48599165075993,117.475648317976));
#9150=CARTESIAN_POINT('Ctrl Pts',(-51.2083234571926,-6.80110813989351,115.597594758155));
#9151=CARTESIAN_POINT('Ctrl Pts',(-51.1452180182337,-6.35990210044306,114.730163054492));
#9152=CARTESIAN_POINT('Ctrl Pts',(-51.0845291460998,-5.78703532781791,113.987621878921));
#9153=CARTESIAN_POINT('Ctrl Pts',(-51.0622835570893,-5.26564992633744,113.736453617295));
#9154=CARTESIAN_POINT('Ctrl Pts',(-51.0622835570893,-4.99999999999998,113.736453617295));
#9155=CARTESIAN_POINT('',(-51.0622835570893,-5.,113.736453617295));
#9156=CARTESIAN_POINT('',(-49.2628141582052,-5.00000000000001,114.079514968718));
#9157=CARTESIAN_POINT('Origin',(-50.0873932009407,-5.,113.513768203565));
#9158=CARTESIAN_POINT('Ctrl Pts',(-49.2628141582052,-5.00000000000002,114.079514968718));
#9159=CARTESIAN_POINT('Ctrl Pts',(-49.2628141582052,-5.26564992633746,114.079514968718));
#9160=CARTESIAN_POINT('Ctrl Pts',(-49.3323747373737,-5.78703532781794,114.317249962957));
#9161=CARTESIAN_POINT('Ctrl Pts',(-49.5347781343121,-6.35990210044306,115.021574307348));
#9162=CARTESIAN_POINT('Ctrl Pts',(-49.7662122081776,-6.80110813989349,115.846722178287));
#9163=CARTESIAN_POINT('Ctrl Pts',(-50.2561327034688,-7.48599165075994,117.63858338511));
#9164=CARTESIAN_POINT('Ctrl Pts',(-50.8351952452655,-7.89774402296193,119.909692482563));
#9165=CARTESIAN_POINT('Ctrl Pts',(-51.2921109878911,-7.99970664044474,121.886521370386));
#9166=CARTESIAN_POINT('Ctrl Pts',(-51.4404244476226,-7.99999660976469,122.548878888148));
#9167=CARTESIAN_POINT('Ctrl Pts',(-51.4416269531106,-8.,122.554251621554));
#9168=CARTESIAN_POINT('Ctrl Pts',(-51.4428293853009,-8.,122.559625089732));
#9169=CARTESIAN_POINT('Ctrl Pts',(-51.4428293853009,-8.,122.559625089732));
#9170=CARTESIAN_POINT('Ctrl Pts',(-51.4428240808659,-8.,122.554118732016));
#9171=CARTESIAN_POINT('Ctrl Pts',(-51.4428184862954,-7.9999966097647,122.548613010269));
#9172=CARTESIAN_POINT('Ctrl Pts',(-51.4420409434252,-7.9997066404447,121.86982815554));
#9173=CARTESIAN_POINT('Ctrl Pts',(-51.4217151680599,-7.89774402296195,119.837003772303));
#9174=CARTESIAN_POINT('Ctrl Pts',(-51.3278002546654,-7.48599165075993,117.475648317976));
#9175=CARTESIAN_POINT('Ctrl Pts',(-51.2083234571926,-6.80110813989351,115.597594758155));
#9176=CARTESIAN_POINT('Ctrl Pts',(-51.1452180182337,-6.35990210044306,114.730163054492));
#9177=CARTESIAN_POINT('Ctrl Pts',(-51.0845291460998,-5.78703532781791,113.987621878921));
#9178=CARTESIAN_POINT('Ctrl Pts',(-51.0622835570893,-5.26564992633744,113.736453617295));
#9179=CARTESIAN_POINT('Ctrl Pts',(-51.0622835570893,-4.99999999999998,113.736453617295));
#9180=CARTESIAN_POINT('Origin',(-50.0873932009407,0.,113.513768203565));
#9181=CARTESIAN_POINT('',(-49.2628141582052,0.,114.079514968718));
#9182=CARTESIAN_POINT('',(-51.0622835570893,0.,113.736453617295));
#9183=CARTESIAN_POINT('Origin',(-50.0873932009407,0.,113.513768203565));
#9184=CARTESIAN_POINT('',(-49.2628141582052,0.,114.079514968718));
#9185=CARTESIAN_POINT('',(-51.0622835570893,0.,113.736453617295));
#9186=CARTESIAN_POINT('Origin',(-45.2293319698332,0.,101.118955450752));
#9187=CARTESIAN_POINT('',(-49.891679849705,0.,86.3305301045751));
#9188=CARTESIAN_POINT('Origin',(-0.430728202354061,0.,102.171143958732));
#9189=CARTESIAN_POINT('',(-38.092294938935,0.,97.7984213557686));
#9190=CARTESIAN_POINT('',(-38.092294938935,0.,97.7984213557686));
#9191=CARTESIAN_POINT('',(-38.092294938935,0.,97.7984213557686));
#9192=CARTESIAN_POINT('',(-50.5169197391742,0.,115.907380796929));
#9193=CARTESIAN_POINT('Origin',(-0.430728202354061,0.,102.171143958732));
#9194=CARTESIAN_POINT('',(-49.891679849705,-5.,86.3305301045751));
#9195=CARTESIAN_POINT('Origin',(-0.430728202354061,-5.,102.171143958732));
#9196=CARTESIAN_POINT('',(-49.891679849705,0.,86.3305301045751));
#9197=CARTESIAN_POINT('Origin',(-31.5844123986565,0.,97.1510229474039));
#9198=CARTESIAN_POINT('',(-34.8017534810964,-6.,101.840315389391));
#9199=CARTESIAN_POINT('Origin',(-36.4509115665674,-6.,100.708821859084));
#9200=CARTESIAN_POINT('',(-43.8557176299875,-8.,111.50136769673));
#9201=CARTESIAN_POINT('Origin',(-0.430728202354061,-5.,102.171143958732));
#9202=CARTESIAN_POINT('Origin',(-0.430728202354061,-8.,102.171143958732));
#9203=CARTESIAN_POINT('',(-50.0862629140529,-6.18308133287013,86.1414136855296));
#9204=CARTESIAN_POINT('Ctrl Pts',(-51.8249664392261,-8.,82.7660697375909));
#9205=CARTESIAN_POINT('Ctrl Pts',(-51.8200802679045,-7.99999999999026,82.7732261231325));
#9206=CARTESIAN_POINT('Ctrl Pts',(-51.815220458193,-7.99997480174809,82.7803987952548));
#9207=CARTESIAN_POINT('Ctrl Pts',(-51.7663686103538,-7.99946968594052,82.8530402721355));
#9208=CARTESIAN_POINT('Ctrl Pts',(-51.7242852849679,-7.99695548279817,82.9200728761128));
#9209=CARTESIAN_POINT('Ctrl Pts',(-51.6161168859895,-7.98538168527627,83.1016759906527));
#9210=CARTESIAN_POINT('Ctrl Pts',(-51.5522678062305,-7.97289863218537,83.2191065594753));
#9211=CARTESIAN_POINT('Ctrl Pts',(-51.366789107934,-7.92120856027419,83.5796897482144));
#9212=CARTESIAN_POINT('Ctrl Pts',(-51.2513155390138,-7.86630587147823,83.8322323323186));
#9213=CARTESIAN_POINT('Ctrl Pts',(-50.981777698398,-7.68745682165309,84.436491834868));
#9214=CARTESIAN_POINT('Ctrl Pts',(-50.8263108238583,-7.53782754555842,84.7993361741267));
#9215=CARTESIAN_POINT('Ctrl Pts',(-50.5585279355548,-7.1856965645632,85.3770251055369));
#9216=CARTESIAN_POINT('Ctrl Pts',(-50.4398277040712,-6.99539696502639,85.6170004052445));
#9217=CARTESIAN_POINT('Ctrl Pts',(-50.2421061517772,-6.5938752111078,85.952545048721));
#9218=CARTESIAN_POINT('Ctrl Pts',(-50.1604870636886,-6.39931973257555,86.0692748000985));
#9219=CARTESIAN_POINT('Ctrl Pts',(-50.0862629140529,-6.18308133287013,86.1414136855296));
#9220=CARTESIAN_POINT('Ctrl Pts',(-49.891679849705,-5.,86.3305301045751));
#9221=CARTESIAN_POINT('Ctrl Pts',(-49.891679849705,-5.35773617769827,86.3305301045751));
#9222=CARTESIAN_POINT('Ctrl Pts',(-49.9566915066607,-5.77733761071973,86.2673448946964));
#9223=CARTESIAN_POINT('Ctrl Pts',(-50.0686023360037,-6.13059345342901,86.1585781046949));
#9224=CARTESIAN_POINT('Ctrl Pts',(-50.0772387671424,-6.15679114165607,86.1501843067261));
#9225=CARTESIAN_POINT('Ctrl Pts',(-50.0862629140529,-6.18308133287013,86.1414136855296));
#9226=CARTESIAN_POINT('Origin',(-0.430728202354059,-6.,102.171143958732));
#9227=CARTESIAN_POINT('Origin',(-0.430728202354059,-6.,102.171143958732));
#9228=CARTESIAN_POINT('Origin',(53.0487560408291,0.,126.660108953174));
#9229=CARTESIAN_POINT('Origin',(-0.430728202354059,0.,102.171143958732));
#9230=CARTESIAN_POINT('Ctrl Pts',(36.1827534292456,-8.,98.5426661889666));
#9231=CARTESIAN_POINT('Ctrl Pts',(38.9266228115777,-8.,96.6343838652997));
#9232=CARTESIAN_POINT('Ctrl Pts',(45.1543195334007,-8.,91.5104174844137));
#9233=CARTESIAN_POINT('Ctrl Pts',(50.2165086974527,-8.,85.26867779298));
#9234=CARTESIAN_POINT('Ctrl Pts',(52.5929547439392,-8.,81.6135312082428));
#9235=CARTESIAN_POINT('Ctrl Pts',(36.5916182463478,-7.71665351469498,98.929318543336));
#9236=CARTESIAN_POINT('Ctrl Pts',(39.2289249725545,-7.65371129638631,96.8981983275535));
#9237=CARTESIAN_POINT('Ctrl Pts',(45.2474096466822,-7.7283182028429,91.6291842257631));
#9238=CARTESIAN_POINT('Ctrl Pts',(50.5533099675861,-7.62014572546261,85.6572315251563));
#9239=CARTESIAN_POINT('Ctrl Pts',(53.1125048272499,-7.83252585531687,82.1602398640948));
#9240=CARTESIAN_POINT('Ctrl Pts',(37.2114109333988,-6.90249259286871,99.469242658532));
#9241=CARTESIAN_POINT('Ctrl Pts',(39.6574638769835,-6.88853579837163,97.230875966352));
#9242=CARTESIAN_POINT('Ctrl Pts',(45.3831863034597,-7.2069673536406,91.797839259426));
#9243=CARTESIAN_POINT('Ctrl Pts',(50.9525831727038,-6.75300006786034,86.205100263346));
#9244=CARTESIAN_POINT('Ctrl Pts',(53.9139086861522,-7.00581420583938,83.0447382697123));
#9245=CARTESIAN_POINT('Ctrl Pts',(37.4619026531178,-5.80309620446792,99.594932618546));
#9246=CARTESIAN_POINT('Ctrl Pts',(39.8370026268831,-5.99328372138251,97.2860728805251));
#9247=CARTESIAN_POINT('Ctrl Pts',(45.4236685161334,-6.62979156901529,91.8570622014311));
#9248=CARTESIAN_POINT('Ctrl Pts',(50.9936507612946,-5.73547302547702,86.4415000002759));
#9249=CARTESIAN_POINT('Ctrl Pts',(54.1450124036019,-5.65394177067018,83.3805206134214));
#9250=CARTESIAN_POINT('Ctrl Pts',(37.4901689731064,-5.33220993201593,99.5674604167193));
#9251=CARTESIAN_POINT('Ctrl Pts',(39.8649963850949,-5.6094243384255,97.2593517562264));
#9252=CARTESIAN_POINT('Ctrl Pts',(45.4197785708862,-6.3825439887972,91.8606264402503));
#9253=CARTESIAN_POINT('Ctrl Pts',(50.9530227138923,-5.29866150456714,86.4828340741094));
#9254=CARTESIAN_POINT('Ctrl Pts',(54.1240459923097,-5.07524955722584,83.4008979912632));
#9255=CARTESIAN_POINT('',(51.128629473272,-5.37558637273807,86.3121608369221));
#9256=CARTESIAN_POINT('Ctrl Pts',(51.128629473272,-5.37558637273807,86.3121608369221));
#9257=CARTESIAN_POINT('Ctrl Pts',(51.1501560791011,-5.58864221835873,86.2912390027314));
#9258=CARTESIAN_POINT('Ctrl Pts',(51.1813441178953,-5.79102371233265,86.2287865624034));
#9259=CARTESIAN_POINT('Ctrl Pts',(51.2695022988583,-6.22875669434599,86.0095038869558));
#9260=CARTESIAN_POINT('Ctrl Pts',(51.3299556606264,-6.44775671197177,85.8330967182126));
#9261=CARTESIAN_POINT('Ctrl Pts',(51.4925023469412,-6.93321263595265,85.3199595608642));
#9262=CARTESIAN_POINT('Ctrl Pts',(51.6108839079382,-7.19329973456349,84.9102953108508));
#9263=CARTESIAN_POINT('Ctrl Pts',(51.9160777552336,-7.68847064252642,83.7808450851595));
#9264=CARTESIAN_POINT('Ctrl Pts',(52.0804908764608,-7.83766845019016,83.1165962970762));
#9265=CARTESIAN_POINT('Ctrl Pts',(52.3096541688061,-7.96225394429691,82.2939566338801));
#9266=CARTESIAN_POINT('Ctrl Pts',(52.3978079608156,-7.98704068398092,82.004770895544));
#9267=CARTESIAN_POINT('Ctrl Pts',(52.513911551329,-7.99752235300298,81.7536534668193));
#9268=CARTESIAN_POINT('Ctrl Pts',(52.5328788086291,-7.99870724010647,81.7157637219503));
#9269=CARTESIAN_POINT('Ctrl Pts',(52.5632948985375,-7.99969738600339,81.6615106204854));
#9270=CARTESIAN_POINT('Ctrl Pts',(52.5736451591521,-7.99990196308816,81.6439992146029));
#9271=CARTESIAN_POINT('Ctrl Pts',(52.587254383223,-7.99999071631748,81.6223721380296));
#9272=CARTESIAN_POINT('Ctrl Pts',(52.5900876505421,-7.99999999999769,81.6179410060997));
#9273=CARTESIAN_POINT('Ctrl Pts',(52.5929547439392,-8.,81.6135312082428));
#9274=CARTESIAN_POINT('Ctrl Pts',(51.1284670587099,-5.37304952839671,86.3123186885855));
#9275=CARTESIAN_POINT('Ctrl Pts',(48.9595676552257,-5.62879918134716,88.4202847124104));
#9276=CARTESIAN_POINT('Ctrl Pts',(45.0133605279593,-6.16294696961207,92.2556265147503));
#9277=CARTESIAN_POINT('Ctrl Pts',(41.0562138944322,-5.75389454790522,96.1016004872489));
#9278=CARTESIAN_POINT('Ctrl Pts',(39.2739530849995,-5.54429706252368,97.8337901986959));
#9279=CARTESIAN_POINT('Origin',(1.64877757174001,-5.,102.171143958732));
#9280=CARTESIAN_POINT('',(51.109729219091,-5.,86.3305301045751));
#9281=CARTESIAN_POINT('Origin',(1.64877757174001,-5.,102.171143958732));
#9282=CARTESIAN_POINT('Ctrl Pts',(51.128629473272,-5.37558637273807,86.3121608369221));
#9283=CARTESIAN_POINT('Ctrl Pts',(51.1156692600262,-5.24731491115993,86.3247569440259));
#9284=CARTESIAN_POINT('Ctrl Pts',(51.109729219091,-5.12003054128372,86.3305301045751));
#9285=CARTESIAN_POINT('Ctrl Pts',(51.109729219091,-5.,86.3305301045751));
#9286=CARTESIAN_POINT('Origin',(1.64877757174001,0.,102.171143958732));
#9287=CARTESIAN_POINT('',(51.109729219091,0.,86.3305301045751));
#9288=CARTESIAN_POINT('Ctrl Pts',(-51.8249664392262,-8.,82.7660697375909));
#9289=CARTESIAN_POINT('Ctrl Pts',(-50.9715804754014,-8.,84.0159561111509));
#9290=CARTESIAN_POINT('Ctrl Pts',(-49.4533874097676,-8.,86.0719393302372));
#9291=CARTESIAN_POINT('Ctrl Pts',(-47.4725177592535,-8.,88.4299918652793));
#9292=CARTESIAN_POINT('Ctrl Pts',(-46.255235438068,-8.,89.7722361522001));
#9293=CARTESIAN_POINT('Ctrl Pts',(-45.6343059704337,-8.,90.4313891877715));
#9294=CARTESIAN_POINT('Ctrl Pts',(-45.3339634315956,-8.,90.7441952180646));
#9295=CARTESIAN_POINT('Ctrl Pts',(-45.1719537890295,-8.,90.9115779833381));
#9296=CARTESIAN_POINT('Ctrl Pts',(-45.088072482665,-8.,90.9976619604066));
#9297=CARTESIAN_POINT('Ctrl Pts',(-45.0880696888449,-8.0000009081341,90.9976646751556));
#9298=CARTESIAN_POINT('Ctrl Pts',(-52.2850891236028,-7.45055130703347,83.3601901007707));
#9299=CARTESIAN_POINT('Ctrl Pts',(-51.3007548268785,-7.4315049223429,84.4961271183494));
#9300=CARTESIAN_POINT('Ctrl Pts',(-49.6012604554163,-7.49008719166936,86.3743514965324));
#9301=CARTESIAN_POINT('Ctrl Pts',(-47.4997563021371,-7.66262303617497,88.5686824137829));
#9302=CARTESIAN_POINT('Ctrl Pts',(-46.2480033822882,-7.79254640881126,89.8405814804201));
#9303=CARTESIAN_POINT('Ctrl Pts',(-45.6183558973873,-7.87019961200265,90.4713322669777));
#9304=CARTESIAN_POINT('Ctrl Pts',(-45.3159446808971,-7.91675509594897,90.7723477619763));
#9305=CARTESIAN_POINT('Ctrl Pts',(-45.153262843823,-7.95174818483863,90.9337807307225));
#9306=CARTESIAN_POINT('Ctrl Pts',(-45.0692408139865,-7.97893900585377,91.0169793462028));
#9307=CARTESIAN_POINT('Ctrl Pts',(-45.0692408139865,-8.00000000000001,91.0169793462028));
#9308=CARTESIAN_POINT('Ctrl Pts',(-52.5072301330594,-6.54141794353574,83.7884614765606));
#9309=CARTESIAN_POINT('Ctrl Pts',(-51.4304283739972,-6.64237398301174,84.8305640896022));
#9310=CARTESIAN_POINT('Ctrl Pts',(-49.6323174952309,-6.90050177631678,86.5811857301738));
#9311=CARTESIAN_POINT('Ctrl Pts',(-47.4838915991399,-7.30822545976346,88.6690256532743));
#9312=CARTESIAN_POINT('Ctrl Pts',(-46.2248707682424,-7.58116068712974,89.8940768987388));
#9313=CARTESIAN_POINT('Ctrl Pts',(-45.5961135633906,-7.73945093129081,90.5052644981504));
#9314=CARTESIAN_POINT('Ctrl Pts',(-45.2951902357771,-7.83322730126986,90.7978578330949));
#9315=CARTESIAN_POINT('Ctrl Pts',(-45.1335383371605,-7.90345260364383,90.9549768425836));
#9316=CARTESIAN_POINT('Ctrl Pts',(-45.0501485609181,-7.95787034546993,91.0360426994207));
#9317=CARTESIAN_POINT('Ctrl Pts',(-45.0501485609181,-8.00000000000001,91.0360426994207));
#9318=CARTESIAN_POINT('Ctrl Pts',(-52.4062028824998,-5.62123417034411,83.886650452646));
#9319=CARTESIAN_POINT('Ctrl Pts',(-51.3317059081093,-5.85063747086176,84.9309603505966));
#9320=CARTESIAN_POINT('Ctrl Pts',(-49.5455846443605,-6.3106785956587,86.6669020601869));
#9321=CARTESIAN_POINT('Ctrl Pts',(-47.4264270640997,-6.95415101014119,88.7265237149046));
#9322=CARTESIAN_POINT('Ctrl Pts',(-46.1863662763351,-7.36981481389711,89.9317460520429));
#9323=CARTESIAN_POINT('Ctrl Pts',(-45.5677947396127,-7.60873336259296,90.5329393488005));
#9324=CARTESIAN_POINT('Ctrl Pts',(-45.2717817663817,-7.74970468391321,90.8206360899126));
#9325=CARTESIAN_POINT('Ctrl Pts',(-45.1128111288806,-7.85516080295054,90.9751405828824));
#9326=CARTESIAN_POINT('Ctrl Pts',(-45.0308026703067,-7.93680168487441,91.0548450837286));
#9327=CARTESIAN_POINT('Ctrl Pts',(-45.0308026703067,-8.00000000000001,91.0548450837286));
#9328=CARTESIAN_POINT('Ctrl Pts',(-46.5750096167638,-7.24133382777408,89.5540213149282));
#9329=CARTESIAN_POINT('Ctrl Pts',(-46.740608857602,-7.18508725604159,89.3930744435807));
#9330=CARTESIAN_POINT('Ctrl Pts',(-47.6144340696426,-6.89706355099083,88.5437986058982));
#9331=CARTESIAN_POINT('Ctrl Pts',(-48.7810265708012,-6.54283312450912,87.4099805264886));
#9332=CARTESIAN_POINT('Ctrl Pts',(-49.7889146311968,-6.26325868450641,86.4304082218813));
#9333=CARTESIAN_POINT('Ctrl Pts',(-50.0863117110742,-6.18343485845424,86.141366259419));
#9334=CARTESIAN_POINT('Ctrl Pts',(-41.0311998159566,-8.,94.7984406423423));
#9335=CARTESIAN_POINT('Ctrl Pts',(-39.2169914668204,-8.,96.349967773371));
#9336=CARTESIAN_POINT('Ctrl Pts',(-37.3084206662541,-8.,97.7967026180917));
#9337=CARTESIAN_POINT('Ctrl Pts',(-35.3535207023547,-8.,99.1093685982703));
#9338=CARTESIAN_POINT('Ctrl Pts',(-41.1218950047028,-7.75343904422546,94.8055028961692));
#9339=CARTESIAN_POINT('Ctrl Pts',(-39.4001376453374,-7.5812305002556,96.4068664730778));
#9340=CARTESIAN_POINT('Ctrl Pts',(-37.634893652396,-7.46120519100692,97.9787332841628));
#9341=CARTESIAN_POINT('Ctrl Pts',(-35.8448457017635,-7.44793826646396,99.4805135323556));
#9342=CARTESIAN_POINT('Ctrl Pts',(-41.1907404726871,-7.49813149148447,94.7870240077269));
#9343=CARTESIAN_POINT('Ctrl Pts',(-39.5308422477191,-7.13425354952735,96.4004709852828));
#9344=CARTESIAN_POINT('Ctrl Pts',(-37.8570351096216,-6.83751918731392,98.0220262411267));
#9345=CARTESIAN_POINT('Ctrl Pts',(-36.1942987361835,-6.638745860677,99.6430949733285));
#9346=CARTESIAN_POINT('Ctrl Pts',(-41.2353830949219,-7.24280370531953,94.7436355819041));
#9347=CARTESIAN_POINT('Ctrl Pts',(-39.6011796025801,-6.68717042211549,96.3319275203584));
#9348=CARTESIAN_POINT('Ctrl Pts',(-37.952062597741,-6.21578640512111,97.9347139888908));
#9349=CARTESIAN_POINT('Ctrl Pts',(-36.2934937214509,-5.82340127634075,99.5466867866041));
#9350=CARTESIAN_POINT('Origin',(-39.144497833908,-7.24280370531952,92.5923106819238));
#9351=CARTESIAN_POINT('',(-37.8996082624474,-6.23242467661575,97.985694664354));
#9352=CARTESIAN_POINT('Ctrl Pts',(-37.899608262447,-6.23242467661576,97.9856946643544));
#9353=CARTESIAN_POINT('Ctrl Pts',(-37.800451957295,-6.53488379105931,98.0820652576483));
#9354=CARTESIAN_POINT('Ctrl Pts',(-37.6361430198233,-6.81092779906908,98.1688434239987));
#9355=CARTESIAN_POINT('Ctrl Pts',(-37.1671106773652,-7.33786474111069,98.3578349750104));
#9356=CARTESIAN_POINT('Ctrl Pts',(-36.8539042665337,-7.55942347549189,98.4546302933939));
#9357=CARTESIAN_POINT('Ctrl Pts',(-36.2909003499247,-7.82912625359017,98.6494240890495));
#9358=CARTESIAN_POINT('Ctrl Pts',(-36.0415256561453,-7.91070914223793,98.7416401465544));
#9359=CARTESIAN_POINT('Ctrl Pts',(-35.7143797526628,-7.97232570615135,98.8982769254106));
#9360=CARTESIAN_POINT('Ctrl Pts',(-35.631695072233,-7.98385564356361,98.9411074786795));
#9361=CARTESIAN_POINT('Ctrl Pts',(-35.4997078815206,-7.99557172769255,99.0164664914357));
#9362=CARTESIAN_POINT('Ctrl Pts',(-35.4496268793498,-7.99838087135815,99.0467709648331));
#9363=CARTESIAN_POINT('Ctrl Pts',(-35.3846488140864,-7.99982543639492,99.0886783015237));
#9364=CARTESIAN_POINT('Ctrl Pts',(-35.3690345543291,-8.,99.09895143827));
#9365=CARTESIAN_POINT('Ctrl Pts',(-35.3535207023547,-8.,99.1093685982703));
#9366=CARTESIAN_POINT('Ctrl Pts',(-37.9000569632114,-6.22921106425991,97.9852585694555));
#9367=CARTESIAN_POINT('Ctrl Pts',(-39.0175300256442,-6.52960373787854,96.8991799600171));
#9368=CARTESIAN_POINT('Ctrl Pts',(-40.129869009827,-6.86692614563487,95.8180911912772));
#9369=CARTESIAN_POINT('Ctrl Pts',(-41.2353830949219,-7.24280370531953,94.7436355819041));
#9370=CARTESIAN_POINT('Ctrl Pts',(-42.7442675676912,-8.,93.2771419320072));
#9371=CARTESIAN_POINT('Ctrl Pts',(-42.7408381678447,-8.,93.2803038739713));
#9372=CARTESIAN_POINT('Ctrl Pts',(-42.7374085328867,-8.,93.2834653093024));
#9373=CARTESIAN_POINT('Ctrl Pts',(-42.1697914450831,-8.,93.8065747025463));
#9374=CARTESIAN_POINT('Ctrl Pts',(-41.5988962090692,-8.,94.3129416330799));
#9375=CARTESIAN_POINT('Ctrl Pts',(-41.0311998159566,-8.,94.7984406423423));
#9376=CARTESIAN_POINT('Ctrl Pts',(-42.7442675676912,-8.,93.2771419320072));
#9377=CARTESIAN_POINT('Ctrl Pts',(-42.7408895015393,-7.99968431312895,93.2803110196743));
#9378=CARTESIAN_POINT('Ctrl Pts',(-42.7375117184077,-7.99936734409012,93.2834795546335));
#9379=CARTESIAN_POINT('Ctrl Pts',(-42.1785709481157,-7.94701742857096,93.8079982703515));
#9380=CARTESIAN_POINT('Ctrl Pts',(-41.6303366163638,-7.85857830608234,94.3130790567979));
#9381=CARTESIAN_POINT('Ctrl Pts',(-41.1218950047028,-7.75343904422547,94.8055028961692));
#9382=CARTESIAN_POINT('Ctrl Pts',(-42.7442675676912,-8.,93.2771419320072));
#9383=CARTESIAN_POINT('Ctrl Pts',(-42.7409408353701,-7.999368625408,93.2803181653984));
#9384=CARTESIAN_POINT('Ctrl Pts',(-42.7376148005577,-7.99873466967764,93.2834936879812));
#9385=CARTESIAN_POINT('Ctrl Pts',(-42.1876683822825,-7.89318000458789,93.8088660771381));
#9386=CARTESIAN_POINT('Ctrl Pts',(-41.6596119310299,-7.71751798896972,94.3103069483792));
#9387=CARTESIAN_POINT('Ctrl Pts',(-41.1907404726871,-7.49813149148447,94.7870240077269));
#9388=CARTESIAN_POINT('Ctrl Pts',(-42.7442675676912,-8.,93.2771419320072));
#9389=CARTESIAN_POINT('Ctrl Pts',(-42.7409921690649,-7.99905293853699,93.2803253111015));
#9390=CARTESIAN_POINT('Ctrl Pts',(-42.7377177796085,-7.99810197512488,93.2835077093777));
#9391=CARTESIAN_POINT('Ctrl Pts',(-42.1959996647888,-7.84007999707694,93.8100067155999));
#9392=CARTESIAN_POINT('Ctrl Pts',(-41.6866135377385,-7.57535386902105,94.3050820736847));
#9393=CARTESIAN_POINT('Ctrl Pts',(-41.2353830949219,-7.24280370531953,94.7436355819041));
#9394=CARTESIAN_POINT('Origin',(-38.092294938935,0.,97.7984213557686));
#9395=CARTESIAN_POINT('',(-38.092294938935,-5.,97.7984213557686));
#9396=CARTESIAN_POINT('Origin',(-35.9095745154947,-5.,99.9198201097769));
#9397=CARTESIAN_POINT('',(-38.092294938935,0.,97.7984213557686));
#9398=CARTESIAN_POINT('Origin',(-43.8557176299875,-5.,111.50136769673));
#9399=CARTESIAN_POINT('',(-46.329454758194,-5.,109.80412740127));
#9400=CARTESIAN_POINT('Origin',(-50.5169197391742,0.,115.907380796929));
#9401=CARTESIAN_POINT('Origin',(51.109729219091,0.,86.3305301045751));
#9402=CARTESIAN_POINT('Origin',(-38.092294938935,0.,97.7984213557686));
#9403=CARTESIAN_POINT('Origin',(0.,0.,102.000001519918));
#9404=CARTESIAN_POINT('',(-1.25022604627709,31.599999293685,101.999997720122));
#9405=CARTESIAN_POINT('',(1.25022604627709,31.599999293685,101.999997720122));
#9406=CARTESIAN_POINT('Ctrl Pts',(-1.25022604627709,31.599999293685,101.999997720122));
#9407=CARTESIAN_POINT('Ctrl Pts',(-0.831445413862622,31.6165679793186,101.99254854928));
#9408=CARTESIAN_POINT('Ctrl Pts',(-0.41447372407704,31.624721667197,101.988875827236));
#9409=CARTESIAN_POINT('Ctrl Pts',(0.,31.624721667197,101.988875827236));
#9410=CARTESIAN_POINT('Ctrl Pts',(0.414473724118802,31.624721667197,101.988875827236));
#9411=CARTESIAN_POINT('Ctrl Pts',(0.831445413893721,31.6165679793174,101.992548549281));
#9412=CARTESIAN_POINT('Ctrl Pts',(1.25022604627709,31.599999293685,101.999997720122));
#9413=CARTESIAN_POINT('Origin',(0.,0.,102.000001519918));
#9414=CARTESIAN_POINT('Ctrl Pts',(1.25404231839107,31.6963031706049,101.945377198297));
#9415=CARTESIAN_POINT('Ctrl Pts',(0.,31.7459184878187,101.945377198297));
#9416=CARTESIAN_POINT('Ctrl Pts',(-1.25404231839047,31.6963031706049,101.945377198297));
#9417=CARTESIAN_POINT('Ctrl Pts',(1.25213818280689,31.6481755612979,101.972732531089));
#9418=CARTESIAN_POINT('Ctrl Pts',(0.,31.6977155427039,101.972732531089));
#9419=CARTESIAN_POINT('Ctrl Pts',(-1.2521381828063,31.6481755612979,101.972732531089));
#9420=CARTESIAN_POINT('Ctrl Pts',(1.25023211259469,31.5999990536759,102.000001519918));
#9421=CARTESIAN_POINT('Ctrl Pts',(0.,31.649463622732,102.000001519918));
#9422=CARTESIAN_POINT('Ctrl Pts',(-1.2502321125941,31.5999990536759,102.000001519918));
#9423=CARTESIAN_POINT('Ctrl Pts',(1.25023336715139,31.60003076298,101.999983571725));
#9424=CARTESIAN_POINT('Ctrl Pts',(0.837544774453416,31.6798911359091,101.964078822754));
#9425=CARTESIAN_POINT('Ctrl Pts',(0.42042719815228,31.721120507112,101.945377198349));
#9426=CARTESIAN_POINT('Ctrl Pts',(-0.422362036540104,31.7209300275596,101.945463356238));
#9427=CARTESIAN_POINT('Ctrl Pts',(-0.838507534704102,31.6797048298323,101.964162584859));
#9428=CARTESIAN_POINT('Ctrl Pts',(-1.2502333671508,31.6000307629802,101.999983571725));
#9429=CARTESIAN_POINT('Origin',(0.,7.58194492033432,48.5782678549014));
#9430=CARTESIAN_POINT('',(0.,0.,0.));
#9431=CARTESIAN_POINT('',(-0.397525912146443,6.40780890776533,4.99999999999999));
#9432=UNCERTAINTY_MEASURE_WITH_UNIT(LENGTH_MEASURE(0.01),#9440,
'DISTANCE_ACCURACY_VALUE',
'Maximum model space distance between geometric entities at asserted c
onnectivities');
#9433=UNCERTAINTY_MEASURE_WITH_UNIT(LENGTH_MEASURE(0.01),#9440,
'DISTANCE_ACCURACY_VALUE',
'Maximum model space distance between geometric entities at asserted c
onnectivities');
#9434=UNCERTAINTY_MEASURE_WITH_UNIT(LENGTH_MEASURE(0.01),#9440,
'DISTANCE_ACCURACY_VALUE',
'Maximum model space distance between geometric entities at asserted c
onnectivities');
#9435=UNCERTAINTY_MEASURE_WITH_UNIT(LENGTH_MEASURE(0.01),#9440,
'DISTANCE_ACCURACY_VALUE',
'Maximum model space distance between geometric entities at asserted c
onnectivities');
#9436=(
GEOMETRIC_REPRESENTATION_CONTEXT(3)
GLOBAL_UNCERTAINTY_ASSIGNED_CONTEXT((#9432))
GLOBAL_UNIT_ASSIGNED_CONTEXT((#9440,#9442,#9443))
REPRESENTATION_CONTEXT('','3D')
);
#9437=(
GEOMETRIC_REPRESENTATION_CONTEXT(3)
GLOBAL_UNCERTAINTY_ASSIGNED_CONTEXT((#9433))
GLOBAL_UNIT_ASSIGNED_CONTEXT((#9440,#9442,#9443))
REPRESENTATION_CONTEXT('','3D')
);
#9438=(
GEOMETRIC_REPRESENTATION_CONTEXT(3)
GLOBAL_UNCERTAINTY_ASSIGNED_CONTEXT((#9434))
GLOBAL_UNIT_ASSIGNED_CONTEXT((#9440,#9442,#9443))
REPRESENTATION_CONTEXT('','3D')
);
#9439=(
GEOMETRIC_REPRESENTATION_CONTEXT(3)
GLOBAL_UNCERTAINTY_ASSIGNED_CONTEXT((#9435))
GLOBAL_UNIT_ASSIGNED_CONTEXT((#9440,#9442,#9443))
REPRESENTATION_CONTEXT('','3D')
);
#9440=(
LENGTH_UNIT()
NAMED_UNIT(*)
SI_UNIT(.MILLI.,.METRE.)
);
#9441=(
LENGTH_UNIT()
NAMED_UNIT(*)
SI_UNIT($,.METRE.)
);
#9442=(
NAMED_UNIT(*)
PLANE_ANGLE_UNIT()
SI_UNIT($,.RADIAN.)
);
#9443=(
NAMED_UNIT(*)
SI_UNIT($,.STERADIAN.)
SOLID_ANGLE_UNIT()
);
#9444=SHAPE_DEFINITION_REPRESENTATION(#9447,#9452);
#9445=SHAPE_DEFINITION_REPRESENTATION(#9448,#9453);
#9446=SHAPE_DEFINITION_REPRESENTATION(#9449,#9454);
#9447=PRODUCT_DEFINITION_SHAPE('',$,#9456);
#9448=PRODUCT_DEFINITION_SHAPE('',$,#9457);
#9449=PRODUCT_DEFINITION_SHAPE('',$,#9458);
#9450=PRODUCT_DEFINITION_SHAPE($,$,#17);
#9451=PRODUCT_DEFINITION_SHAPE($,$,#18);
#9452=SHAPE_REPRESENTATION('',(#3634,#3975,#3976),#9436);
#9453=SHAPE_REPRESENTATION('',(#3635),#9437);
#9454=SHAPE_REPRESENTATION('',(#3745),#9438);
#9455=PRODUCT_DEFINITION_CONTEXT('part definition',#9466,'design');
#9456=PRODUCT_DEFINITION('2025-12-05-21-49-25-281','Happy_Assembly',#9459,
#9455);
#9457=PRODUCT_DEFINITION('2025-12-05-17-47-32-944','Happy',#9460,#9455);
#9458=PRODUCT_DEFINITION('2025-12-05-20-08-04-922','Happy_Head',#9461,#9455);
#9459=PRODUCT_DEFINITION_FORMATION('',$,#9468);
#9460=PRODUCT_DEFINITION_FORMATION('',$,#9469);
#9461=PRODUCT_DEFINITION_FORMATION('',$,#9470);
#9462=PRODUCT_RELATED_PRODUCT_CATEGORY('Happy_Assembly',
'Happy_Assembly',(#9468));
#9463=PRODUCT_RELATED_PRODUCT_CATEGORY('Happy','Happy',(#9469));
#9464=PRODUCT_RELATED_PRODUCT_CATEGORY('Happy_Head','Happy_Head',(#9470));
#9465=APPLICATION_PROTOCOL_DEFINITION('international standard',
'automotive_design',2009,#9466);
#9466=APPLICATION_CONTEXT(
'Core Data for Automotive Mechanical Design Process');
#9467=PRODUCT_CONTEXT('part definition',#9466,'mechanical');
#9468=PRODUCT('2025-12-05-21-49-25-281','Happy_Assembly',$,(#9467));
#9469=PRODUCT('2025-12-05-17-47-32-944','Happy',$,(#9467));
#9470=PRODUCT('2025-12-05-20-08-04-922','Happy_Head',$,(#9467));
#9471=PRESENTATION_STYLE_ASSIGNMENT((#9472));
#9472=SURFACE_STYLE_USAGE(.BOTH.,#9473);
#9473=SURFACE_SIDE_STYLE('',(#9474));
#9474=SURFACE_STYLE_FILL_AREA(#9475);
#9475=FILL_AREA_STYLE('Steel - Satin',(#9476));
#9476=FILL_AREA_STYLE_COLOUR('Steel - Satin',#9477);
#9477=COLOUR_RGB('Steel - Satin',0.627450980392157,0.627450980392157,0.627450980392157);
ENDSEC;
END-ISO-10303-21;
