ISO-10303-21;
HEADER;
/* Generated by software containing ST-Developer
 * from STEP Tools, Inc. (www.steptools.com) 
 */

FILE_DESCRIPTION(
/* description */ (''),
/* implementation_level */ '2;1');

FILE_NAME(
/* name */ 'Happy_Head.step',
/* time_stamp */ '2025-12-05T22:18:18-05:00',
/* author */ (''),
/* organization */ (''),
/* preprocessor_version */ 'ST-DEVELOPER v20.1',
/* originating_system */ 'Autodesk Translation Framework v14.21.0.0',
/* authorisation */ '');

FILE_SCHEMA (('AUTOMOTIVE_DESIGN { 1 0 10303 214 3 1 1 }'));
ENDSEC;

DATA;
#10=MECHANICAL_DESIGN_GEOMETRIC_PRESENTATION_REPRESENTATION('',(#13,#14,
#15,#16),#6545);
#11=SHAPE_REPRESENTATION_RELATIONSHIP('SRR','None',#6552,#12);
#12=ADVANCED_BREP_SHAPE_REPRESENTATION('',(#17,#18,#19,#20),#6544);
#13=STYLED_ITEM('',(#6561),#17);
#14=STYLED_ITEM('',(#6561),#18);
#15=STYLED_ITEM('',(#6561),#19);
#16=STYLED_ITEM('',(#6561),#20);
#17=MANIFOLD_SOLID_BREP('Body1',#2422);
#18=MANIFOLD_SOLID_BREP('Body1',#2423);
#19=MANIFOLD_SOLID_BREP('Body4',#2424);
#20=MANIFOLD_SOLID_BREP('Body5',#2425);
#21=TOROIDAL_SURFACE('',#2471,8.56243699433595,5.);
#22=TOROIDAL_SURFACE('',#2476,8.56243699433595,5.);
#23=TOROIDAL_SURFACE('',#2489,4.69999999999994,2.3);
#24=TOROIDAL_SURFACE('',#2494,25.0998252373895,2.3);
#25=TOROIDAL_SURFACE('',#2498,25.0998252373895,2.3);
#26=TOROIDAL_SURFACE('',#2502,4.69999999999998,2.3);
#27=TOROIDAL_SURFACE('',#2506,31.2051211164802,2.3);
#28=TOROIDAL_SURFACE('',#2510,4.69999999999996,2.3);
#29=TOROIDAL_SURFACE('',#2514,29.4478308062457,2.3);
#30=TOROIDAL_SURFACE('',#2525,29.4478308062457,2.3);
#31=TOROIDAL_SURFACE('',#2530,4.69999999999995,2.3);
#32=TOROIDAL_SURFACE('',#2534,31.2051211164802,2.3);
#33=TOROIDAL_SURFACE('',#2538,4.69999999999998,2.3);
#34=TOROIDAL_SURFACE('',#2542,25.0998252373896,2.3);
#35=TOROIDAL_SURFACE('',#2546,25.0998252373896,2.3);
#36=TOROIDAL_SURFACE('',#2550,4.69999999999994,2.3);
#37=TOROIDAL_SURFACE('',#2569,11.9569085489085,3.5);
#38=TOROIDAL_SURFACE('',#2572,11.5993116817598,3.5);
#39=TOROIDAL_SURFACE('',#2575,19.3035088417815,3.5);
#40=TOROIDAL_SURFACE('',#2600,51.9356407983774,5.);
#41=TOROIDAL_SURFACE('',#2605,51.9356407983774,5.);
#42=TOROIDAL_SURFACE('',#2620,54.9356407983774,2.);
#43=TOROIDAL_SURFACE('',#2636,54.9356407983774,3.);
#44=TOROIDAL_SURFACE('',#2638,54.9356407983774,2.);
#45=TOROIDAL_SURFACE('',#2642,54.9356407983774,3.);
#46=FACE_BOUND('',#438,.T.);
#47=FACE_BOUND('',#439,.T.);
#48=FACE_BOUND('',#444,.T.);
#49=FACE_BOUND('',#445,.T.);
#50=B_SPLINE_SURFACE_WITH_KNOTS('',3,3,((#3310,#3311,#3312,#3313,#3314,
#3315,#3316),(#3317,#3318,#3319,#3320,#3321,#3322,#3323),(#3324,#3325,#3326,
#3327,#3328,#3329,#3330),(#3331,#3332,#3333,#3334,#3335,#3336,#3337)),
 .UNSPECIFIED.,.F.,.F.,.F.,(4,4),(4,1,1,1,4),(0.,1.),(9.56166930197456,
9.88943326490677,10.217197227839,10.8727251537034,11.8560170425001),
 .UNSPECIFIED.);
#51=B_SPLINE_SURFACE_WITH_KNOTS('',3,3,((#3442,#3443,#3444,#3445,#3446),
(#3447,#3448,#3449,#3450,#3451),(#3452,#3453,#3454,#3455,#3456),(#3457,
#3458,#3459,#3460,#3461)),.UNSPECIFIED.,.F.,.F.,.F.,(4,4),(4,1,4),(0.,1.),
(4.30321192899985,5.00950976159527,5.95124020505584),.UNSPECIFIED.);
#52=B_SPLINE_SURFACE_WITH_KNOTS('',3,3,((#3496,#3497,#3498,#3499),(#3500,
#3501,#3502,#3503),(#3504,#3505,#3506,#3507),(#3508,#3509,#3510,#3511)),
 .UNSPECIFIED.,.F.,.F.,.F.,(4,4),(4,4),(0.,1.),(8.83989914179124E-14,0.356555602045902),
 .UNSPECIFIED.);
#53=B_SPLINE_SURFACE_WITH_KNOTS('',3,3,((#3978,#3979,#3980,#3981),(#3982,
#3983,#3984,#3985),(#3986,#3987,#3988,#3989),(#3990,#3991,#3992,#3993)),
 .UNSPECIFIED.,.F.,.F.,.F.,(4,4),(4,4),(0.,1.),(0.,0.356557645881606),
 .UNSPECIFIED.);
#54=B_SPLINE_SURFACE_WITH_KNOTS('',3,3,((#4005,#4006,#4007,#4008,#4009),
(#4010,#4011,#4012,#4013,#4014),(#4015,#4016,#4017,#4018,#4019),(#4020,
#4021,#4022,#4023,#4024)),.UNSPECIFIED.,.F.,.F.,.F.,(4,4),(4,1,4),(0.,1.),
(0.,0.708667640665928,1.6535578282205),.UNSPECIFIED.);
#55=B_SPLINE_SURFACE_WITH_KNOTS('',3,3,((#4554,#4555,#4556,#4557),(#4558,
#4559,#4560,#4561),(#4562,#4563,#4564,#4565),(#4566,#4567,#4568,#4569)),
 .UNSPECIFIED.,.F.,.F.,.F.,(4,4),(4,4),(0.,1.),(12.8518351253157,13.1626172931621),
 .UNSPECIFIED.);
#56=B_SPLINE_SURFACE_WITH_KNOTS('',3,3,((#4584,#4585,#4586,#4587,#4588,
#4589,#4590),(#4591,#4592,#4593,#4594,#4595,#4596,#4597),(#4598,#4599,#4600,
#4601,#4602,#4603,#4604),(#4605,#4606,#4607,#4608,#4609,#4610,#4611)),
 .UNSPECIFIED.,.F.,.F.,.F.,(4,4),(4,1,1,1,4),(0.,1.),(10.7719947882235,
11.7507434839143,12.4032426143749,12.7294921796051,13.0557417448354),
 .UNSPECIFIED.);
#57=B_SPLINE_SURFACE_WITH_KNOTS('',3,3,((#4623,#4624,#4625,#4626),(#4627,
#4628,#4629,#4630),(#4631,#4632,#4633,#4634),(#4635,#4636,#4637,#4638)),
 .UNSPECIFIED.,.F.,.F.,.F.,(4,4),(4,4),(0.,1.),(9.45659240712,9.76514477267933),
 .UNSPECIFIED.);
#58=B_SPLINE_SURFACE_WITH_KNOTS('',3,3,((#4676,#4677,#4678,#4679),(#4680,
#4681,#4682,#4683),(#4684,#4685,#4686,#4687),(#4688,#4689,#4690,#4691),
(#4692,#4693,#4694,#4695)),.UNSPECIFIED.,.F.,.F.,.F.,(4,1,4),(4,4),(0.,
0.571428571428571,1.),(-0.505944236244635,-0.407429700244466),
 .UNSPECIFIED.);
#59=B_SPLINE_SURFACE_WITH_KNOTS('',3,3,((#4746,#4747,#4748,#4749),(#4750,
#4751,#4752,#4753),(#4754,#4755,#4756,#4757),(#4758,#4759,#4760,#4761),
(#4762,#4763,#4764,#4765)),.UNSPECIFIED.,.F.,.F.,.F.,(4,1,4),(4,4),(0.,
0.571428571428571,1.),(-0.0890547836136376,0.),.UNSPECIFIED.);
#60=B_SPLINE_SURFACE_WITH_KNOTS('',3,3,((#4885,#4886,#4887,#4888),(#4889,
#4890,#4891,#4892),(#4893,#4894,#4895,#4896),(#4897,#4898,#4899,#4900),
(#4901,#4902,#4903,#4904)),.UNSPECIFIED.,.F.,.F.,.F.,(4,1,4),(4,4),(0.,
0.571428571428571,1.),(-3.78370291647646,-3.69467584225697),
 .UNSPECIFIED.);
#61=B_SPLINE_SURFACE_WITH_KNOTS('',3,3,((#4946,#4947,#4948,#4949),(#4950,
#4951,#4952,#4953),(#4954,#4955,#4956,#4957),(#4958,#4959,#4960,#4961),
(#4962,#4963,#4964,#4965)),.UNSPECIFIED.,.F.,.F.,.F.,(4,1,4),(4,4),(0.,
0.571428571428571,1.),(-0.0980357775209295,0.),.UNSPECIFIED.);
#62=B_SPLINE_SURFACE_WITH_KNOTS('',3,3,((#5119,#5120,#5121,#5122,#5123,
#5124,#5125),(#5126,#5127,#5128,#5129,#5130,#5131,#5132),(#5133,#5134,#5135,
#5136,#5137,#5138,#5139),(#5140,#5141,#5142,#5143,#5144,#5145,#5146)),
 .UNSPECIFIED.,.F.,.F.,.F.,(4,4),(4,1,1,1,4),(0.,1.),(29.4066756574562,
30.3228968020212,30.7810073743037,31.6972285188687,32.6134496634337),
 .UNSPECIFIED.);
#63=B_SPLINE_SURFACE_WITH_KNOTS('',3,3,((#5223,#5224,#5225,#5226),(#5227,
#5228,#5229,#5230),(#5231,#5232,#5233,#5234),(#5235,#5236,#5237,#5238)),
 .UNSPECIFIED.,.F.,.F.,.F.,(4,4),(4,4),(0.502561261847331,1.),(29.7269384645807,
30.0245964245555),.UNSPECIFIED.);
#64=B_SPLINE_SURFACE_WITH_KNOTS('',3,3,((#5243,#5244,#5245,#5246,#5247,
#5248,#5249,#5250,#5251,#5252,#5253,#5254),(#5255,#5256,#5257,#5258,#5259,
#5260,#5261,#5262,#5263,#5264,#5265,#5266),(#5267,#5268,#5269,#5270,#5271,
#5272,#5273,#5274,#5275,#5276,#5277,#5278),(#5279,#5280,#5281,#5282,#5283,
#5284,#5285,#5286,#5287,#5288,#5289,#5290),(#5291,#5292,#5293,#5294,#5295,
#5296,#5297,#5298,#5299,#5300,#5301,#5302)),.UNSPECIFIED.,.F.,.F.,.F.,(4,
1,4),(4,1,1,1,1,1,1,2,4),(0.,0.571428571428571,1.),(0.,0.0586478428133455,
0.117295685626691,0.175943528440037,0.205267449846709,0.234591371253382,
0.263915292660055,0.293239214066728,0.294077957862958),.UNSPECIFIED.);
#65=B_SPLINE_SURFACE_WITH_KNOTS('',3,3,((#5330,#5331,#5332,#5333,#5334,
#5335,#5336,#5337,#5338,#5339,#5340,#5341),(#5342,#5343,#5344,#5345,#5346,
#5347,#5348,#5349,#5350,#5351,#5352,#5353),(#5354,#5355,#5356,#5357,#5358,
#5359,#5360,#5361,#5362,#5363,#5364,#5365),(#5366,#5367,#5368,#5369,#5370,
#5371,#5372,#5373,#5374,#5375,#5376,#5377),(#5378,#5379,#5380,#5381,#5382,
#5383,#5384,#5385,#5386,#5387,#5388,#5389)),.UNSPECIFIED.,.F.,.F.,.F.,(4,
1,4),(4,1,1,1,1,1,1,2,4),(0.,0.571428571428571,1.),(4.48656504234841E-17,
0.0585476150110474,0.087821422516571,0.117095230022095,0.146369037527618,
0.175642845033142,0.234190460044189,0.292738075055237,0.293584515570439),
 .UNSPECIFIED.);
#66=B_SPLINE_SURFACE_WITH_KNOTS('',3,3,((#5481,#5482,#5483,#5484),(#5485,
#5486,#5487,#5488),(#5489,#5490,#5491,#5492),(#5493,#5494,#5495,#5496)),
 .UNSPECIFIED.,.F.,.F.,.F.,(4,4),(4,4),(0.502561265165116,1.),(35.2201187638297,
35.517748365107),.UNSPECIFIED.);
#67=B_SPLINE_SURFACE_WITH_KNOTS('',3,3,((#5553,#5554,#5555,#5556,#5557,
#5558),(#5559,#5560,#5561,#5562,#5563,#5564),(#5565,#5566,#5567,#5568,#5569,
#5570),(#5571,#5572,#5573,#5574,#5575,#5576)),.UNSPECIFIED.,.F.,.F.,.F.,
(4,4),(4,1,1,4),(0.,1.),(32.631341269408,34.0057307229973,34.9219903587235,
35.8382499944496),.UNSPECIFIED.);
#68=B_SPLINE_SURFACE_WITH_KNOTS('',3,3,((#5590,#5591,#5592,#5593,#5594,
#5595,#5596,#5597,#5598,#5599,#5600,#5601,#5602),(#5603,#5604,#5605,#5606,
#5607,#5608,#5609,#5610,#5611,#5612,#5613,#5614,#5615),(#5616,#5617,#5618,
#5619,#5620,#5621,#5622,#5623,#5624,#5625,#5626,#5627,#5628),(#5629,#5630,
#5631,#5632,#5633,#5634,#5635,#5636,#5637,#5638,#5639,#5640,#5641),(#5642,
#5643,#5644,#5645,#5646,#5647,#5648,#5649,#5650,#5651,#5652,#5653,#5654),
(#5655,#5656,#5657,#5658,#5659,#5660,#5661,#5662,#5663,#5664,#5665,#5666,
#5667)),.UNSPECIFIED.,.F.,.F.,.F.,(4,1,1,4),(4,1,1,1,1,1,1,1,2,4),(0.,0.285714285714286,
0.571428571428571,1.),(-1.04018929298152,-0.936170363683364,-0.832151434385213,
-0.624113575788909,-0.416075717192606,-0.312056787894455,-0.208037858596303,
-0.104018929298152,0.,0.00163858187879409),.UNSPECIFIED.);
#69=B_SPLINE_SURFACE_WITH_KNOTS('',3,3,((#5705,#5706,#5707,#5708,#5709,
#5710,#5711,#5712,#5713,#5714,#5715,#5716,#5717),(#5718,#5719,#5720,#5721,
#5722,#5723,#5724,#5725,#5726,#5727,#5728,#5729,#5730),(#5731,#5732,#5733,
#5734,#5735,#5736,#5737,#5738,#5739,#5740,#5741,#5742,#5743),(#5744,#5745,
#5746,#5747,#5748,#5749,#5750,#5751,#5752,#5753,#5754,#5755,#5756),(#5757,
#5758,#5759,#5760,#5761,#5762,#5763,#5764,#5765,#5766,#5767,#5768,#5769),
(#5770,#5771,#5772,#5773,#5774,#5775,#5776,#5777,#5778,#5779,#5780,#5781,
#5782)),.UNSPECIFIED.,.F.,.F.,.F.,(4,1,1,4),(4,1,1,1,1,1,1,1,2,4),(0.,0.285714285714286,
0.571428571428571,1.),(0.,0.104020309387041,0.208040618774083,0.312060928161124,
0.416081237548165,0.520101546935207,0.624121856322248,0.832162475096331,
1.04020309387041,1.04182464439388),.UNSPECIFIED.);
#70=B_SPLINE_SURFACE_WITH_KNOTS('',3,3,((#5820,#5821,#5822,#5823,#5824,
#5825,#5826,#5827,#5828,#5829,#5830,#5831),(#5832,#5833,#5834,#5835,#5836,
#5837,#5838,#5839,#5840,#5841,#5842,#5843),(#5844,#5845,#5846,#5847,#5848,
#5849,#5850,#5851,#5852,#5853,#5854,#5855),(#5856,#5857,#5858,#5859,#5860,
#5861,#5862,#5863,#5864,#5865,#5866,#5867),(#5868,#5869,#5870,#5871,#5872,
#5873,#5874,#5875,#5876,#5877,#5878,#5879)),.UNSPECIFIED.,.F.,.F.,.F.,(4,
1,4),(4,2,1,1,1,1,1,1,4),(0.,0.571428571428571,1.),(-0.249575804979648,
-0.248631922305258,-0.223768730074732,-0.198905537844206,-0.149179153383155,
-0.0994527689221032,-0.0497263844610516,-0.0248631922305258,0.),
 .UNSPECIFIED.);
#71=B_SPLINE_SURFACE_WITH_KNOTS('',3,3,((#5911,#5912,#5913,#5914,#5915,
#5916,#5917,#5918,#5919,#5920,#5921,#5922,#5923,#5924,#5925),(#5926,#5927,
#5928,#5929,#5930,#5931,#5932,#5933,#5934,#5935,#5936,#5937,#5938,#5939,
#5940),(#5941,#5942,#5943,#5944,#5945,#5946,#5947,#5948,#5949,#5950,#5951,
#5952,#5953,#5954,#5955),(#5956,#5957,#5958,#5959,#5960,#5961,#5962,#5963,
#5964,#5965,#5966,#5967,#5968,#5969,#5970),(#5971,#5972,#5973,#5974,#5975,
#5976,#5977,#5978,#5979,#5980,#5981,#5982,#5983,#5984,#5985)),
 .UNSPECIFIED.,.F.,.F.,.F.,(4,1,4),(4,2,1,1,1,1,1,1,1,1,1,4),(0.,0.571428571428571,
1.),(-1.06434191030561,-1.06259492825995,-0.956335435433957,-0.850075942607961,
-0.743816449781966,-0.637556956955971,-0.531297464129976,-0.425037971303981,
-0.318778478477986,-0.21251898565199,-0.106259492825995,0.),
 .UNSPECIFIED.);
#72=B_SPLINE_SURFACE_WITH_KNOTS('',3,3,((#6067,#6068,#6069,#6070,#6071,
#6072,#6073,#6074,#6075,#6076),(#6077,#6078,#6079,#6080,#6081,#6082,#6083,
#6084,#6085,#6086),(#6087,#6088,#6089,#6090,#6091,#6092,#6093,#6094,#6095,
#6096),(#6097,#6098,#6099,#6100,#6101,#6102,#6103,#6104,#6105,#6106),(#6107,
#6108,#6109,#6110,#6111,#6112,#6113,#6114,#6115,#6116)),.UNSPECIFIED.,.F.,
 .F.,.F.,(4,1,4),(4,2,1,1,1,1,4),(0.,0.571428571428571,1.),(-0.000943603560982906,
0.,0.0497264408959721,0.149179322687916,0.198905763583888,0.223768984031874,
0.248632204479861),.UNSPECIFIED.);
#73=B_SPLINE_SURFACE_WITH_KNOTS('',3,3,((#6144,#6145,#6146,#6147,#6148,
#6149,#6150,#6151,#6152,#6153,#6154),(#6155,#6156,#6157,#6158,#6159,#6160,
#6161,#6162,#6163,#6164,#6165),(#6166,#6167,#6168,#6169,#6170,#6171,#6172,
#6173,#6174,#6175,#6176),(#6177,#6178,#6179,#6180,#6181,#6182,#6183,#6184,
#6185,#6186,#6187),(#6188,#6189,#6190,#6191,#6192,#6193,#6194,#6195,#6196,
#6197,#6198)),.UNSPECIFIED.,.F.,.F.,.F.,(4,1,4),(4,2,1,1,1,1,1,4),(0.,0.571428571428571,
1.),(-0.00173854950903944,0.,0.212519941069958,0.637559823209873,0.743819793744852,
0.850079764279831,0.95633973481481,1.06259970534979),.UNSPECIFIED.);
#74=B_SPLINE_SURFACE_WITH_KNOTS('',3,3,((#6274,#6275,#6276,#6277,#6278),
(#6279,#6280,#6281,#6282,#6283),(#6284,#6285,#6286,#6287,#6288),(#6289,
#6290,#6291,#6292,#6293),(#6294,#6295,#6296,#6297,#6298)),.UNSPECIFIED.,
 .F.,.F.,.F.,(4,1,4),(4,1,4),(0.,0.571428571428571,1.),(-2.57553725505553,
-1.57948203797799,-0.251408415207934),.UNSPECIFIED.);
#75=B_SPLINE_SURFACE_WITH_KNOTS('',3,3,((#6332,#6333,#6334,#6335),(#6336,
#6337,#6338,#6339),(#6340,#6341,#6342,#6343),(#6344,#6345,#6346,#6347)),
 .UNSPECIFIED.,.F.,.F.,.F.,(4,4),(4,4),(0.,1.),(-0.903815936995221,-0.200160450574505),
 .UNSPECIFIED.);
#76=B_SPLINE_SURFACE_WITH_KNOTS('',3,3,((#6368,#6369,#6370,#6371,#6372,
#6373),(#6374,#6375,#6376,#6377,#6378,#6379),(#6380,#6381,#6382,#6383,#6384,
#6385),(#6386,#6387,#6388,#6389,#6390,#6391)),.UNSPECIFIED.,.F.,.F.,.F.,
(4,4),(4,2,4),(0.,1.),(-0.00133861501460381,0.,0.220187959167662),
 .UNSPECIFIED.);
#77=B_SPLINE_SURFACE_WITH_KNOTS('',3,3,((#6396,#6397,#6398,#6399,#6400,
#6401,#6402,#6403,#6404,#6405),(#6406,#6407,#6408,#6409,#6410,#6411,#6412,
#6413,#6414,#6415),(#6416,#6417,#6418,#6419,#6420,#6421,#6422,#6423,#6424,
#6425),(#6426,#6427,#6428,#6429,#6430,#6431,#6432,#6433,#6434,#6435)),
 .UNSPECIFIED.,.F.,.F.,.F.,(4,4),(4,1,1,1,1,1,1,4),(0.,1.),(-2.36938376395918,
-1.91471443657487,-1.61160155165199,-1.46004510919055,-1.38426688795983,
-1.34637777734447,-1.32743322203679,-1.30848866672911),.UNSPECIFIED.);
#78=PLANE('',#2442);
#79=PLANE('',#2460);
#80=PLANE('',#2486);
#81=PLANE('',#2561);
#82=PLANE('',#2565);
#83=PLANE('',#2581);
#84=PLANE('',#2583);
#85=PLANE('',#2591);
#86=PLANE('',#2603);
#87=PLANE('',#2609);
#88=PLANE('',#2615);
#89=PLANE('',#2617);
#90=PLANE('',#2630);
#91=PLANE('',#2634);
#92=PLANE('',#2640);
#93=PLANE('',#2646);
#94=PLANE('',#2649);
#95=PLANE('',#2650);
#96=PLANE('',#2651);
#97=PLANE('',#2658);
#98=PLANE('',#2659);
#99=PLANE('',#2663);
#100=PLANE('',#2664);
#101=CIRCLE('',#2441,19.2987017548196);
#102=CIRCLE('',#2443,19.7736579801953);
#103=CIRCLE('',#2448,15.4569085489085);
#104=CIRCLE('',#2449,5.);
#105=CIRCLE('',#2450,5.);
#106=CIRCLE('',#2451,31.624721667197);
#107=CIRCLE('',#2452,39.9337912824499);
#108=CIRCLE('',#2453,61.8293712895452);
#109=CIRCLE('',#2455,5.);
#110=CIRCLE('',#2456,5.);
#111=CIRCLE('',#2457,39.9337912824499);
#112=CIRCLE('',#2458,31.624721667197);
#113=CIRCLE('',#2459,31.624721667197);
#114=CIRCLE('',#2461,5.);
#115=CIRCLE('',#2462,8.56243699433595);
#116=CIRCLE('',#2463,36.6780216866113);
#117=CIRCLE('',#2464,36.6780216866113);
#118=CIRCLE('',#2465,8.56243699433595);
#119=CIRCLE('',#2466,5.);
#120=CIRCLE('',#2467,19.7736579801953);
#121=CIRCLE('',#2468,36.6780216866113);
#122=CIRCLE('',#2469,36.6780216866113);
#123=CIRCLE('',#2470,19.7736579801953);
#124=CIRCLE('',#2472,5.);
#125=CIRCLE('',#2473,13.5624369943359);
#126=CIRCLE('',#2477,5.);
#127=CIRCLE('',#2478,13.5624369943359);
#128=CIRCLE('',#2485,13.5624369943359);
#129=CIRCLE('',#2490,2.3);
#130=CIRCLE('',#2491,6.99999999999994);
#131=CIRCLE('',#2492,2.3);
#132=CIRCLE('',#2493,4.69999999999994);
#133=CIRCLE('',#2495,25.0998252373895);
#134=CIRCLE('',#2496,27.3998252373895);
#135=CIRCLE('',#2497,2.3);
#136=CIRCLE('',#2499,27.3998252373895);
#137=CIRCLE('',#2500,2.3);
#138=CIRCLE('',#2501,25.0998252373895);
#139=CIRCLE('',#2503,2.29999999999999);
#140=CIRCLE('',#2504,4.69999999999998);
#141=CIRCLE('',#2505,6.99999999999998);
#142=CIRCLE('',#2507,2.30000000000003);
#143=CIRCLE('',#2508,31.2051211164802);
#144=CIRCLE('',#2509,33.5051211164802);
#145=CIRCLE('',#2511,2.30000000000001);
#146=CIRCLE('',#2512,4.69999999999996);
#147=CIRCLE('',#2513,6.99999999999996);
#148=CIRCLE('',#2515,2.3);
#149=CIRCLE('',#2516,29.4478308062457);
#150=CIRCLE('',#2517,31.7478308062457);
#151=CIRCLE('',#2526,2.3);
#152=CIRCLE('',#2527,31.7478308062457);
#153=CIRCLE('',#2528,2.29999999999997);
#154=CIRCLE('',#2529,29.4478308062457);
#155=CIRCLE('',#2531,2.29999999999999);
#156=CIRCLE('',#2532,4.69999999999995);
#157=CIRCLE('',#2533,6.99999999999994);
#158=CIRCLE('',#2535,2.29999999999999);
#159=CIRCLE('',#2536,31.2051211164802);
#160=CIRCLE('',#2537,33.5051211164802);
#161=CIRCLE('',#2539,2.3);
#162=CIRCLE('',#2540,4.69999999999998);
#163=CIRCLE('',#2541,6.99999999999998);
#164=CIRCLE('',#2543,25.0998252373896);
#165=CIRCLE('',#2544,27.3998252373896);
#166=CIRCLE('',#2545,2.3);
#167=CIRCLE('',#2547,2.30000000000001);
#168=CIRCLE('',#2548,25.0998252373896);
#169=CIRCLE('',#2549,27.3998252373896);
#170=CIRCLE('',#2551,2.3);
#171=CIRCLE('',#2552,4.69999999999994);
#172=CIRCLE('',#2553,6.99999999999994);
#173=CIRCLE('',#2567,2.00000000000001);
#174=CIRCLE('',#2568,2.);
#175=CIRCLE('',#2570,3.49999999999956);
#176=CIRCLE('',#2571,11.9569085489085);
#177=CIRCLE('',#2573,11.5993116817598);
#178=CIRCLE('',#2574,15.0993116817598);
#179=CIRCLE('',#2576,19.3035088417815);
#180=CIRCLE('',#2577,22.8035088417815);
#181=CIRCLE('',#2584,39.9337912824499);
#182=CIRCLE('',#2588,31.624721667197);
#183=CIRCLE('',#2598,1.);
#184=CIRCLE('',#2601,56.9356407983774);
#185=CIRCLE('',#2602,51.9356407983774);
#186=CIRCLE('',#2604,0.999999999999999);
#187=CIRCLE('',#2606,51.9356407983774);
#188=CIRCLE('',#2607,56.9356407983774);
#189=CIRCLE('',#2610,0.999999999999998);
#190=CIRCLE('',#2612,0.999999999999996);
#191=CIRCLE('',#2614,1.);
#192=CIRCLE('',#2616,51.9356407983774);
#193=CIRCLE('',#2619,56.9356407983774);
#194=CIRCLE('',#2621,54.9356407983774);
#195=CIRCLE('',#2625,0.999999999999981);
#196=CIRCLE('',#2627,1.);
#197=CIRCLE('',#2629,1.);
#198=CIRCLE('',#2631,51.9356407983774);
#199=CIRCLE('',#2633,51.9356407983774);
#200=CIRCLE('',#2637,54.9356407983774);
#201=CIRCLE('',#2639,56.9356407983774);
#202=CIRCLE('',#2643,51.9356407983774);
#203=CIRCLE('',#2645,2.99999999999999);
#204=CIRCLE('',#2653,31.624721667197);
#205=CIRCLE('',#2655,1.30006218943955);
#206=CIRCLE('',#2656,6.3);
#207=CIRCLE('',#2657,6.325);
#208=CIRCLE('',#2660,1.30006218943956);
#209=CIRCLE('',#2661,6.3);
#210=CIRCLE('',#2662,6.325);
#211=CYLINDRICAL_SURFACE('',#2440,19.2987017548196);
#212=CYLINDRICAL_SURFACE('',#2444,74.3117307999584);
#213=CYLINDRICAL_SURFACE('',#2445,74.3117307999584);
#214=CYLINDRICAL_SURFACE('',#2446,77.2617307999584);
#215=CYLINDRICAL_SURFACE('',#2447,15.4569085489085);
#216=CYLINDRICAL_SURFACE('',#2454,5.);
#217=CYLINDRICAL_SURFACE('',#2474,19.7736579801953);
#218=CYLINDRICAL_SURFACE('',#2475,13.5624369943359);
#219=CYLINDRICAL_SURFACE('',#2479,36.6780216866113);
#220=CYLINDRICAL_SURFACE('',#2480,36.6780216866113);
#221=CYLINDRICAL_SURFACE('',#2481,36.6780216866113);
#222=CYLINDRICAL_SURFACE('',#2482,19.7736579801953);
#223=CYLINDRICAL_SURFACE('',#2483,36.6780216866113);
#224=CYLINDRICAL_SURFACE('',#2484,13.5624369943359);
#225=CYLINDRICAL_SURFACE('',#2487,74.3117307999584);
#226=CYLINDRICAL_SURFACE('',#2488,74.3117307999584);
#227=CYLINDRICAL_SURFACE('',#2518,27.3998252373895);
#228=CYLINDRICAL_SURFACE('',#2519,6.99999999999994);
#229=CYLINDRICAL_SURFACE('',#2520,31.7478308062457);
#230=CYLINDRICAL_SURFACE('',#2521,6.99999999999996);
#231=CYLINDRICAL_SURFACE('',#2522,33.5051211164802);
#232=CYLINDRICAL_SURFACE('',#2523,6.99999999999998);
#233=CYLINDRICAL_SURFACE('',#2524,27.3998252373895);
#234=CYLINDRICAL_SURFACE('',#2554,27.3998252373896);
#235=CYLINDRICAL_SURFACE('',#2555,6.99999999999998);
#236=CYLINDRICAL_SURFACE('',#2556,33.5051211164802);
#237=CYLINDRICAL_SURFACE('',#2557,6.99999999999994);
#238=CYLINDRICAL_SURFACE('',#2558,31.7478308062457);
#239=CYLINDRICAL_SURFACE('',#2559,6.99999999999994);
#240=CYLINDRICAL_SURFACE('',#2560,27.3998252373896);
#241=CYLINDRICAL_SURFACE('',#2562,12.);
#242=CYLINDRICAL_SURFACE('',#2563,12.);
#243=CYLINDRICAL_SURFACE('',#2564,66.232066789472);
#244=CYLINDRICAL_SURFACE('',#2566,12.);
#245=CYLINDRICAL_SURFACE('',#2578,2.);
#246=CYLINDRICAL_SURFACE('',#2579,22.8035088417815);
#247=CYLINDRICAL_SURFACE('',#2580,1.99999999999999);
#248=CYLINDRICAL_SURFACE('',#2582,15.0993116817598);
#249=CYLINDRICAL_SURFACE('',#2585,18.7591201615813);
#250=CYLINDRICAL_SURFACE('',#2586,18.7591201615813);
#251=CYLINDRICAL_SURFACE('',#2587,31.624721667197);
#252=CYLINDRICAL_SURFACE('',#2589,57.6305584254121);
#253=CYLINDRICAL_SURFACE('',#2590,85.5444304484525);
#254=CYLINDRICAL_SURFACE('',#2592,37.7305082021962);
#255=CYLINDRICAL_SURFACE('',#2593,50.1457741734514);
#256=CYLINDRICAL_SURFACE('',#2594,56.1713201541172);
#257=CYLINDRICAL_SURFACE('',#2595,37.7305082021962);
#258=CYLINDRICAL_SURFACE('',#2596,56.1713201541213);
#259=CYLINDRICAL_SURFACE('',#2597,50.145774173457);
#260=CYLINDRICAL_SURFACE('',#2599,5.);
#261=CYLINDRICAL_SURFACE('',#2608,5.);
#262=CYLINDRICAL_SURFACE('',#2611,1.);
#263=CYLINDRICAL_SURFACE('',#2613,1.);
#264=CYLINDRICAL_SURFACE('',#2618,56.9356407983774);
#265=CYLINDRICAL_SURFACE('',#2622,3.);
#266=CYLINDRICAL_SURFACE('',#2624,2.);
#267=CYLINDRICAL_SURFACE('',#2626,1.);
#268=CYLINDRICAL_SURFACE('',#2628,1.);
#269=CYLINDRICAL_SURFACE('',#2632,51.9356407983774);
#270=CYLINDRICAL_SURFACE('',#2635,2.);
#271=CYLINDRICAL_SURFACE('',#2641,56.9356407983774);
#272=CYLINDRICAL_SURFACE('',#2644,51.9356407983774);
#273=CYLINDRICAL_SURFACE('',#2648,3.);
#274=CYLINDRICAL_SURFACE('',#2652,31.624721667197);
#275=CYLINDRICAL_SURFACE('',#2654,58.5725887909513);
#276=FACE_OUTER_BOUND('',#427,.T.);
#277=FACE_OUTER_BOUND('',#428,.T.);
#278=FACE_OUTER_BOUND('',#429,.T.);
#279=FACE_OUTER_BOUND('',#430,.T.);
#280=FACE_OUTER_BOUND('',#431,.T.);
#281=FACE_OUTER_BOUND('',#432,.T.);
#282=FACE_OUTER_BOUND('',#433,.T.);
#283=FACE_OUTER_BOUND('',#434,.T.);
#284=FACE_OUTER_BOUND('',#435,.T.);
#285=FACE_OUTER_BOUND('',#436,.T.);
#286=FACE_OUTER_BOUND('',#437,.T.);
#287=FACE_OUTER_BOUND('',#440,.T.);
#288=FACE_OUTER_BOUND('',#441,.T.);
#289=FACE_OUTER_BOUND('',#442,.T.);
#290=FACE_OUTER_BOUND('',#443,.T.);
#291=FACE_OUTER_BOUND('',#446,.T.);
#292=FACE_OUTER_BOUND('',#447,.T.);
#293=FACE_OUTER_BOUND('',#448,.T.);
#294=FACE_OUTER_BOUND('',#449,.T.);
#295=FACE_OUTER_BOUND('',#450,.T.);
#296=FACE_OUTER_BOUND('',#451,.T.);
#297=FACE_OUTER_BOUND('',#452,.T.);
#298=FACE_OUTER_BOUND('',#453,.T.);
#299=FACE_OUTER_BOUND('',#454,.T.);
#300=FACE_OUTER_BOUND('',#455,.T.);
#301=FACE_OUTER_BOUND('',#456,.T.);
#302=FACE_OUTER_BOUND('',#457,.T.);
#303=FACE_OUTER_BOUND('',#458,.T.);
#304=FACE_OUTER_BOUND('',#459,.T.);
#305=FACE_OUTER_BOUND('',#460,.T.);
#306=FACE_OUTER_BOUND('',#461,.T.);
#307=FACE_OUTER_BOUND('',#462,.T.);
#308=FACE_OUTER_BOUND('',#463,.T.);
#309=FACE_OUTER_BOUND('',#464,.T.);
#310=FACE_OUTER_BOUND('',#465,.T.);
#311=FACE_OUTER_BOUND('',#466,.T.);
#312=FACE_OUTER_BOUND('',#467,.T.);
#313=FACE_OUTER_BOUND('',#468,.T.);
#314=FACE_OUTER_BOUND('',#469,.T.);
#315=FACE_OUTER_BOUND('',#470,.T.);
#316=FACE_OUTER_BOUND('',#471,.T.);
#317=FACE_OUTER_BOUND('',#472,.T.);
#318=FACE_OUTER_BOUND('',#473,.T.);
#319=FACE_OUTER_BOUND('',#474,.T.);
#320=FACE_OUTER_BOUND('',#475,.T.);
#321=FACE_OUTER_BOUND('',#476,.T.);
#322=FACE_OUTER_BOUND('',#477,.T.);
#323=FACE_OUTER_BOUND('',#478,.T.);
#324=FACE_OUTER_BOUND('',#479,.T.);
#325=FACE_OUTER_BOUND('',#480,.T.);
#326=FACE_OUTER_BOUND('',#481,.T.);
#327=FACE_OUTER_BOUND('',#482,.T.);
#328=FACE_OUTER_BOUND('',#483,.T.);
#329=FACE_OUTER_BOUND('',#484,.T.);
#330=FACE_OUTER_BOUND('',#485,.T.);
#331=FACE_OUTER_BOUND('',#486,.T.);
#332=FACE_OUTER_BOUND('',#487,.T.);
#333=FACE_OUTER_BOUND('',#488,.T.);
#334=FACE_OUTER_BOUND('',#489,.T.);
#335=FACE_OUTER_BOUND('',#490,.T.);
#336=FACE_OUTER_BOUND('',#491,.T.);
#337=FACE_OUTER_BOUND('',#492,.T.);
#338=FACE_OUTER_BOUND('',#493,.T.);
#339=FACE_OUTER_BOUND('',#494,.T.);
#340=FACE_OUTER_BOUND('',#495,.T.);
#341=FACE_OUTER_BOUND('',#496,.T.);
#342=FACE_OUTER_BOUND('',#497,.T.);
#343=FACE_OUTER_BOUND('',#498,.T.);
#344=FACE_OUTER_BOUND('',#499,.T.);
#345=FACE_OUTER_BOUND('',#500,.T.);
#346=FACE_OUTER_BOUND('',#501,.T.);
#347=FACE_OUTER_BOUND('',#502,.T.);
#348=FACE_OUTER_BOUND('',#503,.T.);
#349=FACE_OUTER_BOUND('',#504,.T.);
#350=FACE_OUTER_BOUND('',#505,.T.);
#351=FACE_OUTER_BOUND('',#506,.T.);
#352=FACE_OUTER_BOUND('',#507,.T.);
#353=FACE_OUTER_BOUND('',#508,.T.);
#354=FACE_OUTER_BOUND('',#509,.T.);
#355=FACE_OUTER_BOUND('',#510,.T.);
#356=FACE_OUTER_BOUND('',#511,.T.);
#357=FACE_OUTER_BOUND('',#512,.T.);
#358=FACE_OUTER_BOUND('',#513,.T.);
#359=FACE_OUTER_BOUND('',#514,.T.);
#360=FACE_OUTER_BOUND('',#515,.T.);
#361=FACE_OUTER_BOUND('',#516,.T.);
#362=FACE_OUTER_BOUND('',#517,.T.);
#363=FACE_OUTER_BOUND('',#518,.T.);
#364=FACE_OUTER_BOUND('',#519,.T.);
#365=FACE_OUTER_BOUND('',#520,.T.);
#366=FACE_OUTER_BOUND('',#521,.T.);
#367=FACE_OUTER_BOUND('',#522,.T.);
#368=FACE_OUTER_BOUND('',#523,.T.);
#369=FACE_OUTER_BOUND('',#524,.T.);
#370=FACE_OUTER_BOUND('',#525,.T.);
#371=FACE_OUTER_BOUND('',#526,.T.);
#372=FACE_OUTER_BOUND('',#527,.T.);
#373=FACE_OUTER_BOUND('',#528,.T.);
#374=FACE_OUTER_BOUND('',#529,.T.);
#375=FACE_OUTER_BOUND('',#530,.T.);
#376=FACE_OUTER_BOUND('',#531,.T.);
#377=FACE_OUTER_BOUND('',#532,.T.);
#378=FACE_OUTER_BOUND('',#533,.T.);
#379=FACE_OUTER_BOUND('',#534,.T.);
#380=FACE_OUTER_BOUND('',#535,.T.);
#381=FACE_OUTER_BOUND('',#536,.T.);
#382=FACE_OUTER_BOUND('',#537,.T.);
#383=FACE_OUTER_BOUND('',#538,.T.);
#384=FACE_OUTER_BOUND('',#539,.T.);
#385=FACE_OUTER_BOUND('',#540,.T.);
#386=FACE_OUTER_BOUND('',#541,.T.);
#387=FACE_OUTER_BOUND('',#542,.T.);
#388=FACE_OUTER_BOUND('',#543,.T.);
#389=FACE_OUTER_BOUND('',#544,.T.);
#390=FACE_OUTER_BOUND('',#545,.T.);
#391=FACE_OUTER_BOUND('',#546,.T.);
#392=FACE_OUTER_BOUND('',#547,.T.);
#393=FACE_OUTER_BOUND('',#548,.T.);
#394=FACE_OUTER_BOUND('',#549,.T.);
#395=FACE_OUTER_BOUND('',#550,.T.);
#396=FACE_OUTER_BOUND('',#551,.T.);
#397=FACE_OUTER_BOUND('',#552,.T.);
#398=FACE_OUTER_BOUND('',#553,.T.);
#399=FACE_OUTER_BOUND('',#554,.T.);
#400=FACE_OUTER_BOUND('',#555,.T.);
#401=FACE_OUTER_BOUND('',#556,.T.);
#402=FACE_OUTER_BOUND('',#557,.T.);
#403=FACE_OUTER_BOUND('',#558,.T.);
#404=FACE_OUTER_BOUND('',#559,.T.);
#405=FACE_OUTER_BOUND('',#560,.T.);
#406=FACE_OUTER_BOUND('',#561,.T.);
#407=FACE_OUTER_BOUND('',#562,.T.);
#408=FACE_OUTER_BOUND('',#563,.T.);
#409=FACE_OUTER_BOUND('',#564,.T.);
#410=FACE_OUTER_BOUND('',#565,.T.);
#411=FACE_OUTER_BOUND('',#566,.T.);
#412=FACE_OUTER_BOUND('',#567,.T.);
#413=FACE_OUTER_BOUND('',#568,.T.);
#414=FACE_OUTER_BOUND('',#569,.T.);
#415=FACE_OUTER_BOUND('',#570,.T.);
#416=FACE_OUTER_BOUND('',#571,.T.);
#417=FACE_OUTER_BOUND('',#572,.T.);
#418=FACE_OUTER_BOUND('',#573,.T.);
#419=FACE_OUTER_BOUND('',#574,.T.);
#420=FACE_OUTER_BOUND('',#575,.T.);
#421=FACE_OUTER_BOUND('',#576,.T.);
#422=FACE_OUTER_BOUND('',#577,.T.);
#423=FACE_OUTER_BOUND('',#578,.T.);
#424=FACE_OUTER_BOUND('',#579,.T.);
#425=FACE_OUTER_BOUND('',#580,.T.);
#426=FACE_OUTER_BOUND('',#581,.T.);
#427=EDGE_LOOP('',(#1517,#1518,#1519,#1520,#1521,#1522));
#428=EDGE_LOOP('',(#1523,#1524,#1525,#1526,#1527));
#429=EDGE_LOOP('',(#1528,#1529,#1530));
#430=EDGE_LOOP('',(#1531,#1532,#1533));
#431=EDGE_LOOP('',(#1534,#1535,#1536,#1537));
#432=EDGE_LOOP('',(#1538,#1539,#1540,#1541,#1542,#1543));
#433=EDGE_LOOP('',(#1544,#1545,#1546));
#434=EDGE_LOOP('',(#1547,#1548,#1549,#1550,#1551,#1552,#1553,#1554,#1555));
#435=EDGE_LOOP('',(#1556,#1557,#1558,#1559));
#436=EDGE_LOOP('',(#1560,#1561,#1562,#1563));
#437=EDGE_LOOP('',(#1564,#1565,#1566,#1567,#1568,#1569,#1570,#1571,#1572,
#1573,#1574,#1575,#1576,#1577,#1578,#1579,#1580,#1581,#1582,#1583));
#438=EDGE_LOOP('',(#1584,#1585,#1586,#1587));
#439=EDGE_LOOP('',(#1588,#1589,#1590,#1591,#1592,#1593,#1594,#1595,#1596,
#1597,#1598,#1599,#1600,#1601,#1602,#1603,#1604));
#440=EDGE_LOOP('',(#1605,#1606,#1607,#1608,#1609,#1610));
#441=EDGE_LOOP('',(#1611,#1612,#1613,#1614));
#442=EDGE_LOOP('',(#1615,#1616,#1617,#1618));
#443=EDGE_LOOP('',(#1619,#1620,#1621,#1622,#1623,#1624,#1625,#1626,#1627,
#1628,#1629,#1630,#1631,#1632,#1633,#1634,#1635,#1636,#1637,#1638,#1639,
#1640,#1641,#1642,#1643,#1644,#1645));
#444=EDGE_LOOP('',(#1646,#1647,#1648,#1649,#1650,#1651,#1652,#1653));
#445=EDGE_LOOP('',(#1654,#1655,#1656,#1657));
#446=EDGE_LOOP('',(#1658,#1659,#1660,#1661,#1662,#1663,#1664,#1665,#1666,
#1667,#1668,#1669,#1670,#1671,#1672,#1673,#1674));
#447=EDGE_LOOP('',(#1675,#1676,#1677,#1678,#1679));
#448=EDGE_LOOP('',(#1680,#1681,#1682));
#449=EDGE_LOOP('',(#1683,#1684,#1685,#1686,#1687,#1688,#1689,#1690,#1691,
#1692));
#450=EDGE_LOOP('',(#1693,#1694,#1695));
#451=EDGE_LOOP('',(#1696,#1697,#1698,#1699,#1700));
#452=EDGE_LOOP('',(#1701,#1702,#1703));
#453=EDGE_LOOP('',(#1704,#1705,#1706,#1707,#1708));
#454=EDGE_LOOP('',(#1709,#1710,#1711));
#455=EDGE_LOOP('',(#1712,#1713,#1714,#1715,#1716));
#456=EDGE_LOOP('',(#1717,#1718,#1719,#1720,#1721,#1722,#1723,#1724));
#457=EDGE_LOOP('',(#1725,#1726,#1727));
#458=EDGE_LOOP('',(#1728,#1729,#1730,#1731,#1732));
#459=EDGE_LOOP('',(#1733,#1734));
#460=EDGE_LOOP('',(#1735,#1736,#1737,#1738));
#461=EDGE_LOOP('',(#1739,#1740,#1741));
#462=EDGE_LOOP('',(#1742,#1743,#1744));
#463=EDGE_LOOP('',(#1745,#1746,#1747,#1748,#1749,#1750,#1751,#1752));
#464=EDGE_LOOP('',(#1753,#1754,#1755,#1756,#1757));
#465=EDGE_LOOP('',(#1758,#1759,#1760,#1761));
#466=EDGE_LOOP('',(#1762,#1763,#1764,#1765));
#467=EDGE_LOOP('',(#1766,#1767,#1768,#1769));
#468=EDGE_LOOP('',(#1770,#1771,#1772,#1773,#1774));
#469=EDGE_LOOP('',(#1775,#1776,#1777,#1778));
#470=EDGE_LOOP('',(#1779,#1780,#1781,#1782));
#471=EDGE_LOOP('',(#1783,#1784,#1785,#1786));
#472=EDGE_LOOP('',(#1787,#1788,#1789,#1790));
#473=EDGE_LOOP('',(#1791,#1792,#1793,#1794));
#474=EDGE_LOOP('',(#1795,#1796,#1797,#1798));
#475=EDGE_LOOP('',(#1799,#1800,#1801));
#476=EDGE_LOOP('',(#1802,#1803,#1804));
#477=EDGE_LOOP('',(#1805,#1806,#1807,#1808,#1809,#1810));
#478=EDGE_LOOP('',(#1811,#1812,#1813,#1814));
#479=EDGE_LOOP('',(#1815,#1816,#1817,#1818,#1819));
#480=EDGE_LOOP('',(#1820,#1821,#1822,#1823,#1824));
#481=EDGE_LOOP('',(#1825,#1826,#1827,#1828));
#482=EDGE_LOOP('',(#1829,#1830,#1831,#1832));
#483=EDGE_LOOP('',(#1833,#1834,#1835,#1836));
#484=EDGE_LOOP('',(#1837,#1838,#1839,#1840));
#485=EDGE_LOOP('',(#1841,#1842,#1843,#1844,#1845));
#486=EDGE_LOOP('',(#1846,#1847,#1848,#1849));
#487=EDGE_LOOP('',(#1850,#1851,#1852,#1853));
#488=EDGE_LOOP('',(#1854,#1855,#1856,#1857));
#489=EDGE_LOOP('',(#1858,#1859,#1860,#1861));
#490=EDGE_LOOP('',(#1862,#1863,#1864,#1865,#1866));
#491=EDGE_LOOP('',(#1867,#1868,#1869,#1870,#1871));
#492=EDGE_LOOP('',(#1872,#1873,#1874,#1875));
#493=EDGE_LOOP('',(#1876,#1877,#1878,#1879,#1880,#1881));
#494=EDGE_LOOP('',(#1882,#1883,#1884));
#495=EDGE_LOOP('',(#1885,#1886,#1887));
#496=EDGE_LOOP('',(#1888,#1889,#1890,#1891));
#497=EDGE_LOOP('',(#1892,#1893,#1894,#1895,#1896,#1897,#1898,#1899,#1900,
#1901));
#498=EDGE_LOOP('',(#1902,#1903,#1904,#1905));
#499=EDGE_LOOP('',(#1906,#1907,#1908,#1909,#1910,#1911,#1912,#1913,#1914,
#1915,#1916,#1917,#1918,#1919,#1920,#1921,#1922,#1923,#1924,#1925));
#500=EDGE_LOOP('',(#1926,#1927,#1928,#1929,#1930,#1931,#1932,#1933,#1934,
#1935,#1936,#1937,#1938,#1939,#1940,#1941));
#501=EDGE_LOOP('',(#1942,#1943,#1944,#1945));
#502=EDGE_LOOP('',(#1946,#1947,#1948,#1949,#1950,#1951,#1952,#1953,#1954,
#1955));
#503=EDGE_LOOP('',(#1956,#1957,#1958,#1959));
#504=EDGE_LOOP('',(#1960,#1961,#1962,#1963,#1964));
#505=EDGE_LOOP('',(#1965,#1966,#1967,#1968,#1969));
#506=EDGE_LOOP('',(#1970,#1971,#1972));
#507=EDGE_LOOP('',(#1973,#1974,#1975));
#508=EDGE_LOOP('',(#1976,#1977,#1978,#1979));
#509=EDGE_LOOP('',(#1980,#1981,#1982,#1983));
#510=EDGE_LOOP('',(#1984,#1985,#1986,#1987));
#511=EDGE_LOOP('',(#1988,#1989,#1990,#1991,#1992));
#512=EDGE_LOOP('',(#1993,#1994,#1995,#1996));
#513=EDGE_LOOP('',(#1997,#1998,#1999,#2000,#2001));
#514=EDGE_LOOP('',(#2002,#2003,#2004));
#515=EDGE_LOOP('',(#2005,#2006,#2007,#2008,#2009));
#516=EDGE_LOOP('',(#2010,#2011,#2012,#2013,#2014,#2015,#2016,#2017));
#517=EDGE_LOOP('',(#2018,#2019,#2020,#2021));
#518=EDGE_LOOP('',(#2022,#2023,#2024));
#519=EDGE_LOOP('',(#2025,#2026,#2027));
#520=EDGE_LOOP('',(#2028,#2029,#2030,#2031,#2032));
#521=EDGE_LOOP('',(#2033,#2034,#2035,#2036,#2037,#2038,#2039,#2040,#2041,
#2042));
#522=EDGE_LOOP('',(#2043,#2044,#2045,#2046));
#523=EDGE_LOOP('',(#2047,#2048,#2049,#2050,#2051,#2052,#2053,#2054));
#524=EDGE_LOOP('',(#2055,#2056,#2057,#2058));
#525=EDGE_LOOP('',(#2059));
#526=EDGE_LOOP('',(#2060,#2061));
#527=EDGE_LOOP('',(#2062,#2063,#2064,#2065));
#528=EDGE_LOOP('',(#2066,#2067));
#529=EDGE_LOOP('',(#2068,#2069));
#530=EDGE_LOOP('',(#2070,#2071));
#531=EDGE_LOOP('',(#2072,#2073,#2074,#2075));
#532=EDGE_LOOP('',(#2076,#2077,#2078));
#533=EDGE_LOOP('',(#2079,#2080,#2081,#2082));
#534=EDGE_LOOP('',(#2083,#2084,#2085,#2086));
#535=EDGE_LOOP('',(#2087,#2088,#2089));
#536=EDGE_LOOP('',(#2090,#2091,#2092));
#537=EDGE_LOOP('',(#2093,#2094,#2095,#2096));
#538=EDGE_LOOP('',(#2097,#2098,#2099,#2100));
#539=EDGE_LOOP('',(#2101,#2102,#2103,#2104,#2105));
#540=EDGE_LOOP('',(#2106,#2107,#2108));
#541=EDGE_LOOP('',(#2109,#2110,#2111,#2112));
#542=EDGE_LOOP('',(#2113,#2114,#2115));
#543=EDGE_LOOP('',(#2116,#2117,#2118,#2119));
#544=EDGE_LOOP('',(#2120,#2121,#2122,#2123));
#545=EDGE_LOOP('',(#2124,#2125,#2126,#2127));
#546=EDGE_LOOP('',(#2128,#2129,#2130,#2131));
#547=EDGE_LOOP('',(#2132,#2133,#2134,#2135));
#548=EDGE_LOOP('',(#2136,#2137,#2138,#2139,#2140));
#549=EDGE_LOOP('',(#2141,#2142,#2143,#2144));
#550=EDGE_LOOP('',(#2145,#2146,#2147));
#551=EDGE_LOOP('',(#2148,#2149,#2150,#2151));
#552=EDGE_LOOP('',(#2152,#2153,#2154));
#553=EDGE_LOOP('',(#2155,#2156,#2157,#2158));
#554=EDGE_LOOP('',(#2159,#2160,#2161,#2162,#2163,#2164));
#555=EDGE_LOOP('',(#2165,#2166,#2167,#2168));
#556=EDGE_LOOP('',(#2169,#2170,#2171,#2172));
#557=EDGE_LOOP('',(#2173,#2174,#2175,#2176));
#558=EDGE_LOOP('',(#2177,#2178,#2179,#2180,#2181));
#559=EDGE_LOOP('',(#2182,#2183,#2184,#2185));
#560=EDGE_LOOP('',(#2186,#2187,#2188,#2189));
#561=EDGE_LOOP('',(#2190,#2191,#2192,#2193));
#562=EDGE_LOOP('',(#2194,#2195,#2196,#2197));
#563=EDGE_LOOP('',(#2198,#2199,#2200,#2201,#2202));
#564=EDGE_LOOP('',(#2203,#2204,#2205,#2206));
#565=EDGE_LOOP('',(#2207,#2208,#2209,#2210));
#566=EDGE_LOOP('',(#2211,#2212,#2213));
#567=EDGE_LOOP('',(#2214,#2215,#2216,#2217,#2218));
#568=EDGE_LOOP('',(#2219,#2220,#2221,#2222));
#569=EDGE_LOOP('',(#2223,#2224,#2225,#2226,#2227));
#570=EDGE_LOOP('',(#2228,#2229,#2230,#2231));
#571=EDGE_LOOP('',(#2232,#2233,#2234,#2235,#2236,#2237));
#572=EDGE_LOOP('',(#2238,#2239,#2240,#2241,#2242));
#573=EDGE_LOOP('',(#2243,#2244));
#574=EDGE_LOOP('',(#2245,#2246));
#575=EDGE_LOOP('',(#2247,#2248));
#576=EDGE_LOOP('',(#2249,#2250,#2251,#2252));
#577=EDGE_LOOP('',(#2253));
#578=EDGE_LOOP('',(#2254));
#579=EDGE_LOOP('',(#2255,#2256,#2257,#2258));
#580=EDGE_LOOP('',(#2259));
#581=EDGE_LOOP('',(#2260));
#582=ELLIPSE('',#2439,33.4293301060971,13.5137805193425);
#583=ELLIPSE('',#2623,3.04378072804384,3.);
#584=ELLIPSE('',#2647,3.04378072804384,3.);
#585=LINE('',#3209,#654);
#586=LINE('',#3213,#655);
#587=LINE('',#3271,#656);
#588=LINE('',#3302,#657);
#589=LINE('',#3373,#658);
#590=LINE('',#3388,#659);
#591=LINE('',#3441,#660);
#592=LINE('',#3972,#661);
#593=LINE('',#3974,#662);
#594=LINE('',#3977,#663);
#595=LINE('',#4426,#664);
#596=LINE('',#4480,#665);
#597=LINE('',#4481,#666);
#598=LINE('',#4482,#667);
#599=LINE('',#4535,#668);
#600=LINE('',#4549,#669);
#601=LINE('',#4776,#670);
#602=LINE('',#4797,#671);
#603=LINE('',#4811,#672);
#604=LINE('',#4828,#673);
#605=LINE('',#4831,#674);
#606=LINE('',#4976,#675);
#607=LINE('',#4989,#676);
#608=LINE('',#4995,#677);
#609=LINE('',#4998,#678);
#610=LINE('',#5029,#679);
#611=LINE('',#5049,#680);
#612=LINE('',#5052,#681);
#613=LINE('',#5060,#682);
#614=LINE('',#5061,#683);
#615=LINE('',#5201,#684);
#616=LINE('',#5429,#685);
#617=LINE('',#5431,#686);
#618=LINE('',#5433,#687);
#619=LINE('',#5438,#688);
#620=LINE('',#5439,#689);
#621=LINE('',#5441,#690);
#622=LINE('',#5499,#691);
#623=LINE('',#5581,#692);
#624=LINE('',#5583,#693);
#625=LINE('',#5586,#694);
#626=LINE('',#5588,#695);
#627=LINE('',#5699,#696);
#628=LINE('',#5700,#697);
#629=LINE('',#5817,#698);
#630=LINE('',#5818,#699);
#631=LINE('',#5909,#700);
#632=LINE('',#5910,#701);
#633=LINE('',#6023,#702);
#634=LINE('',#6024,#703);
#635=LINE('',#6027,#704);
#636=LINE('',#6029,#705);
#637=LINE('',#6033,#706);
#638=LINE('',#6034,#707);
#639=LINE('',#6040,#708);
#640=LINE('',#6066,#709);
#641=LINE('',#6142,#710);
#642=LINE('',#6143,#711);
#643=LINE('',#6228,#712);
#644=LINE('',#6229,#713);
#645=LINE('',#6233,#714);
#646=LINE('',#6235,#715);
#647=LINE('',#6236,#716);
#648=LINE('',#6240,#717);
#649=LINE('',#6242,#718);
#650=LINE('',#6244,#719);
#651=LINE('',#6331,#720);
#652=LINE('',#6395,#721);
#653=LINE('',#6443,#722);
#654=VECTOR('',#2667,10.);
#655=VECTOR('',#2670,10.);
#656=VECTOR('',#2673,10.);
#657=VECTOR('',#2684,10.);
#658=VECTOR('',#2687,10.);
#659=VECTOR('',#2692,10.);
#660=VECTOR('',#2693,10.);
#661=VECTOR('',#2706,10.);
#662=VECTOR('',#2707,10.);
#663=VECTOR('',#2710,10.);
#664=VECTOR('',#2727,10.);
#665=VECTOR('',#2750,10.);
#666=VECTOR('',#2751,10.);
#667=VECTOR('',#2752,10.);
#668=VECTOR('',#2769,10.);
#669=VECTOR('',#2770,10.);
#670=VECTOR('',#2843,10.);
#671=VECTOR('',#2848,10.);
#672=VECTOR('',#2851,10.);
#673=VECTOR('',#2854,10.);
#674=VECTOR('',#2857,10.);
#675=VECTOR('',#2920,10.);
#676=VECTOR('',#2923,10.);
#677=VECTOR('',#2926,10.);
#678=VECTOR('',#2929,10.);
#679=VECTOR('',#2934,10.);
#680=VECTOR('',#2939,10.);
#681=VECTOR('',#2942,10.);
#682=VECTOR('',#2945,10.);
#683=VECTOR('',#2946,10.);
#684=VECTOR('',#2953,10.);
#685=VECTOR('',#2978,10.);
#686=VECTOR('',#2981,10.);
#687=VECTOR('',#2984,10.);
#688=VECTOR('',#2991,10.);
#689=VECTOR('',#2992,10.);
#690=VECTOR('',#2993,10.);
#691=VECTOR('',#3002,31.624721667197);
#692=VECTOR('',#3013,10.);
#693=VECTOR('',#3016,10.);
#694=VECTOR('',#3021,10.);
#695=VECTOR('',#3024,10.);
#696=VECTOR('',#3031,10.);
#697=VECTOR('',#3032,10.);
#698=VECTOR('',#3051,10.);
#699=VECTOR('',#3052,10.);
#700=VECTOR('',#3059,10.);
#701=VECTOR('',#3060,10.);
#702=VECTOR('',#3067,10.);
#703=VECTOR('',#3068,10.);
#704=VECTOR('',#3071,10.);
#705=VECTOR('',#3072,10.);
#706=VECTOR('',#3077,10.);
#707=VECTOR('',#3078,10.);
#708=VECTOR('',#3089,10.);
#709=VECTOR('',#3094,10.);
#710=VECTOR('',#3099,10.);
#711=VECTOR('',#3100,10.);
#712=VECTOR('',#3107,10.);
#713=VECTOR('',#3108,10.);
#714=VECTOR('',#3113,10.);
#715=VECTOR('',#3114,10.);
#716=VECTOR('',#3115,10.);
#717=VECTOR('',#3120,10.);
#718=VECTOR('',#3123,10.);
#719=VECTOR('',#3126,10.);
#720=VECTOR('',#3145,10.);
#721=VECTOR('',#3152,10.);
#722=VECTOR('',#3155,10.);
#723=B_SPLINE_CURVE_WITH_KNOTS('',3,(#3201,#3202,#3203,#3204,#3205,#3206,
#3207),.UNSPECIFIED.,.F.,.F.,(4,3,4),(-0.280469547712165,-0.119305335189506,
0.),.UNSPECIFIED.);
#724=B_SPLINE_CURVE_WITH_KNOTS('',3,(#3215,#3216,#3217,#3218,#3219,#3220,
#3221,#3222,#3223,#3224),.UNSPECIFIED.,.F.,.F.,(4,3,3,4),(-0.382626580450118,
-0.227315048041303,-0.0635066312177568,0.),.UNSPECIFIED.);
#725=B_SPLINE_CURVE_WITH_KNOTS('',3,(#3225,#3226,#3227,#3228,#3229,#3230,
#3231,#3232,#3233,#3234,#3235,#3236,#3237,#3238,#3239,#3240,#3241,#3242,
#3243,#3244,#3245,#3246,#3247,#3248,#3249,#3250,#3251),.UNSPECIFIED.,.F.,
 .F.,(4,2,2,2,2,2,3,2,2,2,2,2,4),(-2.12480623346725,-1.85419510338404,-1.10929111297455,
-0.732845564845482,-0.35640001671641,-0.178200008358205,0.,0.178166373003366,
0.356332746006732,0.73248279910009,1.10863285219345,1.85324563496251,2.05723355178084),
 .UNSPECIFIED.);
#726=B_SPLINE_CURVE_WITH_KNOTS('',3,(#3254,#3255,#3256,#3257),
 .UNSPECIFIED.,.F.,.F.,(4,4),(-0.0566608302765341,-0.00415541656236564),
 .UNSPECIFIED.);
#727=B_SPLINE_CURVE_WITH_KNOTS('',3,(#3259,#3260,#3261,#3262,#3263,#3264,
#3265,#3266,#3267,#3268,#3269),.UNSPECIFIED.,.F.,.F.,(4,2,2,3,4),(-1.00012436258467,
-0.732848324727017,-0.36642416236351,0.,0.100790737536919),
 .UNSPECIFIED.);
#728=B_SPLINE_CURVE_WITH_KNOTS('',3,(#3277,#3278,#3279,#3280),
 .UNSPECIFIED.,.F.,.F.,(4,4),(10.7936363916142,10.8121688121707),
 .UNSPECIFIED.);
#729=B_SPLINE_CURVE_WITH_KNOTS('',3,(#3281,#3282,#3283,#3284,#3285,#3286,
#3287,#3288,#3289,#3290,#3291),.UNSPECIFIED.,.F.,.F.,(4,3,2,2,4),(-0.12036648457853,
0.,0.38046362664826,0.760927253296521,0.976268651405134),.UNSPECIFIED.);
#730=B_SPLINE_CURVE_WITH_KNOTS('',3,(#3294,#3295,#3296,#3297,#3298,#3299,
#3300),.UNSPECIFIED.,.F.,.F.,(4,1,1,1,4),(9.56166930197456,9.88943326490677,
10.217197227839,10.8727251537034,11.5205789583419),.UNSPECIFIED.);
#731=B_SPLINE_CURVE_WITH_KNOTS('',3,(#3303,#3304,#3305,#3306,#3307,#3308,
#3309),.UNSPECIFIED.,.F.,.F.,(4,1,1,1,4),(11.0390873233939,11.7507434839143,
12.4032426143749,12.7294921796051,13.0557417448354),.UNSPECIFIED.);
#732=B_SPLINE_CURVE_WITH_KNOTS('',3,(#3339,#3340,#3341,#3342,#3343,#3344,
#3345,#3346,#3347,#3348),.UNSPECIFIED.,.F.,.F.,(4,3,3,4),(-0.194521643461684,
-0.132985905962391,-0.0507904904701954,0.),.UNSPECIFIED.);
#733=B_SPLINE_CURVE_WITH_KNOTS('',3,(#3350,#3351,#3352,#3353,#3354,#3355,
#3356),.UNSPECIFIED.,.F.,.F.,(4,1,1,1,4),(-11.8560170425001,-10.8727251537034,
-10.217197227839,-9.88943326490677,-9.64895211855702),.UNSPECIFIED.);
#734=B_SPLINE_CURVE_WITH_KNOTS('',3,(#3358,#3359,#3360,#3361),
 .UNSPECIFIED.,.F.,.F.,(4,4),(0.,0.0287327122918841),.UNSPECIFIED.);
#735=B_SPLINE_CURVE_WITH_KNOTS('',3,(#3362,#3363,#3364,#3365,#3366,#3367,
#3368,#3369),.UNSPECIFIED.,.F.,.F.,(4,2,2,4),(0.,0.0171665559489577,0.102258889020292,
0.155024232478472),.UNSPECIFIED.);
#736=B_SPLINE_CURVE_WITH_KNOTS('',3,(#3375,#3376,#3377,#3378),
 .UNSPECIFIED.,.F.,.F.,(4,4),(31.7576115159955,31.7663125157164),
 .UNSPECIFIED.);
#737=B_SPLINE_CURVE_WITH_KNOTS('',3,(#3379,#3380,#3381,#3382),
 .UNSPECIFIED.,.F.,.F.,(4,4),(22.8812865235858,22.8899875233067),
 .UNSPECIFIED.);
#738=B_SPLINE_CURVE_WITH_KNOTS('',3,(#3390,#3391,#3392,#3393),
 .UNSPECIFIED.,.F.,.F.,(4,4),(-0.243317307695391,0.),.UNSPECIFIED.);
#739=B_SPLINE_CURVE_WITH_KNOTS('',3,(#3395,#3396,#3397,#3398,#3399,#3400,
#3401,#3402,#3403,#3404,#3405,#3406,#3407),.UNSPECIFIED.,.F.,.F.,(4,3,3,
3,4),(-0.271232532657561,-0.188822439364402,-0.136054150439702,-0.0509445727048739,
0.),.UNSPECIFIED.);
#740=B_SPLINE_CURVE_WITH_KNOTS('',3,(#3409,#3410,#3411,#3412,#3413,#3414),
 .UNSPECIFIED.,.F.,.F.,(4,2,4),(0.620666194553125,0.877042980335091,1.01513190050338),
 .UNSPECIFIED.);
#741=B_SPLINE_CURVE_WITH_KNOTS('',3,(#3416,#3417,#3418,#3419,#3420,#3421,
#3422,#3423,#3424,#3425),.UNSPECIFIED.,.F.,.F.,(4,2,2,2,4),(0.802304689326227,
1.06265272745807,1.41105938029856,1.75946603313905,2.0198140712709),
 .UNSPECIFIED.);
#742=B_SPLINE_CURVE_WITH_KNOTS('',3,(#3427,#3428,#3429,#3430,#3431,#3432),
 .UNSPECIFIED.,.F.,.F.,(4,2,4),(-1.01221107923588,-0.877042980335091,-0.620666194553124),
 .UNSPECIFIED.);
#743=B_SPLINE_CURVE_WITH_KNOTS('',3,(#3434,#3435,#3436,#3437,#3438,#3439,
#3440),.UNSPECIFIED.,.F.,.F.,(4,3,4),(-0.132272698182979,-0.0499886388391843,
0.),.UNSPECIFIED.);
#744=B_SPLINE_CURVE_WITH_KNOTS('',3,(#3464,#3465,#3466,#3467,#3468,#3469,
#3470,#3471,#3472,#3473,#3474,#3475,#3476,#3477,#3478,#3479,#3480,#3481,
#3482),.UNSPECIFIED.,.F.,.F.,(4,3,3,3,3,3,4),(0.,0.0327119457799107,0.0644335382468864,
0.0961551307138621,0.127681707125449,0.159017190473014,0.182666523134909),
 .UNSPECIFIED.);
#745=B_SPLINE_CURVE_WITH_KNOTS('',3,(#3484,#3485,#3486,#3487,#3488),
 .UNSPECIFIED.,.F.,.F.,(4,1,4),(4.30321192899985,5.00950976159527,5.95124020505584),
 .UNSPECIFIED.);
#746=B_SPLINE_CURVE_WITH_KNOTS('',3,(#3491,#3492,#3493,#3494,#3495),
 .UNSPECIFIED.,.F.,.F.,(4,1,4),(-5.95124020505584,-5.00950976159527,-4.38015663439108),
 .UNSPECIFIED.);
#747=B_SPLINE_CURVE_WITH_KNOTS('',3,(#3515,#3516,#3517,#3518),
 .UNSPECIFIED.,.F.,.F.,(4,4),(-0.356555602045902,-8.83989914179124E-14),
 .UNSPECIFIED.);
#748=B_SPLINE_CURVE_WITH_KNOTS('',3,(#3519,#3520,#3521,#3522),
 .UNSPECIFIED.,.F.,.F.,(4,4),(8.83989914179124E-14,0.356555602045902),
 .UNSPECIFIED.);
#749=B_SPLINE_CURVE_WITH_KNOTS('',3,(#3550,#3551,#3552,#3553,#3554,#3555),
 .UNSPECIFIED.,.F.,.F.,(4,2,4),(-0.529335242741167,-0.483444876380328,-0.462271705565808),
 .UNSPECIFIED.);
#750=B_SPLINE_CURVE_WITH_KNOTS('',3,(#3557,#3558,#3559,#3560,#3561,#3562,
#3563,#3564,#3565,#3566,#3567),.UNSPECIFIED.,.F.,.F.,(4,2,3,2,4),(-1.20222582603827,
-0.846914469264865,0.,0.800874215908046,0.959759208600231),
 .UNSPECIFIED.);
#751=B_SPLINE_CURVE_WITH_KNOTS('',3,(#3569,#3570,#3571,#3572,#3573,#3574),
 .UNSPECIFIED.,.F.,.F.,(4,2,4),(1.62255480849672,1.64769410372065,1.65992175495643),
 .UNSPECIFIED.);
#752=B_SPLINE_CURVE_WITH_KNOTS('',3,(#3576,#3577,#3578,#3579,#3580,#3581,
#3582,#3583,#3584,#3585),.UNSPECIFIED.,.F.,.F.,(4,2,2,2,4),(1.77305057485494,
1.85001578352892,1.9576739743574,2.05093357430929,2.14823094641842),
 .UNSPECIFIED.);
#753=B_SPLINE_CURVE_WITH_KNOTS('',3,(#3587,#3588,#3589,#3590),
 .UNSPECIFIED.,.F.,.F.,(4,4),(-0.280565264912251,-0.175118142470875),
 .UNSPECIFIED.);
#754=B_SPLINE_CURVE_WITH_KNOTS('',3,(#3592,#3593,#3594,#3595,#3596,#3597),
 .UNSPECIFIED.,.F.,.F.,(4,2,4),(-2.13007843564181,-2.06586007061932,-1.68039029822926),
 .UNSPECIFIED.);
#755=B_SPLINE_CURVE_WITH_KNOTS('',3,(#3599,#3600,#3601,#3602,#3603,#3604),
 .UNSPECIFIED.,.F.,.F.,(4,2,4),(-6.80236062294506,-6.70339972842792,-6.6663996793792),
 .UNSPECIFIED.);
#756=B_SPLINE_CURVE_WITH_KNOTS('',3,(#3606,#3607,#3608,#3609),
 .UNSPECIFIED.,.F.,.F.,(4,4),(-30.0245964245555,-29.7269384645807),
 .UNSPECIFIED.);
#757=B_SPLINE_CURVE_WITH_KNOTS('',3,(#3611,#3612,#3613,#3614,#3615,#3616,
#3617,#3618),.UNSPECIFIED.,.F.,.F.,(4,2,2,4),(-0.574113384377444,-0.503113075663567,
-0.214030892444361,0.),.UNSPECIFIED.);
#758=B_SPLINE_CURVE_WITH_KNOTS('',3,(#3620,#3621,#3622,#3623,#3624,#3625,
#3626,#3627),.UNSPECIFIED.,.F.,.F.,(4,2,2,4),(-2.83816181486735,-1.85367093863264,
-0.914788701322754,0.),.UNSPECIFIED.);
#759=B_SPLINE_CURVE_WITH_KNOTS('',3,(#3629,#3630,#3631,#3632),
 .UNSPECIFIED.,.F.,.F.,(4,4),(-1.17566260303919,-1.09226168245453),
 .UNSPECIFIED.);
#760=B_SPLINE_CURVE_WITH_KNOTS('',3,(#3634,#3635,#3636,#3637,#3638,#3639),
 .UNSPECIFIED.,.F.,.F.,(4,1,1,4),(-35.2031937684609,-34.9219903587235,-34.0057307229973,
-32.631341269408),.UNSPECIFIED.);
#761=B_SPLINE_CURVE_WITH_KNOTS('',3,(#3643,#3644,#3645,#3646,#3647,#3648,
#3649,#3650,#3651,#3652,#3653,#3654,#3655,#3656,#3657,#3658,#3659,#3660,
#3661,#3662),.UNSPECIFIED.,.F.,.F.,(4,2,2,2,2,2,2,2,2,4),(-13.1507545347352,
-12.6179278554461,-11.7614400954471,-10.8660038496337,-9.03076087927665,
-6.70990592856977,-4.42299208436472,-2.39558740403925,-0.907979981491168,
0.),.UNSPECIFIED.);
#762=B_SPLINE_CURVE_WITH_KNOTS('',3,(#3665,#3666,#3667,#3668,#3669,#3670,
#3671,#3672),.UNSPECIFIED.,.F.,.F.,(4,2,2,4),(-1.31935628209039,-1.14356269505887,
-0.504441719596752,0.),.UNSPECIFIED.);
#763=B_SPLINE_CURVE_WITH_KNOTS('',3,(#3674,#3675,#3676,#3677,#3678,#3679,
#3680,#3681,#3682,#3683,#3684,#3685,#3686,#3687),.UNSPECIFIED.,.F.,.F.,
(4,2,2,2,2,2,4),(-2.30668618409032,-1.95090065700815,-1.6484579360661,-1.30852952843029,
-1.05930546513428,-0.816688387275445,-0.595766292398507),.UNSPECIFIED.);
#764=B_SPLINE_CURVE_WITH_KNOTS('',3,(#3689,#3690,#3691,#3692,#3693,#3694,
#3695,#3696),.UNSPECIFIED.,.F.,.F.,(4,2,2,4),(1.78239251609713,1.91322610956392,
2.28602251141497,2.32964547448454),.UNSPECIFIED.);
#765=B_SPLINE_CURVE_WITH_KNOTS('',3,(#3697,#3698,#3699,#3700),
 .UNSPECIFIED.,.F.,.F.,(4,4),(-0.865346363639955,0.),.UNSPECIFIED.);
#766=B_SPLINE_CURVE_WITH_KNOTS('',3,(#3703,#3704,#3705,#3706,#3707,#3708,
#3709,#3710),.UNSPECIFIED.,.F.,.F.,(4,2,2,4),(-3.19563722848035,-2.31448128703042,
-1.45175379163367,0.),.UNSPECIFIED.);
#767=B_SPLINE_CURVE_WITH_KNOTS('',3,(#3712,#3713,#3714,#3715,#3716,#3717,
#3718,#3719,#3720,#3721,#3722,#3723),.UNSPECIFIED.,.F.,.F.,(4,2,2,2,2,4),
(-1.63803511093565,-1.25112870751992,-0.948288247141267,-0.747794574098045,
-0.501048348414037,0.),.UNSPECIFIED.);
#768=B_SPLINE_CURVE_WITH_KNOTS('',3,(#3725,#3726,#3727,#3728,#3729,#3730),
 .UNSPECIFIED.,.F.,.F.,(4,2,4),(-5.16135980707811,-2.20571595387348,0.),
 .UNSPECIFIED.);
#769=B_SPLINE_CURVE_WITH_KNOTS('',3,(#3731,#3732,#3733,#3734,#3735,#3736,
#3737,#3738,#3739,#3740,#3741,#3742,#3743,#3744,#3745,#3746,#3747,#3748,
#3749,#3750),.UNSPECIFIED.,.F.,.F.,(4,2,2,2,2,2,2,2,2,4),(-10.8653817430866,
-8.208060015477,-6.53368933621875,-5.64886602082817,-5.27505524740324,-5.02696110494162,
-4.76701654146703,-4.32265642552169,-2.48628737704795,0.),.UNSPECIFIED.);
#770=B_SPLINE_CURVE_WITH_KNOTS('',3,(#3753,#3754,#3755,#3756,#3757,#3758),
 .UNSPECIFIED.,.F.,.F.,(4,2,4),(13.0727182337039,13.0727365103833,13.2724347812995),
 .UNSPECIFIED.);
#771=B_SPLINE_CURVE_WITH_KNOTS('',3,(#3760,#3761,#3762,#3763,#3764,#3765,
#3766,#3767),.UNSPECIFIED.,.F.,.F.,(4,2,2,4),(13.2724347812995,13.6206229515641,
14.1711379609774,14.4927704414839),.UNSPECIFIED.);
#772=B_SPLINE_CURVE_WITH_KNOTS('',3,(#3769,#3770,#3771,#3772),
 .UNSPECIFIED.,.F.,.F.,(4,4),(14.4927704414839,14.6504396933713),
 .UNSPECIFIED.);
#773=B_SPLINE_CURVE_WITH_KNOTS('',3,(#3774,#3775,#3776,#3777,#3778,#3779,
#3780,#3781,#3782,#3783,#3784,#3785,#3786,#3787,#3788,#3789,#3790,#3791,
#3792,#3793),.UNSPECIFIED.,.F.,.F.,(4,2,2,2,2,2,2,2,2,4),(-0.787011302395639,
-0.763755800959621,-0.733892834061113,-0.704547092835241,-0.665054390623057,
-0.578690623787786,-0.494318568240816,-0.373518788617759,-0.198218428081994,
0.),.UNSPECIFIED.);
#774=B_SPLINE_CURVE_WITH_KNOTS('',3,(#3795,#3796,#3797,#3798),
 .UNSPECIFIED.,.F.,.F.,(4,4),(18.5770719759346,19.1604052058258),
 .UNSPECIFIED.);
#775=B_SPLINE_CURVE_WITH_KNOTS('',3,(#3800,#3801,#3802,#3803,#3804,#3805,
#3806,#3807,#3808,#3809,#3810,#3811,#3812,#3813,#3814,#3815,#3816,#3817,
#3818,#3819,#3820,#3821),.UNSPECIFIED.,.F.,.F.,(4,2,2,2,2,2,2,2,2,2,4),
(-0.31523504582653,-0.292681030838931,-0.222081024774569,-0.157770420886104,
-0.101465238175202,-0.0672751277816299,-0.0503783162383109,-0.0403742802153487,
-0.0315806620364782,-0.0207223478596602,0.),.UNSPECIFIED.);
#776=B_SPLINE_CURVE_WITH_KNOTS('',3,(#3823,#3824,#3825,#3826),
 .UNSPECIFIED.,.F.,.F.,(4,4),(21.9376340759385,22.5927936174078),
 .UNSPECIFIED.);
#777=B_SPLINE_CURVE_WITH_KNOTS('',3,(#3828,#3829,#3830,#3831),
 .UNSPECIFIED.,.F.,.F.,(4,4),(22.5927936174078,22.8055178167372),
 .UNSPECIFIED.);
#778=B_SPLINE_CURVE_WITH_KNOTS('',3,(#3833,#3834,#3835,#3836,#3837,#3838),
 .UNSPECIFIED.,.F.,.F.,(4,2,4),(1.3546314743018,1.44543699664119,1.5632514209661),
 .UNSPECIFIED.);
#779=B_SPLINE_CURVE_WITH_KNOTS('',3,(#3840,#3841,#3842,#3843,#3844,#3845,
#3846,#3847,#3848,#3849,#3850,#3851,#3852,#3853),.UNSPECIFIED.,.F.,.F.,
(4,2,2,2,2,2,4),(1.5632514209661,1.64194943342228,1.76038693921837,1.87882444501446,
2.03578117710173,2.21830792043808,2.40083466377444),.UNSPECIFIED.);
#780=B_SPLINE_CURVE_WITH_KNOTS('',3,(#3857,#3858,#3859,#3860,#3861,#3862,
#3863,#3864,#3865,#3866,#3867,#3868,#3869,#3870,#3871,#3872),
 .UNSPECIFIED.,.F.,.F.,(4,2,2,2,2,2,2,4),(0.,0.14535973296793,0.29071946593586,
0.412136364819892,0.499581046530466,0.587025728241041,0.715953382688841,
0.834064840799546),.UNSPECIFIED.);
#781=B_SPLINE_CURVE_WITH_KNOTS('',3,(#3874,#3875,#3876,#3877,#3878,#3879,
#3880,#3881,#3882,#3883,#3884,#3885,#3886,#3887,#3888,#3889,#3890,#3891,
#3892,#3893,#3894,#3895,#3896,#3897,#3898,#3899,#3900,#3901,#3902,#3903,
#3904,#3905,#3906,#3907,#3908,#3909,#3910,#3911,#3912,#3913,#3914,#3915,
#3916,#3917,#3918,#3919,#3920,#3921,#3922,#3923,#3924,#3925,#3926,#3927,
#3928,#3929,#3930,#3931),.UNSPECIFIED.,.F.,.F.,(4,2,2,2,2,2,2,2,2,2,2,2,
2,2,2,2,2,2,2,2,2,2,2,2,2,2,2,2,4),(0.,0.0996513663214975,0.12902624436674,
0.140327148929683,0.145517325461856,0.148314404368281,0.148699305814267,
0.148912247699411,0.149023357732733,0.149077681099803,0.149109879535646,
0.149129681980879,0.149144520028227,0.149149910083683,0.149152706962623,
0.14915565276718,0.149158050818734,0.149160056519122,0.149161703327057,
0.149162004088815,0.149162303468859,0.1491625614412,0.149162794709009,0.149163030021832,
0.14916342556376,0.149163674382387,0.149188101390552,0.150488978800999,
0.150512748579445),.UNSPECIFIED.);
#782=B_SPLINE_CURVE_WITH_KNOTS('',3,(#3933,#3934,#3935,#3936,#3937,#3938),
 .UNSPECIFIED.,.F.,.F.,(4,2,4),(23.1157992555469,23.3470967819239,24.1358406649357),
 .UNSPECIFIED.);
#783=B_SPLINE_CURVE_WITH_KNOTS('',3,(#3940,#3941,#3942,#3943,#3944,#3945,
#3946,#3947,#3948,#3949,#3950,#3951),.UNSPECIFIED.,.F.,.F.,(4,2,2,2,2,4),
(1.05832485188842,1.13685820093916,1.23014268229049,1.30557994307889,1.35328245914147,
1.4007178823564),.UNSPECIFIED.);
#784=B_SPLINE_CURVE_WITH_KNOTS('',3,(#3953,#3954,#3955,#3956,#3957,#3958),
 .UNSPECIFIED.,.F.,.F.,(4,2,4),(-0.601602642272127,-0.410353281821698,0.),
 .UNSPECIFIED.);
#785=B_SPLINE_CURVE_WITH_KNOTS('',3,(#3959,#3960,#3961,#3962,#3963,#3964,
#3965,#3966,#3967,#3968,#3969,#3970),.UNSPECIFIED.,.F.,.F.,(4,2,2,2,2,4),
(0.,0.166586035698898,0.345775864505581,0.555136189198948,0.804908452438039,
0.862774219921741),.UNSPECIFIED.);
#786=B_SPLINE_CURVE_WITH_KNOTS('',3,(#3997,#3998,#3999,#4000),
 .UNSPECIFIED.,.F.,.F.,(4,4),(-0.356557645881606,0.),.UNSPECIFIED.);
#787=B_SPLINE_CURVE_WITH_KNOTS('',3,(#4001,#4002,#4003,#4004),
 .UNSPECIFIED.,.F.,.F.,(4,4),(0.,0.356557645881606),.UNSPECIFIED.);
#788=B_SPLINE_CURVE_WITH_KNOTS('',3,(#4027,#4028,#4029,#4030,#4031,#4032,
#4033,#4034,#4035,#4036,#4037,#4038,#4039),.UNSPECIFIED.,.F.,.F.,(4,3,3,
3,4),(0.,0.0481253912736418,0.0962507825472836,0.145592318688649,0.194933854830014),
 .UNSPECIFIED.);
#789=B_SPLINE_CURVE_WITH_KNOTS('',3,(#4040,#4041,#4042,#4043,#4044),
 .UNSPECIFIED.,.F.,.F.,(4,1,4),(-1.54463509697924,-0.708667640665928,0.),
 .UNSPECIFIED.);
#790=B_SPLINE_CURVE_WITH_KNOTS('',3,(#4045,#4046,#4047,#4048,#4049),
 .UNSPECIFIED.,.F.,.F.,(4,1,4),(0.,0.708667640665928,1.6535578282205),
 .UNSPECIFIED.);
#791=B_SPLINE_CURVE_WITH_KNOTS('',3,(#4076,#4077,#4078,#4079),
 .UNSPECIFIED.,.F.,.F.,(4,4),(-1.37557901909129,-1.27802212923026),
 .UNSPECIFIED.);
#792=B_SPLINE_CURVE_WITH_KNOTS('',3,(#4081,#4082,#4083,#4084),
 .UNSPECIFIED.,.F.,.F.,(4,4),(-0.980417348580954,-0.0268768097748368),
 .UNSPECIFIED.);
#793=B_SPLINE_CURVE_WITH_KNOTS('',3,(#4086,#4087,#4088,#4089,#4090,#4091),
 .UNSPECIFIED.,.F.,.F.,(4,2,4),(8.12138643568672,8.23966525505625,8.59753332836059),
 .UNSPECIFIED.);
#794=B_SPLINE_CURVE_WITH_KNOTS('',3,(#4093,#4094,#4095,#4096,#4097,#4098,
#4099,#4100),.UNSPECIFIED.,.F.,.F.,(4,2,2,4),(-0.806208902789399,-0.485132563914033,
-0.239818371638996,0.),.UNSPECIFIED.);
#795=B_SPLINE_CURVE_WITH_KNOTS('',3,(#4102,#4103,#4104,#4105,#4106,#4107),
 .UNSPECIFIED.,.F.,.F.,(4,2,4),(16.3075524083334,16.3431428896531,16.7814176452509),
 .UNSPECIFIED.);
#796=B_SPLINE_CURVE_WITH_KNOTS('',3,(#4109,#4110,#4111,#4112,#4113,#4114),
 .UNSPECIFIED.,.F.,.F.,(4,2,4),(-0.527465587865042,-0.243718539458269,0.),
 .UNSPECIFIED.);
#797=B_SPLINE_CURVE_WITH_KNOTS('',3,(#4116,#4117,#4118,#4119,#4120,#4121,
#4122,#4123),.UNSPECIFIED.,.F.,.F.,(4,2,2,4),(-2.6916292759053,-2.20723292806726,
-1.72009890476608,-1.31411878389812),.UNSPECIFIED.);
#798=B_SPLINE_CURVE_WITH_KNOTS('',3,(#4125,#4126,#4127,#4128,#4129,#4130,
#4131),.UNSPECIFIED.,.F.,.F.,(4,1,1,1,4),(-12.9684702531823,-12.7294921796051,
-12.4032426143749,-11.7507434839143,-10.7719947882235),.UNSPECIFIED.);
#799=B_SPLINE_CURVE_WITH_KNOTS('',3,(#4135,#4136,#4137,#4138,#4139,#4140,
#4141,#4142,#4143,#4144,#4145,#4146,#4147,#4148,#4149,#4150,#4151,#4152,
#4153,#4154,#4155,#4156,#4157,#4158,#4159,#4160,#4161,#4162),
 .UNSPECIFIED.,.F.,.F.,(4,3,3,3,3,3,3,3,3,4),(-13.1801472656987,-11.7000248606262,
-9.93181701167132,-7.93405530123351,-5.65318479770904,-3.75396774608713,
-2.22097159856994,-1.15402199309172,-0.193333479702474,0.),
 .UNSPECIFIED.);
#800=B_SPLINE_CURVE_WITH_KNOTS('',3,(#4168,#4169,#4170,#4171,#4172,#4173,
#4174),.UNSPECIFIED.,.F.,.F.,(4,1,1,1,4),(-32.6134496634337,-31.6972285188687,
-30.7810073743037,-30.3228968020212,-30.0418110058988),.UNSPECIFIED.);
#801=B_SPLINE_CURVE_WITH_KNOTS('',3,(#4176,#4177,#4178,#4179),
 .UNSPECIFIED.,.F.,.F.,(4,4),(-0.0832122260242752,0.),.UNSPECIFIED.);
#802=B_SPLINE_CURVE_WITH_KNOTS('',3,(#4181,#4182,#4183,#4184,#4185,#4186,
#4187,#4188),.UNSPECIFIED.,.F.,.F.,(4,2,2,4),(-2.84005657228904,-2.11000181083487,
-1.28614457888015,0.),.UNSPECIFIED.);
#803=B_SPLINE_CURVE_WITH_KNOTS('',3,(#4190,#4191,#4192,#4193,#4194,#4195,
#4196,#4197,#4198,#4199),.UNSPECIFIED.,.F.,.F.,(4,2,2,2,4),(-1.02922317759373,
-0.897145613026071,-0.75723268385591,-0.433836129667822,-0.404278592103533),
 .UNSPECIFIED.);
#804=B_SPLINE_CURVE_WITH_KNOTS('',3,(#4201,#4202,#4203,#4204),
 .UNSPECIFIED.,.F.,.F.,(4,4),(-35.5177483623944,-35.2201187638297),
 .UNSPECIFIED.);
#805=B_SPLINE_CURVE_WITH_KNOTS('',3,(#4206,#4207,#4208,#4209),
 .UNSPECIFIED.,.F.,.F.,(4,4),(-15.6532639672983,-15.4212729977882),
 .UNSPECIFIED.);
#806=B_SPLINE_CURVE_WITH_KNOTS('',3,(#4211,#4212,#4213,#4214,#4215,#4216),
 .UNSPECIFIED.,.F.,.F.,(4,2,4),(-0.710770313986823,-0.455805066268403,-0.291912841861351),
 .UNSPECIFIED.);
#807=B_SPLINE_CURVE_WITH_KNOTS('',3,(#4218,#4219,#4220,#4221),
 .UNSPECIFIED.,.F.,.F.,(4,4),(-0.479443835169201,-0.374053700063286),
 .UNSPECIFIED.);
#808=B_SPLINE_CURVE_WITH_KNOTS('',3,(#4223,#4224,#4225,#4226,#4227,#4228,
#4229,#4230),.UNSPECIFIED.,.F.,.F.,(4,2,2,4),(0.,0.183413872992428,0.320017226475962,
0.400958418663808),.UNSPECIFIED.);
#809=B_SPLINE_CURVE_WITH_KNOTS('',3,(#4232,#4233,#4234,#4235),
 .UNSPECIFIED.,.F.,.F.,(4,4),(1.322850580328,1.35446121122884),
 .UNSPECIFIED.);
#810=B_SPLINE_CURVE_WITH_KNOTS('',3,(#4237,#4238,#4239,#4240,#4241,#4242,
#4243,#4244,#4245,#4246),.UNSPECIFIED.,.F.,.F.,(4,2,2,2,4),(-4.0585166499873,
-3.86733901968751,-2.57733141626851,-1.60298638231073,-1.14496224635335),
 .UNSPECIFIED.);
#811=B_SPLINE_CURVE_WITH_KNOTS('',3,(#4248,#4249,#4250,#4251,#4252,#4253,
#4254,#4255,#4256,#4257),.UNSPECIFIED.,.F.,.F.,(4,2,2,2,4),(-0.275289324853985,
-0.230347134916829,-0.148299628589419,-0.0711789083109373,0.),
 .UNSPECIFIED.);
#812=B_SPLINE_CURVE_WITH_KNOTS('',3,(#4259,#4260,#4261,#4262,#4263,#4264),
 .UNSPECIFIED.,.F.,.F.,(4,2,4),(-0.384116467731061,-0.183378069868816,-0.138591729775921),
 .UNSPECIFIED.);
#813=B_SPLINE_CURVE_WITH_KNOTS('',3,(#4265,#4266,#4267,#4268),
 .UNSPECIFIED.,.F.,.F.,(4,4),(-9.72427840135622,-9.45659240712),
 .UNSPECIFIED.);
#814=B_SPLINE_CURVE_WITH_KNOTS('',3,(#4271,#4272,#4273,#4274,#4275,#4276),
 .UNSPECIFIED.,.F.,.F.,(4,2,4),(-0.803548048685151,-0.410458981633165,-0.20196606931216),
 .UNSPECIFIED.);
#815=B_SPLINE_CURVE_WITH_KNOTS('',3,(#4278,#4279,#4280,#4281,#4282,#4283,
#4284,#4285,#4286,#4287,#4288,#4289),.UNSPECIFIED.,.F.,.F.,(4,2,2,2,2,4),
(2.02882866324861E-9,0.0653818816978457,0.131793376540662,0.207985376921092,
0.301221905761962,0.342560773411764),.UNSPECIFIED.);
#816=B_SPLINE_CURVE_WITH_KNOTS('',3,(#4291,#4292,#4293,#4294,#4295,#4296,
#4297),.UNSPECIFIED.,.F.,.F.,(4,3,4),(12.5238361798443,13.7998004283453,
14.7567736147211),.UNSPECIFIED.);
#817=B_SPLINE_CURVE_WITH_KNOTS('',3,(#4299,#4300,#4301,#4302,#4303,#4304,
#4305,#4306,#4307,#4308,#4309,#4310,#4311,#4312,#4313,#4314,#4315,#4316,
#4317,#4318),.UNSPECIFIED.,.F.,.F.,(4,2,2,2,2,2,2,2,2,4),(-0.531546706265901,
-0.513928158493462,-0.50260808939369,-0.494012886219814,-0.484798991980778,
-0.470441130863352,-0.431557019803359,-0.353054701950301,-0.289748315409966,
-0.215990217372111),.UNSPECIFIED.);
#818=B_SPLINE_CURVE_WITH_KNOTS('',3,(#4320,#4321,#4322,#4323),
 .UNSPECIFIED.,.F.,.F.,(4,4),(18.0225472069882,18.6063272493004),
 .UNSPECIFIED.);
#819=B_SPLINE_CURVE_WITH_KNOTS('',3,(#4325,#4326,#4327,#4328,#4329,#4330,
#4331,#4332,#4333,#4334,#4335,#4336,#4337,#4338,#4339,#4340,#4341,#4342,
#4343,#4344),.UNSPECIFIED.,.F.,.F.,(4,2,2,2,2,2,2,2,2,4),(-0.786956147153491,
-0.676196877190753,-0.55716514213953,-0.393513068520131,-0.247065241040199,
-0.145135645115847,-0.0935876319896116,-0.0623963043789137,-0.0346338226651975,
0.),.UNSPECIFIED.);
#820=B_SPLINE_CURVE_WITH_KNOTS('',3,(#4346,#4347,#4348,#4349,#4350,#4351,
#4352,#4353,#4354,#4355),.UNSPECIFIED.,.F.,.F.,(4,2,2,2,4),(22.4029013478921,
22.7899634429475,23.3404784523609,23.8883648935416,24.017994638712),
 .UNSPECIFIED.);
#821=B_SPLINE_CURVE_WITH_KNOTS('',3,(#4356,#4357,#4358,#4359,#4360,#4361,
#4362,#4363,#4364,#4365,#4366,#4367),.UNSPECIFIED.,.F.,.F.,(4,2,2,2,2,4),
(2.60730934063055,2.76495294915427,3.0158367520338,3.22290853760125,3.34766512983102,
3.47002600632637),.UNSPECIFIED.);
#822=B_SPLINE_CURVE_WITH_KNOTS('',3,(#4370,#4371,#4372,#4373,#4374,#4375,
#4376,#4377,#4378,#4379,#4380,#4381),.UNSPECIFIED.,.F.,.F.,(4,2,2,2,2,4),
(-1.63803511092444,-1.25112870751949,-0.948288247137853,-0.747794574094027,
-0.501048348410748,0.),.UNSPECIFIED.);
#823=B_SPLINE_CURVE_WITH_KNOTS('',3,(#4383,#4384,#4385,#4386,#4387,#4388),
 .UNSPECIFIED.,.F.,.F.,(4,2,4),(-5.16135980708919,-2.20571595387386,0.),
 .UNSPECIFIED.);
#824=B_SPLINE_CURVE_WITH_KNOTS('',3,(#4390,#4391,#4392,#4393,#4394,#4395,
#4396,#4397,#4398,#4399,#4400,#4401,#4402,#4403,#4404,#4405,#4406,#4407,
#4408,#4409),.UNSPECIFIED.,.F.,.F.,(4,2,2,2,2,2,2,2,2,4),(-10.86538174317,
-8.20806001551363,-6.5336893362261,-5.64886602082874,-5.275055247403,-5.02696110494142,
-4.76701654146704,-4.32265642552159,-2.48628737704794,0.),.UNSPECIFIED.);
#825=B_SPLINE_CURVE_WITH_KNOTS('',3,(#4410,#4411,#4412,#4413,#4414,#4415,
#4416,#4417),.UNSPECIFIED.,.F.,.F.,(4,2,2,4),(-3.19563722846917,-2.31448128701069,
-1.45175379160558,0.),.UNSPECIFIED.);
#826=B_SPLINE_CURVE_WITH_KNOTS('',3,(#4441,#4442,#4443,#4444,#4445,#4446,
#4447,#4448,#4449,#4450),.UNSPECIFIED.,.F.,.F.,(4,2,2,2,4),(2.78350841132665,
2.92632886018718,3.10514859479741,3.26241636812597,3.29464855775186),
 .UNSPECIFIED.);
#827=B_SPLINE_CURVE_WITH_KNOTS('',3,(#4467,#4468,#4469,#4470,#4471,#4472,
#4473,#4474,#4475,#4476,#4477,#4478),.UNSPECIFIED.,.F.,.F.,(4,2,2,2,2,4),
(-0.00364512890145082,0.,0.209692945133047,0.403150008818068,0.594236632622681,
0.786119491141707),.UNSPECIFIED.);
#828=B_SPLINE_CURVE_WITH_KNOTS('',3,(#4485,#4486,#4487,#4488,#4489,#4490,
#4491,#4492,#4493,#4494,#4495,#4496),.UNSPECIFIED.,.F.,.F.,(4,2,2,2,2,4),
(0.147695025953975,0.175100422867855,0.359596826402117,0.565021353803726,
0.797508847996112,0.848025351584724),.UNSPECIFIED.);
#829=B_SPLINE_CURVE_WITH_KNOTS('',3,(#4515,#4516,#4517,#4518,#4519,#4520,
#4521,#4522,#4523,#4524,#4525,#4526),.UNSPECIFIED.,.F.,.F.,(4,2,2,2,2,4),
(0.,0.191846386154165,0.382896688939188,0.576316981040406,0.785970068534935,
0.789614504584172),.UNSPECIFIED.);
#830=B_SPLINE_CURVE_WITH_KNOTS('',3,(#4530,#4531,#4532,#4533),
 .UNSPECIFIED.,.F.,.F.,(4,4),(6.2656976083982,6.34729180149443),
 .UNSPECIFIED.);
#831=B_SPLINE_CURVE_WITH_KNOTS('',3,(#4536,#4537,#4538,#4539,#4540,#4541,
#4542,#4543,#4544,#4545,#4546,#4547,#4548),.UNSPECIFIED.,.F.,.F.,(4,3,3,
3,4),(-0.264726173687638,-0.182741557558089,-0.1322418523208,-0.0506376604823021,
0.),.UNSPECIFIED.);
#832=B_SPLINE_CURVE_WITH_KNOTS('',3,(#4570,#4571,#4572,#4573),
 .UNSPECIFIED.,.F.,.F.,(4,4),(12.8637134020894,13.0559555826856),
 .UNSPECIFIED.);
#833=B_SPLINE_CURVE_WITH_KNOTS('',3,(#4574,#4575,#4576,#4577),
 .UNSPECIFIED.,.F.,.F.,(4,4),(-13.1626172931621,-12.8929655358328),
 .UNSPECIFIED.);
#834=B_SPLINE_CURVE_WITH_KNOTS('',3,(#4579,#4580,#4581,#4582),
 .UNSPECIFIED.,.F.,.F.,(4,4),(9.56302504285129,9.75352406513612),
 .UNSPECIFIED.);
#835=B_SPLINE_CURVE_WITH_KNOTS('',3,(#4613,#4614,#4615,#4616,#4617,#4618),
 .UNSPECIFIED.,.F.,.F.,(4,2,4),(0.02308958231,0.0805045191781121,0.177987541430939),
 .UNSPECIFIED.);
#836=B_SPLINE_CURVE_WITH_KNOTS('',3,(#4619,#4620,#4621,#4622),
 .UNSPECIFIED.,.F.,.F.,(4,4),(0.177036071708535,0.205878161285242),
 .UNSPECIFIED.);
#837=B_SPLINE_CURVE_WITH_KNOTS('',3,(#4639,#4640,#4641,#4642,#4643,#4644,
#4645),.UNSPECIFIED.,.F.,.F.,(4,3,4),(-0.138908902766587,-0.0540567183417719,
0.),.UNSPECIFIED.);
#838=B_SPLINE_CURVE_WITH_KNOTS('',3,(#4658,#4659,#4660,#4661,#4662,#4663,
#4664,#4665,#4666,#4667,#4668,#4669,#4670,#4671,#4672,#4673),
 .UNSPECIFIED.,.F.,.F.,(4,2,2,2,2,2,2,4),(1.62009672926269,1.82502079303062,
2.13923759484393,2.51197662633227,2.60547480428314,2.65262198705649,2.68466725684569,
2.71388958584244),.UNSPECIFIED.);
#839=B_SPLINE_CURVE_WITH_KNOTS('',3,(#4697,#4698,#4699,#4700),
 .UNSPECIFIED.,.F.,.F.,(4,4),(0.407429700244466,0.505944236244635),
 .UNSPECIFIED.);
#840=B_SPLINE_CURVE_WITH_KNOTS('',3,(#4703,#4704,#4705,#4706),
 .UNSPECIFIED.,.F.,.F.,(4,4),(0.92115517667949,1.06444133964179),
 .UNSPECIFIED.);
#841=B_SPLINE_CURVE_WITH_KNOTS('',3,(#4714,#4715,#4716,#4717,#4718,#4719,
#4720,#4721),.UNSPECIFIED.,.F.,.F.,(4,2,2,4),(2.99535948591556,3.04714762214459,
3.39824607315479,3.4206981881219),.UNSPECIFIED.);
#842=B_SPLINE_CURVE_WITH_KNOTS('',3,(#4766,#4767,#4768,#4769),
 .UNSPECIFIED.,.F.,.F.,(4,4),(4.91434755489135,5.00956590453981),
 .UNSPECIFIED.);
#843=B_SPLINE_CURVE_WITH_KNOTS('',3,(#4770,#4771,#4772,#4773),
 .UNSPECIFIED.,.F.,.F.,(4,4),(0.,0.0890547836136376),.UNSPECIFIED.);
#844=B_SPLINE_CURVE_WITH_KNOTS('',3,(#4778,#4779,#4780,#4781),
 .UNSPECIFIED.,.F.,.F.,(4,4),(1.07624207645573,1.32387715196314),
 .UNSPECIFIED.);
#845=B_SPLINE_CURVE_WITH_KNOTS('',3,(#4782,#4783,#4784,#4785),
 .UNSPECIFIED.,.F.,.F.,(4,4),(0.149331930443596,0.187462169160476),
 .UNSPECIFIED.);
#846=B_SPLINE_CURVE_WITH_KNOTS('',3,(#4787,#4788,#4789,#4790,#4791,#4792,
#4793,#4794),.UNSPECIFIED.,.F.,.F.,(4,2,2,4),(0.337990087046333,0.52778012492579,
0.791646221764026,0.92115517667949),.UNSPECIFIED.);
#847=B_SPLINE_CURVE_WITH_KNOTS('',3,(#4798,#4799,#4800,#4801,#4802,#4803,
#4804,#4805,#4806,#4807,#4808,#4809),.UNSPECIFIED.,.F.,.F.,(4,2,2,2,2,4),
(5.00956590453981,5.48191918819903,6.0899993602757,6.69807953235238,7.30615970442906,
7.63153050001784),.UNSPECIFIED.);
#848=B_SPLINE_CURVE_WITH_KNOTS('',3,(#4813,#4814,#4815,#4816,#4817,#4818,
#4819,#4820,#4821,#4822),.UNSPECIFIED.,.F.,.F.,(4,2,2,2,4),(-0.864814026216243,
-0.672203916312102,-0.476007824840673,-0.203635542326081,0.),
 .UNSPECIFIED.);
#849=B_SPLINE_CURVE_WITH_KNOTS('',3,(#4823,#4824,#4825,#4826),
 .UNSPECIFIED.,.F.,.F.,(4,4),(1.6945387895602,1.75366312915927),
 .UNSPECIFIED.);
#850=B_SPLINE_CURVE_WITH_KNOTS('',3,(#4832,#4833,#4834,#4835),
 .UNSPECIFIED.,.F.,.F.,(4,4),(-0.359766595112471,0.),.UNSPECIFIED.);
#851=B_SPLINE_CURVE_WITH_KNOTS('',3,(#4838,#4839,#4840,#4841,#4842,#4843),
 .UNSPECIFIED.,.F.,.F.,(4,2,4),(2.56287920642177,2.60641077277123,2.64345537072465),
 .UNSPECIFIED.);
#852=B_SPLINE_CURVE_WITH_KNOTS('',3,(#4844,#4845,#4846,#4847),
 .UNSPECIFIED.,.F.,.F.,(4,4),(-0.65446364254725,-0.501440229621627),
 .UNSPECIFIED.);
#853=B_SPLINE_CURVE_WITH_KNOTS('',3,(#4877,#4878,#4879,#4880,#4881,#4882),
 .UNSPECIFIED.,.F.,.F.,(4,2,4),(1.30962777959581,1.50644440956347,1.6833558781886),
 .UNSPECIFIED.);
#854=B_SPLINE_CURVE_WITH_KNOTS('',3,(#4906,#4907,#4908,#4909),
 .UNSPECIFIED.,.F.,.F.,(4,4),(3.69467584225697,3.78370291647646),
 .UNSPECIFIED.);
#855=B_SPLINE_CURVE_WITH_KNOTS('',3,(#4912,#4913,#4914,#4915),
 .UNSPECIFIED.,.F.,.F.,(4,4),(14.4801263726944,14.5753447223428),
 .UNSPECIFIED.);
#856=B_SPLINE_CURVE_WITH_KNOTS('',3,(#4923,#4924,#4925,#4926,#4927,#4928,
#4929,#4930,#4931,#4932,#4933,#4934,#4935,#4936,#4937,#4938),
 .UNSPECIFIED.,.F.,.F.,(4,2,2,2,2,2,2,4),(0.,0.0326652259984268,0.0652806073077819,
0.10959478873559,0.190639024323877,0.402753495068202,0.960751265384523,
1.08771136084653),.UNSPECIFIED.);
#857=B_SPLINE_CURVE_WITH_KNOTS('',3,(#4966,#4967,#4968,#4969),
 .UNSPECIFIED.,.F.,.F.,(4,4),(3.15784184994961,3.3011280129119),
 .UNSPECIFIED.);
#858=B_SPLINE_CURVE_WITH_KNOTS('',3,(#4970,#4971,#4972,#4973),
 .UNSPECIFIED.,.F.,.F.,(4,4),(0.,0.0980357775209295),.UNSPECIFIED.);
#859=B_SPLINE_CURVE_WITH_KNOTS('',3,(#4978,#4979,#4980,#4981),
 .UNSPECIFIED.,.F.,.F.,(4,4),(-0.193165688424789,-0.0402236944084395),
 .UNSPECIFIED.);
#860=B_SPLINE_CURVE_WITH_KNOTS('',3,(#4982,#4983,#4984,#4985,#4986,#4987),
 .UNSPECIFIED.,.F.,.F.,(4,2,4),(0.218606510516231,0.255651108470436,0.299182675210405),
 .UNSPECIFIED.);
#861=B_SPLINE_CURVE_WITH_KNOTS('',3,(#4990,#4991,#4992,#4993),
 .UNSPECIFIED.,.F.,.F.,(4,4),(-0.360907465722836,0.),.UNSPECIFIED.);
#862=B_SPLINE_CURVE_WITH_KNOTS('',3,(#5000,#5001,#5002,#5003),
 .UNSPECIFIED.,.F.,.F.,(4,4),(2.56357312923552,2.62269746883403),
 .UNSPECIFIED.);
#863=B_SPLINE_CURVE_WITH_KNOTS('',3,(#5004,#5005,#5006,#5007,#5008,#5009,
#5010,#5011,#5012,#5013),.UNSPECIFIED.,.F.,.F.,(4,2,2,2,4),(-0.872565181120415,
-0.693527532303076,-0.54221547283645,-0.272173679283431,0.),
 .UNSPECIFIED.);
#864=B_SPLINE_CURVE_WITH_KNOTS('',3,(#5015,#5016,#5017,#5018,#5019,#5020,
#5021,#5022,#5023,#5024,#5025,#5026),.UNSPECIFIED.,.F.,.F.,(4,2,2,2,2,4),
(11.8581617772163,12.1835325728051,12.7916127448818,13.3996929169585,14.0077730890351,
14.4801263726944),.UNSPECIFIED.);
#865=B_SPLINE_CURVE_WITH_KNOTS('',3,(#5030,#5031,#5032,#5033,#5034,#5035,
#5036,#5037),.UNSPECIFIED.,.F.,.F.,(4,2,2,4),(3.3011280129119,3.43063696782736,
3.6945030646656,3.88429310254506),.UNSPECIFIED.);
#866=B_SPLINE_CURVE_WITH_KNOTS('',3,(#5040,#5041,#5042,#5043),
 .UNSPECIFIED.,.F.,.F.,(4,4),(2.6745997120812,2.71272995079808),
 .UNSPECIFIED.);
#867=B_SPLINE_CURVE_WITH_KNOTS('',3,(#5044,#5045,#5046,#5047),
 .UNSPECIFIED.,.F.,.F.,(4,4),(15.855581433822,16.1032165093294),
 .UNSPECIFIED.);
#868=B_SPLINE_CURVE_WITH_KNOTS('',3,(#5053,#5054,#5055,#5056,#5057,#5058),
 .UNSPECIFIED.,.F.,.F.,(4,2,4),(-0.550361801629291,-0.378869954317,-0.134906467807916),
 .UNSPECIFIED.);
#869=B_SPLINE_CURVE_WITH_KNOTS('',3,(#5063,#5064,#5065,#5066,#5067,#5068),
 .UNSPECIFIED.,.F.,.F.,(4,2,4),(0.991120268226198,1.56745990598811,2.08657947367981),
 .UNSPECIFIED.);
#870=B_SPLINE_CURVE_WITH_KNOTS('',3,(#5070,#5071,#5072,#5073),
 .UNSPECIFIED.,.F.,.F.,(4,4),(0.454475238340722,0.492983688446191),
 .UNSPECIFIED.);
#871=B_SPLINE_CURVE_WITH_KNOTS('',3,(#5075,#5076,#5077,#5078,#5079,#5080,
#5081,#5082,#5083,#5084,#5085,#5086,#5087,#5088,#5089,#5090,#5091,#5092),
 .UNSPECIFIED.,.F.,.F.,(4,2,2,2,2,2,2,2,4),(9.35268188312117,9.38232067620199,
9.79720404284791,10.2120874094938,10.6269707761397,11.0418541427856,11.4567375094316,
11.8716208760775,11.9025275265781),.UNSPECIFIED.);
#872=B_SPLINE_CURVE_WITH_KNOTS('',3,(#5093,#5094,#5095,#5096),
 .UNSPECIFIED.,.F.,.F.,(4,4),(0.714959419385666,0.752206849146112),
 .UNSPECIFIED.);
#873=B_SPLINE_CURVE_WITH_KNOTS('',3,(#5099,#5100,#5101,#5102,#5103,#5104,
#5105),.UNSPECIFIED.,.F.,.F.,(4,1,1,1,4),(29.4066756574562,30.3228968020212,
30.7810073743037,31.6972285188687,32.357202542204),.UNSPECIFIED.);
#874=B_SPLINE_CURVE_WITH_KNOTS('',3,(#5107,#5108,#5109,#5110,#5111,#5112),
 .UNSPECIFIED.,.F.,.F.,(4,2,4),(2.6993205980915,3.11867160737513,3.53802261665876),
 .UNSPECIFIED.);
#875=B_SPLINE_CURVE_WITH_KNOTS('',3,(#5113,#5114,#5115,#5116,#5117,#5118),
 .UNSPECIFIED.,.F.,.F.,(4,1,1,4),(32.8875398031164,34.0057307229973,34.9219903587235,
35.8382499944496),.UNSPECIFIED.);
#876=B_SPLINE_CURVE_WITH_KNOTS('',3,(#5147,#5148,#5149,#5150,#5151,#5152,
#5153,#5154,#5155,#5156,#5157,#5158,#5159,#5160,#5161,#5162,#5163,#5164,
#5165,#5166,#5167,#5168,#5169,#5170,#5171,#5172,#5173,#5174,#5175,#5176,
#5177,#5178,#5179,#5180,#5181,#5182,#5183,#5184,#5185,#5186,#5187,#5188,
#5189),.UNSPECIFIED.,.F.,.F.,(4,3,3,3,3,3,3,3,3,3,3,3,3,3,4),(0.,0.0770896494200762,
0.152477848196343,0.225540576299185,0.297346833203039,0.367378889203877,
0.399064447469196,0.464193302042126,0.529534772157602,0.595102070660364,
0.660900838363472,0.727042018104296,0.79334076854959,0.859817804075782,
0.899325508984727),.UNSPECIFIED.);
#877=B_SPLINE_CURVE_WITH_KNOTS('',3,(#5193,#5194,#5195,#5196,#5197,#5198,
#5199,#5200),.UNSPECIFIED.,.F.,.F.,(4,2,2,4),(-0.927241313599123,-0.787084962212412,
-0.53288083251541,-0.510720653813269),.UNSPECIFIED.);
#878=B_SPLINE_CURVE_WITH_KNOTS('',3,(#5211,#5212,#5213,#5214,#5215,#5216,
#5217,#5218,#5219,#5220,#5221,#5222),.UNSPECIFIED.,.F.,.F.,(4,2,2,2,2,4),
(-0.312710616553848,-0.267920109031431,-0.225858275079725,-0.147211187588683,
-0.0715476809242416,-0.0374282675969965),.UNSPECIFIED.);
#879=B_SPLINE_CURVE_WITH_KNOTS('',3,(#5239,#5240,#5241,#5242),
 .UNSPECIFIED.,.F.,.F.,(4,4),(0.929924015906034,1.06336017571392),
 .UNSPECIFIED.);
#880=B_SPLINE_CURVE_WITH_KNOTS('',3,(#5304,#5305,#5306,#5307,#5308,#5309,
#5310,#5311,#5312,#5313,#5314,#5315),.UNSPECIFIED.,.F.,.F.,(4,1,1,1,1,1,
1,2,4),(0.,0.0586478428133455,0.117295685626691,0.175943528440037,0.205267449846709,
0.234591371253382,0.263915292660055,0.293239214066728,0.294077957862958),
 .UNSPECIFIED.);
#881=B_SPLINE_CURVE_WITH_KNOTS('',3,(#5317,#5318,#5319,#5320,#5321,#5322,
#5323,#5324,#5325,#5326,#5327,#5328),.UNSPECIFIED.,.F.,.F.,(4,2,1,1,1,1,
1,1,4),(-0.294077957862958,-0.293239214066728,-0.263915292660055,-0.234591371253382,
-0.205267449846709,-0.175943528440037,-0.117295685626691,-0.0586478428133455,
0.),.UNSPECIFIED.);
#882=B_SPLINE_CURVE_WITH_KNOTS('',3,(#5392,#5393,#5394,#5395,#5396,#5397,
#5398,#5399,#5400,#5401,#5402,#5403),.UNSPECIFIED.,.F.,.F.,(4,1,1,1,1,1,
1,2,4),(4.48656504234841E-17,0.0585476150110474,0.087821422516571,0.117095230022095,
0.146369037527618,0.175642845033142,0.234190460044189,0.292738075055237,
0.293584515570439),.UNSPECIFIED.);
#883=B_SPLINE_CURVE_WITH_KNOTS('',3,(#5405,#5406,#5407,#5408,#5409,#5410,
#5411,#5412,#5413,#5414,#5415,#5416),.UNSPECIFIED.,.F.,.F.,(4,2,1,1,1,1,
1,1,4),(-0.293584515570439,-0.292738075055237,-0.234190460044189,-0.175642845033142,
-0.146369037527618,-0.117095230022095,-0.087821422516571,-0.0585476150110474,
-4.48656504234841E-17),.UNSPECIFIED.);
#884=B_SPLINE_CURVE_WITH_KNOTS('',3,(#5453,#5454,#5455,#5456),
 .UNSPECIFIED.,.F.,.F.,(4,4),(-2.22542331603222,-2.15240093380193),
 .UNSPECIFIED.);
#885=B_SPLINE_CURVE_WITH_KNOTS('',3,(#5458,#5459,#5460,#5461),
 .UNSPECIFIED.,.F.,.F.,(4,4),(-0.700914844521667,-0.627191810174655),
 .UNSPECIFIED.);
#886=B_SPLINE_CURVE_WITH_KNOTS('',3,(#5462,#5463,#5464,#5465,#5466,#5467,
#5468,#5469,#5470,#5471),.UNSPECIFIED.,.F.,.F.,(4,2,2,2,4),(-1.14505830888712,
-0.907113569152889,-0.673121666635036,-0.373327293171468,0.),
 .UNSPECIFIED.);
#887=B_SPLINE_CURVE_WITH_KNOTS('',3,(#5474,#5475,#5476,#5477,#5478,#5479,
#5480),.UNSPECIFIED.,.F.,.F.,(4,3,4),(0.,0.0797365954666722,0.133824633046642),
 .UNSPECIFIED.);
#888=B_SPLINE_CURVE_WITH_KNOTS('',3,(#5501,#5502,#5503,#5504,#5505,#5506),
 .UNSPECIFIED.,.F.,.F.,(4,2,4),(2.62925730911754,2.75445452055182,2.8796517319861),
 .UNSPECIFIED.);
#889=B_SPLINE_CURVE_WITH_KNOTS('',3,(#5507,#5508,#5509,#5510,#5511,#5512,
#5513,#5514,#5515,#5516,#5517,#5518,#5519,#5520,#5521,#5522,#5523,#5524,
#5525,#5526,#5527,#5528,#5529,#5530,#5531,#5532,#5533,#5534,#5535,#5536,
#5537,#5538,#5539,#5540,#5541,#5542,#5543,#5544,#5545,#5546,#5547,#5548,
#5549,#5550,#5551,#5552),.UNSPECIFIED.,.F.,.F.,(4,3,3,3,3,3,3,3,3,3,3,3,
3,3,3,4),(0.,0.0298522517353488,0.0896073227162084,0.149163052595978,0.208483444075504,
0.267550754220182,0.326253823966622,0.384747984829957,0.442976995049782,
0.464213332160683,0.526378415813311,0.589776327157635,0.65507483331111,
0.721565427888825,0.78979422366223,0.797995109329727),.UNSPECIFIED.);
#890=B_SPLINE_CURVE_WITH_KNOTS('',3,(#5670,#5671,#5672,#5673,#5674,#5675,
#5676,#5677,#5678,#5679,#5680,#5681,#5682),.UNSPECIFIED.,.F.,.F.,(4,1,1,
1,1,1,1,1,2,4),(-1.04018929298152,-0.936170363683364,-0.832151434385213,
-0.624113575788909,-0.416075717192606,-0.312056787894455,-0.208037858596303,
-0.104018929298152,0.,0.00163858187879409),.UNSPECIFIED.);
#891=B_SPLINE_CURVE_WITH_KNOTS('',3,(#5684,#5685,#5686,#5687,#5688,#5689,
#5690,#5691,#5692,#5693,#5694,#5695,#5696),.UNSPECIFIED.,.F.,.F.,(4,2,1,
1,1,1,1,1,1,4),(-0.00163858187879409,0.,0.104018929298152,0.208037858596303,
0.312056787894455,0.416075717192606,0.624113575788909,0.832151434385213,
0.936170363683364,1.04018929298152),.UNSPECIFIED.);
#892=B_SPLINE_CURVE_WITH_KNOTS('',3,(#5785,#5786,#5787,#5788,#5789,#5790,
#5791,#5792,#5793,#5794,#5795,#5796,#5797),.UNSPECIFIED.,.F.,.F.,(4,1,1,
1,1,1,1,1,2,4),(0.,0.104020309387041,0.208040618774083,0.312060928161124,
0.416081237548165,0.520101546935207,0.624121856322248,0.832162475096331,
1.04020309387041,1.04182464439388),.UNSPECIFIED.);
#893=B_SPLINE_CURVE_WITH_KNOTS('',3,(#5799,#5800,#5801,#5802,#5803,#5804,
#5805,#5806,#5807,#5808,#5809,#5810,#5811),.UNSPECIFIED.,.F.,.F.,(4,2,1,
1,1,1,1,1,1,4),(-1.04182464439388,-1.04020309387041,-0.832162475096331,
-0.624121856322248,-0.520101546935207,-0.416081237548165,-0.312060928161124,
-0.208040618774083,-0.104020309387041,0.),.UNSPECIFIED.);
#894=B_SPLINE_CURVE_WITH_KNOTS('',3,(#5884,#5885,#5886,#5887,#5888,#5889,
#5890,#5891,#5892,#5893,#5894,#5895),.UNSPECIFIED.,.F.,.F.,(4,1,1,1,1,1,
1,2,4),(0.,0.0248631922305258,0.0497263844610516,0.0994527689221032,0.149179153383155,
0.198905537844206,0.223768730074732,0.248631922305258,0.249575804979648),
 .UNSPECIFIED.);
#895=B_SPLINE_CURVE_WITH_KNOTS('',3,(#5896,#5897,#5898,#5899,#5900,#5901,
#5902,#5903,#5904,#5905,#5906,#5907),.UNSPECIFIED.,.F.,.F.,(4,2,1,1,1,1,
1,1,4),(-0.249575804979648,-0.248631922305258,-0.223768730074732,-0.198905537844206,
-0.149179153383155,-0.0994527689221032,-0.0497263844610516,-0.0248631922305258,
0.),.UNSPECIFIED.);
#896=B_SPLINE_CURVE_WITH_KNOTS('',3,(#5989,#5990,#5991,#5992,#5993,#5994,
#5995,#5996,#5997,#5998,#5999,#6000,#6001,#6002,#6003),.UNSPECIFIED.,.F.,
 .F.,(4,1,1,1,1,1,1,1,1,1,2,4),(0.,0.106259492825995,0.21251898565199,0.318778478477986,
0.425037971303981,0.531297464129976,0.637556956955971,0.743816449781966,
0.850075942607961,0.956335435433957,1.06259492825995,1.06434191030561),
 .UNSPECIFIED.);
#897=B_SPLINE_CURVE_WITH_KNOTS('',3,(#6004,#6005,#6006,#6007,#6008,#6009,
#6010,#6011,#6012,#6013,#6014,#6015,#6016,#6017,#6018),.UNSPECIFIED.,.F.,
 .F.,(4,2,1,1,1,1,1,1,1,1,1,4),(-1.06434191030561,-1.06259492825995,-0.956335435433957,
-0.850075942607961,-0.743816449781966,-0.637556956955971,-0.531297464129976,
-0.425037971303981,-0.318778478477986,-0.21251898565199,-0.106259492825995,
0.),.UNSPECIFIED.);
#898=B_SPLINE_CURVE_WITH_KNOTS('',3,(#6042,#6043,#6044,#6045,#6046,#6047,
#6048,#6049,#6050,#6051,#6052,#6053,#6054,#6055,#6056,#6057,#6058,#6059,
#6060,#6061,#6062,#6063),.UNSPECIFIED.,.F.,.F.,(4,2,2,2,2,2,2,2,2,2,4),
(0.584179086795807,0.588919535691236,0.600652053605272,0.621753909616019,
0.667129849421092,0.756642362005581,0.879213142299941,0.97850085471892,
1.14572551143708,1.26925951035448,1.38428094337773),.UNSPECIFIED.);
#899=B_SPLINE_CURVE_WITH_KNOTS('',3,(#6121,#6122,#6123,#6124,#6125,#6126,
#6127,#6128,#6129,#6130),.UNSPECIFIED.,.F.,.F.,(4,1,1,1,1,2,4),(-0.248632204479861,
-0.223768984031874,-0.198905763583888,-0.149179322687916,-0.0497264408959721,
0.,0.000943603560982906),.UNSPECIFIED.);
#900=B_SPLINE_CURVE_WITH_KNOTS('',3,(#6131,#6132,#6133,#6134,#6135,#6136,
#6137,#6138,#6139,#6140),.UNSPECIFIED.,.F.,.F.,(4,2,1,1,1,1,4),(-0.000943603560982906,
0.,0.0497264408959721,0.149179322687916,0.198905763583888,0.223768984031874,
0.248632204479861),.UNSPECIFIED.);
#901=B_SPLINE_CURVE_WITH_KNOTS('',3,(#6202,#6203,#6204,#6205,#6206,#6207,
#6208,#6209,#6210,#6211,#6212),.UNSPECIFIED.,.F.,.F.,(4,1,1,1,1,1,2,4),
(-1.06259970534979,-0.95633973481481,-0.850079764279831,-0.743819793744852,
-0.637559823209873,-0.212519941069958,0.,0.00173854950903944),
 .UNSPECIFIED.);
#902=B_SPLINE_CURVE_WITH_KNOTS('',3,(#6213,#6214,#6215,#6216,#6217,#6218,
#6219,#6220,#6221,#6222,#6223),.UNSPECIFIED.,.F.,.F.,(4,2,1,1,1,1,1,4),
(-0.00173854950903944,0.,0.212519941069958,0.637559823209873,0.743819793744852,
0.850079764279831,0.95633973481481,1.06259970534979),.UNSPECIFIED.);
#903=B_SPLINE_CURVE_WITH_KNOTS('',3,(#6248,#6249,#6250,#6251,#6252,#6253,
#6254,#6255,#6256,#6257,#6258,#6259,#6260,#6261,#6262,#6263),
 .UNSPECIFIED.,.F.,.F.,(4,2,2,2,2,2,2,4),(0.515246216958922,0.518399195461349,
0.547111448756413,0.595467217109221,0.695862342283225,0.842484936992043,
0.957641961934015,1.04419749804541),.UNSPECIFIED.);
#904=B_SPLINE_CURVE_WITH_KNOTS('',3,(#6264,#6265,#6266,#6267,#6268,#6269),
 .UNSPECIFIED.,.F.,.F.,(4,2,4),(0.934729647701802,1.04205050101128,1.05058712258613),
 .UNSPECIFIED.);
#905=B_SPLINE_CURVE_WITH_KNOTS('',3,(#6300,#6301,#6302,#6303,#6304,#6305,
#6306,#6307,#6308,#6309,#6310,#6311,#6312,#6313,#6314,#6315,#6316,#6317),
 .UNSPECIFIED.,.F.,.F.,(4,2,2,2,2,2,2,2,4),(0.,0.0645480597166263,0.149134054214949,
0.281421810780203,0.457134732178733,0.566476364983723,0.585961248710499,
0.595394922329259,0.597838836929199),.UNSPECIFIED.);
#906=B_SPLINE_CURVE_WITH_KNOTS('',3,(#6318,#6319,#6320,#6321,#6322),
 .UNSPECIFIED.,.F.,.F.,(4,1,4),(0.669917262418416,1.57948203797799,2.32628187231248),
 .UNSPECIFIED.);
#907=B_SPLINE_CURVE_WITH_KNOTS('',3,(#6326,#6327,#6328,#6329),
 .UNSPECIFIED.,.F.,.F.,(4,4),(0.898720485316687,0.934729647701803),
 .UNSPECIFIED.);
#908=B_SPLINE_CURVE_WITH_KNOTS('',3,(#6350,#6351,#6352,#6353,#6354,#6355,
#6356,#6357,#6358,#6359,#6360,#6361,#6362,#6363),.UNSPECIFIED.,.F.,.F.,
(4,2,2,2,2,2,4),(0.,0.099770086705321,0.218896616260282,0.305501147591381,
0.335133387306628,0.353653919549421,0.359560557515938),.UNSPECIFIED.);
#909=B_SPLINE_CURVE_WITH_KNOTS('',3,(#6364,#6365,#6366,#6367),
 .UNSPECIFIED.,.F.,.F.,(4,4),(0.427803583002719,0.903815936995221),
 .UNSPECIFIED.);
#910=B_SPLINE_CURVE_WITH_KNOTS('',3,(#6436,#6437,#6438,#6439,#6440,#6441),
 .UNSPECIFIED.,.F.,.F.,(4,1,1,4),(1.54071963717277,1.61160155165199,1.91471443657487,
2.04130895886739),.UNSPECIFIED.);
#911=B_SPLINE_CURVE_WITH_KNOTS('',3,(#6450,#6451,#6452,#6453,#6454,#6455,
#6456),.UNSPECIFIED.,.F.,.F.,(4,3,4),(-0.124342117223112,0.,0.124342117235641),
 .UNSPECIFIED.);
#912=B_SPLINE_CURVE_WITH_KNOTS('',3,(#6467,#6468,#6469,#6470,#6471,#6472),
 .UNSPECIFIED.,.F.,.F.,(4,2,4),(-0.25284721294594,-0.126284281413931,-1.66231490294765E-5),
 .UNSPECIFIED.);
#913=VERTEX_POINT('',#3199);
#914=VERTEX_POINT('',#3200);
#915=VERTEX_POINT('',#3208);
#916=VERTEX_POINT('',#3210);
#917=VERTEX_POINT('',#3212);
#918=VERTEX_POINT('',#3214);
#919=VERTEX_POINT('',#3253);
#920=VERTEX_POINT('',#3258);
#921=VERTEX_POINT('',#3270);
#922=VERTEX_POINT('',#3276);
#923=VERTEX_POINT('',#3293);
#924=VERTEX_POINT('',#3301);
#925=VERTEX_POINT('',#3338);
#926=VERTEX_POINT('',#3349);
#927=VERTEX_POINT('',#3357);
#928=VERTEX_POINT('',#3371);
#929=VERTEX_POINT('',#3372);
#930=VERTEX_POINT('',#3374);
#931=VERTEX_POINT('',#3384);
#932=VERTEX_POINT('',#3385);
#933=VERTEX_POINT('',#3387);
#934=VERTEX_POINT('',#3389);
#935=VERTEX_POINT('',#3394);
#936=VERTEX_POINT('',#3408);
#937=VERTEX_POINT('',#3415);
#938=VERTEX_POINT('',#3426);
#939=VERTEX_POINT('',#3433);
#940=VERTEX_POINT('',#3462);
#941=VERTEX_POINT('',#3463);
#942=VERTEX_POINT('',#3483);
#943=VERTEX_POINT('',#3489);
#944=VERTEX_POINT('',#3512);
#945=VERTEX_POINT('',#3513);
#946=VERTEX_POINT('',#3548);
#947=VERTEX_POINT('',#3549);
#948=VERTEX_POINT('',#3556);
#949=VERTEX_POINT('',#3568);
#950=VERTEX_POINT('',#3575);
#951=VERTEX_POINT('',#3586);
#952=VERTEX_POINT('',#3591);
#953=VERTEX_POINT('',#3598);
#954=VERTEX_POINT('',#3605);
#955=VERTEX_POINT('',#3610);
#956=VERTEX_POINT('',#3619);
#957=VERTEX_POINT('',#3628);
#958=VERTEX_POINT('',#3633);
#959=VERTEX_POINT('',#3640);
#960=VERTEX_POINT('',#3642);
#961=VERTEX_POINT('',#3664);
#962=VERTEX_POINT('',#3673);
#963=VERTEX_POINT('',#3688);
#964=VERTEX_POINT('',#3701);
#965=VERTEX_POINT('',#3702);
#966=VERTEX_POINT('',#3711);
#967=VERTEX_POINT('',#3724);
#968=VERTEX_POINT('',#3751);
#969=VERTEX_POINT('',#3752);
#970=VERTEX_POINT('',#3759);
#971=VERTEX_POINT('',#3768);
#972=VERTEX_POINT('',#3773);
#973=VERTEX_POINT('',#3794);
#974=VERTEX_POINT('',#3799);
#975=VERTEX_POINT('',#3822);
#976=VERTEX_POINT('',#3827);
#977=VERTEX_POINT('',#3832);
#978=VERTEX_POINT('',#3839);
#979=VERTEX_POINT('',#3854);
#980=VERTEX_POINT('',#3856);
#981=VERTEX_POINT('',#3873);
#982=VERTEX_POINT('',#3932);
#983=VERTEX_POINT('',#3939);
#984=VERTEX_POINT('',#3952);
#985=VERTEX_POINT('',#3973);
#986=VERTEX_POINT('',#3975);
#987=VERTEX_POINT('',#3994);
#988=VERTEX_POINT('',#3995);
#989=VERTEX_POINT('',#4025);
#990=VERTEX_POINT('',#4026);
#991=VERTEX_POINT('',#4075);
#992=VERTEX_POINT('',#4080);
#993=VERTEX_POINT('',#4085);
#994=VERTEX_POINT('',#4092);
#995=VERTEX_POINT('',#4101);
#996=VERTEX_POINT('',#4108);
#997=VERTEX_POINT('',#4115);
#998=VERTEX_POINT('',#4124);
#999=VERTEX_POINT('',#4132);
#1000=VERTEX_POINT('',#4134);
#1001=VERTEX_POINT('',#4163);
#1002=VERTEX_POINT('',#4165);
#1003=VERTEX_POINT('',#4167);
#1004=VERTEX_POINT('',#4175);
#1005=VERTEX_POINT('',#4180);
#1006=VERTEX_POINT('',#4189);
#1007=VERTEX_POINT('',#4200);
#1008=VERTEX_POINT('',#4205);
#1009=VERTEX_POINT('',#4210);
#1010=VERTEX_POINT('',#4217);
#1011=VERTEX_POINT('',#4222);
#1012=VERTEX_POINT('',#4231);
#1013=VERTEX_POINT('',#4236);
#1014=VERTEX_POINT('',#4247);
#1015=VERTEX_POINT('',#4258);
#1016=VERTEX_POINT('',#4269);
#1017=VERTEX_POINT('',#4270);
#1018=VERTEX_POINT('',#4277);
#1019=VERTEX_POINT('',#4290);
#1020=VERTEX_POINT('',#4298);
#1021=VERTEX_POINT('',#4319);
#1022=VERTEX_POINT('',#4324);
#1023=VERTEX_POINT('',#4345);
#1024=VERTEX_POINT('',#4368);
#1025=VERTEX_POINT('',#4369);
#1026=VERTEX_POINT('',#4382);
#1027=VERTEX_POINT('',#4389);
#1028=VERTEX_POINT('',#4419);
#1029=VERTEX_POINT('',#4420);
#1030=VERTEX_POINT('',#4422);
#1031=VERTEX_POINT('',#4425);
#1032=VERTEX_POINT('',#4427);
#1033=VERTEX_POINT('',#4429);
#1034=VERTEX_POINT('',#4431);
#1035=VERTEX_POINT('',#4433);
#1036=VERTEX_POINT('',#4439);
#1037=VERTEX_POINT('',#4497);
#1038=VERTEX_POINT('',#4612);
#1039=VERTEX_POINT('',#4647);
#1040=VERTEX_POINT('',#4648);
#1041=VERTEX_POINT('',#4650);
#1042=VERTEX_POINT('',#4652);
#1043=VERTEX_POINT('',#4656);
#1044=VERTEX_POINT('',#4657);
#1045=VERTEX_POINT('',#4696);
#1046=VERTEX_POINT('',#4701);
#1047=VERTEX_POINT('',#4708);
#1048=VERTEX_POINT('',#4710);
#1049=VERTEX_POINT('',#4712);
#1050=VERTEX_POINT('',#4723);
#1051=VERTEX_POINT('',#4724);
#1052=VERTEX_POINT('',#4729);
#1053=VERTEX_POINT('',#4730);
#1054=VERTEX_POINT('',#4735);
#1055=VERTEX_POINT('',#4736);
#1056=VERTEX_POINT('',#4741);
#1057=VERTEX_POINT('',#4742);
#1058=VERTEX_POINT('',#4775);
#1059=VERTEX_POINT('',#4777);
#1060=VERTEX_POINT('',#4796);
#1061=VERTEX_POINT('',#4812);
#1062=VERTEX_POINT('',#4830);
#1063=VERTEX_POINT('',#4837);
#1064=VERTEX_POINT('',#4849);
#1065=VERTEX_POINT('',#4850);
#1066=VERTEX_POINT('',#4852);
#1067=VERTEX_POINT('',#4854);
#1068=VERTEX_POINT('',#4858);
#1069=VERTEX_POINT('',#4859);
#1070=VERTEX_POINT('',#4864);
#1071=VERTEX_POINT('',#4865);
#1072=VERTEX_POINT('',#4870);
#1073=VERTEX_POINT('',#4871);
#1074=VERTEX_POINT('',#4876);
#1075=VERTEX_POINT('',#4905);
#1076=VERTEX_POINT('',#4910);
#1077=VERTEX_POINT('',#4917);
#1078=VERTEX_POINT('',#4918);
#1079=VERTEX_POINT('',#4920);
#1080=VERTEX_POINT('',#4922);
#1081=VERTEX_POINT('',#4941);
#1082=VERTEX_POINT('',#4942);
#1083=VERTEX_POINT('',#4975);
#1084=VERTEX_POINT('',#4977);
#1085=VERTEX_POINT('',#4997);
#1086=VERTEX_POINT('',#4999);
#1087=VERTEX_POINT('',#5028);
#1088=VERTEX_POINT('',#5039);
#1089=VERTEX_POINT('',#5051);
#1090=VERTEX_POINT('',#5062);
#1091=VERTEX_POINT('',#5069);
#1092=VERTEX_POINT('',#5074);
#1093=VERTEX_POINT('',#5098);
#1094=VERTEX_POINT('',#5106);
#1095=VERTEX_POINT('',#5192);
#1096=VERTEX_POINT('',#5303);
#1097=VERTEX_POINT('',#5316);
#1098=VERTEX_POINT('',#5390);
#1099=VERTEX_POINT('',#5391);
#1100=VERTEX_POINT('',#5404);
#1101=VERTEX_POINT('',#5419);
#1102=VERTEX_POINT('',#5437);
#1103=VERTEX_POINT('',#5440);
#1104=VERTEX_POINT('',#5452);
#1105=VERTEX_POINT('',#5457);
#1106=VERTEX_POINT('',#5498);
#1107=VERTEX_POINT('',#5668);
#1108=VERTEX_POINT('',#5669);
#1109=VERTEX_POINT('',#5683);
#1110=VERTEX_POINT('',#5783);
#1111=VERTEX_POINT('',#5784);
#1112=VERTEX_POINT('',#5798);
#1113=VERTEX_POINT('',#5880);
#1114=VERTEX_POINT('',#5881);
#1115=VERTEX_POINT('',#5883);
#1116=VERTEX_POINT('',#5986);
#1117=VERTEX_POINT('',#5987);
#1118=VERTEX_POINT('',#6020);
#1119=VERTEX_POINT('',#6021);
#1120=VERTEX_POINT('',#6026);
#1121=VERTEX_POINT('',#6028);
#1122=VERTEX_POINT('',#6032);
#1123=VERTEX_POINT('',#6041);
#1124=VERTEX_POINT('',#6117);
#1125=VERTEX_POINT('',#6118);
#1126=VERTEX_POINT('',#6120);
#1127=VERTEX_POINT('',#6199);
#1128=VERTEX_POINT('',#6200);
#1129=VERTEX_POINT('',#6225);
#1130=VERTEX_POINT('',#6226);
#1131=VERTEX_POINT('',#6231);
#1132=VERTEX_POINT('',#6234);
#1133=VERTEX_POINT('',#6238);
#1134=VERTEX_POINT('',#6247);
#1135=VERTEX_POINT('',#6299);
#1136=VERTEX_POINT('',#6324);
#1137=VERTEX_POINT('',#6349);
#1138=VERTEX_POINT('',#6393);
#1139=VERTEX_POINT('',#6448);
#1140=VERTEX_POINT('',#6449);
#1141=VERTEX_POINT('',#6501);
#1142=VERTEX_POINT('',#6503);
#1143=VERTEX_POINT('',#6535);
#1144=VERTEX_POINT('',#6537);
#1145=EDGE_CURVE('',#913,#914,#723,.T.);
#1146=EDGE_CURVE('',#915,#913,#585,.T.);
#1147=EDGE_CURVE('',#915,#916,#582,.T.);
#1148=EDGE_CURVE('',#916,#917,#586,.T.);
#1149=EDGE_CURVE('',#918,#917,#724,.T.);
#1150=EDGE_CURVE('',#914,#918,#725,.T.);
#1151=EDGE_CURVE('',#919,#913,#726,.T.);
#1152=EDGE_CURVE('',#920,#919,#727,.T.);
#1153=EDGE_CURVE('',#921,#920,#587,.T.);
#1154=EDGE_CURVE('',#915,#921,#101,.T.);
#1155=EDGE_CURVE('',#921,#916,#102,.T.);
#1156=EDGE_CURVE('',#922,#919,#728,.T.);
#1157=EDGE_CURVE('',#922,#920,#729,.T.);
#1158=EDGE_CURVE('',#923,#918,#730,.T.);
#1159=EDGE_CURVE('',#923,#924,#588,.T.);
#1160=EDGE_CURVE('',#914,#924,#731,.T.);
#1161=EDGE_CURVE('',#917,#925,#732,.T.);
#1162=EDGE_CURVE('',#925,#926,#733,.T.);
#1163=EDGE_CURVE('',#926,#927,#734,.T.);
#1164=EDGE_CURVE('',#923,#927,#735,.T.);
#1165=EDGE_CURVE('',#928,#929,#589,.T.);
#1166=EDGE_CURVE('',#928,#930,#736,.T.);
#1167=EDGE_CURVE('',#930,#929,#737,.T.);
#1168=EDGE_CURVE('',#931,#932,#103,.T.);
#1169=EDGE_CURVE('',#933,#931,#590,.T.);
#1170=EDGE_CURVE('',#934,#933,#738,.T.);
#1171=EDGE_CURVE('',#935,#934,#739,.T.);
#1172=EDGE_CURVE('',#936,#935,#740,.T.);
#1173=EDGE_CURVE('',#936,#937,#741,.F.);
#1174=EDGE_CURVE('',#938,#937,#742,.T.);
#1175=EDGE_CURVE('',#939,#938,#743,.T.);
#1176=EDGE_CURVE('',#939,#932,#591,.T.);
#1177=EDGE_CURVE('',#940,#941,#744,.T.);
#1178=EDGE_CURVE('',#941,#942,#745,.T.);
#1179=EDGE_CURVE('',#942,#943,#104,.T.);
#1180=EDGE_CURVE('',#943,#940,#746,.T.);
#1181=EDGE_CURVE('',#944,#945,#105,.T.);
#1182=EDGE_CURVE('',#945,#943,#747,.T.);
#1183=EDGE_CURVE('',#942,#944,#748,.T.);
#1184=EDGE_CURVE('',#946,#947,#749,.T.);
#1185=EDGE_CURVE('',#948,#947,#750,.T.);
#1186=EDGE_CURVE('',#949,#948,#751,.F.);
#1187=EDGE_CURVE('',#949,#950,#752,.T.);
#1188=EDGE_CURVE('',#950,#951,#753,.T.);
#1189=EDGE_CURVE('',#952,#951,#754,.T.);
#1190=EDGE_CURVE('',#953,#952,#755,.T.);
#1191=EDGE_CURVE('',#954,#953,#756,.T.);
#1192=EDGE_CURVE('',#954,#955,#757,.T.);
#1193=EDGE_CURVE('',#955,#956,#758,.T.);
#1194=EDGE_CURVE('',#956,#957,#759,.T.);
#1195=EDGE_CURVE('',#958,#957,#760,.T.);
#1196=EDGE_CURVE('',#958,#959,#106,.T.);
#1197=EDGE_CURVE('',#959,#960,#761,.T.);
#1198=EDGE_CURVE('',#960,#926,#107,.T.);
#1199=EDGE_CURVE('',#925,#961,#762,.T.);
#1200=EDGE_CURVE('',#961,#962,#763,.T.);
#1201=EDGE_CURVE('',#962,#963,#764,.T.);
#1202=EDGE_CURVE('',#963,#946,#765,.T.);
#1203=EDGE_CURVE('',#964,#965,#766,.T.);
#1204=EDGE_CURVE('',#965,#966,#767,.T.);
#1205=EDGE_CURVE('',#966,#967,#768,.T.);
#1206=EDGE_CURVE('',#967,#964,#769,.T.);
#1207=EDGE_CURVE('',#968,#969,#770,.T.);
#1208=EDGE_CURVE('',#969,#970,#771,.T.);
#1209=EDGE_CURVE('',#970,#971,#772,.T.);
#1210=EDGE_CURVE('',#972,#971,#773,.F.);
#1211=EDGE_CURVE('',#972,#973,#774,.T.);
#1212=EDGE_CURVE('',#974,#973,#775,.F.);
#1213=EDGE_CURVE('',#974,#975,#776,.T.);
#1214=EDGE_CURVE('',#975,#976,#777,.T.);
#1215=EDGE_CURVE('',#976,#977,#778,.T.);
#1216=EDGE_CURVE('',#977,#978,#779,.T.);
#1217=EDGE_CURVE('',#978,#979,#108,.T.);
#1218=EDGE_CURVE('',#979,#980,#780,.T.);
#1219=EDGE_CURVE('',#980,#981,#781,.T.);
#1220=EDGE_CURVE('',#981,#982,#782,.T.);
#1221=EDGE_CURVE('',#983,#982,#783,.F.);
#1222=EDGE_CURVE('',#983,#984,#784,.T.);
#1223=EDGE_CURVE('',#968,#984,#785,.F.);
#1224=EDGE_CURVE('',#936,#945,#592,.T.);
#1225=EDGE_CURVE('',#944,#985,#593,.T.);
#1226=EDGE_CURVE('',#985,#986,#109,.T.);
#1227=EDGE_CURVE('',#986,#937,#594,.T.);
#1228=EDGE_CURVE('',#987,#988,#110,.T.);
#1229=EDGE_CURVE('',#988,#986,#786,.T.);
#1230=EDGE_CURVE('',#985,#987,#787,.T.);
#1231=EDGE_CURVE('',#989,#990,#788,.T.);
#1232=EDGE_CURVE('',#990,#988,#789,.T.);
#1233=EDGE_CURVE('',#987,#989,#790,.T.);
#1234=EDGE_CURVE('',#990,#991,#791,.T.);
#1235=EDGE_CURVE('',#991,#992,#792,.T.);
#1236=EDGE_CURVE('',#993,#992,#793,.F.);
#1237=EDGE_CURVE('',#993,#994,#794,.T.);
#1238=EDGE_CURVE('',#994,#995,#795,.T.);
#1239=EDGE_CURVE('',#995,#996,#796,.T.);
#1240=EDGE_CURVE('',#996,#997,#797,.T.);
#1241=EDGE_CURVE('',#998,#997,#798,.T.);
#1242=EDGE_CURVE('',#998,#999,#111,.T.);
#1243=EDGE_CURVE('',#999,#1000,#799,.T.);
#1244=EDGE_CURVE('',#1000,#1001,#112,.T.);
#1245=EDGE_CURVE('',#1001,#1002,#113,.T.);
#1246=EDGE_CURVE('',#1003,#1002,#800,.T.);
#1247=EDGE_CURVE('',#1003,#1004,#801,.T.);
#1248=EDGE_CURVE('',#1004,#1005,#802,.T.);
#1249=EDGE_CURVE('',#1005,#1006,#803,.T.);
#1250=EDGE_CURVE('',#1007,#1006,#804,.T.);
#1251=EDGE_CURVE('',#1008,#1007,#805,.T.);
#1252=EDGE_CURVE('',#1009,#1008,#806,.T.);
#1253=EDGE_CURVE('',#1009,#1010,#807,.T.);
#1254=EDGE_CURVE('',#1011,#1010,#808,.F.);
#1255=EDGE_CURVE('',#1011,#1012,#809,.T.);
#1256=EDGE_CURVE('',#1013,#1012,#810,.T.);
#1257=EDGE_CURVE('',#1013,#1014,#811,.T.);
#1258=EDGE_CURVE('',#1014,#1015,#812,.T.);
#1259=EDGE_CURVE('',#988,#1015,#813,.T.);
#1260=EDGE_CURVE('',#1016,#1017,#814,.T.);
#1261=EDGE_CURVE('',#1018,#1017,#815,.F.);
#1262=EDGE_CURVE('',#1018,#1019,#816,.T.);
#1263=EDGE_CURVE('',#1020,#1019,#817,.F.);
#1264=EDGE_CURVE('',#1020,#1021,#818,.T.);
#1265=EDGE_CURVE('',#1022,#1021,#819,.F.);
#1266=EDGE_CURVE('',#1022,#1023,#820,.T.);
#1267=EDGE_CURVE('',#1016,#1023,#821,.F.);
#1268=EDGE_CURVE('',#1024,#1025,#822,.T.);
#1269=EDGE_CURVE('',#1025,#1026,#823,.T.);
#1270=EDGE_CURVE('',#1026,#1027,#824,.T.);
#1271=EDGE_CURVE('',#1027,#1024,#825,.T.);
#1272=EDGE_CURVE('',#1028,#1029,#114,.T.);
#1273=EDGE_CURVE('',#1030,#1028,#115,.T.);
#1274=EDGE_CURVE('',#1030,#989,#116,.T.);
#1275=EDGE_CURVE('',#941,#1031,#595,.T.);
#1276=EDGE_CURVE('',#1031,#1032,#117,.T.);
#1277=EDGE_CURVE('',#1033,#1032,#118,.T.);
#1278=EDGE_CURVE('',#1034,#1033,#119,.T.);
#1279=EDGE_CURVE('',#1034,#1035,#120,.T.);
#1280=EDGE_CURVE('',#1035,#928,#121,.T.);
#1281=EDGE_CURVE('',#929,#1035,#122,.T.);
#1282=EDGE_CURVE('',#1035,#1029,#123,.T.);
#1283=EDGE_CURVE('',#1036,#1033,#124,.T.);
#1284=EDGE_CURVE('',#1032,#963,#826,.T.);
#1285=EDGE_CURVE('',#962,#1036,#125,.T.);
#1286=EDGE_CURVE('',#1036,#1034,#827,.T.);
#1287=EDGE_CURVE('',#961,#1036,#596,.T.);
#1288=EDGE_CURVE('',#930,#920,#597,.T.);
#1289=EDGE_CURVE('',#930,#1035,#598,.T.);
#1290=EDGE_CURVE('',#992,#1030,#828,.T.);
#1291=EDGE_CURVE('',#1028,#1037,#126,.T.);
#1292=EDGE_CURVE('',#1037,#993,#127,.T.);
#1293=EDGE_CURVE('',#1029,#1037,#829,.T.);
#1294=EDGE_CURVE('',#1031,#947,#830,.T.);
#1295=EDGE_CURVE('',#930,#1035,#599,.T.);
#1296=EDGE_CURVE('',#997,#922,#831,.T.);
#1297=EDGE_CURVE('',#996,#1037,#600,.T.);
#1298=EDGE_CURVE('',#994,#995,#128,.T.);
#1299=EDGE_CURVE('',#945,#935,#832,.T.);
#1300=EDGE_CURVE('',#934,#943,#833,.T.);
#1301=EDGE_CURVE('',#938,#986,#834,.T.);
#1302=EDGE_CURVE('',#924,#1038,#835,.F.);
#1303=EDGE_CURVE('',#1038,#998,#836,.T.);
#1304=EDGE_CURVE('',#1015,#939,#837,.T.);
#1305=EDGE_CURVE('',#1039,#1040,#129,.T.);
#1306=EDGE_CURVE('',#1040,#1041,#130,.T.);
#1307=EDGE_CURVE('',#1041,#1042,#131,.T.);
#1308=EDGE_CURVE('',#1042,#1039,#132,.T.);
#1309=EDGE_CURVE('',#1043,#1044,#838,.F.);
#1310=EDGE_CURVE('',#1044,#1042,#133,.T.);
#1311=EDGE_CURVE('',#1041,#1043,#134,.T.);
#1312=EDGE_CURVE('',#1039,#1045,#839,.T.);
#1313=EDGE_CURVE('',#1045,#1046,#135,.T.);
#1314=EDGE_CURVE('',#1040,#1046,#840,.T.);
#1315=EDGE_CURVE('',#1010,#1047,#136,.T.);
#1316=EDGE_CURVE('',#1047,#1048,#137,.T.);
#1317=EDGE_CURVE('',#1048,#1049,#138,.T.);
#1318=EDGE_CURVE('',#1049,#1011,#841,.F.);
#1319=EDGE_CURVE('',#1050,#1051,#139,.T.);
#1320=EDGE_CURVE('',#1051,#1048,#140,.T.);
#1321=EDGE_CURVE('',#1047,#1050,#141,.T.);
#1322=EDGE_CURVE('',#1052,#1053,#142,.T.);
#1323=EDGE_CURVE('',#1053,#1051,#143,.T.);
#1324=EDGE_CURVE('',#1050,#1052,#144,.T.);
#1325=EDGE_CURVE('',#1054,#1055,#145,.T.);
#1326=EDGE_CURVE('',#1055,#1053,#146,.T.);
#1327=EDGE_CURVE('',#1052,#1054,#147,.T.);
#1328=EDGE_CURVE('',#1056,#1057,#148,.T.);
#1329=EDGE_CURVE('',#1057,#1055,#149,.T.);
#1330=EDGE_CURVE('',#1054,#1056,#150,.T.);
#1331=EDGE_CURVE('',#1046,#1056,#842,.T.);
#1332=EDGE_CURVE('',#1045,#1057,#843,.T.);
#1333=EDGE_CURVE('',#1058,#1041,#601,.T.);
#1334=EDGE_CURVE('',#1059,#1058,#844,.T.);
#1335=EDGE_CURVE('',#1043,#1059,#845,.T.);
#1336=EDGE_CURVE('',#1058,#1040,#846,.T.);
#1337=EDGE_CURVE('',#1060,#1054,#602,.T.);
#1338=EDGE_CURVE('',#1056,#1060,#847,.T.);
#1339=EDGE_CURVE('',#1004,#1052,#603,.T.);
#1340=EDGE_CURVE('',#1061,#1003,#848,.T.);
#1341=EDGE_CURVE('',#1060,#1061,#849,.T.);
#1342=EDGE_CURVE('',#1005,#1050,#604,.T.);
#1343=EDGE_CURVE('',#1062,#1047,#605,.T.);
#1344=EDGE_CURVE('',#1006,#1062,#850,.T.);
#1345=EDGE_CURVE('',#1063,#1009,#851,.T.);
#1346=EDGE_CURVE('',#1062,#1063,#852,.T.);
#1347=EDGE_CURVE('',#1064,#1065,#151,.T.);
#1348=EDGE_CURVE('',#1065,#1066,#152,.T.);
#1349=EDGE_CURVE('',#1066,#1067,#153,.T.);
#1350=EDGE_CURVE('',#1067,#1064,#154,.T.);
#1351=EDGE_CURVE('',#1068,#1069,#155,.T.);
#1352=EDGE_CURVE('',#1069,#1067,#156,.T.);
#1353=EDGE_CURVE('',#1066,#1068,#157,.T.);
#1354=EDGE_CURVE('',#1070,#1071,#158,.T.);
#1355=EDGE_CURVE('',#1071,#1069,#159,.T.);
#1356=EDGE_CURVE('',#1068,#1070,#160,.T.);
#1357=EDGE_CURVE('',#1072,#1073,#161,.T.);
#1358=EDGE_CURVE('',#1073,#1071,#162,.T.);
#1359=EDGE_CURVE('',#1070,#1072,#163,.T.);
#1360=EDGE_CURVE('',#1074,#949,#853,.T.);
#1361=EDGE_CURVE('',#1074,#1073,#164,.T.);
#1362=EDGE_CURVE('',#1072,#950,#165,.T.);
#1363=EDGE_CURVE('',#1064,#1075,#854,.T.);
#1364=EDGE_CURVE('',#1075,#1076,#166,.T.);
#1365=EDGE_CURVE('',#1065,#1076,#855,.T.);
#1366=EDGE_CURVE('',#1077,#1078,#167,.T.);
#1367=EDGE_CURVE('',#1078,#1079,#168,.T.);
#1368=EDGE_CURVE('',#1079,#1080,#856,.F.);
#1369=EDGE_CURVE('',#1080,#1077,#169,.T.);
#1370=EDGE_CURVE('',#1081,#1082,#170,.T.);
#1371=EDGE_CURVE('',#1082,#1078,#171,.T.);
#1372=EDGE_CURVE('',#1077,#1081,#172,.T.);
#1373=EDGE_CURVE('',#1076,#1081,#857,.T.);
#1374=EDGE_CURVE('',#1075,#1082,#858,.T.);
#1375=EDGE_CURVE('',#1083,#1072,#606,.T.);
#1376=EDGE_CURVE('',#1084,#1083,#859,.T.);
#1377=EDGE_CURVE('',#951,#1084,#860,.T.);
#1378=EDGE_CURVE('',#955,#1070,#607,.T.);
#1379=EDGE_CURVE('',#1083,#954,#861,.T.);
#1380=EDGE_CURVE('',#956,#1068,#608,.T.);
#1381=EDGE_CURVE('',#1085,#1066,#609,.T.);
#1382=EDGE_CURVE('',#1086,#1085,#862,.T.);
#1383=EDGE_CURVE('',#957,#1086,#863,.T.);
#1384=EDGE_CURVE('',#1085,#1065,#864,.T.);
#1385=EDGE_CURVE('',#1087,#1077,#610,.T.);
#1386=EDGE_CURVE('',#1081,#1087,#865,.T.);
#1387=EDGE_CURVE('',#1088,#1080,#866,.T.);
#1388=EDGE_CURVE('',#1087,#1088,#867,.T.);
#1389=EDGE_CURVE('',#1049,#1044,#611,.T.);
#1390=EDGE_CURVE('',#1008,#1089,#612,.T.);
#1391=EDGE_CURVE('',#1089,#1063,#868,.F.);
#1392=EDGE_CURVE('',#1088,#1059,#613,.T.);
#1393=EDGE_CURVE('',#1079,#1074,#614,.T.);
#1394=EDGE_CURVE('',#940,#1090,#869,.T.);
#1395=EDGE_CURVE('',#1090,#1091,#870,.T.);
#1396=EDGE_CURVE('',#1091,#1092,#871,.T.);
#1397=EDGE_CURVE('',#1092,#1013,#872,.T.);
#1398=EDGE_CURVE('',#1093,#1061,#873,.T.);
#1399=EDGE_CURVE('',#1094,#1093,#874,.T.);
#1400=EDGE_CURVE('',#1086,#1094,#875,.T.);
#1401=EDGE_CURVE('',#1002,#1093,#876,.T.);
#1402=EDGE_CURVE('',#1095,#1084,#877,.T.);
#1403=EDGE_CURVE('',#1095,#952,#615,.T.);
#1404=EDGE_CURVE('',#933,#1090,#878,.T.);
#1405=EDGE_CURVE('',#953,#1095,#879,.F.);
#1406=EDGE_CURVE('',#931,#1096,#880,.T.);
#1407=EDGE_CURVE('',#1096,#1097,#881,.T.);
#1408=EDGE_CURVE('',#1097,#931,#173,.T.);
#1409=EDGE_CURVE('',#1098,#1099,#882,.T.);
#1410=EDGE_CURVE('',#1099,#1100,#883,.T.);
#1411=EDGE_CURVE('',#1100,#1098,#174,.T.);
#1412=EDGE_CURVE('',#932,#1101,#175,.T.);
#1413=EDGE_CURVE('',#1101,#1096,#176,.T.);
#1414=EDGE_CURVE('',#1099,#1101,#177,.T.);
#1415=EDGE_CURVE('',#932,#1100,#178,.T.);
#1416=EDGE_CURVE('',#1096,#1099,#179,.T.);
#1417=EDGE_CURVE('',#1098,#1097,#180,.T.);
#1418=EDGE_CURVE('',#1091,#1097,#616,.T.);
#1419=EDGE_CURVE('',#1092,#1098,#617,.T.);
#1420=EDGE_CURVE('',#1014,#1100,#618,.T.);
#1421=EDGE_CURVE('',#927,#1102,#619,.T.);
#1422=EDGE_CURVE('',#960,#999,#620,.T.);
#1423=EDGE_CURVE('',#1103,#1038,#621,.T.);
#1424=EDGE_CURVE('',#1102,#1103,#181,.T.);
#1425=EDGE_CURVE('',#1102,#1104,#884,.T.);
#1426=EDGE_CURVE('',#1105,#1103,#885,.T.);
#1427=EDGE_CURVE('',#1105,#1104,#886,.T.);
#1428=EDGE_CURVE('',#1089,#1007,#887,.F.);
#1429=EDGE_CURVE('',#1001,#1106,#622,.T.);
#1430=EDGE_CURVE('',#1106,#1106,#182,.T.);
#1431=EDGE_CURVE('',#1000,#959,#888,.T.);
#1432=EDGE_CURVE('',#1094,#958,#889,.T.);
#1433=EDGE_CURVE('',#964,#967,#623,.T.);
#1434=EDGE_CURVE('',#966,#965,#624,.T.);
#1435=EDGE_CURVE('',#1026,#1027,#625,.T.);
#1436=EDGE_CURVE('',#1024,#1025,#626,.T.);
#1437=EDGE_CURVE('',#1107,#1108,#890,.T.);
#1438=EDGE_CURVE('',#1108,#1109,#891,.T.);
#1439=EDGE_CURVE('',#1109,#1107,#183,.T.);
#1440=EDGE_CURVE('',#1108,#1022,#627,.T.);
#1441=EDGE_CURVE('',#1021,#1109,#628,.T.);
#1442=EDGE_CURVE('',#1107,#1016,#184,.T.);
#1443=EDGE_CURVE('',#1023,#1108,#185,.T.);
#1444=EDGE_CURVE('',#1110,#1111,#892,.T.);
#1445=EDGE_CURVE('',#1111,#1112,#893,.T.);
#1446=EDGE_CURVE('',#1112,#1110,#186,.T.);
#1447=EDGE_CURVE('',#1111,#968,#187,.T.);
#1448=EDGE_CURVE('',#984,#1112,#188,.T.);
#1449=EDGE_CURVE('',#1110,#972,#629,.T.);
#1450=EDGE_CURVE('',#971,#1111,#630,.T.);
#1451=EDGE_CURVE('',#1113,#1114,#189,.T.);
#1452=EDGE_CURVE('',#1114,#1115,#894,.T.);
#1453=EDGE_CURVE('',#1115,#1113,#895,.T.);
#1454=EDGE_CURVE('',#1109,#1114,#631,.T.);
#1455=EDGE_CURVE('',#1113,#1107,#632,.T.);
#1456=EDGE_CURVE('',#1116,#1117,#190,.T.);
#1457=EDGE_CURVE('',#1117,#1115,#896,.T.);
#1458=EDGE_CURVE('',#1115,#1116,#897,.T.);
#1459=EDGE_CURVE('',#1118,#1119,#191,.T.);
#1460=EDGE_CURVE('',#1118,#1117,#633,.T.);
#1461=EDGE_CURVE('',#1116,#1119,#634,.T.);
#1462=EDGE_CURVE('',#1119,#1120,#635,.T.);
#1463=EDGE_CURVE('',#1120,#1121,#636,.T.);
#1464=EDGE_CURVE('',#1118,#1121,#192,.T.);
#1465=EDGE_CURVE('',#1122,#1116,#637,.T.);
#1466=EDGE_CURVE('',#1120,#1122,#638,.T.);
#1467=EDGE_CURVE('',#1017,#1113,#193,.T.);
#1468=EDGE_CURVE('',#1018,#1115,#194,.T.);
#1469=EDGE_CURVE('',#1019,#1115,#639,.T.);
#1470=EDGE_CURVE('',#1019,#1123,#898,.T.);
#1471=EDGE_CURVE('',#1123,#1122,#583,.F.);
#1472=EDGE_CURVE('',#1114,#1020,#640,.T.);
#1473=EDGE_CURVE('',#1124,#1125,#195,.T.);
#1474=EDGE_CURVE('',#1125,#1126,#899,.T.);
#1475=EDGE_CURVE('',#1126,#1124,#900,.T.);
#1476=EDGE_CURVE('',#1112,#1125,#641,.T.);
#1477=EDGE_CURVE('',#1124,#1110,#642,.T.);
#1478=EDGE_CURVE('',#1127,#1128,#196,.T.);
#1479=EDGE_CURVE('',#1128,#1126,#901,.T.);
#1480=EDGE_CURVE('',#1126,#1127,#902,.T.);
#1481=EDGE_CURVE('',#1129,#1130,#197,.T.);
#1482=EDGE_CURVE('',#1129,#1128,#643,.T.);
#1483=EDGE_CURVE('',#1127,#1130,#644,.T.);
#1484=EDGE_CURVE('',#1131,#1130,#198,.T.);
#1485=EDGE_CURVE('',#979,#1131,#645,.T.);
#1486=EDGE_CURVE('',#1132,#978,#646,.T.);
#1487=EDGE_CURVE('',#1129,#1132,#647,.T.);
#1488=EDGE_CURVE('',#1133,#1127,#199,.T.);
#1489=EDGE_CURVE('',#1131,#1133,#648,.T.);
#1490=EDGE_CURVE('',#973,#1124,#649,.T.);
#1491=EDGE_CURVE('',#1126,#974,#650,.T.);
#1492=EDGE_CURVE('',#1126,#982,#200,.T.);
#1493=EDGE_CURVE('',#982,#1134,#903,.T.);
#1494=EDGE_CURVE('',#1134,#1133,#904,.F.);
#1495=EDGE_CURVE('',#1125,#983,#201,.T.);
#1496=EDGE_CURVE('',#1018,#1135,#905,.F.);
#1497=EDGE_CURVE('',#1135,#1123,#906,.T.);
#1498=EDGE_CURVE('',#1117,#1136,#202,.T.);
#1499=EDGE_CURVE('',#1136,#1135,#907,.F.);
#1500=EDGE_CURVE('',#1121,#1136,#651,.T.);
#1501=EDGE_CURVE('',#977,#975,#203,.T.);
#1502=EDGE_CURVE('',#974,#1137,#908,.F.);
#1503=EDGE_CURVE('',#1137,#977,#909,.T.);
#1504=EDGE_CURVE('',#1138,#1137,#584,.F.);
#1505=EDGE_CURVE('',#1132,#1138,#652,.T.);
#1506=EDGE_CURVE('',#980,#1134,#910,.T.);
#1507=EDGE_CURVE('',#1128,#1138,#653,.T.);
#1508=EDGE_CURVE('',#1139,#1140,#911,.T.);
#1509=EDGE_CURVE('',#1139,#1140,#204,.T.);
#1510=EDGE_CURVE('',#1140,#1139,#912,.T.);
#1511=EDGE_CURVE('',#1141,#1141,#205,.T.);
#1512=EDGE_CURVE('',#1141,#1142,#206,.T.);
#1513=EDGE_CURVE('',#1142,#1142,#207,.T.);
#1514=EDGE_CURVE('',#1143,#1143,#208,.T.);
#1515=EDGE_CURVE('',#1143,#1144,#209,.T.);
#1516=EDGE_CURVE('',#1144,#1144,#210,.T.);
#1517=ORIENTED_EDGE('',*,*,#1145,.F.);
#1518=ORIENTED_EDGE('',*,*,#1146,.F.);
#1519=ORIENTED_EDGE('',*,*,#1147,.T.);
#1520=ORIENTED_EDGE('',*,*,#1148,.T.);
#1521=ORIENTED_EDGE('',*,*,#1149,.F.);
#1522=ORIENTED_EDGE('',*,*,#1150,.F.);
#1523=ORIENTED_EDGE('',*,*,#1151,.F.);
#1524=ORIENTED_EDGE('',*,*,#1152,.F.);
#1525=ORIENTED_EDGE('',*,*,#1153,.F.);
#1526=ORIENTED_EDGE('',*,*,#1154,.F.);
#1527=ORIENTED_EDGE('',*,*,#1146,.T.);
#1528=ORIENTED_EDGE('',*,*,#1147,.F.);
#1529=ORIENTED_EDGE('',*,*,#1154,.T.);
#1530=ORIENTED_EDGE('',*,*,#1155,.T.);
#1531=ORIENTED_EDGE('',*,*,#1152,.T.);
#1532=ORIENTED_EDGE('',*,*,#1156,.F.);
#1533=ORIENTED_EDGE('',*,*,#1157,.T.);
#1534=ORIENTED_EDGE('',*,*,#1150,.T.);
#1535=ORIENTED_EDGE('',*,*,#1158,.F.);
#1536=ORIENTED_EDGE('',*,*,#1159,.T.);
#1537=ORIENTED_EDGE('',*,*,#1160,.F.);
#1538=ORIENTED_EDGE('',*,*,#1149,.T.);
#1539=ORIENTED_EDGE('',*,*,#1161,.T.);
#1540=ORIENTED_EDGE('',*,*,#1162,.T.);
#1541=ORIENTED_EDGE('',*,*,#1163,.T.);
#1542=ORIENTED_EDGE('',*,*,#1164,.F.);
#1543=ORIENTED_EDGE('',*,*,#1158,.T.);
#1544=ORIENTED_EDGE('',*,*,#1165,.F.);
#1545=ORIENTED_EDGE('',*,*,#1166,.T.);
#1546=ORIENTED_EDGE('',*,*,#1167,.T.);
#1547=ORIENTED_EDGE('',*,*,#1168,.F.);
#1548=ORIENTED_EDGE('',*,*,#1169,.F.);
#1549=ORIENTED_EDGE('',*,*,#1170,.F.);
#1550=ORIENTED_EDGE('',*,*,#1171,.F.);
#1551=ORIENTED_EDGE('',*,*,#1172,.F.);
#1552=ORIENTED_EDGE('',*,*,#1173,.T.);
#1553=ORIENTED_EDGE('',*,*,#1174,.F.);
#1554=ORIENTED_EDGE('',*,*,#1175,.F.);
#1555=ORIENTED_EDGE('',*,*,#1176,.T.);
#1556=ORIENTED_EDGE('',*,*,#1177,.T.);
#1557=ORIENTED_EDGE('',*,*,#1178,.T.);
#1558=ORIENTED_EDGE('',*,*,#1179,.T.);
#1559=ORIENTED_EDGE('',*,*,#1180,.T.);
#1560=ORIENTED_EDGE('',*,*,#1181,.T.);
#1561=ORIENTED_EDGE('',*,*,#1182,.T.);
#1562=ORIENTED_EDGE('',*,*,#1179,.F.);
#1563=ORIENTED_EDGE('',*,*,#1183,.T.);
#1564=ORIENTED_EDGE('',*,*,#1184,.T.);
#1565=ORIENTED_EDGE('',*,*,#1185,.F.);
#1566=ORIENTED_EDGE('',*,*,#1186,.F.);
#1567=ORIENTED_EDGE('',*,*,#1187,.T.);
#1568=ORIENTED_EDGE('',*,*,#1188,.T.);
#1569=ORIENTED_EDGE('',*,*,#1189,.F.);
#1570=ORIENTED_EDGE('',*,*,#1190,.F.);
#1571=ORIENTED_EDGE('',*,*,#1191,.F.);
#1572=ORIENTED_EDGE('',*,*,#1192,.T.);
#1573=ORIENTED_EDGE('',*,*,#1193,.T.);
#1574=ORIENTED_EDGE('',*,*,#1194,.T.);
#1575=ORIENTED_EDGE('',*,*,#1195,.F.);
#1576=ORIENTED_EDGE('',*,*,#1196,.T.);
#1577=ORIENTED_EDGE('',*,*,#1197,.T.);
#1578=ORIENTED_EDGE('',*,*,#1198,.T.);
#1579=ORIENTED_EDGE('',*,*,#1162,.F.);
#1580=ORIENTED_EDGE('',*,*,#1199,.T.);
#1581=ORIENTED_EDGE('',*,*,#1200,.T.);
#1582=ORIENTED_EDGE('',*,*,#1201,.T.);
#1583=ORIENTED_EDGE('',*,*,#1202,.T.);
#1584=ORIENTED_EDGE('',*,*,#1203,.T.);
#1585=ORIENTED_EDGE('',*,*,#1204,.T.);
#1586=ORIENTED_EDGE('',*,*,#1205,.T.);
#1587=ORIENTED_EDGE('',*,*,#1206,.T.);
#1588=ORIENTED_EDGE('',*,*,#1207,.T.);
#1589=ORIENTED_EDGE('',*,*,#1208,.T.);
#1590=ORIENTED_EDGE('',*,*,#1209,.T.);
#1591=ORIENTED_EDGE('',*,*,#1210,.F.);
#1592=ORIENTED_EDGE('',*,*,#1211,.T.);
#1593=ORIENTED_EDGE('',*,*,#1212,.F.);
#1594=ORIENTED_EDGE('',*,*,#1213,.T.);
#1595=ORIENTED_EDGE('',*,*,#1214,.T.);
#1596=ORIENTED_EDGE('',*,*,#1215,.T.);
#1597=ORIENTED_EDGE('',*,*,#1216,.T.);
#1598=ORIENTED_EDGE('',*,*,#1217,.T.);
#1599=ORIENTED_EDGE('',*,*,#1218,.T.);
#1600=ORIENTED_EDGE('',*,*,#1219,.T.);
#1601=ORIENTED_EDGE('',*,*,#1220,.T.);
#1602=ORIENTED_EDGE('',*,*,#1221,.F.);
#1603=ORIENTED_EDGE('',*,*,#1222,.T.);
#1604=ORIENTED_EDGE('',*,*,#1223,.F.);
#1605=ORIENTED_EDGE('',*,*,#1173,.F.);
#1606=ORIENTED_EDGE('',*,*,#1224,.T.);
#1607=ORIENTED_EDGE('',*,*,#1181,.F.);
#1608=ORIENTED_EDGE('',*,*,#1225,.T.);
#1609=ORIENTED_EDGE('',*,*,#1226,.T.);
#1610=ORIENTED_EDGE('',*,*,#1227,.T.);
#1611=ORIENTED_EDGE('',*,*,#1228,.T.);
#1612=ORIENTED_EDGE('',*,*,#1229,.T.);
#1613=ORIENTED_EDGE('',*,*,#1226,.F.);
#1614=ORIENTED_EDGE('',*,*,#1230,.T.);
#1615=ORIENTED_EDGE('',*,*,#1231,.T.);
#1616=ORIENTED_EDGE('',*,*,#1232,.T.);
#1617=ORIENTED_EDGE('',*,*,#1228,.F.);
#1618=ORIENTED_EDGE('',*,*,#1233,.T.);
#1619=ORIENTED_EDGE('',*,*,#1232,.F.);
#1620=ORIENTED_EDGE('',*,*,#1234,.T.);
#1621=ORIENTED_EDGE('',*,*,#1235,.T.);
#1622=ORIENTED_EDGE('',*,*,#1236,.F.);
#1623=ORIENTED_EDGE('',*,*,#1237,.T.);
#1624=ORIENTED_EDGE('',*,*,#1238,.T.);
#1625=ORIENTED_EDGE('',*,*,#1239,.T.);
#1626=ORIENTED_EDGE('',*,*,#1240,.T.);
#1627=ORIENTED_EDGE('',*,*,#1241,.F.);
#1628=ORIENTED_EDGE('',*,*,#1242,.T.);
#1629=ORIENTED_EDGE('',*,*,#1243,.T.);
#1630=ORIENTED_EDGE('',*,*,#1244,.T.);
#1631=ORIENTED_EDGE('',*,*,#1245,.T.);
#1632=ORIENTED_EDGE('',*,*,#1246,.F.);
#1633=ORIENTED_EDGE('',*,*,#1247,.T.);
#1634=ORIENTED_EDGE('',*,*,#1248,.T.);
#1635=ORIENTED_EDGE('',*,*,#1249,.T.);
#1636=ORIENTED_EDGE('',*,*,#1250,.F.);
#1637=ORIENTED_EDGE('',*,*,#1251,.F.);
#1638=ORIENTED_EDGE('',*,*,#1252,.F.);
#1639=ORIENTED_EDGE('',*,*,#1253,.T.);
#1640=ORIENTED_EDGE('',*,*,#1254,.F.);
#1641=ORIENTED_EDGE('',*,*,#1255,.T.);
#1642=ORIENTED_EDGE('',*,*,#1256,.F.);
#1643=ORIENTED_EDGE('',*,*,#1257,.T.);
#1644=ORIENTED_EDGE('',*,*,#1258,.T.);
#1645=ORIENTED_EDGE('',*,*,#1259,.F.);
#1646=ORIENTED_EDGE('',*,*,#1260,.T.);
#1647=ORIENTED_EDGE('',*,*,#1261,.F.);
#1648=ORIENTED_EDGE('',*,*,#1262,.T.);
#1649=ORIENTED_EDGE('',*,*,#1263,.F.);
#1650=ORIENTED_EDGE('',*,*,#1264,.T.);
#1651=ORIENTED_EDGE('',*,*,#1265,.F.);
#1652=ORIENTED_EDGE('',*,*,#1266,.T.);
#1653=ORIENTED_EDGE('',*,*,#1267,.F.);
#1654=ORIENTED_EDGE('',*,*,#1268,.T.);
#1655=ORIENTED_EDGE('',*,*,#1269,.T.);
#1656=ORIENTED_EDGE('',*,*,#1270,.T.);
#1657=ORIENTED_EDGE('',*,*,#1271,.T.);
#1658=ORIENTED_EDGE('',*,*,#1272,.F.);
#1659=ORIENTED_EDGE('',*,*,#1273,.F.);
#1660=ORIENTED_EDGE('',*,*,#1274,.T.);
#1661=ORIENTED_EDGE('',*,*,#1233,.F.);
#1662=ORIENTED_EDGE('',*,*,#1230,.F.);
#1663=ORIENTED_EDGE('',*,*,#1225,.F.);
#1664=ORIENTED_EDGE('',*,*,#1183,.F.);
#1665=ORIENTED_EDGE('',*,*,#1178,.F.);
#1666=ORIENTED_EDGE('',*,*,#1275,.T.);
#1667=ORIENTED_EDGE('',*,*,#1276,.T.);
#1668=ORIENTED_EDGE('',*,*,#1277,.F.);
#1669=ORIENTED_EDGE('',*,*,#1278,.F.);
#1670=ORIENTED_EDGE('',*,*,#1279,.T.);
#1671=ORIENTED_EDGE('',*,*,#1280,.T.);
#1672=ORIENTED_EDGE('',*,*,#1165,.T.);
#1673=ORIENTED_EDGE('',*,*,#1281,.T.);
#1674=ORIENTED_EDGE('',*,*,#1282,.T.);
#1675=ORIENTED_EDGE('',*,*,#1283,.T.);
#1676=ORIENTED_EDGE('',*,*,#1277,.T.);
#1677=ORIENTED_EDGE('',*,*,#1284,.T.);
#1678=ORIENTED_EDGE('',*,*,#1201,.F.);
#1679=ORIENTED_EDGE('',*,*,#1285,.T.);
#1680=ORIENTED_EDGE('',*,*,#1286,.T.);
#1681=ORIENTED_EDGE('',*,*,#1278,.T.);
#1682=ORIENTED_EDGE('',*,*,#1283,.F.);
#1683=ORIENTED_EDGE('',*,*,#1279,.F.);
#1684=ORIENTED_EDGE('',*,*,#1286,.F.);
#1685=ORIENTED_EDGE('',*,*,#1287,.F.);
#1686=ORIENTED_EDGE('',*,*,#1199,.F.);
#1687=ORIENTED_EDGE('',*,*,#1161,.F.);
#1688=ORIENTED_EDGE('',*,*,#1148,.F.);
#1689=ORIENTED_EDGE('',*,*,#1155,.F.);
#1690=ORIENTED_EDGE('',*,*,#1153,.T.);
#1691=ORIENTED_EDGE('',*,*,#1288,.F.);
#1692=ORIENTED_EDGE('',*,*,#1289,.T.);
#1693=ORIENTED_EDGE('',*,*,#1285,.F.);
#1694=ORIENTED_EDGE('',*,*,#1200,.F.);
#1695=ORIENTED_EDGE('',*,*,#1287,.T.);
#1696=ORIENTED_EDGE('',*,*,#1290,.T.);
#1697=ORIENTED_EDGE('',*,*,#1273,.T.);
#1698=ORIENTED_EDGE('',*,*,#1291,.T.);
#1699=ORIENTED_EDGE('',*,*,#1292,.T.);
#1700=ORIENTED_EDGE('',*,*,#1236,.T.);
#1701=ORIENTED_EDGE('',*,*,#1293,.T.);
#1702=ORIENTED_EDGE('',*,*,#1291,.F.);
#1703=ORIENTED_EDGE('',*,*,#1272,.T.);
#1704=ORIENTED_EDGE('',*,*,#1290,.F.);
#1705=ORIENTED_EDGE('',*,*,#1235,.F.);
#1706=ORIENTED_EDGE('',*,*,#1234,.F.);
#1707=ORIENTED_EDGE('',*,*,#1231,.F.);
#1708=ORIENTED_EDGE('',*,*,#1274,.F.);
#1709=ORIENTED_EDGE('',*,*,#1166,.F.);
#1710=ORIENTED_EDGE('',*,*,#1280,.F.);
#1711=ORIENTED_EDGE('',*,*,#1289,.F.);
#1712=ORIENTED_EDGE('',*,*,#1284,.F.);
#1713=ORIENTED_EDGE('',*,*,#1276,.F.);
#1714=ORIENTED_EDGE('',*,*,#1294,.T.);
#1715=ORIENTED_EDGE('',*,*,#1184,.F.);
#1716=ORIENTED_EDGE('',*,*,#1202,.F.);
#1717=ORIENTED_EDGE('',*,*,#1293,.F.);
#1718=ORIENTED_EDGE('',*,*,#1282,.F.);
#1719=ORIENTED_EDGE('',*,*,#1295,.F.);
#1720=ORIENTED_EDGE('',*,*,#1288,.T.);
#1721=ORIENTED_EDGE('',*,*,#1157,.F.);
#1722=ORIENTED_EDGE('',*,*,#1296,.F.);
#1723=ORIENTED_EDGE('',*,*,#1240,.F.);
#1724=ORIENTED_EDGE('',*,*,#1297,.T.);
#1725=ORIENTED_EDGE('',*,*,#1281,.F.);
#1726=ORIENTED_EDGE('',*,*,#1167,.F.);
#1727=ORIENTED_EDGE('',*,*,#1295,.T.);
#1728=ORIENTED_EDGE('',*,*,#1292,.F.);
#1729=ORIENTED_EDGE('',*,*,#1297,.F.);
#1730=ORIENTED_EDGE('',*,*,#1239,.F.);
#1731=ORIENTED_EDGE('',*,*,#1298,.F.);
#1732=ORIENTED_EDGE('',*,*,#1237,.F.);
#1733=ORIENTED_EDGE('',*,*,#1238,.F.);
#1734=ORIENTED_EDGE('',*,*,#1298,.T.);
#1735=ORIENTED_EDGE('',*,*,#1182,.F.);
#1736=ORIENTED_EDGE('',*,*,#1299,.T.);
#1737=ORIENTED_EDGE('',*,*,#1171,.T.);
#1738=ORIENTED_EDGE('',*,*,#1300,.T.);
#1739=ORIENTED_EDGE('',*,*,#1227,.F.);
#1740=ORIENTED_EDGE('',*,*,#1301,.F.);
#1741=ORIENTED_EDGE('',*,*,#1174,.T.);
#1742=ORIENTED_EDGE('',*,*,#1224,.F.);
#1743=ORIENTED_EDGE('',*,*,#1172,.T.);
#1744=ORIENTED_EDGE('',*,*,#1299,.F.);
#1745=ORIENTED_EDGE('',*,*,#1145,.T.);
#1746=ORIENTED_EDGE('',*,*,#1160,.T.);
#1747=ORIENTED_EDGE('',*,*,#1302,.T.);
#1748=ORIENTED_EDGE('',*,*,#1303,.T.);
#1749=ORIENTED_EDGE('',*,*,#1241,.T.);
#1750=ORIENTED_EDGE('',*,*,#1296,.T.);
#1751=ORIENTED_EDGE('',*,*,#1156,.T.);
#1752=ORIENTED_EDGE('',*,*,#1151,.T.);
#1753=ORIENTED_EDGE('',*,*,#1229,.F.);
#1754=ORIENTED_EDGE('',*,*,#1259,.T.);
#1755=ORIENTED_EDGE('',*,*,#1304,.T.);
#1756=ORIENTED_EDGE('',*,*,#1175,.T.);
#1757=ORIENTED_EDGE('',*,*,#1301,.T.);
#1758=ORIENTED_EDGE('',*,*,#1305,.T.);
#1759=ORIENTED_EDGE('',*,*,#1306,.T.);
#1760=ORIENTED_EDGE('',*,*,#1307,.T.);
#1761=ORIENTED_EDGE('',*,*,#1308,.T.);
#1762=ORIENTED_EDGE('',*,*,#1309,.T.);
#1763=ORIENTED_EDGE('',*,*,#1310,.T.);
#1764=ORIENTED_EDGE('',*,*,#1307,.F.);
#1765=ORIENTED_EDGE('',*,*,#1311,.T.);
#1766=ORIENTED_EDGE('',*,*,#1305,.F.);
#1767=ORIENTED_EDGE('',*,*,#1312,.T.);
#1768=ORIENTED_EDGE('',*,*,#1313,.T.);
#1769=ORIENTED_EDGE('',*,*,#1314,.F.);
#1770=ORIENTED_EDGE('',*,*,#1254,.T.);
#1771=ORIENTED_EDGE('',*,*,#1315,.T.);
#1772=ORIENTED_EDGE('',*,*,#1316,.T.);
#1773=ORIENTED_EDGE('',*,*,#1317,.T.);
#1774=ORIENTED_EDGE('',*,*,#1318,.T.);
#1775=ORIENTED_EDGE('',*,*,#1319,.T.);
#1776=ORIENTED_EDGE('',*,*,#1320,.T.);
#1777=ORIENTED_EDGE('',*,*,#1316,.F.);
#1778=ORIENTED_EDGE('',*,*,#1321,.T.);
#1779=ORIENTED_EDGE('',*,*,#1322,.T.);
#1780=ORIENTED_EDGE('',*,*,#1323,.T.);
#1781=ORIENTED_EDGE('',*,*,#1319,.F.);
#1782=ORIENTED_EDGE('',*,*,#1324,.T.);
#1783=ORIENTED_EDGE('',*,*,#1325,.T.);
#1784=ORIENTED_EDGE('',*,*,#1326,.T.);
#1785=ORIENTED_EDGE('',*,*,#1322,.F.);
#1786=ORIENTED_EDGE('',*,*,#1327,.T.);
#1787=ORIENTED_EDGE('',*,*,#1328,.T.);
#1788=ORIENTED_EDGE('',*,*,#1329,.T.);
#1789=ORIENTED_EDGE('',*,*,#1325,.F.);
#1790=ORIENTED_EDGE('',*,*,#1330,.T.);
#1791=ORIENTED_EDGE('',*,*,#1328,.F.);
#1792=ORIENTED_EDGE('',*,*,#1331,.F.);
#1793=ORIENTED_EDGE('',*,*,#1313,.F.);
#1794=ORIENTED_EDGE('',*,*,#1332,.T.);
#1795=ORIENTED_EDGE('',*,*,#1311,.F.);
#1796=ORIENTED_EDGE('',*,*,#1333,.F.);
#1797=ORIENTED_EDGE('',*,*,#1334,.F.);
#1798=ORIENTED_EDGE('',*,*,#1335,.F.);
#1799=ORIENTED_EDGE('',*,*,#1306,.F.);
#1800=ORIENTED_EDGE('',*,*,#1336,.F.);
#1801=ORIENTED_EDGE('',*,*,#1333,.T.);
#1802=ORIENTED_EDGE('',*,*,#1330,.F.);
#1803=ORIENTED_EDGE('',*,*,#1337,.F.);
#1804=ORIENTED_EDGE('',*,*,#1338,.F.);
#1805=ORIENTED_EDGE('',*,*,#1327,.F.);
#1806=ORIENTED_EDGE('',*,*,#1339,.F.);
#1807=ORIENTED_EDGE('',*,*,#1247,.F.);
#1808=ORIENTED_EDGE('',*,*,#1340,.F.);
#1809=ORIENTED_EDGE('',*,*,#1341,.F.);
#1810=ORIENTED_EDGE('',*,*,#1337,.T.);
#1811=ORIENTED_EDGE('',*,*,#1324,.F.);
#1812=ORIENTED_EDGE('',*,*,#1342,.F.);
#1813=ORIENTED_EDGE('',*,*,#1248,.F.);
#1814=ORIENTED_EDGE('',*,*,#1339,.T.);
#1815=ORIENTED_EDGE('',*,*,#1321,.F.);
#1816=ORIENTED_EDGE('',*,*,#1343,.F.);
#1817=ORIENTED_EDGE('',*,*,#1344,.F.);
#1818=ORIENTED_EDGE('',*,*,#1249,.F.);
#1819=ORIENTED_EDGE('',*,*,#1342,.T.);
#1820=ORIENTED_EDGE('',*,*,#1315,.F.);
#1821=ORIENTED_EDGE('',*,*,#1253,.F.);
#1822=ORIENTED_EDGE('',*,*,#1345,.F.);
#1823=ORIENTED_EDGE('',*,*,#1346,.F.);
#1824=ORIENTED_EDGE('',*,*,#1343,.T.);
#1825=ORIENTED_EDGE('',*,*,#1347,.T.);
#1826=ORIENTED_EDGE('',*,*,#1348,.T.);
#1827=ORIENTED_EDGE('',*,*,#1349,.T.);
#1828=ORIENTED_EDGE('',*,*,#1350,.T.);
#1829=ORIENTED_EDGE('',*,*,#1351,.T.);
#1830=ORIENTED_EDGE('',*,*,#1352,.T.);
#1831=ORIENTED_EDGE('',*,*,#1349,.F.);
#1832=ORIENTED_EDGE('',*,*,#1353,.T.);
#1833=ORIENTED_EDGE('',*,*,#1354,.T.);
#1834=ORIENTED_EDGE('',*,*,#1355,.T.);
#1835=ORIENTED_EDGE('',*,*,#1351,.F.);
#1836=ORIENTED_EDGE('',*,*,#1356,.T.);
#1837=ORIENTED_EDGE('',*,*,#1357,.T.);
#1838=ORIENTED_EDGE('',*,*,#1358,.T.);
#1839=ORIENTED_EDGE('',*,*,#1354,.F.);
#1840=ORIENTED_EDGE('',*,*,#1359,.T.);
#1841=ORIENTED_EDGE('',*,*,#1360,.F.);
#1842=ORIENTED_EDGE('',*,*,#1361,.T.);
#1843=ORIENTED_EDGE('',*,*,#1357,.F.);
#1844=ORIENTED_EDGE('',*,*,#1362,.T.);
#1845=ORIENTED_EDGE('',*,*,#1187,.F.);
#1846=ORIENTED_EDGE('',*,*,#1347,.F.);
#1847=ORIENTED_EDGE('',*,*,#1363,.T.);
#1848=ORIENTED_EDGE('',*,*,#1364,.T.);
#1849=ORIENTED_EDGE('',*,*,#1365,.F.);
#1850=ORIENTED_EDGE('',*,*,#1366,.T.);
#1851=ORIENTED_EDGE('',*,*,#1367,.T.);
#1852=ORIENTED_EDGE('',*,*,#1368,.T.);
#1853=ORIENTED_EDGE('',*,*,#1369,.T.);
#1854=ORIENTED_EDGE('',*,*,#1370,.T.);
#1855=ORIENTED_EDGE('',*,*,#1371,.T.);
#1856=ORIENTED_EDGE('',*,*,#1366,.F.);
#1857=ORIENTED_EDGE('',*,*,#1372,.T.);
#1858=ORIENTED_EDGE('',*,*,#1370,.F.);
#1859=ORIENTED_EDGE('',*,*,#1373,.F.);
#1860=ORIENTED_EDGE('',*,*,#1364,.F.);
#1861=ORIENTED_EDGE('',*,*,#1374,.T.);
#1862=ORIENTED_EDGE('',*,*,#1362,.F.);
#1863=ORIENTED_EDGE('',*,*,#1375,.F.);
#1864=ORIENTED_EDGE('',*,*,#1376,.F.);
#1865=ORIENTED_EDGE('',*,*,#1377,.F.);
#1866=ORIENTED_EDGE('',*,*,#1188,.F.);
#1867=ORIENTED_EDGE('',*,*,#1359,.F.);
#1868=ORIENTED_EDGE('',*,*,#1378,.F.);
#1869=ORIENTED_EDGE('',*,*,#1192,.F.);
#1870=ORIENTED_EDGE('',*,*,#1379,.F.);
#1871=ORIENTED_EDGE('',*,*,#1375,.T.);
#1872=ORIENTED_EDGE('',*,*,#1356,.F.);
#1873=ORIENTED_EDGE('',*,*,#1380,.F.);
#1874=ORIENTED_EDGE('',*,*,#1193,.F.);
#1875=ORIENTED_EDGE('',*,*,#1378,.T.);
#1876=ORIENTED_EDGE('',*,*,#1353,.F.);
#1877=ORIENTED_EDGE('',*,*,#1381,.F.);
#1878=ORIENTED_EDGE('',*,*,#1382,.F.);
#1879=ORIENTED_EDGE('',*,*,#1383,.F.);
#1880=ORIENTED_EDGE('',*,*,#1194,.F.);
#1881=ORIENTED_EDGE('',*,*,#1380,.T.);
#1882=ORIENTED_EDGE('',*,*,#1348,.F.);
#1883=ORIENTED_EDGE('',*,*,#1384,.F.);
#1884=ORIENTED_EDGE('',*,*,#1381,.T.);
#1885=ORIENTED_EDGE('',*,*,#1372,.F.);
#1886=ORIENTED_EDGE('',*,*,#1385,.F.);
#1887=ORIENTED_EDGE('',*,*,#1386,.F.);
#1888=ORIENTED_EDGE('',*,*,#1369,.F.);
#1889=ORIENTED_EDGE('',*,*,#1387,.F.);
#1890=ORIENTED_EDGE('',*,*,#1388,.F.);
#1891=ORIENTED_EDGE('',*,*,#1385,.T.);
#1892=ORIENTED_EDGE('',*,*,#1310,.F.);
#1893=ORIENTED_EDGE('',*,*,#1389,.F.);
#1894=ORIENTED_EDGE('',*,*,#1317,.F.);
#1895=ORIENTED_EDGE('',*,*,#1320,.F.);
#1896=ORIENTED_EDGE('',*,*,#1323,.F.);
#1897=ORIENTED_EDGE('',*,*,#1326,.F.);
#1898=ORIENTED_EDGE('',*,*,#1329,.F.);
#1899=ORIENTED_EDGE('',*,*,#1332,.F.);
#1900=ORIENTED_EDGE('',*,*,#1312,.F.);
#1901=ORIENTED_EDGE('',*,*,#1308,.F.);
#1902=ORIENTED_EDGE('',*,*,#1345,.T.);
#1903=ORIENTED_EDGE('',*,*,#1252,.T.);
#1904=ORIENTED_EDGE('',*,*,#1390,.T.);
#1905=ORIENTED_EDGE('',*,*,#1391,.T.);
#1906=ORIENTED_EDGE('',*,*,#1389,.T.);
#1907=ORIENTED_EDGE('',*,*,#1309,.F.);
#1908=ORIENTED_EDGE('',*,*,#1335,.T.);
#1909=ORIENTED_EDGE('',*,*,#1392,.F.);
#1910=ORIENTED_EDGE('',*,*,#1387,.T.);
#1911=ORIENTED_EDGE('',*,*,#1368,.F.);
#1912=ORIENTED_EDGE('',*,*,#1393,.T.);
#1913=ORIENTED_EDGE('',*,*,#1360,.T.);
#1914=ORIENTED_EDGE('',*,*,#1186,.T.);
#1915=ORIENTED_EDGE('',*,*,#1185,.T.);
#1916=ORIENTED_EDGE('',*,*,#1294,.F.);
#1917=ORIENTED_EDGE('',*,*,#1275,.F.);
#1918=ORIENTED_EDGE('',*,*,#1177,.F.);
#1919=ORIENTED_EDGE('',*,*,#1394,.T.);
#1920=ORIENTED_EDGE('',*,*,#1395,.T.);
#1921=ORIENTED_EDGE('',*,*,#1396,.T.);
#1922=ORIENTED_EDGE('',*,*,#1397,.T.);
#1923=ORIENTED_EDGE('',*,*,#1256,.T.);
#1924=ORIENTED_EDGE('',*,*,#1255,.F.);
#1925=ORIENTED_EDGE('',*,*,#1318,.F.);
#1926=ORIENTED_EDGE('',*,*,#1334,.T.);
#1927=ORIENTED_EDGE('',*,*,#1336,.T.);
#1928=ORIENTED_EDGE('',*,*,#1314,.T.);
#1929=ORIENTED_EDGE('',*,*,#1331,.T.);
#1930=ORIENTED_EDGE('',*,*,#1338,.T.);
#1931=ORIENTED_EDGE('',*,*,#1341,.T.);
#1932=ORIENTED_EDGE('',*,*,#1398,.F.);
#1933=ORIENTED_EDGE('',*,*,#1399,.F.);
#1934=ORIENTED_EDGE('',*,*,#1400,.F.);
#1935=ORIENTED_EDGE('',*,*,#1382,.T.);
#1936=ORIENTED_EDGE('',*,*,#1384,.T.);
#1937=ORIENTED_EDGE('',*,*,#1365,.T.);
#1938=ORIENTED_EDGE('',*,*,#1373,.T.);
#1939=ORIENTED_EDGE('',*,*,#1386,.T.);
#1940=ORIENTED_EDGE('',*,*,#1388,.T.);
#1941=ORIENTED_EDGE('',*,*,#1392,.T.);
#1942=ORIENTED_EDGE('',*,*,#1340,.T.);
#1943=ORIENTED_EDGE('',*,*,#1246,.T.);
#1944=ORIENTED_EDGE('',*,*,#1401,.T.);
#1945=ORIENTED_EDGE('',*,*,#1398,.T.);
#1946=ORIENTED_EDGE('',*,*,#1361,.F.);
#1947=ORIENTED_EDGE('',*,*,#1393,.F.);
#1948=ORIENTED_EDGE('',*,*,#1367,.F.);
#1949=ORIENTED_EDGE('',*,*,#1371,.F.);
#1950=ORIENTED_EDGE('',*,*,#1374,.F.);
#1951=ORIENTED_EDGE('',*,*,#1363,.F.);
#1952=ORIENTED_EDGE('',*,*,#1350,.F.);
#1953=ORIENTED_EDGE('',*,*,#1352,.F.);
#1954=ORIENTED_EDGE('',*,*,#1355,.F.);
#1955=ORIENTED_EDGE('',*,*,#1358,.F.);
#1956=ORIENTED_EDGE('',*,*,#1377,.T.);
#1957=ORIENTED_EDGE('',*,*,#1402,.F.);
#1958=ORIENTED_EDGE('',*,*,#1403,.T.);
#1959=ORIENTED_EDGE('',*,*,#1189,.T.);
#1960=ORIENTED_EDGE('',*,*,#1180,.F.);
#1961=ORIENTED_EDGE('',*,*,#1300,.F.);
#1962=ORIENTED_EDGE('',*,*,#1170,.T.);
#1963=ORIENTED_EDGE('',*,*,#1404,.T.);
#1964=ORIENTED_EDGE('',*,*,#1394,.F.);
#1965=ORIENTED_EDGE('',*,*,#1376,.T.);
#1966=ORIENTED_EDGE('',*,*,#1379,.T.);
#1967=ORIENTED_EDGE('',*,*,#1191,.T.);
#1968=ORIENTED_EDGE('',*,*,#1405,.T.);
#1969=ORIENTED_EDGE('',*,*,#1402,.T.);
#1970=ORIENTED_EDGE('',*,*,#1406,.T.);
#1971=ORIENTED_EDGE('',*,*,#1407,.T.);
#1972=ORIENTED_EDGE('',*,*,#1408,.T.);
#1973=ORIENTED_EDGE('',*,*,#1409,.T.);
#1974=ORIENTED_EDGE('',*,*,#1410,.T.);
#1975=ORIENTED_EDGE('',*,*,#1411,.T.);
#1976=ORIENTED_EDGE('',*,*,#1406,.F.);
#1977=ORIENTED_EDGE('',*,*,#1168,.T.);
#1978=ORIENTED_EDGE('',*,*,#1412,.T.);
#1979=ORIENTED_EDGE('',*,*,#1413,.T.);
#1980=ORIENTED_EDGE('',*,*,#1410,.F.);
#1981=ORIENTED_EDGE('',*,*,#1414,.T.);
#1982=ORIENTED_EDGE('',*,*,#1412,.F.);
#1983=ORIENTED_EDGE('',*,*,#1415,.T.);
#1984=ORIENTED_EDGE('',*,*,#1407,.F.);
#1985=ORIENTED_EDGE('',*,*,#1416,.T.);
#1986=ORIENTED_EDGE('',*,*,#1409,.F.);
#1987=ORIENTED_EDGE('',*,*,#1417,.T.);
#1988=ORIENTED_EDGE('',*,*,#1408,.F.);
#1989=ORIENTED_EDGE('',*,*,#1418,.F.);
#1990=ORIENTED_EDGE('',*,*,#1395,.F.);
#1991=ORIENTED_EDGE('',*,*,#1404,.F.);
#1992=ORIENTED_EDGE('',*,*,#1169,.T.);
#1993=ORIENTED_EDGE('',*,*,#1417,.F.);
#1994=ORIENTED_EDGE('',*,*,#1419,.F.);
#1995=ORIENTED_EDGE('',*,*,#1396,.F.);
#1996=ORIENTED_EDGE('',*,*,#1418,.T.);
#1997=ORIENTED_EDGE('',*,*,#1411,.F.);
#1998=ORIENTED_EDGE('',*,*,#1420,.F.);
#1999=ORIENTED_EDGE('',*,*,#1257,.F.);
#2000=ORIENTED_EDGE('',*,*,#1397,.F.);
#2001=ORIENTED_EDGE('',*,*,#1419,.T.);
#2002=ORIENTED_EDGE('',*,*,#1413,.F.);
#2003=ORIENTED_EDGE('',*,*,#1414,.F.);
#2004=ORIENTED_EDGE('',*,*,#1416,.F.);
#2005=ORIENTED_EDGE('',*,*,#1415,.F.);
#2006=ORIENTED_EDGE('',*,*,#1176,.F.);
#2007=ORIENTED_EDGE('',*,*,#1304,.F.);
#2008=ORIENTED_EDGE('',*,*,#1258,.F.);
#2009=ORIENTED_EDGE('',*,*,#1420,.T.);
#2010=ORIENTED_EDGE('',*,*,#1421,.F.);
#2011=ORIENTED_EDGE('',*,*,#1163,.F.);
#2012=ORIENTED_EDGE('',*,*,#1198,.F.);
#2013=ORIENTED_EDGE('',*,*,#1422,.T.);
#2014=ORIENTED_EDGE('',*,*,#1242,.F.);
#2015=ORIENTED_EDGE('',*,*,#1303,.F.);
#2016=ORIENTED_EDGE('',*,*,#1423,.F.);
#2017=ORIENTED_EDGE('',*,*,#1424,.F.);
#2018=ORIENTED_EDGE('',*,*,#1425,.F.);
#2019=ORIENTED_EDGE('',*,*,#1424,.T.);
#2020=ORIENTED_EDGE('',*,*,#1426,.F.);
#2021=ORIENTED_EDGE('',*,*,#1427,.T.);
#2022=ORIENTED_EDGE('',*,*,#1403,.F.);
#2023=ORIENTED_EDGE('',*,*,#1405,.F.);
#2024=ORIENTED_EDGE('',*,*,#1190,.T.);
#2025=ORIENTED_EDGE('',*,*,#1390,.F.);
#2026=ORIENTED_EDGE('',*,*,#1251,.T.);
#2027=ORIENTED_EDGE('',*,*,#1428,.F.);
#2028=ORIENTED_EDGE('',*,*,#1346,.T.);
#2029=ORIENTED_EDGE('',*,*,#1391,.F.);
#2030=ORIENTED_EDGE('',*,*,#1428,.T.);
#2031=ORIENTED_EDGE('',*,*,#1250,.T.);
#2032=ORIENTED_EDGE('',*,*,#1344,.T.);
#2033=ORIENTED_EDGE('',*,*,#1401,.F.);
#2034=ORIENTED_EDGE('',*,*,#1245,.F.);
#2035=ORIENTED_EDGE('',*,*,#1429,.T.);
#2036=ORIENTED_EDGE('',*,*,#1430,.T.);
#2037=ORIENTED_EDGE('',*,*,#1429,.F.);
#2038=ORIENTED_EDGE('',*,*,#1244,.F.);
#2039=ORIENTED_EDGE('',*,*,#1431,.T.);
#2040=ORIENTED_EDGE('',*,*,#1196,.F.);
#2041=ORIENTED_EDGE('',*,*,#1432,.F.);
#2042=ORIENTED_EDGE('',*,*,#1399,.T.);
#2043=ORIENTED_EDGE('',*,*,#1383,.T.);
#2044=ORIENTED_EDGE('',*,*,#1400,.T.);
#2045=ORIENTED_EDGE('',*,*,#1432,.T.);
#2046=ORIENTED_EDGE('',*,*,#1195,.T.);
#2047=ORIENTED_EDGE('',*,*,#1427,.F.);
#2048=ORIENTED_EDGE('',*,*,#1426,.T.);
#2049=ORIENTED_EDGE('',*,*,#1423,.T.);
#2050=ORIENTED_EDGE('',*,*,#1302,.F.);
#2051=ORIENTED_EDGE('',*,*,#1159,.F.);
#2052=ORIENTED_EDGE('',*,*,#1164,.T.);
#2053=ORIENTED_EDGE('',*,*,#1421,.T.);
#2054=ORIENTED_EDGE('',*,*,#1425,.T.);
#2055=ORIENTED_EDGE('',*,*,#1431,.F.);
#2056=ORIENTED_EDGE('',*,*,#1243,.F.);
#2057=ORIENTED_EDGE('',*,*,#1422,.F.);
#2058=ORIENTED_EDGE('',*,*,#1197,.F.);
#2059=ORIENTED_EDGE('',*,*,#1430,.F.);
#2060=ORIENTED_EDGE('',*,*,#1206,.F.);
#2061=ORIENTED_EDGE('',*,*,#1433,.F.);
#2062=ORIENTED_EDGE('',*,*,#1205,.F.);
#2063=ORIENTED_EDGE('',*,*,#1434,.T.);
#2064=ORIENTED_EDGE('',*,*,#1203,.F.);
#2065=ORIENTED_EDGE('',*,*,#1433,.T.);
#2066=ORIENTED_EDGE('',*,*,#1204,.F.);
#2067=ORIENTED_EDGE('',*,*,#1434,.F.);
#2068=ORIENTED_EDGE('',*,*,#1270,.F.);
#2069=ORIENTED_EDGE('',*,*,#1435,.T.);
#2070=ORIENTED_EDGE('',*,*,#1268,.F.);
#2071=ORIENTED_EDGE('',*,*,#1436,.T.);
#2072=ORIENTED_EDGE('',*,*,#1269,.F.);
#2073=ORIENTED_EDGE('',*,*,#1436,.F.);
#2074=ORIENTED_EDGE('',*,*,#1271,.F.);
#2075=ORIENTED_EDGE('',*,*,#1435,.F.);
#2076=ORIENTED_EDGE('',*,*,#1437,.T.);
#2077=ORIENTED_EDGE('',*,*,#1438,.T.);
#2078=ORIENTED_EDGE('',*,*,#1439,.T.);
#2079=ORIENTED_EDGE('',*,*,#1438,.F.);
#2080=ORIENTED_EDGE('',*,*,#1440,.T.);
#2081=ORIENTED_EDGE('',*,*,#1265,.T.);
#2082=ORIENTED_EDGE('',*,*,#1441,.T.);
#2083=ORIENTED_EDGE('',*,*,#1437,.F.);
#2084=ORIENTED_EDGE('',*,*,#1442,.T.);
#2085=ORIENTED_EDGE('',*,*,#1267,.T.);
#2086=ORIENTED_EDGE('',*,*,#1443,.T.);
#2087=ORIENTED_EDGE('',*,*,#1440,.F.);
#2088=ORIENTED_EDGE('',*,*,#1443,.F.);
#2089=ORIENTED_EDGE('',*,*,#1266,.F.);
#2090=ORIENTED_EDGE('',*,*,#1444,.T.);
#2091=ORIENTED_EDGE('',*,*,#1445,.T.);
#2092=ORIENTED_EDGE('',*,*,#1446,.T.);
#2093=ORIENTED_EDGE('',*,*,#1445,.F.);
#2094=ORIENTED_EDGE('',*,*,#1447,.T.);
#2095=ORIENTED_EDGE('',*,*,#1223,.T.);
#2096=ORIENTED_EDGE('',*,*,#1448,.T.);
#2097=ORIENTED_EDGE('',*,*,#1444,.F.);
#2098=ORIENTED_EDGE('',*,*,#1449,.T.);
#2099=ORIENTED_EDGE('',*,*,#1210,.T.);
#2100=ORIENTED_EDGE('',*,*,#1450,.T.);
#2101=ORIENTED_EDGE('',*,*,#1447,.F.);
#2102=ORIENTED_EDGE('',*,*,#1450,.F.);
#2103=ORIENTED_EDGE('',*,*,#1209,.F.);
#2104=ORIENTED_EDGE('',*,*,#1208,.F.);
#2105=ORIENTED_EDGE('',*,*,#1207,.F.);
#2106=ORIENTED_EDGE('',*,*,#1451,.T.);
#2107=ORIENTED_EDGE('',*,*,#1452,.T.);
#2108=ORIENTED_EDGE('',*,*,#1453,.T.);
#2109=ORIENTED_EDGE('',*,*,#1439,.F.);
#2110=ORIENTED_EDGE('',*,*,#1454,.T.);
#2111=ORIENTED_EDGE('',*,*,#1451,.F.);
#2112=ORIENTED_EDGE('',*,*,#1455,.T.);
#2113=ORIENTED_EDGE('',*,*,#1456,.T.);
#2114=ORIENTED_EDGE('',*,*,#1457,.T.);
#2115=ORIENTED_EDGE('',*,*,#1458,.T.);
#2116=ORIENTED_EDGE('',*,*,#1459,.F.);
#2117=ORIENTED_EDGE('',*,*,#1460,.T.);
#2118=ORIENTED_EDGE('',*,*,#1456,.F.);
#2119=ORIENTED_EDGE('',*,*,#1461,.T.);
#2120=ORIENTED_EDGE('',*,*,#1459,.T.);
#2121=ORIENTED_EDGE('',*,*,#1462,.T.);
#2122=ORIENTED_EDGE('',*,*,#1463,.T.);
#2123=ORIENTED_EDGE('',*,*,#1464,.F.);
#2124=ORIENTED_EDGE('',*,*,#1461,.F.);
#2125=ORIENTED_EDGE('',*,*,#1465,.F.);
#2126=ORIENTED_EDGE('',*,*,#1466,.F.);
#2127=ORIENTED_EDGE('',*,*,#1462,.F.);
#2128=ORIENTED_EDGE('',*,*,#1442,.F.);
#2129=ORIENTED_EDGE('',*,*,#1455,.F.);
#2130=ORIENTED_EDGE('',*,*,#1467,.F.);
#2131=ORIENTED_EDGE('',*,*,#1260,.F.);
#2132=ORIENTED_EDGE('',*,*,#1453,.F.);
#2133=ORIENTED_EDGE('',*,*,#1468,.F.);
#2134=ORIENTED_EDGE('',*,*,#1261,.T.);
#2135=ORIENTED_EDGE('',*,*,#1467,.T.);
#2136=ORIENTED_EDGE('',*,*,#1458,.F.);
#2137=ORIENTED_EDGE('',*,*,#1469,.F.);
#2138=ORIENTED_EDGE('',*,*,#1470,.T.);
#2139=ORIENTED_EDGE('',*,*,#1471,.T.);
#2140=ORIENTED_EDGE('',*,*,#1465,.T.);
#2141=ORIENTED_EDGE('',*,*,#1452,.F.);
#2142=ORIENTED_EDGE('',*,*,#1472,.T.);
#2143=ORIENTED_EDGE('',*,*,#1263,.T.);
#2144=ORIENTED_EDGE('',*,*,#1469,.T.);
#2145=ORIENTED_EDGE('',*,*,#1473,.T.);
#2146=ORIENTED_EDGE('',*,*,#1474,.T.);
#2147=ORIENTED_EDGE('',*,*,#1475,.T.);
#2148=ORIENTED_EDGE('',*,*,#1446,.F.);
#2149=ORIENTED_EDGE('',*,*,#1476,.T.);
#2150=ORIENTED_EDGE('',*,*,#1473,.F.);
#2151=ORIENTED_EDGE('',*,*,#1477,.T.);
#2152=ORIENTED_EDGE('',*,*,#1478,.T.);
#2153=ORIENTED_EDGE('',*,*,#1479,.T.);
#2154=ORIENTED_EDGE('',*,*,#1480,.T.);
#2155=ORIENTED_EDGE('',*,*,#1481,.F.);
#2156=ORIENTED_EDGE('',*,*,#1482,.T.);
#2157=ORIENTED_EDGE('',*,*,#1478,.F.);
#2158=ORIENTED_EDGE('',*,*,#1483,.T.);
#2159=ORIENTED_EDGE('',*,*,#1481,.T.);
#2160=ORIENTED_EDGE('',*,*,#1484,.F.);
#2161=ORIENTED_EDGE('',*,*,#1485,.F.);
#2162=ORIENTED_EDGE('',*,*,#1217,.F.);
#2163=ORIENTED_EDGE('',*,*,#1486,.F.);
#2164=ORIENTED_EDGE('',*,*,#1487,.F.);
#2165=ORIENTED_EDGE('',*,*,#1483,.F.);
#2166=ORIENTED_EDGE('',*,*,#1488,.F.);
#2167=ORIENTED_EDGE('',*,*,#1489,.F.);
#2168=ORIENTED_EDGE('',*,*,#1484,.T.);
#2169=ORIENTED_EDGE('',*,*,#1449,.F.);
#2170=ORIENTED_EDGE('',*,*,#1477,.F.);
#2171=ORIENTED_EDGE('',*,*,#1490,.F.);
#2172=ORIENTED_EDGE('',*,*,#1211,.F.);
#2173=ORIENTED_EDGE('',*,*,#1475,.F.);
#2174=ORIENTED_EDGE('',*,*,#1491,.T.);
#2175=ORIENTED_EDGE('',*,*,#1212,.T.);
#2176=ORIENTED_EDGE('',*,*,#1490,.T.);
#2177=ORIENTED_EDGE('',*,*,#1480,.F.);
#2178=ORIENTED_EDGE('',*,*,#1492,.T.);
#2179=ORIENTED_EDGE('',*,*,#1493,.T.);
#2180=ORIENTED_EDGE('',*,*,#1494,.T.);
#2181=ORIENTED_EDGE('',*,*,#1488,.T.);
#2182=ORIENTED_EDGE('',*,*,#1474,.F.);
#2183=ORIENTED_EDGE('',*,*,#1495,.T.);
#2184=ORIENTED_EDGE('',*,*,#1221,.T.);
#2185=ORIENTED_EDGE('',*,*,#1492,.F.);
#2186=ORIENTED_EDGE('',*,*,#1441,.F.);
#2187=ORIENTED_EDGE('',*,*,#1264,.F.);
#2188=ORIENTED_EDGE('',*,*,#1472,.F.);
#2189=ORIENTED_EDGE('',*,*,#1454,.F.);
#2190=ORIENTED_EDGE('',*,*,#1448,.F.);
#2191=ORIENTED_EDGE('',*,*,#1222,.F.);
#2192=ORIENTED_EDGE('',*,*,#1495,.F.);
#2193=ORIENTED_EDGE('',*,*,#1476,.F.);
#2194=ORIENTED_EDGE('',*,*,#1496,.T.);
#2195=ORIENTED_EDGE('',*,*,#1497,.T.);
#2196=ORIENTED_EDGE('',*,*,#1470,.F.);
#2197=ORIENTED_EDGE('',*,*,#1262,.F.);
#2198=ORIENTED_EDGE('',*,*,#1457,.F.);
#2199=ORIENTED_EDGE('',*,*,#1498,.T.);
#2200=ORIENTED_EDGE('',*,*,#1499,.T.);
#2201=ORIENTED_EDGE('',*,*,#1496,.F.);
#2202=ORIENTED_EDGE('',*,*,#1468,.T.);
#2203=ORIENTED_EDGE('',*,*,#1460,.F.);
#2204=ORIENTED_EDGE('',*,*,#1464,.T.);
#2205=ORIENTED_EDGE('',*,*,#1500,.T.);
#2206=ORIENTED_EDGE('',*,*,#1498,.F.);
#2207=ORIENTED_EDGE('',*,*,#1501,.T.);
#2208=ORIENTED_EDGE('',*,*,#1213,.F.);
#2209=ORIENTED_EDGE('',*,*,#1502,.T.);
#2210=ORIENTED_EDGE('',*,*,#1503,.T.);
#2211=ORIENTED_EDGE('',*,*,#1501,.F.);
#2212=ORIENTED_EDGE('',*,*,#1215,.F.);
#2213=ORIENTED_EDGE('',*,*,#1214,.F.);
#2214=ORIENTED_EDGE('',*,*,#1503,.F.);
#2215=ORIENTED_EDGE('',*,*,#1504,.F.);
#2216=ORIENTED_EDGE('',*,*,#1505,.F.);
#2217=ORIENTED_EDGE('',*,*,#1486,.T.);
#2218=ORIENTED_EDGE('',*,*,#1216,.F.);
#2219=ORIENTED_EDGE('',*,*,#1219,.F.);
#2220=ORIENTED_EDGE('',*,*,#1506,.T.);
#2221=ORIENTED_EDGE('',*,*,#1493,.F.);
#2222=ORIENTED_EDGE('',*,*,#1220,.F.);
#2223=ORIENTED_EDGE('',*,*,#1479,.F.);
#2224=ORIENTED_EDGE('',*,*,#1507,.T.);
#2225=ORIENTED_EDGE('',*,*,#1504,.T.);
#2226=ORIENTED_EDGE('',*,*,#1502,.F.);
#2227=ORIENTED_EDGE('',*,*,#1491,.F.);
#2228=ORIENTED_EDGE('',*,*,#1482,.F.);
#2229=ORIENTED_EDGE('',*,*,#1487,.T.);
#2230=ORIENTED_EDGE('',*,*,#1505,.T.);
#2231=ORIENTED_EDGE('',*,*,#1507,.F.);
#2232=ORIENTED_EDGE('',*,*,#1497,.F.);
#2233=ORIENTED_EDGE('',*,*,#1499,.F.);
#2234=ORIENTED_EDGE('',*,*,#1500,.F.);
#2235=ORIENTED_EDGE('',*,*,#1463,.F.);
#2236=ORIENTED_EDGE('',*,*,#1466,.T.);
#2237=ORIENTED_EDGE('',*,*,#1471,.F.);
#2238=ORIENTED_EDGE('',*,*,#1506,.F.);
#2239=ORIENTED_EDGE('',*,*,#1218,.F.);
#2240=ORIENTED_EDGE('',*,*,#1485,.T.);
#2241=ORIENTED_EDGE('',*,*,#1489,.T.);
#2242=ORIENTED_EDGE('',*,*,#1494,.F.);
#2243=ORIENTED_EDGE('',*,*,#1508,.T.);
#2244=ORIENTED_EDGE('',*,*,#1509,.F.);
#2245=ORIENTED_EDGE('',*,*,#1510,.T.);
#2246=ORIENTED_EDGE('',*,*,#1509,.T.);
#2247=ORIENTED_EDGE('',*,*,#1510,.F.);
#2248=ORIENTED_EDGE('',*,*,#1508,.F.);
#2249=ORIENTED_EDGE('',*,*,#1511,.T.);
#2250=ORIENTED_EDGE('',*,*,#1512,.T.);
#2251=ORIENTED_EDGE('',*,*,#1513,.T.);
#2252=ORIENTED_EDGE('',*,*,#1512,.F.);
#2253=ORIENTED_EDGE('',*,*,#1511,.F.);
#2254=ORIENTED_EDGE('',*,*,#1513,.F.);
#2255=ORIENTED_EDGE('',*,*,#1514,.T.);
#2256=ORIENTED_EDGE('',*,*,#1515,.T.);
#2257=ORIENTED_EDGE('',*,*,#1516,.T.);
#2258=ORIENTED_EDGE('',*,*,#1515,.F.);
#2259=ORIENTED_EDGE('',*,*,#1514,.F.);
#2260=ORIENTED_EDGE('',*,*,#1516,.F.);
#2261=(
BOUNDED_SURFACE()
B_SPLINE_SURFACE(1,2,((#3189,#3190,#3191,#3192,#3193),(#3194,#3195,#3196,
#3197,#3198)),.UNSPECIFIED.,.F.,.F.,.F.)
B_SPLINE_SURFACE_WITH_KNOTS((2,2),(3,2,3),(0.,0.744727026966685),(-1.05822032900279,
-0.00421858425740651,1.04978316048797),.UNSPECIFIED.)
GEOMETRIC_REPRESENTATION_ITEM()
RATIONAL_B_SPLINE_SURFACE(((1.,0.864319346880811,1.,0.864319346880811,1.),
(1.,0.864319346880811,1.,0.864319346880811,1.)))
REPRESENTATION_ITEM('')
SURFACE()
);
#2262=(
BOUNDED_SURFACE()
B_SPLINE_SURFACE(2,2,((#3523,#3524,#3525,#3526,#3527),(#3528,#3529,#3530,
#3531,#3532),(#3533,#3534,#3535,#3536,#3537),(#3538,#3539,#3540,#3541,#3542),
(#3543,#3544,#3545,#3546,#3547)),.UNSPECIFIED.,.F.,.F.,.F.)
B_SPLINE_SURFACE_WITH_KNOTS((3,2,3),(3,2,3),(-0.893506233786254,0.0812819877106296,
1.05607020920751),(-1.47523796692739,-2.22044604925031E-16,1.47523796692739),
 .UNSPECIFIED.)
GEOMETRIC_REPRESENTATION_ITEM()
RATIONAL_B_SPLINE_SURFACE(((1.,0.740071954603757,1.,0.740071954603757,1.),
(0.883556260356608,0.653895208604501,0.883556260356608,0.653895208604501,
0.883556260356608),(1.,0.740071954603757,1.,0.740071954603757,1.),(0.883556260356606,
0.6538952086045,0.883556260356606,0.6538952086045,0.883556260356606),(1.,
0.740071954603757,1.,0.740071954603757,1.)))
REPRESENTATION_ITEM('')
SURFACE()
);
#2263=(
BOUNDED_SURFACE()
B_SPLINE_SURFACE(2,2,((#4050,#4051,#4052,#4053,#4054),(#4055,#4056,#4057,
#4058,#4059),(#4060,#4061,#4062,#4063,#4064),(#4065,#4066,#4067,#4068,#4069),
(#4070,#4071,#4072,#4073,#4074)),.UNSPECIFIED.,.F.,.F.,.F.)
B_SPLINE_SURFACE_WITH_KNOTS((3,2,3),(3,2,3),(-0.893506233786254,0.0812819877106297,
1.05607020920751),(-1.41922309920919,0.0560148677189338,1.53125283464706),
 .UNSPECIFIED.)
GEOMETRIC_REPRESENTATION_ITEM()
RATIONAL_B_SPLINE_SURFACE(((1.,0.740071954603509,1.,0.740071954603509,1.),
(0.883556260356607,0.653895208604281,0.883556260356607,0.653895208604281,
0.883556260356607),(1.,0.740071954603509,1.,0.740071954603509,1.),(0.883556260356605,
0.653895208604279,0.883556260356605,0.653895208604279,0.883556260356605),
(1.,0.740071954603509,1.,0.740071954603509,1.)))
REPRESENTATION_ITEM('')
SURFACE()
);
#2264=(
BOUNDED_SURFACE()
B_SPLINE_SURFACE(2,2,((#4452,#4453,#4454,#4455,#4456),(#4457,#4458,#4459,
#4460,#4461),(#4462,#4463,#4464,#4465,#4466)),.UNSPECIFIED.,.F.,.F.,.F.)
B_SPLINE_SURFACE_WITH_KNOTS((3,3),(3,2,3),(-3.14159265358979,-1.5707963267949),
(1.20851758515041,2.17505511937011,3.14159265358979),.UNSPECIFIED.)
GEOMETRIC_REPRESENTATION_ITEM()
RATIONAL_B_SPLINE_SURFACE(((1.,0.885480738191803,1.,0.885480738191803,1.),
(0.707106781186547,0.626129434585493,0.707106781186547,0.626129434585493,
0.707106781186547),(1.,0.885480738191803,1.,0.885480738191803,1.)))
REPRESENTATION_ITEM('')
SURFACE()
);
#2265=(
BOUNDED_SURFACE()
B_SPLINE_SURFACE(2,2,((#4500,#4501,#4502,#4503,#4504),(#4505,#4506,#4507,
#4508,#4509),(#4510,#4511,#4512,#4513,#4514)),.UNSPECIFIED.,.F.,.F.,.F.)
B_SPLINE_SURFACE_WITH_KNOTS((3,3),(3,2,3),(-3.14159265358979,-1.5707963267949),
(-3.14159265358979,-2.17505511936285,-1.2085175851359),.UNSPECIFIED.)
GEOMETRIC_REPRESENTATION_ITEM()
RATIONAL_B_SPLINE_SURFACE(((1.,0.885480738190117,1.,0.885480738190117,1.),
(0.707106781186548,0.626129434584302,0.707106781186548,0.626129434584302,
0.707106781186548),(1.,0.885480738190117,1.,0.885480738190117,1.)))
REPRESENTATION_ITEM('')
SURFACE()
);
#2266=(
BOUNDED_SURFACE()
B_SPLINE_SURFACE(2,2,((#5202,#5203,#5204),(#5205,#5206,#5207),(#5208,#5209,
#5210)),.UNSPECIFIED.,.F.,.F.,.F.)
B_SPLINE_SURFACE_WITH_KNOTS((3,3),(3,3),(-0.260033283020065,-0.0615580840449552),
(-1.89400204153069,-1.76098890317528),.UNSPECIFIED.)
GEOMETRIC_REPRESENTATION_ITEM()
RATIONAL_B_SPLINE_SURFACE(((1.,0.997789253175581,1.),(0.995079989143312,
0.99288011921727,0.995079989143312),(1.,0.997789253175581,1.)))
REPRESENTATION_ITEM('')
SURFACE()
);
#2267=(
BOUNDED_SURFACE()
B_SPLINE_SURFACE(2,2,((#5443,#5444,#5445),(#5446,#5447,#5448),(#5449,#5450,
#5451)),.UNSPECIFIED.,.F.,.F.,.F.)
B_SPLINE_SURFACE_WITH_KNOTS((3,3),(3,3),(-0.893506233786254,-0.861448999284122),
(-1.71564729497848,-1.42594535861132),.UNSPECIFIED.)
GEOMETRIC_REPRESENTATION_ITEM()
RATIONAL_B_SPLINE_SURFACE(((1.,0.989527428852872,1.),(0.999871544464741,
0.989400318577345,0.999871544464741),(1.,0.989527428852872,1.)))
REPRESENTATION_ITEM('')
SURFACE()
);
#2268=(
BOUNDED_SURFACE()
B_SPLINE_SURFACE(2,2,((#6458,#6459,#6460),(#6461,#6462,#6463),(#6464,#6465,
#6466)),.UNSPECIFIED.,.F.,.F.,.F.)
B_SPLINE_SURFACE_WITH_KNOTS((3,3),(3,3),(1.05427845943076,1.05607020920751),
(1.53125264267498,1.61034001091479),.UNSPECIFIED.)
GEOMETRIC_REPRESENTATION_ITEM()
RATIONAL_B_SPLINE_SURFACE(((1.,0.999218250399758,1.),(0.999999598704119,
0.99921784941759,0.999999598704119),(1.,0.999218250399758,1.)))
REPRESENTATION_ITEM('')
SURFACE()
);
#2269=(
BOUNDED_SURFACE()
B_SPLINE_SURFACE(2,2,((#6474,#6475,#6476,#6477,#6478,#6479,#6480,#6481,
#6482),(#6483,#6484,#6485,#6486,#6487,#6488,#6489,#6490,#6491),(#6492,#6493,
#6494,#6495,#6496,#6497,#6498,#6499,#6500)),.UNSPECIFIED.,.F.,.T.,.F.)
B_SPLINE_SURFACE_WITH_KNOTS((3,3),(3,2,2,2,3),(0.647475296026791,1.5707963267949),
(-3.14159265358979,-1.5707963267949,0.,1.5707963267949,3.14159265358979),
 .UNSPECIFIED.)
GEOMETRIC_REPRESENTATION_ITEM()
RATIONAL_B_SPLINE_SURFACE(((1.,0.707106781186548,1.,0.707106781186548,1.,
0.707106781186548,1.,0.707106781186548,1.),(0.895314079855382,0.633082657157535,
0.895314079855382,0.633082657157535,0.895314079855382,0.633082657157535,
0.895314079855382,0.633082657157535,0.895314079855382),(1.,0.707106781186548,
1.,0.707106781186548,1.,0.707106781186548,1.,0.707106781186548,1.)))
REPRESENTATION_ITEM('')
SURFACE()
);
#2270=(
BOUNDED_SURFACE()
B_SPLINE_SURFACE(2,2,((#6508,#6509,#6510,#6511,#6512,#6513,#6514,#6515,
#6516),(#6517,#6518,#6519,#6520,#6521,#6522,#6523,#6524,#6525),(#6526,#6527,
#6528,#6529,#6530,#6531,#6532,#6533,#6534)),.UNSPECIFIED.,.F.,.T.,.F.)
B_SPLINE_SURFACE_WITH_KNOTS((3,3),(3,2,2,2,3),(0.647475296026791,1.5707963267949),
(-3.14159265358979,-1.5707963267949,0.,1.5707963267949,3.14159265358979),
 .UNSPECIFIED.)
GEOMETRIC_REPRESENTATION_ITEM()
RATIONAL_B_SPLINE_SURFACE(((1.,0.707106781186548,1.,0.707106781186548,1.,
0.707106781186548,1.,0.707106781186548,1.),(0.895314079855382,0.633082657157535,
0.895314079855382,0.633082657157535,0.895314079855382,0.633082657157535,
0.895314079855382,0.633082657157535,0.895314079855382),(1.,0.707106781186548,
1.,0.707106781186548,1.,0.707106781186548,1.,0.707106781186548,1.)))
REPRESENTATION_ITEM('')
SURFACE()
);
#2271=ADVANCED_FACE('',(#276),#2261,.T.);
#2272=ADVANCED_FACE('',(#277),#211,.T.);
#2273=ADVANCED_FACE('',(#278),#78,.F.);
#2274=ADVANCED_FACE('',(#279),#212,.T.);
#2275=ADVANCED_FACE('',(#280),#213,.T.);
#2276=ADVANCED_FACE('',(#281),#50,.F.);
#2277=ADVANCED_FACE('',(#282),#214,.T.);
#2278=ADVANCED_FACE('',(#283),#215,.T.);
#2279=ADVANCED_FACE('',(#284),#51,.T.);
#2280=ADVANCED_FACE('',(#285),#52,.T.);
#2281=ADVANCED_FACE('',(#286,#46,#47),#2262,.F.);
#2282=ADVANCED_FACE('',(#287),#216,.F.);
#2283=ADVANCED_FACE('',(#288),#53,.T.);
#2284=ADVANCED_FACE('',(#289),#54,.T.);
#2285=ADVANCED_FACE('',(#290,#48,#49),#2263,.F.);
#2286=ADVANCED_FACE('',(#291),#79,.F.);
#2287=ADVANCED_FACE('',(#292),#21,.T.);
#2288=ADVANCED_FACE('',(#293),#2264,.T.);
#2289=ADVANCED_FACE('',(#294),#217,.T.);
#2290=ADVANCED_FACE('',(#295),#218,.T.);
#2291=ADVANCED_FACE('',(#296),#22,.T.);
#2292=ADVANCED_FACE('',(#297),#2265,.T.);
#2293=ADVANCED_FACE('',(#298),#219,.T.);
#2294=ADVANCED_FACE('',(#299),#220,.T.);
#2295=ADVANCED_FACE('',(#300),#221,.T.);
#2296=ADVANCED_FACE('',(#301),#222,.T.);
#2297=ADVANCED_FACE('',(#302),#223,.T.);
#2298=ADVANCED_FACE('',(#303),#224,.T.);
#2299=ADVANCED_FACE('',(#304),#80,.T.);
#2300=ADVANCED_FACE('',(#305),#55,.F.);
#2301=ADVANCED_FACE('',(#306),#225,.T.);
#2302=ADVANCED_FACE('',(#307),#226,.T.);
#2303=ADVANCED_FACE('',(#308),#56,.F.);
#2304=ADVANCED_FACE('',(#309),#57,.F.);
#2305=ADVANCED_FACE('',(#310),#23,.T.);
#2306=ADVANCED_FACE('',(#311),#24,.T.);
#2307=ADVANCED_FACE('',(#312),#58,.F.);
#2308=ADVANCED_FACE('',(#313),#25,.T.);
#2309=ADVANCED_FACE('',(#314),#26,.T.);
#2310=ADVANCED_FACE('',(#315),#27,.T.);
#2311=ADVANCED_FACE('',(#316),#28,.T.);
#2312=ADVANCED_FACE('',(#317),#29,.T.);
#2313=ADVANCED_FACE('',(#318),#59,.F.);
#2314=ADVANCED_FACE('',(#319),#227,.T.);
#2315=ADVANCED_FACE('',(#320),#228,.T.);
#2316=ADVANCED_FACE('',(#321),#229,.T.);
#2317=ADVANCED_FACE('',(#322),#230,.T.);
#2318=ADVANCED_FACE('',(#323),#231,.T.);
#2319=ADVANCED_FACE('',(#324),#232,.T.);
#2320=ADVANCED_FACE('',(#325),#233,.T.);
#2321=ADVANCED_FACE('',(#326),#30,.T.);
#2322=ADVANCED_FACE('',(#327),#31,.T.);
#2323=ADVANCED_FACE('',(#328),#32,.T.);
#2324=ADVANCED_FACE('',(#329),#33,.T.);
#2325=ADVANCED_FACE('',(#330),#34,.T.);
#2326=ADVANCED_FACE('',(#331),#60,.F.);
#2327=ADVANCED_FACE('',(#332),#35,.T.);
#2328=ADVANCED_FACE('',(#333),#36,.T.);
#2329=ADVANCED_FACE('',(#334),#61,.F.);
#2330=ADVANCED_FACE('',(#335),#234,.T.);
#2331=ADVANCED_FACE('',(#336),#235,.T.);
#2332=ADVANCED_FACE('',(#337),#236,.T.);
#2333=ADVANCED_FACE('',(#338),#237,.T.);
#2334=ADVANCED_FACE('',(#339),#238,.T.);
#2335=ADVANCED_FACE('',(#340),#239,.T.);
#2336=ADVANCED_FACE('',(#341),#240,.T.);
#2337=ADVANCED_FACE('',(#342),#81,.F.);
#2338=ADVANCED_FACE('',(#343),#241,.T.);
#2339=ADVANCED_FACE('',(#344),#242,.T.);
#2340=ADVANCED_FACE('',(#345),#243,.T.);
#2341=ADVANCED_FACE('',(#346),#62,.F.);
#2342=ADVANCED_FACE('',(#347),#82,.F.);
#2343=ADVANCED_FACE('',(#348),#244,.T.);
#2344=ADVANCED_FACE('',(#349),#2266,.F.);
#2345=ADVANCED_FACE('',(#350),#63,.F.);
#2346=ADVANCED_FACE('',(#351),#64,.F.);
#2347=ADVANCED_FACE('',(#352),#65,.F.);
#2348=ADVANCED_FACE('',(#353),#37,.T.);
#2349=ADVANCED_FACE('',(#354),#38,.T.);
#2350=ADVANCED_FACE('',(#355),#39,.T.);
#2351=ADVANCED_FACE('',(#356),#245,.T.);
#2352=ADVANCED_FACE('',(#357),#246,.T.);
#2353=ADVANCED_FACE('',(#358),#247,.T.);
#2354=ADVANCED_FACE('',(#359),#83,.F.);
#2355=ADVANCED_FACE('',(#360),#248,.T.);
#2356=ADVANCED_FACE('',(#361),#84,.T.);
#2357=ADVANCED_FACE('',(#362),#2267,.F.);
#2358=ADVANCED_FACE('',(#363),#249,.T.);
#2359=ADVANCED_FACE('',(#364),#250,.T.);
#2360=ADVANCED_FACE('',(#365),#66,.F.);
#2361=ADVANCED_FACE('',(#366),#251,.F.);
#2362=ADVANCED_FACE('',(#367),#67,.F.);
#2363=ADVANCED_FACE('',(#368),#252,.F.);
#2364=ADVANCED_FACE('',(#369),#253,.T.);
#2365=ADVANCED_FACE('',(#370),#85,.T.);
#2366=ADVANCED_FACE('',(#371),#254,.T.);
#2367=ADVANCED_FACE('',(#372),#255,.T.);
#2368=ADVANCED_FACE('',(#373),#256,.F.);
#2369=ADVANCED_FACE('',(#374),#257,.T.);
#2370=ADVANCED_FACE('',(#375),#258,.F.);
#2371=ADVANCED_FACE('',(#376),#259,.T.);
#2372=ADVANCED_FACE('',(#377),#68,.F.);
#2373=ADVANCED_FACE('',(#378),#260,.T.);
#2374=ADVANCED_FACE('',(#379),#40,.T.);
#2375=ADVANCED_FACE('',(#380),#86,.T.);
#2376=ADVANCED_FACE('',(#381),#69,.F.);
#2377=ADVANCED_FACE('',(#382),#41,.T.);
#2378=ADVANCED_FACE('',(#383),#261,.T.);
#2379=ADVANCED_FACE('',(#384),#87,.T.);
#2380=ADVANCED_FACE('',(#385),#70,.F.);
#2381=ADVANCED_FACE('',(#386),#262,.T.);
#2382=ADVANCED_FACE('',(#387),#71,.T.);
#2383=ADVANCED_FACE('',(#388),#263,.F.);
#2384=ADVANCED_FACE('',(#389),#88,.F.);
#2385=ADVANCED_FACE('',(#390),#89,.T.);
#2386=ADVANCED_FACE('',(#391),#264,.T.);
#2387=ADVANCED_FACE('',(#392),#42,.T.);
#2388=ADVANCED_FACE('',(#393),#265,.T.);
#2389=ADVANCED_FACE('',(#394),#266,.T.);
#2390=ADVANCED_FACE('',(#395),#72,.F.);
#2391=ADVANCED_FACE('',(#396),#267,.T.);
#2392=ADVANCED_FACE('',(#397),#73,.T.);
#2393=ADVANCED_FACE('',(#398),#268,.F.);
#2394=ADVANCED_FACE('',(#399),#90,.F.);
#2395=ADVANCED_FACE('',(#400),#269,.F.);
#2396=ADVANCED_FACE('',(#401),#91,.T.);
#2397=ADVANCED_FACE('',(#402),#270,.T.);
#2398=ADVANCED_FACE('',(#403),#43,.T.);
#2399=ADVANCED_FACE('',(#404),#44,.T.);
#2400=ADVANCED_FACE('',(#405),#92,.T.);
#2401=ADVANCED_FACE('',(#406),#271,.T.);
#2402=ADVANCED_FACE('',(#407),#74,.F.);
#2403=ADVANCED_FACE('',(#408),#45,.T.);
#2404=ADVANCED_FACE('',(#409),#272,.F.);
#2405=ADVANCED_FACE('',(#410),#75,.F.);
#2406=ADVANCED_FACE('',(#411),#76,.F.);
#2407=ADVANCED_FACE('',(#412),#93,.T.);
#2408=ADVANCED_FACE('',(#413),#77,.F.);
#2409=ADVANCED_FACE('',(#414),#273,.T.);
#2410=ADVANCED_FACE('',(#415),#94,.T.);
#2411=ADVANCED_FACE('',(#416),#95,.T.);
#2412=ADVANCED_FACE('',(#417),#96,.T.);
#2413=ADVANCED_FACE('',(#418),#274,.F.);
#2414=ADVANCED_FACE('',(#419),#2268,.F.);
#2415=ADVANCED_FACE('',(#420),#275,.F.);
#2416=ADVANCED_FACE('',(#421),#2269,.T.);
#2417=ADVANCED_FACE('',(#422),#97,.T.);
#2418=ADVANCED_FACE('',(#423),#98,.F.);
#2419=ADVANCED_FACE('',(#424),#2270,.T.);
#2420=ADVANCED_FACE('',(#425),#99,.T.);
#2421=ADVANCED_FACE('',(#426),#100,.F.);
#2422=CLOSED_SHELL('',(#2271,#2272,#2273,#2274,#2275,#2276,#2277,#2278,
#2279,#2280,#2281,#2282,#2283,#2284,#2285,#2286,#2287,#2288,#2289,#2290,
#2291,#2292,#2293,#2294,#2295,#2296,#2297,#2298,#2299,#2300,#2301,#2302,
#2303,#2304,#2305,#2306,#2307,#2308,#2309,#2310,#2311,#2312,#2313,#2314,
#2315,#2316,#2317,#2318,#2319,#2320,#2321,#2322,#2323,#2324,#2325,#2326,
#2327,#2328,#2329,#2330,#2331,#2332,#2333,#2334,#2335,#2336,#2337,#2338,
#2339,#2340,#2341,#2342,#2343,#2344,#2345,#2346,#2347,#2348,#2349,#2350,
#2351,#2352,#2353,#2354,#2355,#2356,#2357,#2358,#2359,#2360,#2361,#2362,
#2363,#2364,#2365,#2366,#2367,#2368,#2369,#2370,#2371,#2372,#2373,#2374,
#2375,#2376,#2377,#2378,#2379,#2380,#2381,#2382,#2383,#2384,#2385,#2386,
#2387,#2388,#2389,#2390,#2391,#2392,#2393,#2394,#2395,#2396,#2397,#2398,
#2399,#2400,#2401,#2402,#2403,#2404,#2405,#2406,#2407,#2408,#2409,#2410,
#2411,#2412));
#2423=CLOSED_SHELL('',(#2413,#2414,#2415));
#2424=CLOSED_SHELL('',(#2416,#2417,#2418));
#2425=CLOSED_SHELL('',(#2419,#2420,#2421));
#2426=DERIVED_UNIT_ELEMENT(#2428,1.);
#2427=DERIVED_UNIT_ELEMENT(#6547,-3.);
#2428=(
MASS_UNIT()
NAMED_UNIT(*)
SI_UNIT(.KILO.,.GRAM.)
);
#2429=DERIVED_UNIT((#2426,#2427));
#2430=MEASURE_REPRESENTATION_ITEM('density measure',
POSITIVE_RATIO_MEASURE(7850.),#2429);
#2431=PROPERTY_DEFINITION_REPRESENTATION(#2436,#2433);
#2432=PROPERTY_DEFINITION_REPRESENTATION(#2437,#2434);
#2433=REPRESENTATION('material name',(#2435),#6544);
#2434=REPRESENTATION('density',(#2430),#6544);
#2435=DESCRIPTIVE_REPRESENTATION_ITEM('Steel','Steel');
#2436=PROPERTY_DEFINITION('material property','material name',#6554);
#2437=PROPERTY_DEFINITION('material property','density of part',#6554);
#2438=AXIS2_PLACEMENT_3D('',#3188,#2665,#2666);
#2439=AXIS2_PLACEMENT_3D('',#3211,#2668,#2669);
#2440=AXIS2_PLACEMENT_3D('',#3252,#2671,#2672);
#2441=AXIS2_PLACEMENT_3D('',#3272,#2674,#2675);
#2442=AXIS2_PLACEMENT_3D('',#3273,#2676,#2677);
#2443=AXIS2_PLACEMENT_3D('',#3274,#2678,#2679);
#2444=AXIS2_PLACEMENT_3D('',#3275,#2680,#2681);
#2445=AXIS2_PLACEMENT_3D('',#3292,#2682,#2683);
#2446=AXIS2_PLACEMENT_3D('',#3370,#2685,#2686);
#2447=AXIS2_PLACEMENT_3D('',#3383,#2688,#2689);
#2448=AXIS2_PLACEMENT_3D('',#3386,#2690,#2691);
#2449=AXIS2_PLACEMENT_3D('',#3490,#2694,#2695);
#2450=AXIS2_PLACEMENT_3D('',#3514,#2696,#2697);
#2451=AXIS2_PLACEMENT_3D('',#3641,#2698,#2699);
#2452=AXIS2_PLACEMENT_3D('',#3663,#2700,#2701);
#2453=AXIS2_PLACEMENT_3D('',#3855,#2702,#2703);
#2454=AXIS2_PLACEMENT_3D('',#3971,#2704,#2705);
#2455=AXIS2_PLACEMENT_3D('',#3976,#2708,#2709);
#2456=AXIS2_PLACEMENT_3D('',#3996,#2711,#2712);
#2457=AXIS2_PLACEMENT_3D('',#4133,#2713,#2714);
#2458=AXIS2_PLACEMENT_3D('',#4164,#2715,#2716);
#2459=AXIS2_PLACEMENT_3D('',#4166,#2717,#2718);
#2460=AXIS2_PLACEMENT_3D('',#4418,#2719,#2720);
#2461=AXIS2_PLACEMENT_3D('',#4421,#2721,#2722);
#2462=AXIS2_PLACEMENT_3D('',#4423,#2723,#2724);
#2463=AXIS2_PLACEMENT_3D('',#4424,#2725,#2726);
#2464=AXIS2_PLACEMENT_3D('',#4428,#2728,#2729);
#2465=AXIS2_PLACEMENT_3D('',#4430,#2730,#2731);
#2466=AXIS2_PLACEMENT_3D('',#4432,#2732,#2733);
#2467=AXIS2_PLACEMENT_3D('',#4434,#2734,#2735);
#2468=AXIS2_PLACEMENT_3D('',#4435,#2736,#2737);
#2469=AXIS2_PLACEMENT_3D('',#4436,#2738,#2739);
#2470=AXIS2_PLACEMENT_3D('',#4437,#2740,#2741);
#2471=AXIS2_PLACEMENT_3D('',#4438,#2742,#2743);
#2472=AXIS2_PLACEMENT_3D('',#4440,#2744,#2745);
#2473=AXIS2_PLACEMENT_3D('',#4451,#2746,#2747);
#2474=AXIS2_PLACEMENT_3D('',#4479,#2748,#2749);
#2475=AXIS2_PLACEMENT_3D('',#4483,#2753,#2754);
#2476=AXIS2_PLACEMENT_3D('',#4484,#2755,#2756);
#2477=AXIS2_PLACEMENT_3D('',#4498,#2757,#2758);
#2478=AXIS2_PLACEMENT_3D('',#4499,#2759,#2760);
#2479=AXIS2_PLACEMENT_3D('',#4527,#2761,#2762);
#2480=AXIS2_PLACEMENT_3D('',#4528,#2763,#2764);
#2481=AXIS2_PLACEMENT_3D('',#4529,#2765,#2766);
#2482=AXIS2_PLACEMENT_3D('',#4534,#2767,#2768);
#2483=AXIS2_PLACEMENT_3D('',#4550,#2771,#2772);
#2484=AXIS2_PLACEMENT_3D('',#4551,#2773,#2774);
#2485=AXIS2_PLACEMENT_3D('',#4552,#2775,#2776);
#2486=AXIS2_PLACEMENT_3D('',#4553,#2777,#2778);
#2487=AXIS2_PLACEMENT_3D('',#4578,#2779,#2780);
#2488=AXIS2_PLACEMENT_3D('',#4583,#2781,#2782);
#2489=AXIS2_PLACEMENT_3D('',#4646,#2783,#2784);
#2490=AXIS2_PLACEMENT_3D('',#4649,#2785,#2786);
#2491=AXIS2_PLACEMENT_3D('',#4651,#2787,#2788);
#2492=AXIS2_PLACEMENT_3D('',#4653,#2789,#2790);
#2493=AXIS2_PLACEMENT_3D('',#4654,#2791,#2792);
#2494=AXIS2_PLACEMENT_3D('',#4655,#2793,#2794);
#2495=AXIS2_PLACEMENT_3D('',#4674,#2795,#2796);
#2496=AXIS2_PLACEMENT_3D('',#4675,#2797,#2798);
#2497=AXIS2_PLACEMENT_3D('',#4702,#2799,#2800);
#2498=AXIS2_PLACEMENT_3D('',#4707,#2801,#2802);
#2499=AXIS2_PLACEMENT_3D('',#4709,#2803,#2804);
#2500=AXIS2_PLACEMENT_3D('',#4711,#2805,#2806);
#2501=AXIS2_PLACEMENT_3D('',#4713,#2807,#2808);
#2502=AXIS2_PLACEMENT_3D('',#4722,#2809,#2810);
#2503=AXIS2_PLACEMENT_3D('',#4725,#2811,#2812);
#2504=AXIS2_PLACEMENT_3D('',#4726,#2813,#2814);
#2505=AXIS2_PLACEMENT_3D('',#4727,#2815,#2816);
#2506=AXIS2_PLACEMENT_3D('',#4728,#2817,#2818);
#2507=AXIS2_PLACEMENT_3D('',#4731,#2819,#2820);
#2508=AXIS2_PLACEMENT_3D('',#4732,#2821,#2822);
#2509=AXIS2_PLACEMENT_3D('',#4733,#2823,#2824);
#2510=AXIS2_PLACEMENT_3D('',#4734,#2825,#2826);
#2511=AXIS2_PLACEMENT_3D('',#4737,#2827,#2828);
#2512=AXIS2_PLACEMENT_3D('',#4738,#2829,#2830);
#2513=AXIS2_PLACEMENT_3D('',#4739,#2831,#2832);
#2514=AXIS2_PLACEMENT_3D('',#4740,#2833,#2834);
#2515=AXIS2_PLACEMENT_3D('',#4743,#2835,#2836);
#2516=AXIS2_PLACEMENT_3D('',#4744,#2837,#2838);
#2517=AXIS2_PLACEMENT_3D('',#4745,#2839,#2840);
#2518=AXIS2_PLACEMENT_3D('',#4774,#2841,#2842);
#2519=AXIS2_PLACEMENT_3D('',#4786,#2844,#2845);
#2520=AXIS2_PLACEMENT_3D('',#4795,#2846,#2847);
#2521=AXIS2_PLACEMENT_3D('',#4810,#2849,#2850);
#2522=AXIS2_PLACEMENT_3D('',#4827,#2852,#2853);
#2523=AXIS2_PLACEMENT_3D('',#4829,#2855,#2856);
#2524=AXIS2_PLACEMENT_3D('',#4836,#2858,#2859);
#2525=AXIS2_PLACEMENT_3D('',#4848,#2860,#2861);
#2526=AXIS2_PLACEMENT_3D('',#4851,#2862,#2863);
#2527=AXIS2_PLACEMENT_3D('',#4853,#2864,#2865);
#2528=AXIS2_PLACEMENT_3D('',#4855,#2866,#2867);
#2529=AXIS2_PLACEMENT_3D('',#4856,#2868,#2869);
#2530=AXIS2_PLACEMENT_3D('',#4857,#2870,#2871);
#2531=AXIS2_PLACEMENT_3D('',#4860,#2872,#2873);
#2532=AXIS2_PLACEMENT_3D('',#4861,#2874,#2875);
#2533=AXIS2_PLACEMENT_3D('',#4862,#2876,#2877);
#2534=AXIS2_PLACEMENT_3D('',#4863,#2878,#2879);
#2535=AXIS2_PLACEMENT_3D('',#4866,#2880,#2881);
#2536=AXIS2_PLACEMENT_3D('',#4867,#2882,#2883);
#2537=AXIS2_PLACEMENT_3D('',#4868,#2884,#2885);
#2538=AXIS2_PLACEMENT_3D('',#4869,#2886,#2887);
#2539=AXIS2_PLACEMENT_3D('',#4872,#2888,#2889);
#2540=AXIS2_PLACEMENT_3D('',#4873,#2890,#2891);
#2541=AXIS2_PLACEMENT_3D('',#4874,#2892,#2893);
#2542=AXIS2_PLACEMENT_3D('',#4875,#2894,#2895);
#2543=AXIS2_PLACEMENT_3D('',#4883,#2896,#2897);
#2544=AXIS2_PLACEMENT_3D('',#4884,#2898,#2899);
#2545=AXIS2_PLACEMENT_3D('',#4911,#2900,#2901);
#2546=AXIS2_PLACEMENT_3D('',#4916,#2902,#2903);
#2547=AXIS2_PLACEMENT_3D('',#4919,#2904,#2905);
#2548=AXIS2_PLACEMENT_3D('',#4921,#2906,#2907);
#2549=AXIS2_PLACEMENT_3D('',#4939,#2908,#2909);
#2550=AXIS2_PLACEMENT_3D('',#4940,#2910,#2911);
#2551=AXIS2_PLACEMENT_3D('',#4943,#2912,#2913);
#2552=AXIS2_PLACEMENT_3D('',#4944,#2914,#2915);
#2553=AXIS2_PLACEMENT_3D('',#4945,#2916,#2917);
#2554=AXIS2_PLACEMENT_3D('',#4974,#2918,#2919);
#2555=AXIS2_PLACEMENT_3D('',#4988,#2921,#2922);
#2556=AXIS2_PLACEMENT_3D('',#4994,#2924,#2925);
#2557=AXIS2_PLACEMENT_3D('',#4996,#2927,#2928);
#2558=AXIS2_PLACEMENT_3D('',#5014,#2930,#2931);
#2559=AXIS2_PLACEMENT_3D('',#5027,#2932,#2933);
#2560=AXIS2_PLACEMENT_3D('',#5038,#2935,#2936);
#2561=AXIS2_PLACEMENT_3D('',#5048,#2937,#2938);
#2562=AXIS2_PLACEMENT_3D('',#5050,#2940,#2941);
#2563=AXIS2_PLACEMENT_3D('',#5059,#2943,#2944);
#2564=AXIS2_PLACEMENT_3D('',#5097,#2947,#2948);
#2565=AXIS2_PLACEMENT_3D('',#5190,#2949,#2950);
#2566=AXIS2_PLACEMENT_3D('',#5191,#2951,#2952);
#2567=AXIS2_PLACEMENT_3D('',#5329,#2954,#2955);
#2568=AXIS2_PLACEMENT_3D('',#5417,#2956,#2957);
#2569=AXIS2_PLACEMENT_3D('',#5418,#2958,#2959);
#2570=AXIS2_PLACEMENT_3D('',#5420,#2960,#2961);
#2571=AXIS2_PLACEMENT_3D('',#5421,#2962,#2963);
#2572=AXIS2_PLACEMENT_3D('',#5422,#2964,#2965);
#2573=AXIS2_PLACEMENT_3D('',#5423,#2966,#2967);
#2574=AXIS2_PLACEMENT_3D('',#5424,#2968,#2969);
#2575=AXIS2_PLACEMENT_3D('',#5425,#2970,#2971);
#2576=AXIS2_PLACEMENT_3D('',#5426,#2972,#2973);
#2577=AXIS2_PLACEMENT_3D('',#5427,#2974,#2975);
#2578=AXIS2_PLACEMENT_3D('',#5428,#2976,#2977);
#2579=AXIS2_PLACEMENT_3D('',#5430,#2979,#2980);
#2580=AXIS2_PLACEMENT_3D('',#5432,#2982,#2983);
#2581=AXIS2_PLACEMENT_3D('',#5434,#2985,#2986);
#2582=AXIS2_PLACEMENT_3D('',#5435,#2987,#2988);
#2583=AXIS2_PLACEMENT_3D('',#5436,#2989,#2990);
#2584=AXIS2_PLACEMENT_3D('',#5442,#2994,#2995);
#2585=AXIS2_PLACEMENT_3D('',#5472,#2996,#2997);
#2586=AXIS2_PLACEMENT_3D('',#5473,#2998,#2999);
#2587=AXIS2_PLACEMENT_3D('',#5497,#3000,#3001);
#2588=AXIS2_PLACEMENT_3D('',#5500,#3003,#3004);
#2589=AXIS2_PLACEMENT_3D('',#5577,#3005,#3006);
#2590=AXIS2_PLACEMENT_3D('',#5578,#3007,#3008);
#2591=AXIS2_PLACEMENT_3D('',#5579,#3009,#3010);
#2592=AXIS2_PLACEMENT_3D('',#5580,#3011,#3012);
#2593=AXIS2_PLACEMENT_3D('',#5582,#3014,#3015);
#2594=AXIS2_PLACEMENT_3D('',#5584,#3017,#3018);
#2595=AXIS2_PLACEMENT_3D('',#5585,#3019,#3020);
#2596=AXIS2_PLACEMENT_3D('',#5587,#3022,#3023);
#2597=AXIS2_PLACEMENT_3D('',#5589,#3025,#3026);
#2598=AXIS2_PLACEMENT_3D('',#5697,#3027,#3028);
#2599=AXIS2_PLACEMENT_3D('',#5698,#3029,#3030);
#2600=AXIS2_PLACEMENT_3D('',#5701,#3033,#3034);
#2601=AXIS2_PLACEMENT_3D('',#5702,#3035,#3036);
#2602=AXIS2_PLACEMENT_3D('',#5703,#3037,#3038);
#2603=AXIS2_PLACEMENT_3D('',#5704,#3039,#3040);
#2604=AXIS2_PLACEMENT_3D('',#5812,#3041,#3042);
#2605=AXIS2_PLACEMENT_3D('',#5813,#3043,#3044);
#2606=AXIS2_PLACEMENT_3D('',#5814,#3045,#3046);
#2607=AXIS2_PLACEMENT_3D('',#5815,#3047,#3048);
#2608=AXIS2_PLACEMENT_3D('',#5816,#3049,#3050);
#2609=AXIS2_PLACEMENT_3D('',#5819,#3053,#3054);
#2610=AXIS2_PLACEMENT_3D('',#5882,#3055,#3056);
#2611=AXIS2_PLACEMENT_3D('',#5908,#3057,#3058);
#2612=AXIS2_PLACEMENT_3D('',#5988,#3061,#3062);
#2613=AXIS2_PLACEMENT_3D('',#6019,#3063,#3064);
#2614=AXIS2_PLACEMENT_3D('',#6022,#3065,#3066);
#2615=AXIS2_PLACEMENT_3D('',#6025,#3069,#3070);
#2616=AXIS2_PLACEMENT_3D('',#6030,#3073,#3074);
#2617=AXIS2_PLACEMENT_3D('',#6031,#3075,#3076);
#2618=AXIS2_PLACEMENT_3D('',#6035,#3079,#3080);
#2619=AXIS2_PLACEMENT_3D('',#6036,#3081,#3082);
#2620=AXIS2_PLACEMENT_3D('',#6037,#3083,#3084);
#2621=AXIS2_PLACEMENT_3D('',#6038,#3085,#3086);
#2622=AXIS2_PLACEMENT_3D('',#6039,#3087,#3088);
#2623=AXIS2_PLACEMENT_3D('',#6064,#3090,#3091);
#2624=AXIS2_PLACEMENT_3D('',#6065,#3092,#3093);
#2625=AXIS2_PLACEMENT_3D('',#6119,#3095,#3096);
#2626=AXIS2_PLACEMENT_3D('',#6141,#3097,#3098);
#2627=AXIS2_PLACEMENT_3D('',#6201,#3101,#3102);
#2628=AXIS2_PLACEMENT_3D('',#6224,#3103,#3104);
#2629=AXIS2_PLACEMENT_3D('',#6227,#3105,#3106);
#2630=AXIS2_PLACEMENT_3D('',#6230,#3109,#3110);
#2631=AXIS2_PLACEMENT_3D('',#6232,#3111,#3112);
#2632=AXIS2_PLACEMENT_3D('',#6237,#3116,#3117);
#2633=AXIS2_PLACEMENT_3D('',#6239,#3118,#3119);
#2634=AXIS2_PLACEMENT_3D('',#6241,#3121,#3122);
#2635=AXIS2_PLACEMENT_3D('',#6243,#3124,#3125);
#2636=AXIS2_PLACEMENT_3D('',#6245,#3127,#3128);
#2637=AXIS2_PLACEMENT_3D('',#6246,#3129,#3130);
#2638=AXIS2_PLACEMENT_3D('',#6270,#3131,#3132);
#2639=AXIS2_PLACEMENT_3D('',#6271,#3133,#3134);
#2640=AXIS2_PLACEMENT_3D('',#6272,#3135,#3136);
#2641=AXIS2_PLACEMENT_3D('',#6273,#3137,#3138);
#2642=AXIS2_PLACEMENT_3D('',#6323,#3139,#3140);
#2643=AXIS2_PLACEMENT_3D('',#6325,#3141,#3142);
#2644=AXIS2_PLACEMENT_3D('',#6330,#3143,#3144);
#2645=AXIS2_PLACEMENT_3D('',#6348,#3146,#3147);
#2646=AXIS2_PLACEMENT_3D('',#6392,#3148,#3149);
#2647=AXIS2_PLACEMENT_3D('',#6394,#3150,#3151);
#2648=AXIS2_PLACEMENT_3D('',#6442,#3153,#3154);
#2649=AXIS2_PLACEMENT_3D('',#6444,#3156,#3157);
#2650=AXIS2_PLACEMENT_3D('',#6445,#3158,#3159);
#2651=AXIS2_PLACEMENT_3D('',#6446,#3160,#3161);
#2652=AXIS2_PLACEMENT_3D('',#6447,#3162,#3163);
#2653=AXIS2_PLACEMENT_3D('',#6457,#3164,#3165);
#2654=AXIS2_PLACEMENT_3D('',#6473,#3166,#3167);
#2655=AXIS2_PLACEMENT_3D('',#6502,#3168,#3169);
#2656=AXIS2_PLACEMENT_3D('',#6504,#3170,#3171);
#2657=AXIS2_PLACEMENT_3D('',#6505,#3172,#3173);
#2658=AXIS2_PLACEMENT_3D('',#6506,#3174,#3175);
#2659=AXIS2_PLACEMENT_3D('',#6507,#3176,#3177);
#2660=AXIS2_PLACEMENT_3D('',#6536,#3178,#3179);
#2661=AXIS2_PLACEMENT_3D('',#6538,#3180,#3181);
#2662=AXIS2_PLACEMENT_3D('',#6539,#3182,#3183);
#2663=AXIS2_PLACEMENT_3D('',#6540,#3184,#3185);
#2664=AXIS2_PLACEMENT_3D('',#6541,#3186,#3187);
#2665=DIRECTION('axis',(0.,0.,1.));
#2666=DIRECTION('refdir',(1.,0.,0.));
#2667=DIRECTION('',(0.,-1.,0.));
#2668=DIRECTION('center_axis',(0.,1.,0.));
#2669=DIRECTION('ref_axis',(-0.0014679811700483,0.,-0.999998922515062));
#2670=DIRECTION('',(0.,-1.,0.));
#2671=DIRECTION('center_axis',(0.,-1.,0.));
#2672=DIRECTION('ref_axis',(0.709756020756118,0.,-0.704447578603576));
#2673=DIRECTION('',(0.,-1.,0.));
#2674=DIRECTION('center_axis',(0.,1.,0.));
#2675=DIRECTION('ref_axis',(0.709756020756118,0.,-0.704447578603576));
#2676=DIRECTION('center_axis',(0.,1.,0.));
#2677=DIRECTION('ref_axis',(1.,0.,0.));
#2678=DIRECTION('center_axis',(0.,1.,0.));
#2679=DIRECTION('ref_axis',(0.487663561697134,0.,-0.873031643523226));
#2680=DIRECTION('center_axis',(1.,0.,0.));
#2681=DIRECTION('ref_axis',(0.,-0.995881275887889,-0.0906668866561056));
#2682=DIRECTION('center_axis',(1.,0.,0.));
#2683=DIRECTION('ref_axis',(0.,-0.995881275887889,-0.0906668866561056));
#2684=DIRECTION('',(1.,0.,0.));
#2685=DIRECTION('center_axis',(1.,0.,0.));
#2686=DIRECTION('ref_axis',(0.,-0.995881275887889,-0.0906668866561056));
#2687=DIRECTION('',(1.,0.,0.));
#2688=DIRECTION('center_axis',(0.,-1.,0.));
#2689=DIRECTION('ref_axis',(0.692187118432994,0.,-0.721718084209775));
#2690=DIRECTION('center_axis',(0.,-1.,0.));
#2691=DIRECTION('ref_axis',(-0.123947693485216,0.,-0.992288752974503));
#2692=DIRECTION('',(0.,-1.,0.));
#2693=DIRECTION('',(0.,-1.,0.));
#2694=DIRECTION('center_axis',(0.792319308577254,0.,-0.61010664088802));
#2695=DIRECTION('ref_axis',(0.,1.,0.));
#2696=DIRECTION('center_axis',(1.,0.,-1.63810650305471E-13));
#2697=DIRECTION('ref_axis',(0.,1.,0.));
#2698=DIRECTION('center_axis',(0.,0.,-1.));
#2699=DIRECTION('ref_axis',(1.,0.,0.));
#2700=DIRECTION('center_axis',(0.,0.,1.));
#2701=DIRECTION('ref_axis',(1.,0.,0.));
#2702=DIRECTION('center_axis',(0.,-1.,0.));
#2703=DIRECTION('ref_axis',(-1.,0.,0.));
#2704=DIRECTION('center_axis',(1.,0.,0.));
#2705=DIRECTION('ref_axis',(0.,0.987685380707918,0.15645315188853));
#2706=DIRECTION('',(-1.,0.,0.));
#2707=DIRECTION('',(1.,0.,0.));
#2708=DIRECTION('center_axis',(1.,0.,0.));
#2709=DIRECTION('ref_axis',(0.,1.,0.));
#2710=DIRECTION('',(-1.,0.,0.));
#2711=DIRECTION('center_axis',(0.792319308577092,0.,0.61010664088823));
#2712=DIRECTION('ref_axis',(0.,1.,0.));
#2713=DIRECTION('center_axis',(0.,0.,1.));
#2714=DIRECTION('ref_axis',(1.,0.,0.));
#2715=DIRECTION('center_axis',(0.,0.,-1.));
#2716=DIRECTION('ref_axis',(1.,0.,0.));
#2717=DIRECTION('center_axis',(0.,0.,-1.));
#2718=DIRECTION('ref_axis',(1.,0.,0.));
#2719=DIRECTION('center_axis',(0.,1.,0.));
#2720=DIRECTION('ref_axis',(1.,0.,0.));
#2721=DIRECTION('center_axis',(0.,-1.,0.));
#2722=DIRECTION('ref_axis',(0.501775968517029,0.,-0.864997617001803));
#2723=DIRECTION('center_axis',(0.,1.,0.));
#2724=DIRECTION('ref_axis',(0.977969410085673,0.,-0.208748252535632));
#2725=DIRECTION('center_axis',(0.,-1.,0.));
#2726=DIRECTION('ref_axis',(-0.946750832421837,0.,0.321967174271787));
#2727=DIRECTION('',(1.,0.,0.));
#2728=DIRECTION('center_axis',(0.,-1.,0.));
#2729=DIRECTION('ref_axis',(0.151196228808032,0.,0.988503768528087));
#2730=DIRECTION('center_axis',(0.,1.,0.));
#2731=DIRECTION('ref_axis',(-0.977969410085674,0.,-0.208748252535632));
#2732=DIRECTION('center_axis',(0.,-1.,0.));
#2733=DIRECTION('ref_axis',(-0.501775968517029,0.,-0.864997617001803));
#2734=DIRECTION('center_axis',(0.,-1.,0.));
#2735=DIRECTION('ref_axis',(0.487663561697134,0.,-0.873031643523226));
#2736=DIRECTION('center_axis',(0.,-1.,0.));
#2737=DIRECTION('ref_axis',(0.151196228808032,0.,0.988503768528087));
#2738=DIRECTION('center_axis',(0.,-1.,0.));
#2739=DIRECTION('ref_axis',(-0.946750832421837,0.,0.321967174271787));
#2740=DIRECTION('center_axis',(0.,-1.,0.));
#2741=DIRECTION('ref_axis',(0.775760490847587,0.,-0.631027464410156));
#2742=DIRECTION('center_axis',(0.,-1.,0.));
#2743=DIRECTION('ref_axis',(0.,0.,-1.));
#2744=DIRECTION('center_axis',(-0.864997617001803,0.,0.501775968517029));
#2745=DIRECTION('ref_axis',(-0.501775968517029,0.,-0.864997617001803));
#2746=DIRECTION('center_axis',(0.,-1.,0.));
#2747=DIRECTION('ref_axis',(-0.977969410085674,0.,-0.208748252535632));
#2748=DIRECTION('center_axis',(0.,-1.,0.));
#2749=DIRECTION('ref_axis',(0.487663561697134,0.,-0.873031643523226));
#2750=DIRECTION('',(0.,-1.,0.));
#2751=DIRECTION('',(0.,1.,0.));
#2752=DIRECTION('',(0.,-1.,0.));
#2753=DIRECTION('center_axis',(0.,-1.,0.));
#2754=DIRECTION('ref_axis',(-0.501775968517029,0.,-0.864997617001803));
#2755=DIRECTION('center_axis',(0.,-1.,0.));
#2756=DIRECTION('ref_axis',(0.,0.,-1.));
#2757=DIRECTION('center_axis',(0.864997617001803,0.,0.501775968517029));
#2758=DIRECTION('ref_axis',(0.,-1.,0.));
#2759=DIRECTION('center_axis',(0.,-1.,0.));
#2760=DIRECTION('ref_axis',(0.977969410085673,0.,-0.208748252535632));
#2761=DIRECTION('center_axis',(0.,-1.,0.));
#2762=DIRECTION('ref_axis',(-0.946750832421837,0.,0.321967174271787));
#2763=DIRECTION('center_axis',(0.,-1.,0.));
#2764=DIRECTION('ref_axis',(0.151196228808032,0.,0.988503768528087));
#2765=DIRECTION('center_axis',(0.,-1.,0.));
#2766=DIRECTION('ref_axis',(0.151196228808032,0.,0.988503768528087));
#2767=DIRECTION('center_axis',(0.,-1.,0.));
#2768=DIRECTION('ref_axis',(0.775760490847587,0.,-0.631027464410156));
#2769=DIRECTION('',(0.,-1.,0.));
#2770=DIRECTION('',(0.,-1.,0.));
#2771=DIRECTION('center_axis',(0.,-1.,0.));
#2772=DIRECTION('ref_axis',(-0.946750832421837,0.,0.321967174271787));
#2773=DIRECTION('center_axis',(0.,-1.,0.));
#2774=DIRECTION('ref_axis',(0.81122285531265,0.,0.584737102481441));
#2775=DIRECTION('center_axis',(0.,1.,0.));
#2776=DIRECTION('ref_axis',(0.81122285531265,0.,0.584737102481441));
#2777=DIRECTION('center_axis',(0.,1.,0.));
#2778=DIRECTION('ref_axis',(1.,0.,0.));
#2779=DIRECTION('center_axis',(1.,0.,0.));
#2780=DIRECTION('ref_axis',(0.,-0.995881275887889,-0.0906668866561056));
#2781=DIRECTION('center_axis',(1.,0.,0.));
#2782=DIRECTION('ref_axis',(0.,-0.995881275887889,-0.0906668866561056));
#2783=DIRECTION('center_axis',(0.,-1.,0.));
#2784=DIRECTION('ref_axis',(0.,0.,-1.));
#2785=DIRECTION('center_axis',(0.195939165587623,0.,-0.98061605299364));
#2786=DIRECTION('ref_axis',(0.,-1.,0.));
#2787=DIRECTION('center_axis',(0.,-1.,0.));
#2788=DIRECTION('ref_axis',(-0.864574683069721,0.,-0.502504345647768));
#2789=DIRECTION('center_axis',(-0.875161656944786,0.,0.483830625543336));
#2790=DIRECTION('ref_axis',(-0.483830625543336,0.,-0.875161656944786));
#2791=DIRECTION('center_axis',(0.,1.,0.));
#2792=DIRECTION('ref_axis',(-0.864574683069721,0.,-0.502504345647767));
#2793=DIRECTION('center_axis',(0.,-1.,0.));
#2794=DIRECTION('ref_axis',(0.,0.,-1.));
#2795=DIRECTION('center_axis',(0.,1.,0.));
#2796=DIRECTION('ref_axis',(-0.446277074238148,0.,-0.894894839078558));
#2797=DIRECTION('center_axis',(0.,-1.,0.));
#2798=DIRECTION('ref_axis',(-0.446277074238148,0.,-0.894894839078558));
#2799=DIRECTION('center_axis',(-0.0128009757262919,0.,-0.999918064153486));
#2800=DIRECTION('ref_axis',(0.,-1.,0.));
#2801=DIRECTION('center_axis',(0.,-1.,0.));
#2802=DIRECTION('ref_axis',(0.,0.,-1.));
#2803=DIRECTION('center_axis',(0.,-1.,0.));
#2804=DIRECTION('ref_axis',(0.346526000974456,0.,-0.938040367280988));
#2805=DIRECTION('center_axis',(-0.904609621648277,0.,-0.426241049667159));
#2806=DIRECTION('ref_axis',(0.426241049667159,0.,-0.904609621648277));
#2807=DIRECTION('center_axis',(0.,1.,0.));
#2808=DIRECTION('ref_axis',(0.346526000974456,0.,-0.938040367280988));
#2809=DIRECTION('center_axis',(0.,-1.,0.));
#2810=DIRECTION('ref_axis',(0.,0.,-1.));
#2811=DIRECTION('center_axis',(0.032327837032054,0.,-0.999477318878637));
#2812=DIRECTION('ref_axis',(0.999477318878637,0.,0.032327837032054));
#2813=DIRECTION('center_axis',(0.,1.,0.));
#2814=DIRECTION('ref_axis',(0.853012993436684,0.,-0.521889675150014));
#2815=DIRECTION('center_axis',(0.,-1.,0.));
#2816=DIRECTION('ref_axis',(0.853012993436684,0.,-0.521889675150014));
#2817=DIRECTION('center_axis',(0.,-1.,0.));
#2818=DIRECTION('ref_axis',(0.,0.,-1.));
#2819=DIRECTION('center_axis',(0.766442564709572,0.,-0.642312848230061));
#2820=DIRECTION('ref_axis',(0.642312848230061,0.,0.766442564709572));
#2821=DIRECTION('center_axis',(0.,1.,0.));
#2822=DIRECTION('ref_axis',(0.899221800531972,0.,0.437493032456563));
#2823=DIRECTION('center_axis',(0.,-1.,0.));
#2824=DIRECTION('ref_axis',(0.899221800531972,0.,0.437493032456563));
#2825=DIRECTION('center_axis',(0.,-1.,0.));
#2826=DIRECTION('ref_axis',(0.00651922981667297,0.,0.999978749595509));
#2827=DIRECTION('center_axis',(0.774752008720088,0.,0.632265233097778));
#2828=DIRECTION('ref_axis',(-0.632265233097778,0.,0.774752008720088));
#2829=DIRECTION('center_axis',(0.,1.,0.));
#2830=DIRECTION('ref_axis',(0.0065192298166731,0.,0.999978749595509));
#2831=DIRECTION('center_axis',(0.,-1.,0.));
#2832=DIRECTION('ref_axis',(0.0065192298166731,0.,0.999978749595509));
#2833=DIRECTION('center_axis',(0.,-1.,0.));
#2834=DIRECTION('ref_axis',(0.,0.,-1.));
#2835=DIRECTION('center_axis',(0.0430025471861197,0.,0.999074962620676));
#2836=DIRECTION('ref_axis',(-0.999074962620676,2.62591880606993E-13,0.0430025471861197));
#2837=DIRECTION('center_axis',(0.,1.,0.));
#2838=DIRECTION('ref_axis',(-0.900641295397538,0.,0.434563294612701));
#2839=DIRECTION('center_axis',(0.,-1.,0.));
#2840=DIRECTION('ref_axis',(-0.900641295397538,0.,0.4345632946127));
#2841=DIRECTION('center_axis',(0.,-1.,0.));
#2842=DIRECTION('ref_axis',(0.42624104966716,0.,-0.904609621648276));
#2843=DIRECTION('',(0.,-1.,0.));
#2844=DIRECTION('center_axis',(0.,-1.,0.));
#2845=DIRECTION('ref_axis',(-0.483830625543336,0.,-0.875161656944786));
#2846=DIRECTION('center_axis',(0.,-1.,0.));
#2847=DIRECTION('ref_axis',(-0.999918287055635,0.,0.0127835523906757));
#2848=DIRECTION('',(0.,-1.,0.));
#2849=DIRECTION('center_axis',(0.,-1.,0.));
#2850=DIRECTION('ref_axis',(-0.632265233097781,0.,0.774752008720086));
#2851=DIRECTION('',(0.,-1.,0.));
#2852=DIRECTION('center_axis',(0.,-1.,0.));
#2853=DIRECTION('ref_axis',(0.642312848230062,0.,0.766442564709571));
#2854=DIRECTION('',(0.,-1.,0.));
#2855=DIRECTION('center_axis',(0.,-1.,0.));
#2856=DIRECTION('ref_axis',(0.999477318878637,0.,0.0323278370320551));
#2857=DIRECTION('',(0.,-1.,0.));
#2858=DIRECTION('center_axis',(0.,-1.,0.));
#2859=DIRECTION('ref_axis',(0.42624104966716,0.,-0.904609621648276));
#2860=DIRECTION('center_axis',(0.,-1.,0.));
#2861=DIRECTION('ref_axis',(0.,0.,-1.));
#2862=DIRECTION('center_axis',(-0.0430025471861237,0.,0.999074962620676));
#2863=DIRECTION('ref_axis',(0.,-1.,0.));
#2864=DIRECTION('center_axis',(0.,-1.,0.));
#2865=DIRECTION('ref_axis',(0.900641295397538,0.,0.434563294612701));
#2866=DIRECTION('center_axis',(0.774752008720086,0.,-0.632265233097781));
#2867=DIRECTION('ref_axis',(0.632265233097781,0.,0.774752008720086));
#2868=DIRECTION('center_axis',(0.,1.,0.));
#2869=DIRECTION('ref_axis',(0.900641295397538,0.,0.434563294612701));
#2870=DIRECTION('center_axis',(0.,-1.,0.));
#2871=DIRECTION('ref_axis',(-0.00651922981667349,0.,0.999978749595509));
#2872=DIRECTION('center_axis',(0.766442564709568,0.,0.642312848230066));
#2873=DIRECTION('ref_axis',(-0.642312848230066,0.,0.766442564709568));
#2874=DIRECTION('center_axis',(0.,1.,0.));
#2875=DIRECTION('ref_axis',(-0.00651922981667311,0.,0.999978749595509));
#2876=DIRECTION('center_axis',(0.,-1.,0.));
#2877=DIRECTION('ref_axis',(-0.00651922981667311,0.,0.999978749595509));
#2878=DIRECTION('center_axis',(0.,-1.,0.));
#2879=DIRECTION('ref_axis',(0.,0.,-1.));
#2880=DIRECTION('center_axis',(0.032327837032054,0.,0.999477318878637));
#2881=DIRECTION('ref_axis',(-0.999477318878637,0.,0.032327837032054));
#2882=DIRECTION('center_axis',(0.,1.,0.));
#2883=DIRECTION('ref_axis',(-0.899221800531972,0.,0.437493032456563));
#2884=DIRECTION('center_axis',(0.,-1.,0.));
#2885=DIRECTION('ref_axis',(-0.899221800531972,0.,0.437493032456563));
#2886=DIRECTION('center_axis',(0.,-1.,0.));
#2887=DIRECTION('ref_axis',(0.,0.,-1.));
#2888=DIRECTION('center_axis',(-0.904609621648275,0.,0.426241049667163));
#2889=DIRECTION('ref_axis',(-0.426241049667163,0.,-0.904609621648275));
#2890=DIRECTION('center_axis',(0.,1.,0.));
#2891=DIRECTION('ref_axis',(-0.853012993436684,0.,-0.521889675150014));
#2892=DIRECTION('center_axis',(0.,-1.,0.));
#2893=DIRECTION('ref_axis',(-0.853012993436684,0.,-0.521889675150014));
#2894=DIRECTION('center_axis',(0.,-1.,0.));
#2895=DIRECTION('ref_axis',(0.,0.,-1.));
#2896=DIRECTION('center_axis',(0.,1.,0.));
#2897=DIRECTION('ref_axis',(-0.346526000974452,0.,-0.93804036728099));
#2898=DIRECTION('center_axis',(0.,-1.,0.));
#2899=DIRECTION('ref_axis',(-0.346526000974452,0.,-0.93804036728099));
#2900=DIRECTION('center_axis',(-0.0128009757262842,0.,0.999918064153486));
#2901=DIRECTION('ref_axis',(0.,-1.,0.));
#2902=DIRECTION('center_axis',(0.,-1.,0.));
#2903=DIRECTION('ref_axis',(0.,0.,-1.));
#2904=DIRECTION('center_axis',(-0.875161656944786,0.,-0.483830625543337));
#2905=DIRECTION('ref_axis',(0.483830625543337,0.,-0.875161656944786));
#2906=DIRECTION('center_axis',(0.,1.,0.));
#2907=DIRECTION('ref_axis',(0.446277074238148,0.,-0.894894839078558));
#2908=DIRECTION('center_axis',(0.,-1.,0.));
#2909=DIRECTION('ref_axis',(0.446277074238148,0.,-0.894894839078558));
#2910=DIRECTION('center_axis',(0.,-1.,0.));
#2911=DIRECTION('ref_axis',(0.,0.,-1.));
#2912=DIRECTION('center_axis',(-0.195939165587626,0.,-0.98061605299364));
#2913=DIRECTION('ref_axis',(0.98061605299364,3.07695897746547E-11,-0.195939165587626));
#2914=DIRECTION('center_axis',(0.,1.,0.));
#2915=DIRECTION('ref_axis',(0.864574683069721,0.,-0.502504345647768));
#2916=DIRECTION('center_axis',(0.,-1.,0.));
#2917=DIRECTION('ref_axis',(0.864574683069721,0.,-0.502504345647768));
#2918=DIRECTION('center_axis',(0.,-1.,0.));
#2919=DIRECTION('ref_axis',(0.483830625543339,0.,-0.875161656944785));
#2920=DIRECTION('',(0.,-1.,0.));
#2921=DIRECTION('center_axis',(0.,-1.,0.));
#2922=DIRECTION('ref_axis',(-0.426241049667162,0.,-0.904609621648276));
#2923=DIRECTION('',(0.,-1.,0.));
#2924=DIRECTION('center_axis',(0.,-1.,0.));
#2925=DIRECTION('ref_axis',(-0.999477318878637,0.,0.0323278370320552));
#2926=DIRECTION('',(0.,-1.,0.));
#2927=DIRECTION('center_axis',(0.,-1.,0.));
#2928=DIRECTION('ref_axis',(-0.642312848230065,0.,0.766442564709569));
#2929=DIRECTION('',(0.,-1.,0.));
#2930=DIRECTION('center_axis',(0.,-1.,0.));
#2931=DIRECTION('ref_axis',(0.632265233097781,0.,0.774752008720086));
#2932=DIRECTION('center_axis',(0.,-1.,0.));
#2933=DIRECTION('ref_axis',(0.999918287055635,0.,0.01278355239068));
#2934=DIRECTION('',(0.,-1.,0.));
#2935=DIRECTION('center_axis',(0.,-1.,0.));
#2936=DIRECTION('ref_axis',(0.483830625543339,0.,-0.875161656944785));
#2937=DIRECTION('center_axis',(0.,1.,0.));
#2938=DIRECTION('ref_axis',(1.,0.,0.));
#2939=DIRECTION('',(-1.,0.,0.));
#2940=DIRECTION('center_axis',(1.,0.,0.));
#2941=DIRECTION('ref_axis',(0.,-0.640999660411359,0.767541161992321));
#2942=DIRECTION('',(-1.,0.,0.));
#2943=DIRECTION('center_axis',(1.,0.,0.));
#2944=DIRECTION('ref_axis',(0.,-0.640999660411359,0.767541161992321));
#2945=DIRECTION('',(1.,0.,0.));
#2946=DIRECTION('',(-1.,0.,0.));
#2947=DIRECTION('center_axis',(1.,0.,0.));
#2948=DIRECTION('ref_axis',(0.,-0.72845292608626,0.685095857874185));
#2949=DIRECTION('center_axis',(0.,1.,0.));
#2950=DIRECTION('ref_axis',(1.,0.,0.));
#2951=DIRECTION('center_axis',(1.,0.,0.));
#2952=DIRECTION('ref_axis',(0.,-0.640999660411359,0.767541161992321));
#2953=DIRECTION('',(-1.,0.,0.));
#2954=DIRECTION('center_axis',(-6.06619691750164E-15,-1.,1.33384552552947E-15));
#2955=DIRECTION('ref_axis',(-0.548170123146925,4.44089209850061E-15,0.836366854968013));
#2956=DIRECTION('center_axis',(1.81339103022373E-14,-1.,4.03501629128498E-15));
#2957=DIRECTION('ref_axis',(0.85139592998643,1.33226762955019E-14,-0.524523565154648));
#2958=DIRECTION('center_axis',(0.,-1.,0.));
#2959=DIRECTION('ref_axis',(0.,0.,-1.));
#2960=DIRECTION('center_axis',(-0.721718084209775,0.,-0.692187118432994));
#2961=DIRECTION('ref_axis',(0.692187118432995,0.,-0.721718084209775));
#2962=DIRECTION('center_axis',(0.,1.,0.));
#2963=DIRECTION('ref_axis',(-0.123947693485216,0.,-0.992288752974503));
#2964=DIRECTION('center_axis',(0.,-1.,0.));
#2965=DIRECTION('ref_axis',(0.,0.,-1.));
#2966=DIRECTION('center_axis',(0.,1.,0.));
#2967=DIRECTION('ref_axis',(0.778063992502101,0.,-0.628185023358318));
#2968=DIRECTION('center_axis',(0.,-1.,0.));
#2969=DIRECTION('ref_axis',(0.778063992502101,0.,-0.628185023358318));
#2970=DIRECTION('center_axis',(0.,-1.,0.));
#2971=DIRECTION('ref_axis',(0.000287801251552879,0.,0.999999958585219));
#2972=DIRECTION('center_axis',(0.,1.,0.));
#2973=DIRECTION('ref_axis',(0.000287801251552486,0.,0.999999958585219));
#2974=DIRECTION('center_axis',(0.,-1.,0.));
#2975=DIRECTION('ref_axis',(0.000287801251552486,0.,0.999999958585219));
#2976=DIRECTION('center_axis',(0.,-1.,0.));
#2977=DIRECTION('ref_axis',(-0.848449894565446,0.,-0.529275709259251));
#2978=DIRECTION('',(0.,-1.,0.));
#2979=DIRECTION('center_axis',(0.,-1.,0.));
#2980=DIRECTION('ref_axis',(-0.548170123146927,0.,0.836366854968012));
#2981=DIRECTION('',(0.,-1.,0.));
#2982=DIRECTION('center_axis',(0.,-1.,0.));
#2983=DIRECTION('ref_axis',(0.548651447172842,0.,0.83605118833427));
#2984=DIRECTION('',(0.,-1.,0.));
#2985=DIRECTION('center_axis',(0.,1.,0.));
#2986=DIRECTION('ref_axis',(1.,0.,0.));
#2987=DIRECTION('center_axis',(0.,-1.,0.));
#2988=DIRECTION('ref_axis',(0.85139592998643,0.,-0.524523565154647));
#2989=DIRECTION('center_axis',(0.,0.,-1.));
#2990=DIRECTION('ref_axis',(-1.,0.,0.));
#2991=DIRECTION('',(-1.,0.,0.));
#2992=DIRECTION('',(1.,0.,0.));
#2993=DIRECTION('',(-1.,0.,0.));
#2994=DIRECTION('center_axis',(0.,0.,1.));
#2995=DIRECTION('ref_axis',(1.,0.,0.));
#2996=DIRECTION('center_axis',(1.,0.,0.));
#2997=DIRECTION('ref_axis',(0.,0.251174085617774,0.967941929412129));
#2998=DIRECTION('center_axis',(1.,0.,0.));
#2999=DIRECTION('ref_axis',(0.,0.251174085617774,0.967941929412129));
#3000=DIRECTION('center_axis',(0.,0.,-1.));
#3001=DIRECTION('ref_axis',(-1.,0.,0.));
#3002=DIRECTION('',(0.,0.,-1.));
#3003=DIRECTION('center_axis',(0.,0.,-1.));
#3004=DIRECTION('ref_axis',(-1.,0.,0.));
#3005=DIRECTION('center_axis',(1.,0.,0.));
#3006=DIRECTION('ref_axis',(0.,-0.356931934791712,0.934130394498458));
#3007=DIRECTION('center_axis',(1.,0.,0.));
#3008=DIRECTION('ref_axis',(0.,0.822639404322602,-0.56856346211813));
#3009=DIRECTION('center_axis',(0.,0.,1.));
#3010=DIRECTION('ref_axis',(-1.,0.,0.));
#3011=DIRECTION('center_axis',(0.,1.,0.));
#3012=DIRECTION('ref_axis',(-0.561394730553142,0.,-0.8275481596301));
#3013=DIRECTION('',(0.,-1.,0.));
#3014=DIRECTION('center_axis',(0.,1.,0.));
#3015=DIRECTION('ref_axis',(-0.92757465340151,0.,-0.373637875980297));
#3016=DIRECTION('',(0.,1.,0.));
#3017=DIRECTION('center_axis',(0.,1.,0.));
#3018=DIRECTION('ref_axis',(-0.561394730553142,0.,-0.8275481596301));
#3019=DIRECTION('center_axis',(0.,1.,0.));
#3020=DIRECTION('ref_axis',(0.983100977282631,0.,0.183064110261779));
#3021=DIRECTION('',(0.,-1.,0.));
#3022=DIRECTION('center_axis',(0.,1.,0.));
#3023=DIRECTION('ref_axis',(0.822633487206095,0.,0.568572023341933));
#3024=DIRECTION('',(0.,1.,0.));
#3025=DIRECTION('center_axis',(0.,1.,0.));
#3026=DIRECTION('ref_axis',(0.902905273280854,0.,0.429839583428081));
#3027=DIRECTION('center_axis',(3.33519563027297E-15,1.,-6.91335058105904E-15));
#3028=DIRECTION('ref_axis',(-0.824579042735489,6.66133814775092E-15,0.565746765153301));
#3029=DIRECTION('center_axis',(0.565746765153305,0.,0.824579042735487));
#3030=DIRECTION('ref_axis',(-0.583065432742574,0.707106781186547,0.400043374074256));
#3031=DIRECTION('',(-0.565746765153305,0.,-0.824579042735486));
#3032=DIRECTION('',(0.565746765153305,0.,0.824579042735486));
#3033=DIRECTION('center_axis',(0.,1.,0.));
#3034=DIRECTION('ref_axis',(0.,0.,1.));
#3035=DIRECTION('center_axis',(0.,1.,0.));
#3036=DIRECTION('ref_axis',(0.999984641156729,0.,0.00554233259996201));
#3037=DIRECTION('center_axis',(0.,-1.,0.));
#3038=DIRECTION('ref_axis',(0.999984641156729,0.,0.00554233259996201));
#3039=DIRECTION('center_axis',(0.,1.,0.));
#3040=DIRECTION('ref_axis',(1.,0.,0.));
#3041=DIRECTION('center_axis',(-1.55740506369249E-14,1.,-3.56822176639726E-14));
#3042=DIRECTION('ref_axis',(-0.915790808802078,6.93889390390724E-17,0.40165556701437));
#3043=DIRECTION('center_axis',(0.,1.,0.));
#3044=DIRECTION('ref_axis',(0.,0.,1.));
#3045=DIRECTION('center_axis',(0.,-1.,0.));
#3046=DIRECTION('ref_axis',(-0.999858812163597,0.,0.0168034442541058));
#3047=DIRECTION('center_axis',(0.,1.,0.));
#3048=DIRECTION('ref_axis',(-0.999858812163597,0.,0.0168034442541058));
#3049=DIRECTION('center_axis',(0.565746765153305,0.,-0.824579042735487));
#3050=DIRECTION('ref_axis',(0.583065432742573,0.707106781186548,0.400043374074256));
#3051=DIRECTION('',(0.565746765153305,0.,-0.824579042735486));
#3052=DIRECTION('',(-0.565746765153305,0.,0.824579042735486));
#3053=DIRECTION('center_axis',(0.,1.,0.));
#3054=DIRECTION('ref_axis',(1.,0.,0.));
#3055=DIRECTION('center_axis',(-3.67535829796667E-15,-1.,8.37996438926918E-15));
#3056=DIRECTION('ref_axis',(0.91579080880207,0.,0.401655567014388));
#3057=DIRECTION('center_axis',(0.,-1.,0.));
#3058=DIRECTION('ref_axis',(0.0938689346584335,0.,0.995584563513362));
#3059=DIRECTION('',(0.,-1.,0.));
#3060=DIRECTION('',(0.,1.,0.));
#3061=DIRECTION('center_axis',(-1.7587200444081E-15,1.,1.01922738662823E-14));
#3062=DIRECTION('ref_axis',(-0.824579042735486,-7.21644966006355E-15,0.565746765153306));
#3063=DIRECTION('center_axis',(0.,-1.,0.));
#3064=DIRECTION('ref_axis',(0.187272917008727,0.,0.982307922473927));
#3065=DIRECTION('center_axis',(0.,-1.,0.));
#3066=DIRECTION('ref_axis',(0.187272917008727,0.,0.982307922473927));
#3067=DIRECTION('',(0.,-1.,0.));
#3068=DIRECTION('',(0.,1.,0.));
#3069=DIRECTION('center_axis',(0.,1.,0.));
#3070=DIRECTION('ref_axis',(1.,0.,0.));
#3071=DIRECTION('',(-0.565746765153304,0.,-0.824579042735487));
#3072=DIRECTION('',(0.717108299993421,0.,-0.696961753671279));
#3073=DIRECTION('center_axis',(0.,1.,0.));
#3074=DIRECTION('ref_axis',(0.964389593867974,0.,0.264485748650405));
#3075=DIRECTION('center_axis',(0.824579042735487,0.,-0.565746765153304));
#3076=DIRECTION('ref_axis',(0.565746765153304,0.,0.824579042735487));
#3077=DIRECTION('',(0.565746765153304,0.,0.824579042735487));
#3078=DIRECTION('',(0.,-1.,0.));
#3079=DIRECTION('center_axis',(0.,-1.,0.));
#3080=DIRECTION('ref_axis',(0.902773337549823,0.,0.430116613268023));
#3081=DIRECTION('center_axis',(0.,-1.,0.));
#3082=DIRECTION('ref_axis',(0.999841096953179,0.,0.017826408596915));
#3083=DIRECTION('center_axis',(0.,-1.,0.));
#3084=DIRECTION('ref_axis',(0.,0.,-1.));
#3085=DIRECTION('center_axis',(0.,-1.,0.));
#3086=DIRECTION('ref_axis',(0.,0.,1.));
#3087=DIRECTION('center_axis',(0.565746765153304,0.,0.824579042735487));
#3088=DIRECTION('ref_axis',(0.583065432742573,-0.707106781186547,-0.400043374074258));
#3089=DIRECTION('',(0.565746765153304,0.,0.824579042735487));
#3090=DIRECTION('center_axis',(-0.696961753671279,0.,-0.717108299993421));
#3091=DIRECTION('ref_axis',(0.717108299993421,6.38314802112131E-16,-0.696961753671279));
#3092=DIRECTION('center_axis',(-0.565746765153305,0.,-0.824579042735487));
#3093=DIRECTION('ref_axis',(-0.583065432742577,-0.707106781186546,0.400043374074253));
#3094=DIRECTION('',(-0.565746765153305,0.,-0.824579042735486));
#3095=DIRECTION('center_axis',(-2.62525592711906E-15,-1.,-5.98568884947795E-15));
#3096=DIRECTION('ref_axis',(0.82457904273548,-5.55111512312589E-15,0.565746765153314));
#3097=DIRECTION('center_axis',(0.,1.,0.));
#3098=DIRECTION('ref_axis',(-0.0938689346584335,0.,0.995584563513362));
#3099=DIRECTION('',(0.,-1.,0.));
#3100=DIRECTION('',(0.,1.,0.));
#3101=DIRECTION('center_axis',(2.69034806129628E-15,1.,1.17780250430358E-14));
#3102=DIRECTION('ref_axis',(-0.974890356148587,0.,0.222685413730854));
#3103=DIRECTION('center_axis',(0.,-1.,0.));
#3104=DIRECTION('ref_axis',(-0.187272917008706,0.,0.982307922473931));
#3105=DIRECTION('center_axis',(0.,-1.,0.));
#3106=DIRECTION('ref_axis',(-0.187272917008706,0.,0.982307922473931));
#3107=DIRECTION('',(0.,-1.,0.));
#3108=DIRECTION('',(0.,1.,0.));
#3109=DIRECTION('center_axis',(0.,1.,0.));
#3110=DIRECTION('ref_axis',(1.,0.,0.));
#3111=DIRECTION('center_axis',(0.,1.,0.));
#3112=DIRECTION('ref_axis',(-0.952350849763584,0.,-0.305004686774778));
#3113=DIRECTION('',(-0.717108299993421,0.,-0.696961753671279));
#3114=DIRECTION('',(-0.717108299993421,0.,-0.696961753671279));
#3115=DIRECTION('',(0.565746765153304,0.,-0.824579042735487));
#3116=DIRECTION('center_axis',(0.,-1.,0.));
#3117=DIRECTION('ref_axis',(-0.952350849763584,0.,-0.305004686774778));
#3118=DIRECTION('center_axis',(0.,1.,0.));
#3119=DIRECTION('ref_axis',(-0.999776635590878,0.,-0.0211347800221442));
#3120=DIRECTION('',(0.,-1.,0.));
#3121=DIRECTION('center_axis',(0.824579042735487,0.,0.565746765153305));
#3122=DIRECTION('ref_axis',(-0.565746765153305,0.,0.824579042735486));
#3123=DIRECTION('',(-0.565746765153305,0.,0.824579042735486));
#3124=DIRECTION('center_axis',(-0.565746765153305,0.,0.824579042735487));
#3125=DIRECTION('ref_axis',(0.583065432742573,-0.707106781186549,0.400043374074255));
#3126=DIRECTION('',(0.565746765153304,0.,-0.824579042735487));
#3127=DIRECTION('center_axis',(0.,1.,0.));
#3128=DIRECTION('ref_axis',(0.,0.,1.));
#3129=DIRECTION('center_axis',(0.,-1.,0.));
#3130=DIRECTION('ref_axis',(0.,0.,1.));
#3131=DIRECTION('center_axis',(0.,-1.,0.));
#3132=DIRECTION('ref_axis',(0.,0.,-1.));
#3133=DIRECTION('center_axis',(0.,-1.,0.));
#3134=DIRECTION('ref_axis',(-0.999576904624496,0.,0.0290862809811096));
#3135=DIRECTION('center_axis',(-0.824579042735487,0.,0.565746765153305));
#3136=DIRECTION('ref_axis',(-0.565746765153305,0.,-0.824579042735486));
#3137=DIRECTION('center_axis',(0.,-1.,0.));
#3138=DIRECTION('ref_axis',(-0.901577051076716,0.,-0.43261856290711));
#3139=DIRECTION('center_axis',(0.,1.,0.));
#3140=DIRECTION('ref_axis',(0.,0.,1.));
#3141=DIRECTION('center_axis',(0.,1.,0.));
#3142=DIRECTION('ref_axis',(0.999776635590878,0.,-0.0211347800221445));
#3143=DIRECTION('center_axis',(0.,-1.,0.));
#3144=DIRECTION('ref_axis',(0.964389593867974,0.,0.264485748650405));
#3145=DIRECTION('',(0.,-1.,0.));
#3146=DIRECTION('center_axis',(0.696698739839473,0.236879317683027,0.677125582709821));
#3147=DIRECTION('ref_axis',(-0.696961753671283,-2.22044604925032E-15,0.717108299993418));
#3148=DIRECTION('center_axis',(-0.696961753671279,0.,0.717108299993421));
#3149=DIRECTION('ref_axis',(-0.717108299993421,0.,-0.696961753671279));
#3150=DIRECTION('center_axis',(0.696961753671279,0.,-0.717108299993421));
#3151=DIRECTION('ref_axis',(-0.717108299993421,3.92107664154595E-15,-0.696961753671279));
#3152=DIRECTION('',(0.,-1.,0.));
#3153=DIRECTION('center_axis',(0.565746765153304,0.,-0.824579042735487));
#3154=DIRECTION('ref_axis',(-0.583065432742577,-0.707106781186548,-0.40004337407425));
#3155=DIRECTION('',(0.565746765153304,0.,-0.824579042735487));
#3156=DIRECTION('center_axis',(-0.824579042735487,0.,-0.565746765153304));
#3157=DIRECTION('ref_axis',(0.565746765153304,0.,-0.824579042735487));
#3158=DIRECTION('center_axis',(0.696961753671279,0.,0.717108299993421));
#3159=DIRECTION('ref_axis',(-0.717108299993421,0.,0.696961753671279));
#3160=DIRECTION('center_axis',(-0.696961753671279,0.,0.717108299993421));
#3161=DIRECTION('ref_axis',(-0.717108299993421,0.,-0.696961753671279));
#3162=DIRECTION('center_axis',(0.,0.,-1.));
#3163=DIRECTION('ref_axis',(-1.,0.,0.));
#3164=DIRECTION('center_axis',(0.,0.,-1.));
#3165=DIRECTION('ref_axis',(1.,0.,0.));
#3166=DIRECTION('center_axis',(1.,0.,0.));
#3167=DIRECTION('ref_axis',(0.,0.500175635672342,-0.865923976732235));
#3168=DIRECTION('center_axis',(0.,1.,0.));
#3169=DIRECTION('ref_axis',(-1.,0.,0.));
#3170=DIRECTION('center_axis',(0.,0.,1.));
#3171=DIRECTION('ref_axis',(1.,0.,0.));
#3172=DIRECTION('center_axis',(0.,-1.,0.));
#3173=DIRECTION('ref_axis',(1.,0.,0.));
#3174=DIRECTION('center_axis',(0.,-1.,0.));
#3175=DIRECTION('ref_axis',(1.,0.,0.));
#3176=DIRECTION('center_axis',(0.,-1.,0.));
#3177=DIRECTION('ref_axis',(1.,0.,0.));
#3178=DIRECTION('center_axis',(0.,1.,0.));
#3179=DIRECTION('ref_axis',(-1.,0.,0.));
#3180=DIRECTION('center_axis',(0.,0.,1.));
#3181=DIRECTION('ref_axis',(1.,0.,0.));
#3182=DIRECTION('center_axis',(0.,-1.,0.));
#3183=DIRECTION('ref_axis',(1.,0.,0.));
#3184=DIRECTION('center_axis',(0.,-1.,0.));
#3185=DIRECTION('ref_axis',(1.,0.,0.));
#3186=DIRECTION('center_axis',(0.,-1.,0.));
#3187=DIRECTION('ref_axis',(1.,0.,0.));
#3188=CARTESIAN_POINT('',(0.,0.,0.));
#3189=CARTESIAN_POINT('Ctrl Pts',(-11.842125005215,-30.,20.1557325076541));
#3190=CARTESIAN_POINT('Ctrl Pts',(-8.01051539892774,-30.,3.19765760843522));
#3191=CARTESIAN_POINT('Ctrl Pts',(-0.147108354932624,-30.,3.10405294926256));
#3192=CARTESIAN_POINT('Ctrl Pts',(7.71629868906249,-30.,3.01044829008991));
#3193=CARTESIAN_POINT('Ctrl Pts',(11.6552429213464,-30.,19.8760238388907));
#3194=CARTESIAN_POINT('Ctrl Pts',(-11.842125005215,-54.8957256234016,20.1557325076541));
#3195=CARTESIAN_POINT('Ctrl Pts',(-8.01051539892774,-54.8957256234016,3.19765760843522));
#3196=CARTESIAN_POINT('Ctrl Pts',(-0.147108354932624,-54.8957256234016,
3.10405294926256));
#3197=CARTESIAN_POINT('Ctrl Pts',(7.71629868906249,-54.8957256234016,3.01044829008991));
#3198=CARTESIAN_POINT('Ctrl Pts',(11.6552429213464,-54.8957256234016,19.8760238388907));
#3199=CARTESIAN_POINT('',(11.6552429213464,-54.7605139113878,19.8760238388907));
#3200=CARTESIAN_POINT('',(11.0369638990998,-53.4563869822085,17.4706521208598));
#3201=CARTESIAN_POINT('Ctrl Pts',(11.6552856675747,-54.7604724179947,19.8760459645605));
#3202=CARTESIAN_POINT('Ctrl Pts',(11.5460795657183,-54.5202393737906,19.408015469909));
#3203=CARTESIAN_POINT('Ctrl Pts',(11.4318717013122,-54.2742420288269,18.9440058405422));
#3204=CARTESIAN_POINT('Ctrl Pts',(11.312399304412,-54.0228958071283,18.4844023165704));
#3205=CARTESIAN_POINT('Ctrl Pts',(11.2239572481082,-53.83683126613,18.1441707501238));
#3206=CARTESIAN_POINT('Ctrl Pts',(11.1326305244468,-53.6478359264316,17.8063544688012));
#3207=CARTESIAN_POINT('Ctrl Pts',(11.0383244065406,-53.456086870986,17.4711212222855));
#3208=CARTESIAN_POINT('',(11.6552429213464,-30.,19.8760238388907));
#3209=CARTESIAN_POINT('',(11.6552429213464,-30.,19.8760238388907));
#3210=CARTESIAN_POINT('',(-11.842125005215,-30.,20.1557325076541));
#3211=CARTESIAN_POINT('Origin',(-0.0410263732393013,-30.,36.5329658868461));
#3212=CARTESIAN_POINT('',(-11.842125005215,-54.8957256234016,20.1557325076541));
#3213=CARTESIAN_POINT('',(-11.842125005215,-30.,20.1557325076541));
#3214=CARTESIAN_POINT('',(-10.996177979903,-53.1135110814842,16.8773333121902));
#3215=CARTESIAN_POINT('Ctrl Pts',(-10.9977657119933,-53.1126940343002,16.8773400842942));
#3216=CARTESIAN_POINT('Ctrl Pts',(-11.1243862801802,-53.3658429397312,17.310618543525));
#3217=CARTESIAN_POINT('Ctrl Pts',(-11.2458150256697,-53.6144864712922,17.7483982719366));
#3218=CARTESIAN_POINT('Ctrl Pts',(-11.3622500354502,-53.8582211052348,18.1902833529822));
#3219=CARTESIAN_POINT('Ctrl Pts',(-11.4850550475388,-54.1152901321897,18.6563433706858));
#3220=CARTESIAN_POINT('Ctrl Pts',(-11.6023057245493,-54.3668985119823,19.1269697386749));
#3221=CARTESIAN_POINT('Ctrl Pts',(-11.7142737432791,-54.6125995122117,19.6017313489468));
#3222=CARTESIAN_POINT('Ctrl Pts',(-11.7576824509118,-54.7078549521578,19.7857909417598));
#3223=CARTESIAN_POINT('Ctrl Pts',(-11.8002975009686,-54.8022227672678,19.9704724514544));
#3224=CARTESIAN_POINT('Ctrl Pts',(-11.8421358000932,-54.8956779035152,20.155752217563));
#3225=CARTESIAN_POINT('Ctrl Pts',(11.036963899213,-53.456386982185,17.4706521208413));
#3226=CARTESIAN_POINT('Ctrl Pts',(10.8080640750866,-52.9920157388843,16.658474328071));
#3227=CARTESIAN_POINT('Ctrl Pts',(10.562248374334,-52.5166506467378,15.8627442276926));
#3228=CARTESIAN_POINT('Ctrl Pts',(9.57340188029037,-50.7027434319647,12.9486190537797));
#3229=CARTESIAN_POINT('Ctrl Pts',(8.72011791566495,-49.3088086610643,10.9560396484743));
#3230=CARTESIAN_POINT('Ctrl Pts',(7.16221989096775,-47.2425564494417,8.25882959523719));
#3231=CARTESIAN_POINT('Ctrl Pts',(6.53135754911206,-46.4744483247629,7.30356818069411));
#3232=CARTESIAN_POINT('Ctrl Pts',(5.0612703309752,-44.9952119009245,5.55084121422497));
#3233=CARTESIAN_POINT('Ctrl Pts',(4.22439714713117,-44.2835355836461,4.75186686037758));
#3234=CARTESIAN_POINT('Ctrl Pts',(2.82180811993196,-43.4697345864492,3.8638342688346));
#3235=CARTESIAN_POINT('Ctrl Pts',(2.28783348686299,-43.2141435303958,3.59001994823237));
#3236=CARTESIAN_POINT('Ctrl Pts',(1.134100736627,-42.8544358726841,3.20819830383063));
#3237=CARTESIAN_POINT('Ctrl Pts',(0.511919520724075,-42.754426795214,3.10366591411563));
#3238=CARTESIAN_POINT('Ctrl Pts',(-0.08208050713661,-42.754426795214,3.10366591411563));
#3239=CARTESIAN_POINT('Ctrl Pts',(-0.67596841714783,-42.754426795214,3.10366591411563));
#3240=CARTESIAN_POINT('Ctrl Pts',(-1.29803382824172,-42.8544194290498,3.20818025331819));
#3241=CARTESIAN_POINT('Ctrl Pts',(-2.45127979714002,-43.2143187138133,3.59020649773996));
#3242=CARTESIAN_POINT('Ctrl Pts',(-2.9848892621706,-43.4701115978879,3.86423875097145));
#3243=CARTESIAN_POINT('Ctrl Pts',(-4.38552819185224,-44.2842975071482,4.75271291544699));
#3244=CARTESIAN_POINT('Ctrl Pts',(-5.22036570130439,-44.9960571696408,5.55181003522751));
#3245=CARTESIAN_POINT('Ctrl Pts',(-6.68600689482449,-46.4753683246658,7.30469104138482));
#3246=CARTESIAN_POINT('Ctrl Pts',(-7.3144492477986,-47.2434690864798,8.25998460512211));
#3247=CARTESIAN_POINT('Ctrl Pts',(-8.86591109104591,-49.3101518970497,10.9578650120346));
#3248=CARTESIAN_POINT('Ctrl Pts',(-9.71430563255446,-50.7042974055985,12.9509193898793));
#3249=CARTESIAN_POINT('Ctrl Pts',(-10.6316061923351,-52.3994263583509,15.6744719290823));
#3250=CARTESIAN_POINT('Ctrl Pts',(-10.8187626689181,-52.7593977298629,16.2710391564994));
#3251=CARTESIAN_POINT('Ctrl Pts',(-10.9961779805486,-53.1135110813456,16.8773333120822));
#3252=CARTESIAN_POINT('Origin',(10.116569479016,-30.,39.1132890670707));
#3253=CARTESIAN_POINT('',(11.1314425991317,-54.7551926381678,19.8412906763603));
#3254=CARTESIAN_POINT('Ctrl Pts',(11.1314948182095,-54.7551745586495,19.8413008860149));
#3255=CARTESIAN_POINT('Ctrl Pts',(11.3062021547731,-54.7600004430786,19.8505006181137));
#3256=CARTESIAN_POINT('Ctrl Pts',(11.480837537756,-54.7617599399328,19.8620864392456));
#3257=CARTESIAN_POINT('Ctrl Pts',(11.6552856675747,-54.7604724179947,19.8760459645605));
#3258=CARTESIAN_POINT('',(0.278496633557959,-56.0874606076852,22.5105118262312));
#3259=CARTESIAN_POINT('Ctrl Pts',(0.278496633557964,-56.0874606076852,22.5105118262312));
#3260=CARTESIAN_POINT('Ctrl Pts',(1.06439833642529,-55.8665867032742,22.0448211715882));
#3261=CARTESIAN_POINT('Ctrl Pts',(1.89228750585305,-55.6639762770952,21.6301717037398));
#3262=CARTESIAN_POINT('Ctrl Pts',(3.92246245170599,-55.2470895308955,20.7915503915205));
#3263=CARTESIAN_POINT('Ctrl Pts',(5.15237415782407,-55.0565539359185,20.420997244567));
#3264=CARTESIAN_POINT('Ctrl Pts',(7.63869364344201,-54.8034881494913,19.9324355939492));
#3265=CARTESIAN_POINT('Ctrl Pts',(8.89515560447098,-54.7411810378849,19.8145873122511));
#3266=CARTESIAN_POINT('Ctrl Pts',(10.116569479016,-54.7411810378849,19.8145873122511));
#3267=CARTESIAN_POINT('Ctrl Pts',(10.4525386041391,-54.7411810378849,19.8145873122511));
#3268=CARTESIAN_POINT('Ctrl Pts',(10.7911693140964,-54.7457949634548,19.823371714171));
#3269=CARTESIAN_POINT('Ctrl Pts',(11.1314425991317,-54.7551926381678,19.8412906763603));
#3270=CARTESIAN_POINT('',(0.278496633557986,-30.,22.5105118262312));
#3271=CARTESIAN_POINT('',(0.278496633557986,-30.,22.5105118262312));
#3272=CARTESIAN_POINT('Origin',(10.116569479016,-30.,39.1132890670707));
#3273=CARTESIAN_POINT('Origin',(-0.0934410419343301,-30.,12.8070888701734));
#3274=CARTESIAN_POINT('Origin',(-9.36439584484499,-30.,39.7735409511472));
#3275=CARTESIAN_POINT('Origin',(0.,11.0550353674579,54.3557401770122));
#3276=CARTESIAN_POINT('',(11.1345370613173,-54.8575316865655,20.0371324133642));
#3277=CARTESIAN_POINT('Ctrl Pts',(11.134552790517,-54.857526133802,20.0371353594498));
#3278=CARTESIAN_POINT('Ctrl Pts',(11.1336458886491,-54.8235062135916,19.9718040320049));
#3279=CARTESIAN_POINT('Ctrl Pts',(11.1326267276057,-54.7893888191759,19.9065256347437));
#3280=CARTESIAN_POINT('Ctrl Pts',(11.1314948182095,-54.7551745586495,19.8413008860149));
#3281=CARTESIAN_POINT('Ctrl Pts',(11.1345370613184,-54.857531686554,20.0371324133532));
#3282=CARTESIAN_POINT('Ctrl Pts',(10.7275445992428,-54.8445062153609,20.0121155988793));
#3283=CARTESIAN_POINT('Ctrl Pts',(10.3226107272227,-54.8381236865918,19.999882970952));
#3284=CARTESIAN_POINT('Ctrl Pts',(9.9213891119609,-54.8381236865918,19.999882970952));
#3285=CARTESIAN_POINT('Ctrl Pts',(8.65317702313336,-54.8381236865918,19.999882970952));
#3286=CARTESIAN_POINT('Ctrl Pts',(7.34925313342006,-54.903252683849,20.1238709307031));
#3287=CARTESIAN_POINT('Ctrl Pts',(4.77089890626037,-55.1671636368689,20.6372438637645));
#3288=CARTESIAN_POINT('Ctrl Pts',(3.49640918919351,-55.3657006959373,21.0264564593091));
#3289=CARTESIAN_POINT('Ctrl Pts',(1.59332462214914,-55.7581547622169,21.8236929606041));
#3290=CARTESIAN_POINT('Ctrl Pts',(0.923516502418456,-55.9165731065349,22.1502125301547));
#3291=CARTESIAN_POINT('Ctrl Pts',(0.27849663355795,-56.0874606076852,22.5105118262312));
#3292=CARTESIAN_POINT('Origin',(0.,11.0550353674579,54.3557401770122));
#3293=CARTESIAN_POINT('',(-4.26334361570599,-39.8210412069548,0.190639172029396));
#3294=CARTESIAN_POINT('Ctrl Pts',(-4.2633436155985,-39.8210412070298,0.190639172099878));
#3295=CARTESIAN_POINT('Ctrl Pts',(-5.08531541332497,-40.4466363419711,0.778246790273435));
#3296=CARTESIAN_POINT('Ctrl Pts',(-6.4860093679879,-41.9006161291891,2.1877055759902));
#3297=CARTESIAN_POINT('Ctrl Pts',(-8.572850102884,-45.0571033256895,5.53454359503884));
#3298=CARTESIAN_POINT('Ctrl Pts',(-10.2053696129415,-48.9958915068807,10.358458720001));
#3299=CARTESIAN_POINT('Ctrl Pts',(-10.8329597759465,-51.8175055015293,14.6605542599762));
#3300=CARTESIAN_POINT('Ctrl Pts',(-10.9977851729805,-53.1128469708063,16.8776018422489));
#3301=CARTESIAN_POINT('',(4.26334361545741,-39.8210412068602,0.190639171940554));
#3302=CARTESIAN_POINT('',(0.,-39.8210412067979,0.190639171882048));
#3303=CARTESIAN_POINT('Ctrl Pts',(11.0383065657832,-53.4559227065149,17.4708342181204));
#3304=CARTESIAN_POINT('Ctrl Pts',(10.8859973577583,-52.0544838756187,15.0207504020856));
#3305=CARTESIAN_POINT('Ctrl Pts',(10.2584106778018,-49.115343316459,10.5007553071335));
#3306=CARTESIAN_POINT('Ctrl Pts',(8.55738453751765,-45.0296843500904,5.50423347536127));
#3307=CARTESIAN_POINT('Ctrl Pts',(6.47749624281449,-41.8910486040699,2.17838727191778));
#3308=CARTESIAN_POINT('Ctrl Pts',(5.08152142342281,-40.4437487713374,0.775534559299147));
#3309=CARTESIAN_POINT('Ctrl Pts',(4.26334361541474,-39.8210412068899,0.190639171968528));
#3310=CARTESIAN_POINT('Ctrl Pts',(-4.26334361529367,-39.8210412067978,0.190639171881964));
#3311=CARTESIAN_POINT('Ctrl Pts',(-5.08531541332497,-40.4466363419711,0.778246790273435));
#3312=CARTESIAN_POINT('Ctrl Pts',(-6.4860093679879,-41.9006161291891,2.1877055759902));
#3313=CARTESIAN_POINT('Ctrl Pts',(-8.572850102884,-45.0571033256895,5.53454359503884));
#3314=CARTESIAN_POINT('Ctrl Pts',(-10.5410902165691,-49.805886326302,11.3504760818907));
#3315=CARTESIAN_POINT('Ctrl Pts',(-11.1111596165093,-53.2482725022187,16.9045672193098));
#3316=CARTESIAN_POINT('Ctrl Pts',(-11.1382778566509,-55.0350196766775,20.380190751747));
#3317=CARTESIAN_POINT('Ctrl Pts',(-4.59371307024251,-39.5460141859051,-0.0676876015436408));
#3318=CARTESIAN_POINT('Ctrl Pts',(-5.47974670465855,-40.1833801425998,0.524993937968017));
#3319=CARTESIAN_POINT('Ctrl Pts',(-6.99022519843826,-41.6647103614586,1.94727032295094));
#3320=CARTESIAN_POINT('Ctrl Pts',(-9.24230699611317,-44.880364676022,5.32852308174123));
#3321=CARTESIAN_POINT('Ctrl Pts',(-11.3688664203458,-49.716954621593,11.2138976995161));
#3322=CARTESIAN_POINT('Ctrl Pts',(-11.9861923458475,-53.2180312063436,16.8465788453989));
#3323=CARTESIAN_POINT('Ctrl Pts',(-12.0162336583212,-55.0316978510052,20.3737290566384));
#3324=CARTESIAN_POINT('Ctrl Pts',(-4.92408116557389,-39.249435656234,-0.303067341245116));
#3325=CARTESIAN_POINT('Ctrl Pts',(-5.87417592551585,-39.895454636652,0.297476845693721));
#3326=CARTESIAN_POINT('Ctrl Pts',(-7.49443739311271,-41.3968217229187,1.73864164043723));
#3327=CARTESIAN_POINT('Ctrl Pts',(-9.91175363115999,-44.6556869392331,5.16491733785242));
#3328=CARTESIAN_POINT('Ctrl Pts',(-12.1966171225674,-49.5568826557231,11.1289238313288));
#3329=CARTESIAN_POINT('Ctrl Pts',(-12.8611917468022,-53.1045615323937,16.8371050873911));
#3330=CARTESIAN_POINT('Ctrl Pts',(-12.8941555728435,-54.9423371055162,20.4114985308075));
#3331=CARTESIAN_POINT('Ctrl Pts',(-5.25185735191993,-38.9336312095516,-0.513654339829673));
#3332=CARTESIAN_POINT('Ctrl Pts',(-6.26516856470119,-39.5854241862068,0.0977229164924187));
#3333=CARTESIAN_POINT('Ctrl Pts',(-7.99316179651813,-41.0999920843202,1.56419649229362));
#3334=CARTESIAN_POINT('Ctrl Pts',(-10.5708554271755,-44.3867264370925,5.04641929097301));
#3335=CARTESIAN_POINT('Ctrl Pts',(-13.0066543900669,-49.3292994509988,11.097615251467));
#3336=CARTESIAN_POINT('Ctrl Pts',(-13.7153469586768,-52.9105657009095,16.8763779745466));
#3337=CARTESIAN_POINT('Ctrl Pts',(-13.7510467667688,-54.7690746379033,20.4925958600239));
#3338=CARTESIAN_POINT('',(-13.7510467667688,-54.7690746379034,20.4925958600239));
#3339=CARTESIAN_POINT('Ctrl Pts',(-11.8421358000932,-54.8956779035152,20.155752217563));
#3340=CARTESIAN_POINT('Ctrl Pts',(-12.045541001522,-54.8954984107956,20.1814514475448));
#3341=CARTESIAN_POINT('Ctrl Pts',(-12.2485506699808,-54.8911361575874,20.2103116691039));
#3342=CARTESIAN_POINT('Ctrl Pts',(-12.4509805837227,-54.8826057045067,20.2423027251115));
#3343=CARTESIAN_POINT('Ctrl Pts',(-12.7213733827868,-54.8712112764643,20.2850343106713));
#3344=CARTESIAN_POINT('Ctrl Pts',(-12.9904271260818,-54.8523971745855,20.3333081601931));
#3345=CARTESIAN_POINT('Ctrl Pts',(-13.2577069091876,-54.8261762709421,20.3869725610497));
#3346=CARTESIAN_POINT('Ctrl Pts',(-13.4228654061113,-54.8099737546746,20.4201330630554));
#3347=CARTESIAN_POINT('Ctrl Pts',(-13.5873465598871,-54.7909420841641,20.4553520599898));
#3348=CARTESIAN_POINT('Ctrl Pts',(-13.7510467667688,-54.7690746379031,20.4925958600236));
#3349=CARTESIAN_POINT('',(-6.02974326693339,-39.4759405503581,2.06605149655203E-10));
#3350=CARTESIAN_POINT('Ctrl Pts',(-13.7510467667688,-54.7690746379033,20.4925958600239));
#3351=CARTESIAN_POINT('Ctrl Pts',(-13.7153469586768,-52.9105657009095,16.8763779745466));
#3352=CARTESIAN_POINT('Ctrl Pts',(-13.0066543900669,-49.3292994509988,11.097615251467));
#3353=CARTESIAN_POINT('Ctrl Pts',(-10.5708554271755,-44.3867264370925,5.04641929097301));
#3354=CARTESIAN_POINT('Ctrl Pts',(-8.16477032110826,-41.3188046019486,1.7960235448449));
#3355=CARTESIAN_POINT('Ctrl Pts',(-6.71754386774445,-39.9910336936416,0.49311052974488));
#3356=CARTESIAN_POINT('Ctrl Pts',(-6.03036568690126,-39.4754027468013,-0.00030894023384917));
#3357=CARTESIAN_POINT('',(-5.74524179112245,-39.5155818120699,8.88178419700125E-15));
#3358=CARTESIAN_POINT('Ctrl Pts',(-6.02974326666559,-39.475940550269,1.33226762955019E-14));
#3359=CARTESIAN_POINT('Ctrl Pts',(-5.9350656510543,-39.4904020604263,1.33279929152929E-14));
#3360=CARTESIAN_POINT('Ctrl Pts',(-5.84022696423093,-39.5035919729373,6.66133814775094E-15));
#3361=CARTESIAN_POINT('Ctrl Pts',(-5.74524179112245,-39.5155818120699,6.66133814775094E-15));
#3362=CARTESIAN_POINT('Ctrl Pts',(-4.26334361529367,-39.8210412067978,0.190639171881964));
#3363=CARTESIAN_POINT('Ctrl Pts',(-4.32056546845686,-39.8210412067978,0.190639171881964));
#3364=CARTESIAN_POINT('Ctrl Pts',(-4.37782987315021,-39.8201783965862,0.190096895665523));
#3365=CARTESIAN_POINT('Ctrl Pts',(-4.71845213011711,-39.8091603721205,0.183173410190677));
#3366=CARTESIAN_POINT('Ctrl Pts',(-5.0027350681184,-39.7756779756491,0.162080384928735));
#3367=CARTESIAN_POINT('Ctrl Pts',(-5.43998700690531,-39.6547068208623,0.0864695344161933));
#3368=CARTESIAN_POINT('Ctrl Pts',(-5.59802281127762,-39.5936196874988,0.048365855981643));
#3369=CARTESIAN_POINT('Ctrl Pts',(-5.74524179112245,-39.5155818120699,1.20650017754187E-14));
#3370=CARTESIAN_POINT('Origin',(0.,11.0550353674579,54.3557401770122));
#3371=CARTESIAN_POINT('',(0.251725513504472,-59.3739755756,22.5889420414136));
#3372=CARTESIAN_POINT('',(0.305267753611434,-59.3739755756,22.5889420414136));
#3373=CARTESIAN_POINT('',(0.,-59.3739755756,22.5889420414136));
#3374=CARTESIAN_POINT('',(0.278496633557373,-59.3385472767881,22.5105118262349));
#3375=CARTESIAN_POINT('Ctrl Pts',(0.251725513505361,-59.3739755755988,22.588942041411));
#3376=CARTESIAN_POINT('Ctrl Pts',(0.260677637983986,-59.3621896881525,22.5628119796908));
#3377=CARTESIAN_POINT('Ctrl Pts',(0.269601376876867,-59.350380250032,22.5366685041176));
#3378=CARTESIAN_POINT('Ctrl Pts',(0.278496633557368,-59.3385472767858,22.5105118262329));
#3379=CARTESIAN_POINT('Ctrl Pts',(0.278496633559202,-59.3385472767867,22.5105118262349));
#3380=CARTESIAN_POINT('Ctrl Pts',(0.287391890239778,-59.350380250033,22.5366685041198));
#3381=CARTESIAN_POINT('Ctrl Pts',(0.296315629132732,-59.3621896881535,22.5628119796932));
#3382=CARTESIAN_POINT('Ctrl Pts',(0.305267753611434,-59.3739755756,22.5889420414136));
#3383=CARTESIAN_POINT('Origin',(0.013650635810722,-40.,45.5217803918848));
#3384=CARTESIAN_POINT('',(-13.1007617928184,-61.5,37.3408141567059));
#3385=CARTESIAN_POINT('',(10.7127236241617,-61.5,34.3662499661612));
#3386=CARTESIAN_POINT('Origin',(0.013650635810722,-61.5,45.5217803918848));
#3387=CARTESIAN_POINT('',(-13.1007617928185,-60.659258749052,37.3408141567059));
#3388=CARTESIAN_POINT('',(-13.1007617928185,-40.,37.3408141567059));
#3389=CARTESIAN_POINT('',(-11.6601218742852,-60.5659125479484,35.3906868046864));
#3390=CARTESIAN_POINT('Ctrl Pts',(-11.6601218742672,-60.5659125479617,35.3906868047014));
#3391=CARTESIAN_POINT('Ctrl Pts',(-12.190019789608,-60.5953796968541,36.0012731805965));
#3392=CARTESIAN_POINT('Ctrl Pts',(-12.6718365368466,-60.6266130307414,36.6532300075768));
#3393=CARTESIAN_POINT('Ctrl Pts',(-13.1007617928185,-60.659258749052,37.3408141567059));
#3394=CARTESIAN_POINT('',(-9.72726285792855,-60.2760678293694,33.5205043681941));
#3395=CARTESIAN_POINT('Ctrl Pts',(-9.72730151841923,-60.2760655533602,33.5205461870051));
#3396=CARTESIAN_POINT('Ctrl Pts',(-9.93704403902036,-60.3257919602478,33.6907837053274));
#3397=CARTESIAN_POINT('Ctrl Pts',(-10.1430390188068,-60.3689915425251,33.8671124104258));
#3398=CARTESIAN_POINT('Ctrl Pts',(-10.3448966180712,-60.4059955345327,34.0493727995786));
#3399=CARTESIAN_POINT('Ctrl Pts',(-10.4741487484109,-60.4296896873191,34.1660765732309));
#3400=CARTESIAN_POINT('Ctrl Pts',(-10.6017049566912,-60.4508425514599,34.2852126530151));
#3401=CARTESIAN_POINT('Ctrl Pts',(-10.7274656600115,-60.469530698222,34.4067417593682));
#3402=CARTESIAN_POINT('Ctrl Pts',(-10.9303041558835,-60.4996726700764,34.6027551442056));
#3403=CARTESIAN_POINT('Ctrl Pts',(-11.1280953696276,-60.5233494715891,34.8046293335394));
#3404=CARTESIAN_POINT('Ctrl Pts',(-11.3204936214756,-60.5409048931749,35.012115691862));
#3405=CARTESIAN_POINT('Ctrl Pts',(-11.435658647439,-60.5514131517651,35.1363121001648));
#3406=CARTESIAN_POINT('Ctrl Pts',(-11.5488918397781,-60.5597271452781,35.262519582896));
#3407=CARTESIAN_POINT('Ctrl Pts',(-11.6601218742867,-60.5659125479628,35.3906868047239));
#3408=CARTESIAN_POINT('',(-6.24686503362519,-59.618751463007,31.3894781927993));
#3409=CARTESIAN_POINT('Ctrl Pts',(-6.24686503356526,-59.6187514630467,31.3894781929217));
#3410=CARTESIAN_POINT('Ctrl Pts',(-7.06849113780309,-59.737029299737,31.753453080207));
#3411=CARTESIAN_POINT('Ctrl Pts',(-7.85570248509541,-59.8753676194952,32.1887482220302));
#3412=CARTESIAN_POINT('Ctrl Pts',(-8.98494770825423,-60.1060732906452,32.9453077963494));
#3413=CARTESIAN_POINT('Ctrl Pts',(-9.36492524348339,-60.1901654561842,33.2264106942491));
#3414=CARTESIAN_POINT('Ctrl Pts',(-9.72726285792842,-60.2760678293695,33.5205043681942));
#3415=CARTESIAN_POINT('',(6.27416630524662,-59.618751463007,31.3894781927993));
#3416=CARTESIAN_POINT('Ctrl Pts',(6.27416630518688,-59.6187514630467,31.3894781929218));
#3417=CARTESIAN_POINT('Ctrl Pts',(5.46045998776224,-59.5016137255165,31.0290117184021));
#3418=CARTESIAN_POINT('Ctrl Pts',(4.57117790782621,-59.4466111355977,30.7222509601836));
#3419=CARTESIAN_POINT('Ctrl Pts',(2.43825086312661,-59.3780366793101,30.204623644799));
#3420=CARTESIAN_POINT('Ctrl Pts',(1.17500614527903,-59.3788469686212,30.0648718429763));
#3421=CARTESIAN_POINT('Ctrl Pts',(-1.14770487365758,-59.3788469686212,30.0648718429763));
#3422=CARTESIAN_POINT('Ctrl Pts',(-2.41094959150517,-59.3780366793101,30.2046236447989));
#3423=CARTESIAN_POINT('Ctrl Pts',(-4.54387663620477,-59.4466111355977,30.7222509601836));
#3424=CARTESIAN_POINT('Ctrl Pts',(-5.43315871614081,-59.5016137255165,31.0290117184021));
#3425=CARTESIAN_POINT('Ctrl Pts',(-6.24686503356544,-59.6187514630467,31.3894781929218));
#3426=CARTESIAN_POINT('',(9.73154794048576,-60.2706192232786,33.5018596822832));
#3427=CARTESIAN_POINT('Ctrl Pts',(9.73154794048576,-60.2706192232786,33.5018596822832));
#3428=CARTESIAN_POINT('Ctrl Pts',(9.37614670395084,-60.186609268425,33.2145239500398));
#3429=CARTESIAN_POINT('Ctrl Pts',(9.00388748377027,-60.1043650305337,32.9397058510815));
#3430=CARTESIAN_POINT('Ctrl Pts',(7.88300375671685,-59.8753676194953,32.1887482220302));
#3431=CARTESIAN_POINT('Ctrl Pts',(7.09579240942453,-59.737029299737,31.753453080207));
#3432=CARTESIAN_POINT('Ctrl Pts',(6.2741663051867,-59.6187514630467,31.3894781929217));
#3433=CARTESIAN_POINT('',(10.7127236241617,-60.4606570522502,34.3662499661612));
#3434=CARTESIAN_POINT('Ctrl Pts',(10.7127360732487,-60.4606117314605,34.3662819094336));
#3435=CARTESIAN_POINT('Ctrl Pts',(10.5159382774531,-60.431133761424,34.1775383854366));
#3436=CARTESIAN_POINT('Ctrl Pts',(10.3147969321543,-60.3956471946707,33.9946276787495));
#3437=CARTESIAN_POINT('Ctrl Pts',(10.1096924265266,-60.3538523991556,33.8177005320629));
#3438=CARTESIAN_POINT('Ctrl Pts',(9.98508876528435,-60.3284615159758,33.7102149837429));
#3439=CARTESIAN_POINT('Ctrl Pts',(9.85902256283516,-60.3007415788423,33.6049379854039));
#3440=CARTESIAN_POINT('Ctrl Pts',(9.73158170948773,-60.2706164957748,33.5019055719184));
#3441=CARTESIAN_POINT('',(10.7127236241617,-40.,34.3662499661612));
#3442=CARTESIAN_POINT('Ctrl Pts',(-20.1003933292861,-59.6417925372452,45.0794535138367));
#3443=CARTESIAN_POINT('Ctrl Pts',(-19.761453300475,-59.6419372202058,42.9276985612305));
#3444=CARTESIAN_POINT('Ctrl Pts',(-18.1416289195721,-59.6426290001816,38.0363866406573));
#3445=CARTESIAN_POINT('Ctrl Pts',(-14.7885468132157,-59.6438850590739,34.0567908843367));
#3446=CARTESIAN_POINT('Ctrl Pts',(-12.484244062314,-59.6445581377123,32.284893517981));
#3447=CARTESIAN_POINT('Ctrl Pts',(-20.6127098845614,-59.4648591467028,44.9988566740498));
#3448=CARTESIAN_POINT('Ctrl Pts',(-20.2651040020693,-59.4649089404945,42.7912096206092));
#3449=CARTESIAN_POINT('Ctrl Pts',(-18.6038600748779,-59.4651481136072,37.7728495140733));
#3450=CARTESIAN_POINT('Ctrl Pts',(-15.165164663019,-59.4655829260086,33.6899545149101));
#3451=CARTESIAN_POINT('Ctrl Pts',(-12.8021146261162,-59.4658146480383,31.872088659863));
#3452=CARTESIAN_POINT('Ctrl Pts',(-21.1539160151937,-59.3739755756,44.9137149714186));
#3453=CARTESIAN_POINT('Ctrl Pts',(-20.7971713624805,-59.3739753889197,42.6470167599921));
#3454=CARTESIAN_POINT('Ctrl Pts',(-19.0922527657389,-59.3739756035434,37.4944190809546));
#3455=CARTESIAN_POINT('Ctrl Pts',(-15.5632084940524,-59.3739764531164,33.3022729730547));
#3456=CARTESIAN_POINT('Ctrl Pts',(-13.1381049397427,-59.3739755756,31.4357524603528));
#3457=CARTESIAN_POINT('Ctrl Pts',(-21.6952270244288,-59.3739755756,44.8285567694495));
#3458=CARTESIAN_POINT('Ctrl Pts',(-21.3293417091555,-59.3739755756,42.5027943097534));
#3459=CARTESIAN_POINT('Ctrl Pts',(-19.5807409531419,-59.3739755756,37.2159331689182));
#3460=CARTESIAN_POINT('Ctrl Pts',(-15.9613324374861,-59.3739755756,32.9145165956202));
#3461=CARTESIAN_POINT('Ctrl Pts',(-13.4741617247239,-59.3739755756,30.9993299373471));
#3462=CARTESIAN_POINT('',(-19.9770934928762,-59.6418450577478,44.3783168198961));
#3463=CARTESIAN_POINT('',(-21.6952270244288,-59.3739755756,44.8285567694495));
#3464=CARTESIAN_POINT('Ctrl Pts',(-19.9770145374329,-59.6418451669256,44.3783103738435));
#3465=CARTESIAN_POINT('Ctrl Pts',(-20.0701097747862,-59.6138799357219,44.4277409198727));
#3466=CARTESIAN_POINT('Ctrl Pts',(-20.1651698722059,-59.5873278861511,44.4738840575758));
#3467=CARTESIAN_POINT('Ctrl Pts',(-20.2621719933471,-59.5625666029573,44.5163672015752));
#3468=CARTESIAN_POINT('Ctrl Pts',(-20.3562373777781,-59.5385549669721,44.5575641694882));
#3469=CARTESIAN_POINT('Ctrl Pts',(-20.4521292359034,-59.5162274013105,44.5953194021048));
#3470=CARTESIAN_POINT('Ctrl Pts',(-20.5497890758384,-59.495943074548,44.6292665466746));
#3471=CARTESIAN_POINT('Ctrl Pts',(-20.6474489157734,-59.4756587477854,44.6632136912444));
#3472=CARTESIAN_POINT('Ctrl Pts',(-20.7468771992659,-59.4574176753286,44.6933528430017));
#3473=CARTESIAN_POINT('Ctrl Pts',(-20.8479715628323,-59.4415934146589,44.7192897242972));
#3474=CARTESIAN_POINT('Ctrl Pts',(-20.9484444246874,-59.4258664374058,44.7450671524289));
#3475=CARTESIAN_POINT('Ctrl Pts',(-21.0500060884134,-59.412615998267,44.766557768649));
#3476=CARTESIAN_POINT('Ctrl Pts',(-21.152454075214,-59.4021308910006,44.7834716316057));
#3477=CARTESIAN_POINT('Ctrl Pts',(-21.2542810906968,-59.3917093374562,44.8002829740141));
#3478=CARTESIAN_POINT('Ctrl Pts',(-21.3569837744318,-59.3840198006707,44.8125727441059));
#3479=CARTESIAN_POINT('Ctrl Pts',(-21.4603165772912,-59.3793352188205,44.8200376480001));
#3480=CARTESIAN_POINT('Ctrl Pts',(-21.5383033057103,-59.375799698614,44.8256715165932));
#3481=CARTESIAN_POINT('Ctrl Pts',(-21.6166480013157,-59.3739755756,44.8285567694495));
#3482=CARTESIAN_POINT('Ctrl Pts',(-21.6952270244288,-59.3739755756,44.8285567694495));
#3483=CARTESIAN_POINT('',(-13.4741617247239,-59.3739755756,30.9993299373471));
#3484=CARTESIAN_POINT('Ctrl Pts',(-21.6952270244288,-59.3739755756,44.8285567694495));
#3485=CARTESIAN_POINT('Ctrl Pts',(-21.3293417091555,-59.3739755756,42.5027943097534));
#3486=CARTESIAN_POINT('Ctrl Pts',(-19.5807409531419,-59.3739755756,37.2159331689182));
#3487=CARTESIAN_POINT('Ctrl Pts',(-15.9613324374861,-59.3739755756,32.9145165956202));
#3488=CARTESIAN_POINT('Ctrl Pts',(-13.4741617247239,-59.3739755756,30.9993299373471));
#3489=CARTESIAN_POINT('',(-12.4842440623145,-59.6445581377122,32.2848935179812));
#3490=CARTESIAN_POINT('Origin',(-13.4741617247239,-64.3739755756,30.9993299373471));
#3491=CARTESIAN_POINT('Ctrl Pts',(-12.484244062314,-59.6445581377123,32.284893517981));
#3492=CARTESIAN_POINT('Ctrl Pts',(-14.7885468132157,-59.6438850590739,34.0567908843367));
#3493=CARTESIAN_POINT('Ctrl Pts',(-17.9850770456906,-59.6426876442491,37.8505835039665));
#3494=CARTESIAN_POINT('Ctrl Pts',(-19.6064192546653,-59.6420030472114,42.4729455634854));
#3495=CARTESIAN_POINT('Ctrl Pts',(-19.9770186176813,-59.6418451651874,44.3783313518209));
#3496=CARTESIAN_POINT('Ctrl Pts',(-12.4842440623143,-59.6445581377122,32.2848935179812));
#3497=CARTESIAN_POINT('Ctrl Pts',(-11.8417223160204,-59.613640062282,31.6763914399752));
#3498=CARTESIAN_POINT('Ctrl Pts',(-11.0206959603387,-59.6014323454892,31.3361822920397));
#3499=CARTESIAN_POINT('Ctrl Pts',(-10.1699061442222,-59.6187514629586,31.3894781926504));
#3500=CARTESIAN_POINT('Ctrl Pts',(-12.8021146261164,-59.4658146480382,31.8720886598631));
#3501=CARTESIAN_POINT('Ctrl Pts',(-12.0649455814758,-59.4551704249342,31.2243091148106));
#3502=CARTESIAN_POINT('Ctrl Pts',(-11.1295373972989,-59.450968102199,30.8541031711061));
#3503=CARTESIAN_POINT('Ctrl Pts',(-10.1699061442223,-59.4569122093615,30.8914523094092));
#3504=CARTESIAN_POINT('Ctrl Pts',(-13.1381049397429,-59.3739755756,31.4357524603529));
#3505=CARTESIAN_POINT('Ctrl Pts',(-12.2986975586261,-59.3740158845874,30.7492941432646));
#3506=CARTESIAN_POINT('Ctrl Pts',(-11.2439705419072,-59.3739959812112,30.3491919477534));
#3507=CARTESIAN_POINT('Ctrl Pts',(-10.1699061442223,-59.3739755756,30.3678751254241));
#3508=CARTESIAN_POINT('Ctrl Pts',(-13.474161724724,-59.3739755756,30.9993299373472));
#3509=CARTESIAN_POINT('Ctrl Pts',(-12.5324754311163,-59.3739755756,30.2742068018336));
#3510=CARTESIAN_POINT('Ctrl Pts',(-11.3584248177083,-59.3739755756,29.8442132837907));
#3511=CARTESIAN_POINT('Ctrl Pts',(-10.1699061442223,-59.3739755756,29.8442132837906));
#3512=CARTESIAN_POINT('',(-10.1699061442223,-59.3739755756,29.8442132837906));
#3513=CARTESIAN_POINT('',(-10.1699061442221,-59.6187514629585,31.3894781926503));
#3514=CARTESIAN_POINT('Origin',(-10.1699061442223,-64.3739755756,29.8442132837906));
#3515=CARTESIAN_POINT('Ctrl Pts',(-10.1699061442222,-59.6187514629586,31.3894781926504));
#3516=CARTESIAN_POINT('Ctrl Pts',(-11.0206959603387,-59.6014323454892,31.3361822920397));
#3517=CARTESIAN_POINT('Ctrl Pts',(-11.8417223160204,-59.613640062282,31.6763914399752));
#3518=CARTESIAN_POINT('Ctrl Pts',(-12.4842440623143,-59.6445581377122,32.2848935179812));
#3519=CARTESIAN_POINT('Ctrl Pts',(-13.474161724724,-59.3739755756,30.9993299373472));
#3520=CARTESIAN_POINT('Ctrl Pts',(-12.5324754311163,-59.3739755756,30.2742068018336));
#3521=CARTESIAN_POINT('Ctrl Pts',(-11.3584248177083,-59.3739755756,29.8442132837907));
#3522=CARTESIAN_POINT('Ctrl Pts',(-10.1699061442223,-59.3739755756,29.8442132837906));
#3523=CARTESIAN_POINT('Ctrl Pts',(-1.5787100520065,39.9025733601476,-1.77635683940025E-14));
#3524=CARTESIAN_POINT('Ctrl Pts',(-37.8394892411809,38.4679476761633,-1.77635683940025E-14));
#3525=CARTESIAN_POINT('Ctrl Pts',(-39.8711582241061,2.2357164530792,-1.77635683940025E-14));
#3526=CARTESIAN_POINT('Ctrl Pts',(-41.9028272070313,-33.9965147700049,-1.77635683940025E-14));
#3527=CARTESIAN_POINT('Ctrl Pts',(-6.02974326686628,-39.4759405502383,-1.77635683940025E-14));
#3528=CARTESIAN_POINT('Ctrl Pts',(-2.58833463423351,65.4212675037101,20.5379125413657));
#3529=CARTESIAN_POINT('Ctrl Pts',(-62.0387894662315,63.0691627962636,20.5379125413657));
#3530=CARTESIAN_POINT('Ctrl Pts',(-65.3697616020709,3.66551306902475,20.5379125413657));
#3531=CARTESIAN_POINT('Ctrl Pts',(-68.7007337379103,-55.7381366582141,20.5379125413657));
#3532=CARTESIAN_POINT('Ctrl Pts',(-9.88591496793866,-64.7217923362561,20.5379125413657));
#3533=CARTESIAN_POINT('Ctrl Pts',(-2.48314188151627,62.76247558247,53.2020932926234));
#3534=CARTESIAN_POINT('Ctrl Pts',(-59.517465154883,60.5059629849396,53.2020932926234));
#3535=CARTESIAN_POINT('Ctrl Pts',(-62.7130629370515,3.51654260564187,53.2020932926234));
#3536=CARTESIAN_POINT('Ctrl Pts',(-65.9086607192201,-53.4728777736559,53.2020932926234));
#3537=CARTESIAN_POINT('Ctrl Pts',(-9.48414056255387,-62.0914278514643,53.2020932926234));
#3538=CARTESIAN_POINT('Ctrl Pts',(-2.37794912879903,60.1036836612298,85.8662740438812));
#3539=CARTESIAN_POINT('Ctrl Pts',(-56.9961408435346,57.9427631736156,85.8662740438812));
#3540=CARTESIAN_POINT('Ctrl Pts',(-60.0563642720322,3.36757214225899,85.8662740438812));
#3541=CARTESIAN_POINT('Ctrl Pts',(-63.1165877005298,-51.2076188890977,85.8662740438812));
#3542=CARTESIAN_POINT('Ctrl Pts',(-9.08236615716908,-59.4610633666726,85.8662740438812));
#3543=CARTESIAN_POINT('Ctrl Pts',(-1.25022604627709,31.599999293685,102.000001519918));
#3544=CARTESIAN_POINT('Ctrl Pts',(-29.9661834464275,30.4638778162194,102.000001519918));
#3545=CARTESIAN_POINT('Ctrl Pts',(-31.5751207409219,1.77052837421113,102.000001519918));
#3546=CARTESIAN_POINT('Ctrl Pts',(-33.1840580354162,-26.9228210677972,102.000001519918));
#3547=CARTESIAN_POINT('Ctrl Pts',(-4.77512769049568,-31.2621364603755,102.000001519918));
#3548=CARTESIAN_POINT('',(-20.8267786499437,-59.3739755756,44.7569621477161));
#3549=CARTESIAN_POINT('',(-20.231930757746,-59.5644920104921,44.5129986901878));
#3550=CARTESIAN_POINT('Ctrl Pts',(-20.8267786499437,-59.3739755755999,44.7569621477161));
#3551=CARTESIAN_POINT('Ctrl Pts',(-20.6909311971835,-59.4184329359503,44.7026333602814));
#3552=CARTESIAN_POINT('Ctrl Pts',(-20.55518529831,-59.4622094713856,44.647402340684));
#3553=CARTESIAN_POINT('Ctrl Pts',(-20.356972164199,-59.5251816366268,44.5653626169614));
#3554=CARTESIAN_POINT('Ctrl Pts',(-20.2944314878415,-59.5449123560464,44.5392742209117));
#3555=CARTESIAN_POINT('Ctrl Pts',(-20.231930757746,-59.5644920104921,44.5129986901878));
#3556=CARTESIAN_POINT('',(-38.2854058409925,-49.9999999999972,50.4424385454509));
#3557=CARTESIAN_POINT('Ctrl Pts',(-38.2854058409925,-49.9999999999943,50.4424385454509));
#3558=CARTESIAN_POINT('Ctrl Pts',(-37.3618413941348,-50.7093714246351,50.3948952551838));
#3559=CARTESIAN_POINT('Ctrl Pts',(-36.4178417666551,-51.3963588877172,50.285563028008));
#3560=CARTESIAN_POINT('Ctrl Pts',(-33.1804188882601,-53.6225450175898,49.7399024823671));
#3561=CARTESIAN_POINT('Ctrl Pts',(-30.8114647205834,-55.0348296333421,49.0598914905262));
#3562=CARTESIAN_POINT('Ctrl Pts',(-28.4166767125409,-56.2447543177868,48.1820111066478));
#3563=CARTESIAN_POINT('Ctrl Pts',(-26.1520749873255,-57.388904663693,47.3518543557425));
#3564=CARTESIAN_POINT('Ctrl Pts',(-23.8404039050929,-58.3632675108436,46.336347826033));
#3565=CARTESIAN_POINT('Ctrl Pts',(-21.1072099614881,-59.2892679071429,44.9679026444778));
#3566=CARTESIAN_POINT('Ctrl Pts',(-20.6643608874613,-59.4318908576925,44.7404537302794));
#3567=CARTESIAN_POINT('Ctrl Pts',(-20.231930757746,-59.5644920104921,44.5129986901878));
#3568=CARTESIAN_POINT('',(-38.5798664519986,-49.7725403841202,50.4555155567833));
#3569=CARTESIAN_POINT('Ctrl Pts',(-38.2854058409912,-49.9999999999953,50.4424385454509));
#3570=CARTESIAN_POINT('Ctrl Pts',(-38.3515778448596,-49.9491746040901,50.4458449507085));
#3571=CARTESIAN_POINT('Ctrl Pts',(-38.4176560687005,-49.898226400588,50.4489345108354));
#3572=CARTESIAN_POINT('Ctrl Pts',(-38.5157318449086,-49.822317707184,50.4530498483978));
#3573=CARTESIAN_POINT('Ctrl Pts',(-38.547808055437,-49.7974452217313,50.4543208261665));
#3574=CARTESIAN_POINT('Ctrl Pts',(-38.5798664519984,-49.7725403841204,50.4555155567833));
#3575=CARTESIAN_POINT('',(-41.1394816592074,-47.7,49.9630434410128));
#3576=CARTESIAN_POINT('Ctrl Pts',(-38.5798664519984,-49.7725403841204,50.4555155567836));
#3577=CARTESIAN_POINT('Ctrl Pts',(-38.6970651741326,-49.6885473124087,50.3083686103933));
#3578=CARTESIAN_POINT('Ctrl Pts',(-38.8347628155506,-49.5861824089871,50.1867407756321));
#3579=CARTESIAN_POINT('Ctrl Pts',(-39.1907474020213,-49.3148462104976,49.9534324525912));
#3580=CARTESIAN_POINT('Ctrl Pts',(-39.4331770244096,-49.1250797701034,49.8554273009389));
#3581=CARTESIAN_POINT('Ctrl Pts',(-39.9375446162809,-48.718848559568,49.7602323175621));
#3582=CARTESIAN_POINT('Ctrl Pts',(-40.1779752013763,-48.5209965198782,49.7543000194341));
#3583=CARTESIAN_POINT('Ctrl Pts',(-40.6619788021317,-48.1143717398999,49.8082995424193));
#3584=CARTESIAN_POINT('Ctrl Pts',(-40.9057144316312,-47.9051170939604,49.8710309952226));
#3585=CARTESIAN_POINT('Ctrl Pts',(-41.1394816592075,-47.6999999999999,49.9630434410128));
#3586=CARTESIAN_POINT('',(-41.8907248417581,-47.028678232477,50.2716738878482));
#3587=CARTESIAN_POINT('Ctrl Pts',(-41.1394816592074,-47.7,49.9630434410128));
#3588=CARTESIAN_POINT('Ctrl Pts',(-41.3926215747855,-47.4778845033706,50.0626811147832));
#3589=CARTESIAN_POINT('Ctrl Pts',(-41.643051089218,-47.2540967376457,50.165606007348));
#3590=CARTESIAN_POINT('Ctrl Pts',(-41.8907248417581,-47.028678232477,50.2716738878482));
#3591=CARTESIAN_POINT('',(-44.9792091623429,-44.1189314093425,49.3416377549748));
#3592=CARTESIAN_POINT('Ctrl Pts',(-44.9792091623429,-44.1189314093425,49.3416377549748));
#3593=CARTESIAN_POINT('Ctrl Pts',(-44.8437063031815,-44.2553691661564,49.4053695766502));
#3594=CARTESIAN_POINT('Ctrl Pts',(-44.7055443727291,-44.3931867574365,49.4666172657251));
#3595=CARTESIAN_POINT('Ctrl Pts',(-43.7193629299819,-45.3674467582871,49.8777179342852));
#3596=CARTESIAN_POINT('Ctrl Pts',(-42.8209888310708,-46.2068860367389,50.1206573756315));
#3597=CARTESIAN_POINT('Ctrl Pts',(-41.8907248417581,-47.028678232477,50.2716738878482));
#3598=CARTESIAN_POINT('',(-45.826534449972,-43.2478113281339,48.9068409718272));
#3599=CARTESIAN_POINT('Ctrl Pts',(-45.826534449972,-43.2478113281339,48.9068409718272));
#3600=CARTESIAN_POINT('Ctrl Pts',(-45.6276647526746,-43.4566413369074,49.0179333676985));
#3601=CARTESIAN_POINT('Ctrl Pts',(-45.4237742429031,-43.6675396818657,49.1250578678488));
#3602=CARTESIAN_POINT('Ctrl Pts',(-45.1366804335053,-43.9599231290867,49.2666838308801));
#3603=CARTESIAN_POINT('Ctrl Pts',(-45.0581439528319,-44.0394520107856,49.3045119111176));
#3604=CARTESIAN_POINT('Ctrl Pts',(-44.9792091623429,-44.1189314093425,49.3416377549748));
#3605=CARTESIAN_POINT('',(-45.1625521850175,-43.7294200805233,52.5066285257874));
#3606=CARTESIAN_POINT('Ctrl Pts',(-45.1625521850176,-43.7294200805234,52.5066285257877));
#3607=CARTESIAN_POINT('Ctrl Pts',(-45.4033975465995,-43.6016695779581,51.3063161157599));
#3608=CARTESIAN_POINT('Ctrl Pts',(-45.6246887579166,-43.4412163926604,50.1055641720507));
#3609=CARTESIAN_POINT('Ctrl Pts',(-45.826534449972,-43.2478113281339,48.9068409718271));
#3610=CARTESIAN_POINT('',(-46.7956919719437,-41.2028196581933,57.2313753696335));
#3611=CARTESIAN_POINT('Ctrl Pts',(-45.1625521850175,-43.7294200805235,52.5066285257876));
#3612=CARTESIAN_POINT('Ctrl Pts',(-45.285672724739,-43.5874687067704,52.6534168562685));
#3613=CARTESIAN_POINT('Ctrl Pts',(-45.4038034838008,-43.4480711007328,52.806491636872));
#3614=CARTESIAN_POINT('Ctrl Pts',(-45.9745784394598,-42.7573020557554,53.6143342189659));
#3615=CARTESIAN_POINT('Ctrl Pts',(-46.3453837365889,-42.2487523965339,54.3736323576898));
#3616=CARTESIAN_POINT('Ctrl Pts',(-46.735000785847,-41.5610613427759,55.8554622089093));
#3617=CARTESIAN_POINT('Ctrl Pts',(-46.8183626096817,-41.3339974430722,56.5304689588178));
#3618=CARTESIAN_POINT('Ctrl Pts',(-46.7956919719437,-41.2028196581933,57.2313753696335));
#3619=CARTESIAN_POINT('',(-34.8288531243597,-40.0281997340873,81.8279782338606));
#3620=CARTESIAN_POINT('Ctrl Pts',(-46.7956919719437,-41.2028196581933,57.2313753696335));
#3621=CARTESIAN_POINT('Ctrl Pts',(-46.6913943297834,-40.5993283129191,60.455937769166));
#3622=CARTESIAN_POINT('Ctrl Pts',(-46.1212941220263,-40.1280237879231,63.669059728629));
#3623=CARTESIAN_POINT('Ctrl Pts',(-44.0979234468335,-39.536237443656,69.723541345994));
#3624=CARTESIAN_POINT('Ctrl Pts',(-42.7013489601405,-39.4052370207302,72.5317743630297));
#3625=CARTESIAN_POINT('Ctrl Pts',(-39.204724530223,-39.4822042434017,77.6250185261943));
#3626=CARTESIAN_POINT('Ctrl Pts',(-37.1507553477503,-39.680903482671,79.8821212328433));
#3627=CARTESIAN_POINT('Ctrl Pts',(-34.8288531243597,-40.0281997340873,81.8279782338605));
#3628=CARTESIAN_POINT('',(-34.1742454874197,-40.1707583737031,82.3145676808814));
#3629=CARTESIAN_POINT('Ctrl Pts',(-34.8288531243597,-40.0281997340873,81.8279782338606));
#3630=CARTESIAN_POINT('Ctrl Pts',(-34.617894510399,-40.0597536621961,82.0047709048718));
#3631=CARTESIAN_POINT('Ctrl Pts',(-34.3991331483351,-40.1077726486697,82.1669308714008));
#3632=CARTESIAN_POINT('Ctrl Pts',(-34.1742454874197,-40.1707583737031,82.3145676808814));
#3633=CARTESIAN_POINT('',(-12.4468312889833,-29.0726597706444,101.998935650429));
#3634=CARTESIAN_POINT('Ctrl Pts',(-12.447463336594,-29.0746502677917,101.997120637703));
#3635=CARTESIAN_POINT('Ctrl Pts',(-13.4842996802303,-29.4015716523367,101.596481536145));
#3636=CARTESIAN_POINT('Ctrl Pts',(-17.7916551604043,-30.9192028330522,99.6941644207532));
#3637=CARTESIAN_POINT('Ctrl Pts',(-25.8963314235301,-34.9901788236429,93.9919708000558));
#3638=CARTESIAN_POINT('Ctrl Pts',(-31.3757754632325,-38.5032112531861,86.9718288143055));
#3639=CARTESIAN_POINT('Ctrl Pts',(-34.1742454874197,-40.1707583737031,82.3145676808813));
#3640=CARTESIAN_POINT('',(-1.25031101221594,31.5999992936849,101.999997720122));
#3641=CARTESIAN_POINT('Origin',(0.,0.,102.000001519918));
#3642=CARTESIAN_POINT('',(-11.2676035252383,38.3112098084661,0.));
#3643=CARTESIAN_POINT('Ctrl Pts',(-1.25039597815479,31.5999992936849,101.999997720122));
#3644=CARTESIAN_POINT('Ctrl Pts',(-3.01741831411443,31.6650284923342,101.923732705069));
#3645=CARTESIAN_POINT('Ctrl Pts',(-4.75572577206349,31.8673734037894,101.687195350107));
#3646=CARTESIAN_POINT('Ctrl Pts',(-9.17962642857064,32.7103926675488,100.676798131221));
#3647=CARTESIAN_POINT('Ctrl Pts',(-11.726136864796,33.5279111380779,99.6807649343575));
#3648=CARTESIAN_POINT('Ctrl Pts',(-16.5141687290236,35.5415767550308,97.0419154482762));
#3649=CARTESIAN_POINT('Ctrl Pts',(-18.7162718134474,36.7416724323212,95.3828357743775));
#3650=CARTESIAN_POINT('Ctrl Pts',(-24.7033859743046,40.5078265772346,89.6569360282846));
#3651=CARTESIAN_POINT('Ctrl Pts',(-27.7734406395385,43.176055801724,84.8746010148923));
#3652=CARTESIAN_POINT('Ctrl Pts',(-33.000150673401,48.2255135800542,72.8224627702093));
#3653=CARTESIAN_POINT('Ctrl Pts',(-34.6850040057367,50.3326268340515,65.2934305102033));
#3654=CARTESIAN_POINT('Ctrl Pts',(-35.9283185084794,52.3422083684745,49.747805137978));
#3655=CARTESIAN_POINT('Ctrl Pts',(-35.5017452130988,52.2666545127731,41.8628243579481));
#3656=CARTESIAN_POINT('Ctrl Pts',(-32.6517686823736,50.2094245599716,27.5865026972465));
#3657=CARTESIAN_POINT('Ctrl Pts',(-30.4785152645898,48.452021262045,21.2100949079709));
#3658=CARTESIAN_POINT('Ctrl Pts',(-24.9530767019316,44.657419257886,11.4252091508351));
#3659=CARTESIAN_POINT('Ctrl Pts',(-22.0601776724145,42.8170904788726,7.68119326185596));
#3660=CARTESIAN_POINT('Ctrl Pts',(-16.3473294353041,40.0769323827708,2.7959549384704));
#3661=CARTESIAN_POINT('Ctrl Pts',(-13.9305019162256,39.0930827493415,1.20745768047801));
#3662=CARTESIAN_POINT('Ctrl Pts',(-11.2676035252383,38.3112098084661,-2.24820162486594E-14));
#3663=CARTESIAN_POINT('Origin',(0.,0.,0.));
#3664=CARTESIAN_POINT('',(-24.7040184654136,-53.9984701321718,27.295819693791));
#3665=CARTESIAN_POINT('Ctrl Pts',(-13.7510467667688,-54.7690746379031,20.4925958600236));
#3666=CARTESIAN_POINT('Ctrl Pts',(-14.3171589971563,-54.6934520775441,20.6213933191526));
#3667=CARTESIAN_POINT('Ctrl Pts',(-14.8781936234287,-54.6226500120229,20.7752581695545));
#3668=CARTESIAN_POINT('Ctrl Pts',(-17.447624302244,-54.318144569827,21.6037311598));
#3669=CARTESIAN_POINT('Ctrl Pts',(-19.3506469560246,-54.1497791002096,22.5746140586003));
#3670=CARTESIAN_POINT('Ctrl Pts',(-22.4206772351905,-53.9897444216189,24.8285246349184));
#3671=CARTESIAN_POINT('Ctrl Pts',(-23.6431253278321,-53.9690769700744,25.9915991525879));
#3672=CARTESIAN_POINT('Ctrl Pts',(-24.7040184654136,-53.9984701321718,27.295819693791));
#3673=CARTESIAN_POINT('',(-31.1832769704806,-54.3739755756001,41.7586083946847));
#3674=CARTESIAN_POINT('Ctrl Pts',(-24.7040184654136,-53.9984701321718,27.295819693791));
#3675=CARTESIAN_POINT('Ctrl Pts',(-25.7096627371219,-53.7686334943155,27.8791832990794));
#3676=CARTESIAN_POINT('Ctrl Pts',(-26.6426091628981,-53.5844296415578,28.593183585146));
#3677=CARTESIAN_POINT('Ctrl Pts',(-28.1851163126785,-53.3422914872418,30.1316968471717));
#3678=CARTESIAN_POINT('Ctrl Pts',(-28.8153857882399,-53.2706472205654,30.9168470337195));
#3679=CARTESIAN_POINT('Ctrl Pts',(-29.9599577472678,-53.2074793203617,32.7228309823501));
#3680=CARTESIAN_POINT('Ctrl Pts',(-30.4431307631937,-53.2273950859478,33.7496589880431));
#3681=CARTESIAN_POINT('Ctrl Pts',(-31.049971917369,-53.3525062375204,35.6111464346481));
#3682=CARTESIAN_POINT('Ctrl Pts',(-31.2332005411202,-53.4331016723662,36.4179497363024));
#3683=CARTESIAN_POINT('Ctrl Pts',(-31.4480090656669,-53.6430295897371,38.0281096519835));
#3684=CARTESIAN_POINT('Ctrl Pts',(-31.4829038814337,-53.7704368291688,38.8266332429073));
#3685=CARTESIAN_POINT('Ctrl Pts',(-31.4165778255599,-54.0545107011666,40.3426162953158));
#3686=CARTESIAN_POINT('Ctrl Pts',(-31.3274056099279,-54.2069074012145,41.0575953494699));
#3687=CARTESIAN_POINT('Ctrl Pts',(-31.1832769704806,-54.3739755756002,41.7586083946847));
#3688=CARTESIAN_POINT('',(-28.5292118966208,-56.1728239527372,46.8989556867945));
#3689=CARTESIAN_POINT('Ctrl Pts',(-31.1832769704806,-54.3739755756002,41.7586083946847));
#3690=CARTESIAN_POINT('Ctrl Pts',(-31.0889575049536,-54.4833069407963,42.2173595214954));
#3691=CARTESIAN_POINT('Ctrl Pts',(-30.9673661772765,-54.60112769998,42.6706395690521));
#3692=CARTESIAN_POINT('Ctrl Pts',(-30.3893475891204,-55.0881637280262,44.3827161711967));
#3693=CARTESIAN_POINT('Ctrl Pts',(-29.7339265975777,-55.5152100224516,45.5678977000506));
#3694=CARTESIAN_POINT('Ctrl Pts',(-28.7430637648031,-56.0583469892337,46.6779163322475));
#3695=CARTESIAN_POINT('Ctrl Pts',(-28.6371197989105,-56.1154917140428,46.7903768017854));
#3696=CARTESIAN_POINT('Ctrl Pts',(-28.5292118966207,-56.1728239527373,46.8989556867944));
#3697=CARTESIAN_POINT('Ctrl Pts',(-28.5292118966208,-56.1728239527372,46.8989556867945));
#3698=CARTESIAN_POINT('Ctrl Pts',(-25.9793089436005,-57.4581721173355,46.4821214003954));
#3699=CARTESIAN_POINT('Ctrl Pts',(-23.3893370771659,-58.5353541579505,45.7817932303219));
#3700=CARTESIAN_POINT('Ctrl Pts',(-20.8267786499437,-59.3739755755999,44.7569621477161));
#3701=CARTESIAN_POINT('',(-56.000000834465,27.005621358006,38.0000005662441));
#3702=CARTESIAN_POINT('',(-54.7629356699372,6.84689801297709,78.2909997991952));
#3703=CARTESIAN_POINT('Ctrl Pts',(-56.000000834465,27.0056213580061,38.0000005662441));
#3704=CARTESIAN_POINT('Ctrl Pts',(-57.5876344146319,25.2283748585997,41.9413800743792));
#3705=CARTESIAN_POINT('Ctrl Pts',(-58.6576438457755,23.3912707217425,46.0430058244973));
#3706=CARTESIAN_POINT('Ctrl Pts',(-59.7394130455217,19.62201178919,54.2736910554745));
#3707=CARTESIAN_POINT('Ctrl Pts',(-59.7685688029261,17.7082564621739,58.3694643605293));
#3708=CARTESIAN_POINT('Ctrl Pts',(-58.5429743223012,12.3821592375031,69.1643794700174));
#3709=CARTESIAN_POINT('Ctrl Pts',(-56.5309756272673,9.39616985907531,74.5771198719101));
#3710=CARTESIAN_POINT('Ctrl Pts',(-54.7629356699355,6.84689801299085,78.2909997991952));
#3711=CARTESIAN_POINT('',(-54.7629356699372,-6.84689801297709,78.2909997991952));
#3712=CARTESIAN_POINT('Ctrl Pts',(-54.7629356699372,6.84689801297715,78.2909997991952));
#3713=CARTESIAN_POINT('Ctrl Pts',(-55.3216862988155,6.01100259873357,77.482576311154));
#3714=CARTESIAN_POINT('Ctrl Pts',(-55.8481154162326,5.05582597791909,76.6702518770982));
#3715=CARTESIAN_POINT('Ctrl Pts',(-56.5580870381336,3.19123657591987,75.529293797761));
#3716=CARTESIAN_POINT('Ctrl Pts',(-56.8050639746334,2.2829844023123,75.1139163148587));
#3717=CARTESIAN_POINT('Ctrl Pts',(-57.0037965853718,0.648619684188792,74.7773110119115));
#3718=CARTESIAN_POINT('Ctrl Pts',(-57.0242017602806,-0.00755992242368622,
74.7421934102693));
#3719=CARTESIAN_POINT('Ctrl Pts',(-56.9311588733792,-1.4895518649359,74.9005187545863));
#3720=CARTESIAN_POINT('Ctrl Pts',(-56.7890859644306,-2.2616755106048,75.1424223825302));
#3721=CARTESIAN_POINT('Ctrl Pts',(-56.1720856689277,-4.45412948559096,76.1599508656217));
#3722=CARTESIAN_POINT('Ctrl Pts',(-55.4862684808219,-5.76478633678215,77.2444520124589));
#3723=CARTESIAN_POINT('Ctrl Pts',(-54.7629356699372,-6.84689801297716,78.2909997991952));
#3724=CARTESIAN_POINT('',(-56.000000834465,-27.005621358006,38.0000005662441));
#3725=CARTESIAN_POINT('Ctrl Pts',(-54.7629356699355,-6.84689801299087,78.2909997991953));
#3726=CARTESIAN_POINT('Ctrl Pts',(-56.9735628272499,-10.034320079422,73.6474374225557));
#3727=CARTESIAN_POINT('Ctrl Pts',(-59.4688505104658,-13.8051165005163,66.5142424740239));
#3728=CARTESIAN_POINT('Ctrl Pts',(-59.7401231376694,-21.1940056743844,50.9670866162046));
#3729=CARTESIAN_POINT('Ctrl Pts',(-58.5343755377284,-24.1685633454857,44.2917121086066));
#3730=CARTESIAN_POINT('Ctrl Pts',(-56.000000834465,-27.0056213580061,38.0000005662441));
#3731=CARTESIAN_POINT('Ctrl Pts',(-56.000000834465,-27.005621358006,38.0000005662441));
#3732=CARTESIAN_POINT('Ctrl Pts',(-57.0748265182574,-22.5582147969741,32.2279124238239));
#3733=CARTESIAN_POINT('Ctrl Pts',(-56.685695599565,-18.2709929422566,26.8564610124138));
#3734=CARTESIAN_POINT('Ctrl Pts',(-54.9286576326174,-11.3906050294337,19.4909240640123));
#3735=CARTESIAN_POINT('Ctrl Pts',(-54.0327891755724,-8.95364178841589,17.207311805119));
#3736=CARTESIAN_POINT('Ctrl Pts',(-52.9412623590936,-5.6087784388975,14.7799003695299));
#3737=CARTESIAN_POINT('Ctrl Pts',(-52.5341839734896,-4.30301444329997,13.9714636984746));
#3738=CARTESIAN_POINT('Ctrl Pts',(-52.1506132900537,-2.342967123295,13.24578146712));
#3739=CARTESIAN_POINT('Ctrl Pts',(-52.0608652765303,-1.74050975137293,13.0809531818582));
#3740=CARTESIAN_POINT('Ctrl Pts',(-51.9771677474761,-0.703413671572356,
12.9279103569944));
#3741=CARTESIAN_POINT('Ctrl Pts',(-51.9617709980595,-0.288439199549098,
12.9000392487728));
#3742=CARTESIAN_POINT('Ctrl Pts',(-51.9700165982783,0.570635424945546,12.9150285644502));
#3743=CARTESIAN_POINT('Ctrl Pts',(-51.9954514900525,1.00362664910425,12.9611354889914));
#3744=CARTESIAN_POINT('Ctrl Pts',(-52.1149680730998,2.16799061622228,13.1805096610513));
#3745=CARTESIAN_POINT('Ctrl Pts',(-52.2430112003081,2.87350254275025,13.4175277745452));
#3746=CARTESIAN_POINT('Ctrl Pts',(-53.0284963357739,6.32018036888834,14.9310099952436));
#3747=CARTESIAN_POINT('Ctrl Pts',(-54.2903854066933,9.38394148759941,17.5171643298272));
#3748=CARTESIAN_POINT('Ctrl Pts',(-56.5447319639001,17.2485288841931,25.5924692075092));
#3749=CARTESIAN_POINT('Ctrl Pts',(-57.2093773271667,22.0014713553544,31.5053402520103));
#3750=CARTESIAN_POINT('Ctrl Pts',(-56.000000834465,27.005621358006,38.0000005662441));
#3751=CARTESIAN_POINT('',(-49.8042965137682,5.,86.0602303490348));
#3752=CARTESIAN_POINT('',(-48.4753888382183,5.,87.7070316275442));
#3753=CARTESIAN_POINT('Ctrl Pts',(-49.8042965137805,5.,86.0602303490444));
#3754=CARTESIAN_POINT('Ctrl Pts',(-49.8042564959585,5.,86.0602817195208));
#3755=CARTESIAN_POINT('Ctrl Pts',(-49.8042164780833,5.,86.0603330898976));
#3756=CARTESIAN_POINT('Ctrl Pts',(-49.3669246514789,5.,86.6216765488298));
#3757=CARTESIAN_POINT('Ctrl Pts',(-48.923299650258,5.,87.1710652919495));
#3758=CARTESIAN_POINT('Ctrl Pts',(-48.4753888382183,5.,87.7070316275441));
#3759=CARTESIAN_POINT('',(-39.3401994115789,5.,96.5855756953904));
#3760=CARTESIAN_POINT('Ctrl Pts',(-48.4753888382183,5.,87.7070316275441));
#3761=CARTESIAN_POINT('Ctrl Pts',(-47.6944244093809,5.,88.6415271384865));
#3762=CARTESIAN_POINT('Ctrl Pts',(-46.9003238415133,5.,89.5351284955585));
#3763=CARTESIAN_POINT('Ctrl Pts',(-44.84937084907,5.,91.7186289197352));
#3764=CARTESIAN_POINT('Ctrl Pts',(-43.4738686003731,5.,93.0614278876905));
#3765=CARTESIAN_POINT('Ctrl Pts',(-41.1459864376973,5.,95.1195094942728));
#3766=CARTESIAN_POINT('Ctrl Pts',(-40.2556355255092,5.,95.8638088691602));
#3767=CARTESIAN_POINT('Ctrl Pts',(-39.3401994115789,5.,96.5855756953904));
#3768=CARTESIAN_POINT('',(-37.9767937613588,5.,97.6300777499246));
#3769=CARTESIAN_POINT('Ctrl Pts',(-39.3401994115789,5.,96.5855756953904));
#3770=CARTESIAN_POINT('Ctrl Pts',(-38.8914383691409,5.,96.9393970362872));
#3771=CARTESIAN_POINT('Ctrl Pts',(-38.4366673644224,5.,97.2878272347771));
#3772=CARTESIAN_POINT('Ctrl Pts',(-37.9767937613588,5.,97.6300777499246));
#3773=CARTESIAN_POINT('',(-33.958635735903,0.,100.611466607451));
#3774=CARTESIAN_POINT('Ctrl Pts',(-37.9767937613588,5.,97.6300777499246));
#3775=CARTESIAN_POINT('Ctrl Pts',(-37.9146061986755,5.,97.6763594352015));
#3776=CARTESIAN_POINT('Ctrl Pts',(-37.8524241815553,4.99819987880872,97.722631145291));
#3777=CARTESIAN_POINT('Ctrl Pts',(-37.7105203233136,4.98997972850821,97.8282130363482));
#3778=CARTESIAN_POINT('Ctrl Pts',(-37.6308661547784,4.98239420664134,97.8874690247183));
#3779=CARTESIAN_POINT('Ctrl Pts',(-37.4733932390873,4.96149736301611,98.0045961550431));
#3780=CARTESIAN_POINT('Ctrl Pts',(-37.3956002683329,4.94829195560358,98.0624484626249));
#3781=CARTESIAN_POINT('Ctrl Pts',(-37.2139507880209,4.91067329824304,98.1975135414032));
#3782=CARTESIAN_POINT('Ctrl Pts',(-37.1104534270051,4.88397807916935,98.2744515407505));
#3783=CARTESIAN_POINT('Ctrl Pts',(-36.7836751416465,4.7828067824857,98.5173184576956));
#3784=CARTESIAN_POINT('Ctrl Pts',(-36.5646201113525,4.6894125785415,98.6800415307066));
#3785=CARTESIAN_POINT('Ctrl Pts',(-36.1466435419424,4.45943548609016,98.9903849532055));
#3786=CARTESIAN_POINT('Ctrl Pts',(-35.9481155512809,4.32430613971552,99.1377167046714));
#3787=CARTESIAN_POINT('Ctrl Pts',(-35.4900107429615,3.9469432831994,99.4775380232517));
#3788=CARTESIAN_POINT('Ctrl Pts',(-35.2427531895953,3.68503225594584,99.660821692492));
#3789=CARTESIAN_POINT('Ctrl Pts',(-34.7050126385731,2.95956674067724,100.059228505725));
#3790=CARTESIAN_POINT('Ctrl Pts',(-34.4495023509039,2.46393867026923,100.248342580028));
#3791=CARTESIAN_POINT('Ctrl Pts',(-34.064015915818,1.3149196692377,100.533562427902));
#3792=CARTESIAN_POINT('Ctrl Pts',(-33.9586357359029,0.660728093606651,100.611466607451));
#3793=CARTESIAN_POINT('Ctrl Pts',(-33.9586357359029,4.02455846426619E-15,
100.611466607451));
#3794=CARTESIAN_POINT('',(-33.7991607677354,-6.00000000000034,100.379030958338));
#3795=CARTESIAN_POINT('Ctrl Pts',(-33.9586357359029,1.11022302462516E-15,
100.611466607451));
#3796=CARTESIAN_POINT('Ctrl Pts',(-33.9586357359029,-1.94444409963726,100.611466607451));
#3797=CARTESIAN_POINT('Ctrl Pts',(-33.9080092589444,-3.95727825195124,100.537678236966));
#3798=CARTESIAN_POINT('Ctrl Pts',(-33.7991607677354,-6.00000000000034,100.379030958338));
#3799=CARTESIAN_POINT('',(-35.3535207023547,-8.,99.1093685982703));
#3800=CARTESIAN_POINT('Ctrl Pts',(-33.7991607677353,-6.00000000000224,100.379030958338));
#3801=CARTESIAN_POINT('Ctrl Pts',(-33.7951863308986,-6.07458687275237,100.373238194642));
#3802=CARTESIAN_POINT('Ctrl Pts',(-33.7946738042483,-6.14925535206067,100.365116340304));
#3803=CARTESIAN_POINT('Ctrl Pts',(-33.8070275949596,-6.4565451192677,100.321998716694));
#3804=CARTESIAN_POINT('Ctrl Pts',(-33.8505753524169,-6.6831508944796,100.2671231897));
#3805=CARTESIAN_POINT('Ctrl Pts',(-33.9954934184682,-7.0842914980121,100.124490231338));
#3806=CARTESIAN_POINT('Ctrl Pts',(-34.0904466265246,-7.25911561597813,100.041003148939));
#3807=CARTESIAN_POINT('Ctrl Pts',(-34.310433939277,-7.5436024079435,99.8612029075123));
#3808=CARTESIAN_POINT('Ctrl Pts',(-34.4291557389525,-7.65724754823587,99.7686761565191));
#3809=CARTESIAN_POINT('Ctrl Pts',(-34.6401908734908,-7.80363981294586,99.6104753813806));
#3810=CARTESIAN_POINT('Ctrl Pts',(-34.7241672066294,-7.85035546782156,99.548824155289));
#3811=CARTESIAN_POINT('Ctrl Pts',(-34.8546251367453,-7.90653944409812,99.4548949509038));
#3812=CARTESIAN_POINT('Ctrl Pts',(-34.8985276930049,-7.92287019872763,99.4235755902625));
#3813=CARTESIAN_POINT('Ctrl Pts',(-34.9694375638116,-7.94521369698246,99.3734440171393));
#3814=CARTESIAN_POINT('Ctrl Pts',(-34.9960197409519,-7.95271429507885,99.3547496691921));
#3815=CARTESIAN_POINT('Ctrl Pts',(-35.0463190648877,-7.96527509901101,99.3195596940088));
#3816=CARTESIAN_POINT('Ctrl Pts',(-35.0699874288321,-7.9705192016083,99.3030761076894));
#3817=CARTESIAN_POINT('Ctrl Pts',(-35.1231517662753,-7.98081793134139,99.2662171604956));
#3818=CARTESIAN_POINT('Ctrl Pts',(-35.152701091036,-7.98553700677592,99.245843776285));
#3819=CARTESIAN_POINT('Ctrl Pts',(-35.2390554144278,-7.99642189407126,99.1866324397818));
#3820=CARTESIAN_POINT('Ctrl Pts',(-35.2961748245609,-8.,99.1478749076843));
#3821=CARTESIAN_POINT('Ctrl Pts',(-35.3535207023547,-8.,99.1093685982703));
#3822=CARTESIAN_POINT('',(-41.0311998159566,-8.,94.7984406423423));
#3823=CARTESIAN_POINT('Ctrl Pts',(-35.3535207023547,-8.,99.1093685982703));
#3824=CARTESIAN_POINT('Ctrl Pts',(-37.3084206662541,-8.,97.7967026180917));
#3825=CARTESIAN_POINT('Ctrl Pts',(-39.2169914668204,-8.,96.349967773371));
#3826=CARTESIAN_POINT('Ctrl Pts',(-41.0311998159566,-8.,94.7984406423423));
#3827=CARTESIAN_POINT('',(-42.744267567688,-8.,93.2771419320103));
#3828=CARTESIAN_POINT('Ctrl Pts',(-41.0311998159566,-8.,94.7984406423423));
#3829=CARTESIAN_POINT('Ctrl Pts',(-41.6151188583753,-8.,94.2990678789724));
#3830=CARTESIAN_POINT('Ctrl Pts',(-42.186788671501,-8.,93.7911432135293));
#3831=CARTESIAN_POINT('Ctrl Pts',(-42.744267567688,-8.,93.2771419320102));
#3832=CARTESIAN_POINT('',(-41.2353830949219,-7.24280370531953,94.7436355819041));
#3833=CARTESIAN_POINT('Ctrl Pts',(-42.7442675676882,-7.99999999999911,93.2771419320102));
#3834=CARTESIAN_POINT('Ctrl Pts',(-42.5176583384041,-7.93447732850206,93.4973847681918));
#3835=CARTESIAN_POINT('Ctrl Pts',(-42.2902534631474,-7.84839950196328,93.7184008973507));
#3836=CARTESIAN_POINT('Ctrl Pts',(-41.7788290232636,-7.60611404795424,94.2154573036076));
#3837=CARTESIAN_POINT('Ctrl Pts',(-41.4978957973006,-7.43627168501716,94.4884979500951));
#3838=CARTESIAN_POINT('Ctrl Pts',(-41.2353830949219,-7.24280370531956,94.7436355819041));
#3839=CARTESIAN_POINT('',(-38.1351558951749,0.,97.7567645415533));
#3840=CARTESIAN_POINT('Ctrl Pts',(-41.2353830949219,-7.24280370531954,94.7436355819041));
#3841=CARTESIAN_POINT('Ctrl Pts',(-41.0600291173415,-7.11357041692246,94.9140631389812));
#3842=CARTESIAN_POINT('Ctrl Pts',(-40.8928352587551,-6.97395112946427,95.0765598286507));
#3843=CARTESIAN_POINT('Ctrl Pts',(-40.5006124066763,-6.60974024484012,95.4577635140875));
#3844=CARTESIAN_POINT('Ctrl Pts',(-40.2549494268737,-6.34424484835529,95.696524801911));
#3845=CARTESIAN_POINT('Ctrl Pts',(-39.7992344128492,-5.75925781350076,96.1394368911334));
#3846=CARTESIAN_POINT('Ctrl Pts',(-39.589169769558,-5.43978527661822,96.3435999473607));
#3847=CARTESIAN_POINT('Ctrl Pts',(-39.1797201716436,-4.72098184206134,96.7415464078953));
#3848=CARTESIAN_POINT('Ctrl Pts',(-38.9373317669801,-4.19190983838649,96.9771251169765));
#3849=CARTESIAN_POINT('Ctrl Pts',(-38.5722350809169,-3.18129713184673,97.3319647229057));
#3850=CARTESIAN_POINT('Ctrl Pts',(-38.4046803226816,-2.55738512258534,97.4948121730561));
#3851=CARTESIAN_POINT('Ctrl Pts',(-38.1861580882599,-1.27094206146311,97.7071952116015));
#3852=CARTESIAN_POINT('Ctrl Pts',(-38.1351558951748,-0.608422477787861,
97.7567645415535));
#3853=CARTESIAN_POINT('Ctrl Pts',(-38.1351558951748,-3.19189119579733E-15,
97.7567645415535));
#3854=CARTESIAN_POINT('',(-49.6883510839547,0.,86.5281465219984));
#3855=CARTESIAN_POINT('Origin',(-1.18634027236017,0.,48.1820111066478));
#3856=CARTESIAN_POINT('',(-46.5748712757243,-7.24054179378179,89.5541557693942));
#3857=CARTESIAN_POINT('Ctrl Pts',(-49.6883510839548,-1.52655665885959E-15,
86.5281465219983));
#3858=CARTESIAN_POINT('Ctrl Pts',(-49.6883510839548,-0.484532443226435,
86.5281465219983));
#3859=CARTESIAN_POINT('Ctrl Pts',(-49.6557353680464,-1.01407053268826,86.5598459271746));
#3860=CARTESIAN_POINT('Ctrl Pts',(-49.5147590580322,-2.05314573819513,86.6968616279474));
#3861=CARTESIAN_POINT('Ctrl Pts',(-49.4063916719906,-2.56268106227864,86.8021845246661));
#3862=CARTESIAN_POINT('Ctrl Pts',(-49.1732131800179,-3.39035429805315,87.0288120657017));
#3863=CARTESIAN_POINT('Ctrl Pts',(-49.0207669689557,-3.82702440630275,87.1769754304311));
#3864=CARTESIAN_POINT('Ctrl Pts',(-48.7675007926703,-4.4269975430512,87.4231263094142));
#3865=CARTESIAN_POINT('Ctrl Pts',(-48.6408820318086,-4.69423798776757,87.5461878241376));
#3866=CARTESIAN_POINT('Ctrl Pts',(-48.3649053212786,-5.20480931751858,87.8144112042675));
#3867=CARTESIAN_POINT('Ctrl Pts',(-48.2155432625023,-5.44813588342005,87.9595770633401));
#3868=CARTESIAN_POINT('Ctrl Pts',(-47.8591666135164,-5.97083659693199,88.3059416141995));
#3869=CARTESIAN_POINT('Ctrl Pts',(-47.6079287939643,-6.28662634813297,88.5501211214024));
#3870=CARTESIAN_POINT('Ctrl Pts',(-47.0909830733387,-6.82532219022308,89.0525436927259));
#3871=CARTESIAN_POINT('Ctrl Pts',(-46.8283525182918,-7.05405601690667,89.3077958662328));
#3872=CARTESIAN_POINT('Ctrl Pts',(-46.5748712757243,-7.24054179378177,89.5541557693942));
#3873=CARTESIAN_POINT('',(-45.088072482665,-8.,90.9976619604066));
#3874=CARTESIAN_POINT('Ctrl Pts',(-46.574871275724,-7.24054179378194,89.5541557693944));
#3875=CARTESIAN_POINT('Ctrl Pts',(-46.3641908174639,-7.39553909667142,89.758917339794));
#3876=CARTESIAN_POINT('Ctrl Pts',(-46.1333120801866,-7.56855525501693,89.9782898483319));
#3877=CARTESIAN_POINT('Ctrl Pts',(-45.8630232678471,-7.78611983035867,90.2273184428177));
#3878=CARTESIAN_POINT('Ctrl Pts',(-45.800315773467,-7.83774095913593,90.2845435243215));
#3879=CARTESIAN_POINT('Ctrl Pts',(-45.7158440058834,-7.90992535127574,90.3606855286722));
#3880=CARTESIAN_POINT('Ctrl Pts',(-45.6923272837433,-7.9303125935004,90.3817805184807));
#3881=CARTESIAN_POINT('Ctrl Pts',(-45.6582929817482,-7.96035541660422,90.4121396599047));
#3882=CARTESIAN_POINT('Ctrl Pts',(-45.6475871038052,-7.96988410931319,90.4216646921233));
#3883=CARTESIAN_POINT('Ctrl Pts',(-45.6311640516551,-7.98463709801616,90.4362353779112));
#3884=CARTESIAN_POINT('Ctrl Pts',(-45.6254168859464,-7.98982553895025,90.4413265722598));
#3885=CARTESIAN_POINT('Ctrl Pts',(-45.6188891110719,-7.99574996897323,90.4471000929414));
#3886=CARTESIAN_POINT('Ctrl Pts',(-45.6180996141906,-7.99646701607648,90.4477982139985));
#3887=CARTESIAN_POINT('Ctrl Pts',(-45.6168735495267,-7.99758138585133,90.448882135537));
#3888=CARTESIAN_POINT('Ctrl Pts',(-45.6164370986794,-7.99797823698997,90.4492679395508));
#3889=CARTESIAN_POINT('Ctrl Pts',(-45.6157729643671,-7.99858235967115,90.4498549341865));
#3890=CARTESIAN_POINT('Ctrl Pts',(-45.6155449747405,-7.99878979205264,90.450056429781));
#3891=CARTESIAN_POINT('Ctrl Pts',(-45.6152055470911,-7.99909868040847,90.4503563942332));
#3892=CARTESIAN_POINT('Ctrl Pts',(-45.6150943955588,-7.99919984190016,90.4504546197627));
#3893=CARTESIAN_POINT('Ctrl Pts',(-45.6149173522863,-7.99936098966789,90.4506110694847));
#3894=CARTESIAN_POINT('Ctrl Pts',(-45.6148537133172,-7.99941891863844,90.4506673049408));
#3895=CARTESIAN_POINT('Ctrl Pts',(-45.6147508869759,-7.99951252422825,90.4507581672929));
#3896=CARTESIAN_POINT('Ctrl Pts',(-45.6147114662489,-7.99954841105404,90.4507930010356));
#3897=CARTESIAN_POINT('Ctrl Pts',(-45.6146342633961,-7.99961869626909,90.4508612196582));
#3898=CARTESIAN_POINT('Ctrl Pts',(-45.6146068705457,-7.99964363556738,90.4508854244925));
#3899=CARTESIAN_POINT('Ctrl Pts',(-45.6145698025826,-7.99967738397645,90.4509181782507));
#3900=CARTESIAN_POINT('Ctrl Pts',(-45.6145492558899,-7.99969609003675,90.4509363337235));
#3901=CARTESIAN_POINT('Ctrl Pts',(-45.6144875593642,-7.99975226384738,90.4509908489047));
#3902=CARTESIAN_POINT('Ctrl Pts',(-45.6144659964157,-7.99977189712195,90.451009901828));
#3903=CARTESIAN_POINT('Ctrl Pts',(-45.6144352156328,-7.99979992358598,90.4510370995008));
#3904=CARTESIAN_POINT('Ctrl Pts',(-45.6144073110861,-7.99982533221359,90.4510617555047));
#3905=CARTESIAN_POINT('Ctrl Pts',(-45.6144016494129,-7.99983048743119,90.4510667580715));
#3906=CARTESIAN_POINT('Ctrl Pts',(-45.614378472356,-7.99985159111776,90.4510872369643));
#3907=CARTESIAN_POINT('Ctrl Pts',(-45.6143557152506,-7.99987231297675,90.451107344654));
#3908=CARTESIAN_POINT('Ctrl Pts',(-45.6143370298798,-7.99988932797492,90.4511238544873));
#3909=CARTESIAN_POINT('Ctrl Pts',(-45.6143332511467,-7.99989276884178,90.451127193273));
#3910=CARTESIAN_POINT('Ctrl Pts',(-45.6143171240245,-7.99990745378492,90.4511414427904));
#3911=CARTESIAN_POINT('Ctrl Pts',(-45.6143079882022,-7.9999157728594,90.4511495149197));
#3912=CARTESIAN_POINT('Ctrl Pts',(-45.6142941891631,-7.99992833814077,90.4511617073384));
#3913=CARTESIAN_POINT('Ctrl Pts',(-45.6142823110692,-7.99993915442886,90.4511722024197));
#3914=CARTESIAN_POINT('Ctrl Pts',(-45.6142763861254,-7.99994455123363,90.451177437219));
#3915=CARTESIAN_POINT('Ctrl Pts',(-45.6142653550378,-7.99995459663584,90.4511871838276));
#3916=CARTESIAN_POINT('Ctrl Pts',(-45.6142602485856,-7.999959244436,90.4511916961092));
#3917=CARTESIAN_POINT('Ctrl Pts',(-45.6142505258704,-7.99996809797673,90.4512002867592));
#3918=CARTESIAN_POINT('Ctrl Pts',(-45.6142459089474,-7.99997230201381,90.451204366136));
#3919=CARTESIAN_POINT('Ctrl Pts',(-45.6142366346133,-7.99998074691669,90.451212560667));
#3920=CARTESIAN_POINT('Ctrl Pts',(-45.6142319767661,-7.9999849866571,90.4512166764872));
#3921=CARTESIAN_POINT('Ctrl Pts',(-45.6142194888756,-7.99999635157638,90.451227711545));
#3922=CARTESIAN_POINT('Ctrl Pts',(-45.6142201407505,-8.00000000482972,90.4512263523902));
#3923=CARTESIAN_POINT('Ctrl Pts',(-45.614208515347,-7.99999999899558,90.4512385774734));
#3924=CARTESIAN_POINT('Ctrl Pts',(-45.6141801703892,-7.99999999814578,90.451268382072));
#3925=CARTESIAN_POINT('Ctrl Pts',(-45.6139475801132,-8.00000000892259,90.4515129462625));
#3926=CARTESIAN_POINT('Ctrl Pts',(-45.6116224907037,-7.99999999998986,90.4539578433142));
#3927=CARTESIAN_POINT('Ctrl Pts',(-45.4391823945005,-8.00000000018543,90.6352275293894));
#3928=CARTESIAN_POINT('Ctrl Pts',(-45.2688540176694,-8.,90.8121383078397));
#3929=CARTESIAN_POINT('Ctrl Pts',(-45.0943366991417,-8.,90.991235468555));
#3930=CARTESIAN_POINT('Ctrl Pts',(-45.0912047671612,-8.,90.9944488862457));
#3931=CARTESIAN_POINT('Ctrl Pts',(-45.088072482665,-8.,90.9976619604066));
#3932=CARTESIAN_POINT('',(-51.8249664392261,-8.,82.7660697375909));
#3933=CARTESIAN_POINT('Ctrl Pts',(-45.088072482665,-8.,90.9976619604066));
#3934=CARTESIAN_POINT('Ctrl Pts',(-45.6454246544165,-8.,90.4259342441899));
#3935=CARTESIAN_POINT('Ctrl Pts',(-46.1831685830746,-8.,89.8519366491312));
#3936=CARTESIAN_POINT('Ctrl Pts',(-48.4614196088399,-8.,87.3279495462589));
#3937=CARTESIAN_POINT('Ctrl Pts',(-50.2153859826457,-8.,85.123493886931));
#3938=CARTESIAN_POINT('Ctrl Pts',(-51.8249664392261,-8.,82.7660697375909));
#3939=CARTESIAN_POINT('',(-53.2707638571216,-6.00000001662846,80.9674219947754));
#3940=CARTESIAN_POINT('Ctrl Pts',(-51.8249664392261,-8.,82.7660697375909));
#3941=CARTESIAN_POINT('Ctrl Pts',(-51.9738657227887,-8.00000000044499,82.5479888298509));
#3942=CARTESIAN_POINT('Ctrl Pts',(-52.124989658459,-7.96494383617419,82.3315271607461));
#3943=CARTESIAN_POINT('Ctrl Pts',(-52.4477371650043,-7.80667385851824,81.881634746382));
#3944=CARTESIAN_POINT('Ctrl Pts',(-52.6178315468701,-7.66802215132886,81.6527314408555));
#3945=CARTESIAN_POINT('Ctrl Pts',(-52.8912404696967,-7.31804549100788,81.3057037180461));
#3946=CARTESIAN_POINT('Ctrl Pts',(-52.9991458907195,-7.12800258940239,81.1773168057276));
#3947=CARTESIAN_POINT('Ctrl Pts',(-53.1377565105856,-6.76989626953937,81.0321852240337));
#3948=CARTESIAN_POINT('Ctrl Pts',(-53.1812391466623,-6.62197826365179,80.9928357878528));
#3949=CARTESIAN_POINT('Ctrl Pts',(-53.2445486828916,-6.31398855515333,80.9517724546448));
#3950=CARTESIAN_POINT('Ctrl Pts',(-53.2638775245983,-6.15703314899867,80.9502611370377));
#3951=CARTESIAN_POINT('Ctrl Pts',(-53.27076385858,-6.,80.9674219984099));
#3952=CARTESIAN_POINT('',(-53.4011356215521,0.,81.295245631569));
#3953=CARTESIAN_POINT('Ctrl Pts',(-53.2707638578408,-6.00000001685587,80.9674219965677));
#3954=CARTESIAN_POINT('Ctrl Pts',(-53.2985140715148,-5.36719547419583,81.0365760008788));
#3955=CARTESIAN_POINT('Ctrl Pts',(-53.3217793767156,-4.73300542130633,81.0949369289758));
#3956=CARTESIAN_POINT('Ctrl Pts',(-53.381066116812,-2.7341134791917,81.2441065191284));
#3957=CARTESIAN_POINT('Ctrl Pts',(-53.4011356215521,-1.367844272739,81.2952456315691));
#3958=CARTESIAN_POINT('Ctrl Pts',(-53.4011356215521,-6.38378239159465E-15,
81.2952456315691));
#3959=CARTESIAN_POINT('Ctrl Pts',(-53.4011356215521,9.71445146547012E-16,
81.2952456315691));
#3960=CARTESIAN_POINT('Ctrl Pts',(-53.4011356215521,0.555286785662993,81.2952456315691));
#3961=CARTESIAN_POINT('Ctrl Pts',(-53.336608736567,1.10112087696845,81.3834863255227));
#3962=CARTESIAN_POINT('Ctrl Pts',(-53.0806074420629,2.17040913224618,81.731989966142));
#3963=CARTESIAN_POINT('Ctrl Pts',(-52.8839583221744,2.67260964692253,81.9991482734339));
#3964=CARTESIAN_POINT('Ctrl Pts',(-52.3534869717303,3.61753162298091,82.7144182247619));
#3965=CARTESIAN_POINT('Ctrl Pts',(-52.0075471268415,4.02688912959931,83.1779959575816));
#3966=CARTESIAN_POINT('Ctrl Pts',(-51.1733009410055,4.69567535884466,84.283702181685));
#3967=CARTESIAN_POINT('Ctrl Pts',(-50.6731087171737,4.90915546962143,84.9392790584857));
#3968=CARTESIAN_POINT('Ctrl Pts',(-50.0430025460471,4.99220607464032,85.7533120457175));
#3969=CARTESIAN_POINT('Ctrl Pts',(-49.9237882520562,4.99999999999882,85.9068400040269));
#3970=CARTESIAN_POINT('Ctrl Pts',(-49.8042965137805,5.,86.0602303490444));
#3971=CARTESIAN_POINT('Origin',(0.,-64.3739755756,29.8442132837907));
#3972=CARTESIAN_POINT('',(0.,-59.6187514629586,31.3894781926504));
#3973=CARTESIAN_POINT('',(10.1699061442219,-59.3739755756,29.8442132837907));
#3974=CARTESIAN_POINT('',(0.,-59.3739755756,29.8442132837907));
#3975=CARTESIAN_POINT('',(10.1699061442219,-59.6187514629586,31.3894781926504));
#3976=CARTESIAN_POINT('Origin',(10.1699061442219,-64.3739755756,29.8442132837907));
#3977=CARTESIAN_POINT('',(0.,-59.6187514629586,31.3894781926504));
#3978=CARTESIAN_POINT('Ctrl Pts',(10.1699061442219,-59.6187514629586,31.3894781926504));
#3979=CARTESIAN_POINT('Ctrl Pts',(11.0207008372066,-59.6014322462132,31.3361819865387));
#3980=CARTESIAN_POINT('Ctrl Pts',(11.8417186329798,-59.6136398850545,31.6763879519408));
#3981=CARTESIAN_POINT('Ctrl Pts',(12.4842440623147,-59.6445581377123,32.2848935179816));
#3982=CARTESIAN_POINT('Ctrl Pts',(10.1699061442219,-59.4569122093615,30.8914523094092));
#3983=CARTESIAN_POINT('Ctrl Pts',(11.129542898064,-59.4509680681264,30.8541029570146));
#3984=CARTESIAN_POINT('Ctrl Pts',(12.0649413559013,-59.4551703639197,31.2243054016314));
#3985=CARTESIAN_POINT('Ctrl Pts',(12.8021146261169,-59.4658146480382,31.8720886598636));
#3986=CARTESIAN_POINT('Ctrl Pts',(10.1699061442219,-59.3739755756,30.3678751254241));
#3987=CARTESIAN_POINT('Ctrl Pts',(11.2439766986221,-59.3739959813282,30.3491918406582));
#3988=CARTESIAN_POINT('Ctrl Pts',(12.2986927470047,-59.3740158848184,30.7492902083723));
#3989=CARTESIAN_POINT('Ctrl Pts',(13.1381049397434,-59.3739755756,31.4357524603533));
#3990=CARTESIAN_POINT('Ctrl Pts',(10.1699061442219,-59.3739755756,29.8442132837906));
#3991=CARTESIAN_POINT('Ctrl Pts',(11.3584316304941,-59.3739755756,29.8442132837906));
#3992=CARTESIAN_POINT('Ctrl Pts',(12.5324700332154,-59.3739755756,30.2742026453082));
#3993=CARTESIAN_POINT('Ctrl Pts',(13.4741617247246,-59.3739755756,30.9993299373477));
#3994=CARTESIAN_POINT('',(13.4741617247246,-59.3739755756,30.9993299373477));
#3995=CARTESIAN_POINT('',(12.4842440623148,-59.6445581377123,32.2848935179816));
#3996=CARTESIAN_POINT('Origin',(13.4741617247246,-64.3739755756,30.9993299373477));
#3997=CARTESIAN_POINT('Ctrl Pts',(12.4842440623147,-59.6445581377123,32.2848935179816));
#3998=CARTESIAN_POINT('Ctrl Pts',(11.8417186329798,-59.6136398850545,31.6763879519408));
#3999=CARTESIAN_POINT('Ctrl Pts',(11.0207008372066,-59.6014322462132,31.3361819865387));
#4000=CARTESIAN_POINT('Ctrl Pts',(10.1699061442219,-59.6187514629586,31.3894781926504));
#4001=CARTESIAN_POINT('Ctrl Pts',(10.1699061442219,-59.3739755756,29.8442132837906));
#4002=CARTESIAN_POINT('Ctrl Pts',(11.3584316304941,-59.3739755756,29.8442132837906));
#4003=CARTESIAN_POINT('Ctrl Pts',(12.5324700332154,-59.3739755756,30.2742026453082));
#4004=CARTESIAN_POINT('Ctrl Pts',(13.4741617247246,-59.3739755756,30.9993299373477));
#4005=CARTESIAN_POINT('Ctrl Pts',(12.4842440623148,-59.6445581377123,32.2848935179816));
#4006=CARTESIAN_POINT('Ctrl Pts',(14.2182697648935,-59.6440516349716,33.618275415994));
#4007=CARTESIAN_POINT('Ctrl Pts',(17.7584902554458,-59.6428017865948,37.3880214336053));
#4008=CARTESIAN_POINT('Ctrl Pts',(19.6622369626287,-59.6419796240498,42.2502135049244));
#4009=CARTESIAN_POINT('Ctrl Pts',(20.1082891223199,-59.6417891663169,45.1300014610369));
#4010=CARTESIAN_POINT('Ctrl Pts',(12.8021146261169,-59.4658146480383,31.8720886598636));
#4011=CARTESIAN_POINT('Ctrl Pts',(14.5803486272115,-59.4656402734014,33.240062601334));
#4012=CARTESIAN_POINT('Ctrl Pts',(18.2109213581095,-59.4652084472926,37.1076450604096));
#4013=CARTESIAN_POINT('Ctrl Pts',(20.1633509231092,-59.4649235297952,42.096126781825));
#4014=CARTESIAN_POINT('Ctrl Pts',(20.6208075656859,-59.464857982278,45.0507176947884));
#4015=CARTESIAN_POINT('Ctrl Pts',(13.1381049397434,-59.3739755756,31.4357524603534));
#4016=CARTESIAN_POINT('Ctrl Pts',(14.9630352328408,-59.3739762359455,32.8403398315872));
#4017=CARTESIAN_POINT('Ctrl Pts',(18.6889837527312,-59.3739762569866,36.8114191588316));
#4018=CARTESIAN_POINT('Ctrl Pts',(20.6927431131859,-59.3739753298609,41.9333415573122));
#4019=CARTESIAN_POINT('Ctrl Pts',(21.1622265858793,-59.3739755756,44.9669631692778));
#4020=CARTESIAN_POINT('Ctrl Pts',(13.4741617247247,-59.3739755756,30.9993299373477));
#4021=CARTESIAN_POINT('Ctrl Pts',(15.3457985749359,-59.3739755756,32.4405393831908));
#4022=CARTESIAN_POINT('Ctrl Pts',(19.1671408311585,-59.3739755756,36.5151361488355));
#4023=CARTESIAN_POINT('Ctrl Pts',(21.2222377302797,-59.3739755756,41.770522584735));
#4024=CARTESIAN_POINT('Ctrl Pts',(21.7037505232719,-59.3739755756,44.8831924136573));
#4025=CARTESIAN_POINT('',(21.7037505234156,-59.3739755756,44.8831924136351));
#4026=CARTESIAN_POINT('',(19.9289584598829,-59.6418655000509,44.1384554281374));
#4027=CARTESIAN_POINT('Ctrl Pts',(21.7037505232077,-59.3739755756,44.8831924132426));
#4028=CARTESIAN_POINT('Ctrl Pts',(21.5542502317586,-59.3739755756,44.8250237941409));
#4029=CARTESIAN_POINT('Ctrl Pts',(21.4051821343479,-59.3798068932563,44.765888127975));
#4030=CARTESIAN_POINT('Ctrl Pts',(21.2568579945607,-59.3911576680421,44.7059345376232));
#4031=CARTESIAN_POINT('Ctrl Pts',(21.1085338547735,-59.4025084428278,44.6459809472715));
#4032=CARTESIAN_POINT('Ctrl Pts',(20.9609531022196,-59.4193788551789,44.5852095153996));
#4033=CARTESIAN_POINT('Ctrl Pts',(20.8143962419473,-59.441503926703,44.5237477046861));
#4034=CARTESIAN_POINT('Ctrl Pts',(20.6641358403898,-59.4641881062462,44.4607327332879));
#4035=CARTESIAN_POINT('Ctrl Pts',(20.5149844956962,-59.4923912190019,44.3970025662804));
#4036=CARTESIAN_POINT('Ctrl Pts',(20.3672542289893,-59.5258618825579,44.332748157463));
#4037=CARTESIAN_POINT('Ctrl Pts',(20.2195239622824,-59.5593325461138,44.2684937486456));
#4038=CARTESIAN_POINT('Ctrl Pts',(20.0732143119321,-59.5980709076694,44.2037151525924));
#4039=CARTESIAN_POINT('Ctrl Pts',(19.9286199012494,-59.6418659503663,44.1385687326269));
#4040=CARTESIAN_POINT('Ctrl Pts',(19.9286112841444,-59.6418659540454,44.1385272456296));
#4041=CARTESIAN_POINT('Ctrl Pts',(19.4043299459186,-59.6420897943702,41.6143916190866));
#4042=CARTESIAN_POINT('Ctrl Pts',(17.5252897719512,-59.642884116282,37.1397017042821));
#4043=CARTESIAN_POINT('Ctrl Pts',(14.2182697648935,-59.6440516349716,33.618275415994));
#4044=CARTESIAN_POINT('Ctrl Pts',(12.4842440623148,-59.6445581377123,32.2848935179816));
#4045=CARTESIAN_POINT('Ctrl Pts',(13.4741617247247,-59.3739755756,30.9993299373477));
#4046=CARTESIAN_POINT('Ctrl Pts',(15.3457985749359,-59.3739755756,32.4405393831908));
#4047=CARTESIAN_POINT('Ctrl Pts',(19.1671408311585,-59.3739755756,36.5151361488355));
#4048=CARTESIAN_POINT('Ctrl Pts',(21.2222377302797,-59.3739755756,41.770522584735));
#4049=CARTESIAN_POINT('Ctrl Pts',(21.7037505232719,-59.3739755756,44.8831924136573));
#4050=CARTESIAN_POINT('Ctrl Pts',(6.02974326680793,-39.4759405502473,-1.77635683940025E-14));
#4051=CARTESIAN_POINT('Ctrl Pts',(41.9028272070076,-33.9965147700628,-1.77635683940025E-14));
#4052=CARTESIAN_POINT('Ctrl Pts',(39.8711582241077,2.23571645304972,-1.77635683940025E-14));
#4053=CARTESIAN_POINT('Ctrl Pts',(37.8394892412078,38.4679476761622,-1.77635683940025E-14));
#4054=CARTESIAN_POINT('Ctrl Pts',(1.57871005200651,39.9025733601476,-1.77635683940025E-14));
#4055=CARTESIAN_POINT('Ctrl Pts',(9.88591496784298,-64.7217923362707,20.5379125413657));
#4056=CARTESIAN_POINT('Ctrl Pts',(68.7007337378715,-55.738136658309,20.5379125413657));
#4057=CARTESIAN_POINT('Ctrl Pts',(65.3697616020736,3.66551306897642,20.5379125413657));
#4058=CARTESIAN_POINT('Ctrl Pts',(62.0387894662756,63.0691627962618,20.5379125413657));
#4059=CARTESIAN_POINT('Ctrl Pts',(2.58833463423353,65.4212675037101,20.5379125413657));
#4060=CARTESIAN_POINT('Ctrl Pts',(9.48414056246208,-62.0914278514784,53.2020932926234));
#4061=CARTESIAN_POINT('Ctrl Pts',(65.9086607191829,-53.4728777737469,53.2020932926234));
#4062=CARTESIAN_POINT('Ctrl Pts',(62.7130629370541,3.51654260559551,53.2020932926234));
#4063=CARTESIAN_POINT('Ctrl Pts',(59.5174651549254,60.5059629849379,53.2020932926234));
#4064=CARTESIAN_POINT('Ctrl Pts',(2.48314188151629,62.76247558247,53.2020932926234));
#4065=CARTESIAN_POINT('Ctrl Pts',(9.08236615708118,-59.461063366686,85.8662740438812));
#4066=CARTESIAN_POINT('Ctrl Pts',(63.1165877004942,-51.2076188891848,85.8662740438812));
#4067=CARTESIAN_POINT('Ctrl Pts',(60.0563642720347,3.36757214221459,85.8662740438812));
#4068=CARTESIAN_POINT('Ctrl Pts',(56.9961408435751,57.942763173614,85.8662740438812));
#4069=CARTESIAN_POINT('Ctrl Pts',(2.37794912879905,60.1036836612298,85.8662740438812));
#4070=CARTESIAN_POINT('Ctrl Pts',(4.77512769044946,-31.2621364603826,102.000001519918));
#4071=CARTESIAN_POINT('Ctrl Pts',(33.1840580353975,-26.922821067843,102.000001519918));
#4072=CARTESIAN_POINT('Ctrl Pts',(31.5751207409232,1.77052837418778,102.000001519918));
#4073=CARTESIAN_POINT('Ctrl Pts',(29.9661834464488,30.4638778162186,102.000001519918));
#4074=CARTESIAN_POINT('Ctrl Pts',(1.2502260462771,31.599999293685,102.000001519918));
#4075=CARTESIAN_POINT('',(20.7840158565421,-59.3739755756,44.5109348594242));
#4076=CARTESIAN_POINT('Ctrl Pts',(19.9289584641436,-59.641865497873,44.138455417223));
#4077=CARTESIAN_POINT('Ctrl Pts',(20.2129402050995,-59.5558216131762,44.2664833709563));
#4078=CARTESIAN_POINT('Ctrl Pts',(20.4979958875022,-59.4665169920659,44.3906421784511));
#4079=CARTESIAN_POINT('Ctrl Pts',(20.7840158565421,-59.3739755756001,44.5109348594242));
#4080=CARTESIAN_POINT('',(29.2219720874901,-55.8160846087095,46.9208883371868));
#4081=CARTESIAN_POINT('Ctrl Pts',(20.7840158565421,-59.3739755756001,44.5109348594242));
#4082=CARTESIAN_POINT('Ctrl Pts',(23.5880559995784,-58.4667317648454,45.6902424004135));
#4083=CARTESIAN_POINT('Ctrl Pts',(26.4307920654413,-57.2671201857439,46.4753512245864));
#4084=CARTESIAN_POINT('Ctrl Pts',(29.2219720874901,-55.8160846087095,46.9208883371869));
#4085=CARTESIAN_POINT('',(31.41976181976,-54.3739755818127,43.0113854843275));
#4086=CARTESIAN_POINT('Ctrl Pts',(29.2219720874901,-55.8160846087095,46.9208883371868));
#4087=CARTESIAN_POINT('Ctrl Pts',(29.4712707659836,-55.6793408355379,46.6505264547078));
#4088=CARTESIAN_POINT('Ctrl Pts',(29.7050781794587,-55.5461392540776,46.3632859935428));
#4089=CARTESIAN_POINT('Ctrl Pts',(30.5799170954802,-55.026427595636,45.1492245035769));
#4090=CARTESIAN_POINT('Ctrl Pts',(31.0808127853363,-54.676736574287,44.1143108383081));
#4091=CARTESIAN_POINT('Ctrl Pts',(31.4197618336706,-54.3739755756,43.011385439063));
#4092=CARTESIAN_POINT('',(31.4665259450159,-53.,35.1986818225915));
#4093=CARTESIAN_POINT('Ctrl Pts',(31.419761820208,-54.3739755876253,43.0113854828696));
#4094=CARTESIAN_POINT('Ctrl Pts',(31.7239335295728,-54.1022789115629,42.0216240375969));
#4095=CARTESIAN_POINT('Ctrl Pts',(31.9159598387097,-53.8594795396685,40.9931142657422));
#4096=CARTESIAN_POINT('Ctrl Pts',(32.0413578742786,-53.4954376314052,39.1445701291453));
#4097=CARTESIAN_POINT('Ctrl Pts',(32.0247678193116,-53.359874083718,38.3368106350315));
#4098=CARTESIAN_POINT('Ctrl Pts',(31.848049178208,-53.1411236842027,36.7442565387272));
#4099=CARTESIAN_POINT('Ctrl Pts',(31.6916084373576,-53.0574204136231,35.963582110009));
#4100=CARTESIAN_POINT('Ctrl Pts',(31.4665259450159,-53.,35.1986818225915));
#4101=CARTESIAN_POINT('',(29.1630096858533,-53.,30.7030319486909));
#4102=CARTESIAN_POINT('Ctrl Pts',(31.4665259450159,-53.,35.1986818225915));
#4103=CARTESIAN_POINT('Ctrl Pts',(31.4161778686926,-53.,35.0790063406832));
#4104=CARTESIAN_POINT('Ctrl Pts',(31.3651076918968,-53.,34.9595585652676));
#4105=CARTESIAN_POINT('Ctrl Pts',(30.6759276119902,-53.,33.3731937640085));
#4106=CARTESIAN_POINT('Ctrl Pts',(29.9277935445733,-53.,31.9540207591072));
#4107=CARTESIAN_POINT('Ctrl Pts',(29.1630096858534,-53.,30.7030319486909));
#4108=CARTESIAN_POINT('',(25.2610117325295,-53.7401580868865,27.295819693791));
#4109=CARTESIAN_POINT('Ctrl Pts',(29.1630096858533,-53.,30.7030319486909));
#4110=CARTESIAN_POINT('Ctrl Pts',(28.5840936699951,-53.0680552169809,29.9583859872403));
#4111=CARTESIAN_POINT('Ctrl Pts',(27.9315523598701,-53.1730651024356,29.2793121923505));
#4112=CARTESIAN_POINT('Ctrl Pts',(26.6041600011904,-53.4313555035984,28.1558630402871));
#4113=CARTESIAN_POINT('Ctrl Pts',(25.9490602056898,-53.5750197286193,27.694949335562));
#4114=CARTESIAN_POINT('Ctrl Pts',(25.2610117325295,-53.7401580868865,27.295819693791));
#4115=CARTESIAN_POINT('',(13.7497312371713,-54.7080054991825,20.3740217176695));
#4116=CARTESIAN_POINT('Ctrl Pts',(25.2610117325295,-53.7401580868866,27.295819693791));
#4117=CARTESIAN_POINT('Ctrl Pts',(24.2424479311019,-53.7223590260692,26.0436371833299));
#4118=CARTESIAN_POINT('Ctrl Pts',(23.075012862499,-53.7524840437213,24.9216197546976));
#4119=CARTESIAN_POINT('Ctrl Pts',(20.4878198574015,-53.9080395015016,22.9813584721475));
#4120=CARTESIAN_POINT('Ctrl Pts',(19.0787141649168,-54.0332796371353,22.173875896243));
#4121=CARTESIAN_POINT('Ctrl Pts',(16.3500311856118,-54.3426382761089,21.0257137990175));
#4122=CARTESIAN_POINT('Ctrl Pts',(15.0629998873557,-54.5125046504763,20.6331849286082));
#4123=CARTESIAN_POINT('Ctrl Pts',(13.7497312371713,-54.7080054991824,20.3740217176693));
#4124=CARTESIAN_POINT('',(6.02974326685551,-39.4759405503321,1.46505585441048E-10));
#4125=CARTESIAN_POINT('Ctrl Pts',(6.0303393753749,-39.4754186872158,-0.000288790494537533));
#4126=CARTESIAN_POINT('Ctrl Pts',(6.71334060108759,-39.9879626791654,0.490183434123023));
#4127=CARTESIAN_POINT('Ctrl Pts',(8.15446368703353,-41.3085835580623,1.78591357527566));
#4128=CARTESIAN_POINT('Ctrl Pts',(10.5517399917993,-44.3581805556617,5.01488308002665));
#4129=CARTESIAN_POINT('Ctrl Pts',(12.9894177293416,-49.2824849958281,11.0349332476786));
#4130=CARTESIAN_POINT('Ctrl Pts',(13.7054270087219,-52.8517006430567,16.7773823597048));
#4131=CARTESIAN_POINT('Ctrl Pts',(13.7497312371713,-54.7080054991825,20.3740217176694));
#4132=CARTESIAN_POINT('',(11.2676035252383,38.3112098084661,0.));
#4133=CARTESIAN_POINT('Origin',(0.,0.,0.));
#4134=CARTESIAN_POINT('',(1.25031101221594,31.599999293685,101.99999962002));
#4135=CARTESIAN_POINT('Ctrl Pts',(11.2676035252383,38.3112098084661,-1.80411241501588E-14));
#4136=CARTESIAN_POINT('Ctrl Pts',(15.5918002869462,39.5808686322663,1.96075246787262));
#4137=CARTESIAN_POINT('Ctrl Pts',(19.2495153601302,41.3629303206188,4.90805850159883));
#4138=CARTESIAN_POINT('Ctrl Pts',(22.2837374758494,43.1016130675122,8.40418778633855));
#4139=CARTESIAN_POINT('Ctrl Pts',(25.9085291431469,45.1787064682765,12.5807904923391));
#4140=CARTESIAN_POINT('Ctrl Pts',(28.6569617876587,47.1887645613591,17.5246407372537));
#4141=CARTESIAN_POINT('Ctrl Pts',(30.7236655867407,48.7292853648737,22.8905453314639));
#4142=CARTESIAN_POINT('Ctrl Pts',(33.0586748556243,50.4698010385334,28.9530671930828));
#4143=CARTESIAN_POINT('Ctrl Pts',(34.5169958906,51.6191633970307,35.5886639253955));
#4144=CARTESIAN_POINT('Ctrl Pts',(35.1743785792467,51.9483909219294,42.3130020103545));
#4145=CARTESIAN_POINT('Ctrl Pts',(35.92492093684,52.324274265056,49.9902661773346));
#4146=CARTESIAN_POINT('Ctrl Pts',(35.6411740970743,51.6325768710253,57.859748459896));
#4147=CARTESIAN_POINT('Ctrl Pts',(34.3028341372184,49.964276475721,65.2743949534215));
#4148=CARTESIAN_POINT('Ctrl Pts',(33.1884358981699,48.5751294140647,71.4483636335777));
#4149=CARTESIAN_POINT('Ctrl Pts',(31.3400229945784,46.5049115158509,77.3470480557841));
#4150=CARTESIAN_POINT('Ctrl Pts',(28.6375760953712,44.0543803891429,82.6092575366001));
#4151=CARTESIAN_POINT('Ctrl Pts',(26.4562347464103,42.0763785733915,86.8567693492337));
#4152=CARTESIAN_POINT('Ctrl Pts',(23.7184262456662,39.8469325774708,90.6957745129739));
#4153=CARTESIAN_POINT('Ctrl Pts',(20.2853887392698,37.7312328572082,93.8762455244336));
#4154=CARTESIAN_POINT('Ctrl Pts',(17.8960298234148,36.2587275378044,96.0898207486165));
#4155=CARTESIAN_POINT('Ctrl Pts',(15.1671876982471,34.8492876790108,97.9772630406306));
#4156=CARTESIAN_POINT('Ctrl Pts',(12.0952656084778,33.7427623008831,99.3839955107469));
#4157=CARTESIAN_POINT('Ctrl Pts',(9.32928654956494,32.7464394988661,100.650626772911));
#4158=CARTESIAN_POINT('Ctrl Pts',(6.30725855132867,32.0173264445947,101.508666549068));
#4159=CARTESIAN_POINT('Ctrl Pts',(3.16447399527788,31.7244013357171,101.853769319125));
#4160=CARTESIAN_POINT('Ctrl Pts',(2.53200523385499,31.6654517076095,101.923219425439));
#4161=CARTESIAN_POINT('Ctrl Pts',(1.89380676468531,31.6236778216803,101.972227990039));
#4162=CARTESIAN_POINT('Ctrl Pts',(1.25039597815479,31.5999992936849,101.999997720122));
#4163=CARTESIAN_POINT('',(31.624721667197,-3.87291141636587E-15,102.000001519918));
#4164=CARTESIAN_POINT('Origin',(0.,0.,102.000001519918));
#4165=CARTESIAN_POINT('',(12.4466383336451,-29.0715995369694,101.999616333298));
#4166=CARTESIAN_POINT('Origin',(0.,0.,102.000001519918));
#4167=CARTESIAN_POINT('',(34.1742454874197,-40.1707583737031,82.3145676808813));
#4168=CARTESIAN_POINT('Ctrl Pts',(34.1742454874197,-40.1707583737031,82.3145676808813));
#4169=CARTESIAN_POINT('Ctrl Pts',(32.3086747847526,-39.0591055682539,85.4192819890897));
#4170=CARTESIAN_POINT('Ctrl Pts',(28.1407541959717,-36.4580722144945,91.2294649822811));
#4171=CARTESIAN_POINT('Ctrl Pts',(21.6436533158986,-32.7676995096261,97.1450542869137));
#4172=CARTESIAN_POINT('Ctrl Pts',(16.1437665055708,-30.3371548710789,100.423003353175));
#4173=CARTESIAN_POINT('Ctrl Pts',(13.4847208697312,-29.3997620518103,101.597574918862));
#4174=CARTESIAN_POINT('Ctrl Pts',(12.448308676746,-29.073044745538,101.997997628983));
#4175=CARTESIAN_POINT('',(34.8288531243597,-40.0281997340873,81.8279782338606));
#4176=CARTESIAN_POINT('Ctrl Pts',(34.1742454874198,-40.1707583737031,82.3145676808813));
#4177=CARTESIAN_POINT('Ctrl Pts',(34.3988722148466,-40.1078457299801,82.1671021719851));
#4178=CARTESIAN_POINT('Ctrl Pts',(34.6176451674406,-40.059790957425,82.0049798653253));
#4179=CARTESIAN_POINT('Ctrl Pts',(34.8288531243597,-40.0281997340873,81.8279782338606));
#4180=CARTESIAN_POINT('',(46.7956919719437,-41.2028196581933,57.2313753696335));
#4181=CARTESIAN_POINT('Ctrl Pts',(34.8288531243597,-40.0281997340873,81.8279782338606));
#4182=CARTESIAN_POINT('Ctrl Pts',(36.6812184150069,-39.7511340096073,80.2756139986501));
#4183=CARTESIAN_POINT('Ctrl Pts',(38.3653092291809,-39.5681432814156,78.5231968981038));
#4184=CARTESIAN_POINT('Ctrl Pts',(41.5236084689992,-39.3944251661698,74.424015873641));
#4185=CARTESIAN_POINT('Ctrl Pts',(42.9232405570371,-39.4326681498864,72.0555886230723));
#4186=CARTESIAN_POINT('Ctrl Pts',(45.7290858968694,-39.8547343509505,65.62297774252));
#4187=CARTESIAN_POINT('Ctrl Pts',(46.6594606200422,-40.4145521564103,61.4432298840805));
#4188=CARTESIAN_POINT('Ctrl Pts',(46.7956919719437,-41.2028196581933,57.2313753696335));
#4189=CARTESIAN_POINT('',(45.1625521850176,-43.7294200805234,52.5066285257877));
#4190=CARTESIAN_POINT('Ctrl Pts',(46.7956919719437,-41.2028196581933,57.2313753696335));
#4191=CARTESIAN_POINT('Ctrl Pts',(46.8085387090964,-41.2771539818276,56.8341937582274));
#4192=CARTESIAN_POINT('Ctrl Pts',(46.7873166432388,-41.3825404823476,56.4441486754068));
#4193=CARTESIAN_POINT('Ctrl Pts',(46.6815416741248,-41.6527127454393,55.6635759559532));
#4194=CARTESIAN_POINT('Ctrl Pts',(46.5937129960657,-41.8196028823167,55.2773432654952));
#4195=CARTESIAN_POINT('Ctrl Pts',(46.2118232982564,-42.4408612384041,54.0600463793687));
#4196=CARTESIAN_POINT('Ctrl Pts',(45.7991593158999,-42.9837946271721,53.3104813972639));
#4197=CARTESIAN_POINT('Ctrl Pts',(45.2561539514316,-43.6210314673213,52.6200252331369));
#4198=CARTESIAN_POINT('Ctrl Pts',(45.2097894433184,-43.6749580571818,52.5629463286349));
#4199=CARTESIAN_POINT('Ctrl Pts',(45.1625521850176,-43.7294200805234,52.5066285257877));
#4200=CARTESIAN_POINT('',(45.8265344419028,-43.2478113358657,48.9068410197486));
#4201=CARTESIAN_POINT('Ctrl Pts',(45.8265344419028,-43.2478113358657,48.9068410197487));
#4202=CARTESIAN_POINT('Ctrl Pts',(45.6246926169291,-43.4412126936465,50.1055412510849));
#4203=CARTESIAN_POINT('Ctrl Pts',(45.4033992844111,-43.6016686561787,51.306307454946));
#4204=CARTESIAN_POINT('Ctrl Pts',(45.1625521850176,-43.7294200805234,52.5066285257877));
#4205=CARTESIAN_POINT('',(44.9792091623482,-44.1189314093398,49.3416377549736));
#4206=CARTESIAN_POINT('Ctrl Pts',(44.9792091623468,-44.1189314093386,49.341637754973));
#4207=CARTESIAN_POINT('Ctrl Pts',(45.2671462342648,-43.8290077247819,49.2062106928816));
#4208=CARTESIAN_POINT('Ctrl Pts',(45.549749343025,-43.5384591092927,49.0614583970977));
#4209=CARTESIAN_POINT('Ctrl Pts',(45.826534432182,-43.2478113468149,48.906840981765));
#4210=CARTESIAN_POINT('',(41.8907248417749,-47.0286782324603,50.2716738878499));
#4211=CARTESIAN_POINT('Ctrl Pts',(41.890724841777,-47.0286782324603,50.2716738878452));
#4212=CARTESIAN_POINT('Ctrl Pts',(42.559564399722,-46.4378275328362,50.1630963029502));
#4213=CARTESIAN_POINT('Ctrl Pts',(43.2053726935554,-45.8437459777746,50.0080295441183));
#4214=CARTESIAN_POINT('Ctrl Pts',(44.2189616184604,-44.8745282235673,49.6707641702312));
#4215=CARTESIAN_POINT('Ctrl Pts',(44.6053897100781,-44.4953300169885,49.5174583599273));
#4216=CARTESIAN_POINT('Ctrl Pts',(44.9792091623468,-44.1189314093386,49.341637754973));
#4217=CARTESIAN_POINT('',(41.1394816592074,-47.7,49.9630434410128));
#4218=CARTESIAN_POINT('Ctrl Pts',(41.8907248417744,-47.0286782324622,50.2716738878552));
#4219=CARTESIAN_POINT('Ctrl Pts',(41.6430510892289,-47.2540967376359,50.1656060073525));
#4220=CARTESIAN_POINT('Ctrl Pts',(41.3926215747911,-47.4778845033658,50.0626811147854));
#4221=CARTESIAN_POINT('Ctrl Pts',(41.1394816592075,-47.7,49.9630434410128));
#4222=CARTESIAN_POINT('',(38.5798664519417,-49.7725403841593,50.4555155568181));
#4223=CARTESIAN_POINT('Ctrl Pts',(41.1394816592075,-47.6999999999999,49.9630434410128));
#4224=CARTESIAN_POINT('Ctrl Pts',(40.6988104297689,-48.0866632757362,49.7895921064077));
#4225=CARTESIAN_POINT('Ctrl Pts',(40.2476439753233,-48.4660779312404,49.7297168756852));
#4226=CARTESIAN_POINT('Ctrl Pts',(39.5156658474105,-49.0602001017427,49.8253732468235));
#4227=CARTESIAN_POINT('Ctrl Pts',(39.2267764925722,-49.287419182768,49.9293964300082));
#4228=CARTESIAN_POINT('Ctrl Pts',(38.8359144448127,-49.5852837799933,50.1862391350391));
#4229=CARTESIAN_POINT('Ctrl Pts',(38.6983785580378,-49.6876060466131,50.3067196126142));
#4230=CARTESIAN_POINT('Ctrl Pts',(38.579866451957,-49.7725403841501,50.4555155568356));
#4231=CARTESIAN_POINT('',(38.2854058290637,-50.0000000045783,50.4424385448369));
#4232=CARTESIAN_POINT('Ctrl Pts',(38.579866451945,-49.7725403841618,50.4555155567813));
#4233=CARTESIAN_POINT('Ctrl Pts',(38.481922406515,-49.8486290476017,50.4518654444126));
#4234=CARTESIAN_POINT('Ctrl Pts',(38.3837662437312,-49.9244513371693,50.4475019465336));
#4235=CARTESIAN_POINT('Ctrl Pts',(38.2854058312725,-50.00000000746,50.4424385449506));
#4236=CARTESIAN_POINT('',(12.80914606743,-61.1206334709279,39.8257044940743));
#4237=CARTESIAN_POINT('Ctrl Pts',(12.809146067422,-61.1206334709279,39.825704494066));
#4238=CARTESIAN_POINT('Ctrl Pts',(13.1919231076342,-61.084580809922,40.1426152073822));
#4239=CARTESIAN_POINT('Ctrl Pts',(13.5826504592937,-61.0378095615577,40.4400219284814));
#4240=CARTESIAN_POINT('Ctrl Pts',(16.4661163405916,-60.6396058441717,42.5347094727795));
#4241=CARTESIAN_POINT('Ctrl Pts',(20.3421538330259,-59.7539726845243,44.7436669861703));
#4242=CARTESIAN_POINT('Ctrl Pts',(27.8988910619063,-56.6314355013413,48.0932210368695));
#4243=CARTESIAN_POINT('Ctrl Pts',(31.1104405236259,-54.9140970350211,49.2235173828813));
#4244=CARTESIAN_POINT('Ctrl Pts',(35.5701301212837,-52.0065646079917,50.1768488657766));
#4245=CARTESIAN_POINT('Ctrl Pts',(36.956524297397,-51.0206873992681,50.3740303235144));
#4246=CARTESIAN_POINT('Ctrl Pts',(38.2854058290637,-50.0000000091566,50.4424385448369));
#4247=CARTESIAN_POINT('',(13.1166670922893,-60.656356603159,37.343751471309));
#4248=CARTESIAN_POINT('Ctrl Pts',(12.809146067438,-61.1206334709269,39.8257044940828));
#4249=CARTESIAN_POINT('Ctrl Pts',(12.9130693659366,-61.0847511525154,39.7245107253592));
#4250=CARTESIAN_POINT('Ctrl Pts',(13.0059641913355,-61.0490538968594,39.6120307798442));
#4251=CARTESIAN_POINT('Ctrl Pts',(13.2320809848684,-60.9505196875143,39.267460338004));
#4252=CARTESIAN_POINT('Ctrl Pts',(13.3328991315451,-60.8906399686294,39.0168990275458));
#4253=CARTESIAN_POINT('Ctrl Pts',(13.4266632064909,-60.7890270387516,38.5043037509195));
#4254=CARTESIAN_POINT('Ctrl Pts',(13.4248981345996,-60.747293818811,38.2482358476471));
#4255=CARTESIAN_POINT('Ctrl Pts',(13.3280592212808,-60.6863724266655,37.7672072383153));
#4256=CARTESIAN_POINT('Ctrl Pts',(13.241009240472,-60.6662345363197,37.5455811047542));
#4257=CARTESIAN_POINT('Ctrl Pts',(13.1166670922893,-60.656356603159,37.343751471309));
#4258=CARTESIAN_POINT('',(11.6666951045557,-60.5599909796148,35.3690858721517));
#4259=CARTESIAN_POINT('Ctrl Pts',(13.1166670922893,-60.656356603159,37.343751471309));
#4260=CARTESIAN_POINT('Ctrl Pts',(12.7659974874989,-60.6284988657123,36.7745517363067));
#4261=CARTESIAN_POINT('Ctrl Pts',(12.3778836972607,-60.6018533145988,36.229225022363));
#4262=CARTESIAN_POINT('Ctrl Pts',(11.8604948087037,-60.5710165192521,35.5958506554375));
#4263=CARTESIAN_POINT('Ctrl Pts',(11.7644247692254,-60.5654655886534,35.4817388874649));
#4264=CARTESIAN_POINT('Ctrl Pts',(11.6666951045531,-60.5599909796168,35.3690858721539));
#4265=CARTESIAN_POINT('Ctrl Pts',(12.4842561775884,-59.6445549625998,32.284897315452));
#4266=CARTESIAN_POINT('Ctrl Pts',(12.2490594742288,-59.9738127530446,33.3151077976572));
#4267=CARTESIAN_POINT('Ctrl Pts',(11.9780544465979,-60.2790713854716,34.3449185491348));
#4268=CARTESIAN_POINT('Ctrl Pts',(11.6666951045559,-60.559990979617,35.3690858721572));
#4269=CARTESIAN_POINT('',(54.135618713349,0.,80.1076288240718));
#4270=CARTESIAN_POINT('',(53.9978487669485,-6.00000001987695,79.7827108264007));
#4271=CARTESIAN_POINT('Ctrl Pts',(54.1356187133489,-2.77555756156289E-16,
80.1076288240716));
#4272=CARTESIAN_POINT('Ctrl Pts',(54.1356187133489,-1.31033278172841,80.1076288240716));
#4273=CARTESIAN_POINT('Ctrl Pts',(54.1161369142957,-2.61927688813038,80.0611121837433));
#4274=CARTESIAN_POINT('Ctrl Pts',(54.0561351729295,-4.61868033185053,79.9194270347667));
#4275=CARTESIAN_POINT('Ctrl Pts',(54.0298015960397,-5.31015620365664,79.8574235548567));
#4276=CARTESIAN_POINT('Ctrl Pts',(53.9978487678566,-6.00000002014898,79.782710828524));
#4277=CARTESIAN_POINT('',(52.5929547439392,-8.,81.6135312082428));
#4278=CARTESIAN_POINT('Ctrl Pts',(53.9978487678566,-6.00000002014898,79.782710828524));
#4279=CARTESIAN_POINT('Ctrl Pts',(53.9878233496888,-6.21644320123665,79.75926920569));
#4280=CARTESIAN_POINT('Ctrl Pts',(53.9550231059085,-6.43162826249136,79.7719507166806));
#4281=CARTESIAN_POINT('Ctrl Pts',(53.8454441989715,-6.84571909289331,79.8695867331434));
#4282=CARTESIAN_POINT('Ctrl Pts',(53.7699678673531,-7.03693682145191,79.9538716233316));
#4283=CARTESIAN_POINT('Ctrl Pts',(53.5753439196594,-7.39863817355558,80.194411172279));
#4284=CARTESIAN_POINT('Ctrl Pts',(53.453985278296,-7.55728975742112,80.3561874940225));
#4285=CARTESIAN_POINT('Ctrl Pts',(53.1643147759816,-7.83045298077331,80.7596549926491));
#4286=CARTESIAN_POINT('Ctrl Pts',(52.9929584405479,-7.92605541513865,81.0091258823113));
#4287=CARTESIAN_POINT('Ctrl Pts',(52.7450653586598,-7.9902796867959,81.3809796258677));
#4288=CARTESIAN_POINT('Ctrl Pts',(52.6687180427931,-8.00000000009165,81.4970017530445));
#4289=CARTESIAN_POINT('Ctrl Pts',(52.5929547439392,-8.,81.6135312082428));
#4290=CARTESIAN_POINT('',(36.1827534292456,-8.,98.5426661889666));
#4291=CARTESIAN_POINT('Ctrl Pts',(52.5929547439392,-8.,81.6135312082428));
#4292=CARTESIAN_POINT('Ctrl Pts',(50.2165086974527,-7.99999999999999,85.2686777929801));
#4293=CARTESIAN_POINT('Ctrl Pts',(47.3238291751373,-7.99999999999999,88.835386188085));
#4294=CARTESIAN_POINT('Ctrl Pts',(44.0505757564068,-7.99999999999999,92.0371073797458));
#4295=CARTESIAN_POINT('Ctrl Pts',(41.595635692359,-7.99999999999999,94.4383982734914));
#4296=CARTESIAN_POINT('Ctrl Pts',(38.9266228115778,-7.99999999999999,96.6343838652997));
#4297=CARTESIAN_POINT('Ctrl Pts',(36.1827534292456,-7.99999999999999,98.5426661889667));
#4298=CARTESIAN_POINT('',(34.6469458410616,-6.00000000000048,99.8393686966877));
#4299=CARTESIAN_POINT('Ctrl Pts',(36.1827534292456,-8.,98.5426661889666));
#4300=CARTESIAN_POINT('Ctrl Pts',(36.1345390201611,-8.,98.5761979252784));
#4301=CARTESIAN_POINT('Ctrl Pts',(36.0864871393098,-7.99741334940193,98.6099117432319));
#4302=CARTESIAN_POINT('Ctrl Pts',(36.0080577174713,-7.98892959767025,98.6654248462069));
#4303=CARTESIAN_POINT('Ctrl Pts',(35.9775190164538,-7.98454828388398,98.6871633587403));
#4304=CARTESIAN_POINT('Ctrl Pts',(35.9241049844762,-7.97498047930339,98.7254024840594));
#4305=CARTESIAN_POINT('Ctrl Pts',(35.9011608246661,-7.97024280431561,98.7418997944881));
#4306=CARTESIAN_POINT('Ctrl Pts',(35.853879071788,-7.95917311921774,98.7760452788933));
#4307=CARTESIAN_POINT('Ctrl Pts',(35.8295665175773,-7.95275240690598,98.7936861510945));
#4308=CARTESIAN_POINT('Ctrl Pts',(35.7678001754489,-7.93456563597122,98.8387167313272));
#4309=CARTESIAN_POINT('Ctrl Pts',(35.7306080534175,-7.92182259150089,98.8660358267129));
#4310=CARTESIAN_POINT('Ctrl Pts',(35.5945535349058,-7.86848840335874,98.9667391431666));
#4311=CARTESIAN_POINT('Ctrl Pts',(35.4992002857683,-7.81763993219666,99.0388520213152));
#4312=CARTESIAN_POINT('Ctrl Pts',(35.2274771075461,-7.63045139796564,99.2491719428053));
#4313=CARTESIAN_POINT('Ctrl Pts',(35.0701940566093,-7.46162048897273,99.3778102451017));
#4314=CARTESIAN_POINT('Ctrl Pts',(34.8460432144021,-7.09536203880392,99.5755111286486));
#4315=CARTESIAN_POINT('Ctrl Pts',(34.7689557050799,-6.91206709992996,99.6500615709884));
#4316=CARTESIAN_POINT('Ctrl Pts',(34.6578116839272,-6.48712026539816,99.7759647522423));
#4317=CARTESIAN_POINT('Ctrl Pts',(34.633914668827,-6.24447942999396,99.8203756910025));
#4318=CARTESIAN_POINT('Ctrl Pts',(34.6469458410616,-6.0000000000004,99.8393686966877));
#4319=CARTESIAN_POINT('',(34.8064697628708,0.,100.071875696004));
#4320=CARTESIAN_POINT('Ctrl Pts',(34.6469458410616,-6.00000000000047,99.8393686966877));
#4321=CARTESIAN_POINT('Ctrl Pts',(34.7557712265186,-3.95831351728246,99.9979822985545));
#4322=CARTESIAN_POINT('Ctrl Pts',(34.8064697628708,-1.94593347437413,100.071875696004));
#4323=CARTESIAN_POINT('Ctrl Pts',(34.8064697628708,0.,100.071875696004));
#4324=CARTESIAN_POINT('',(38.7784779817396,5.,97.023223239847));
#4325=CARTESIAN_POINT('Ctrl Pts',(34.8064697628708,3.46944695195361E-16,
100.071875696004));
#4326=CARTESIAN_POINT('Ctrl Pts',(34.8064697628708,0.369186582916318,100.071875696004));
#4327=CARTESIAN_POINT('Ctrl Pts',(34.8389915191011,0.737228608545248,100.047000783159));
#4328=CARTESIAN_POINT('Ctrl Pts',(34.9726763252103,1.4844525129484,99.9447213445027));
#4329=CARTESIAN_POINT('Ctrl Pts',(35.078306012525,1.85973968243924,99.8638980979404));
#4330=CARTESIAN_POINT('Ctrl Pts',(35.4101662609123,2.70423582276178,99.6098502711623));
#4331=CARTESIAN_POINT('Ctrl Pts',(35.6645208078588,3.15021872114352,99.415059376501));
#4332=CARTESIAN_POINT('Ctrl Pts',(36.2450268923517,3.88058797176545,98.9700727971336));
#4333=CARTESIAN_POINT('Ctrl Pts',(36.5576974976796,4.17310899145789,98.7302440636126));
#4334=CARTESIAN_POINT('Ctrl Pts',(37.1363098400732,4.56468934553692,98.2860277147709));
#4335=CARTESIAN_POINT('Ctrl Pts',(37.3860677430059,4.69451509443097,98.0941771502552));
#4336=CARTESIAN_POINT('Ctrl Pts',(37.7748187961867,4.84052032207183,97.7953773021889));
#4337=CARTESIAN_POINT('Ctrl Pts',(37.907286410999,4.88105881102446,97.6935309921458));
#4338=CARTESIAN_POINT('Ctrl Pts',(38.1221116921618,4.93222900469768,97.5283155932005));
#4339=CARTESIAN_POINT('Ctrl Pts',(38.2035480107939,4.94833678092278,97.4656743632304));
#4340=CARTESIAN_POINT('Ctrl Pts',(38.3580964318646,4.97272282243625,97.3467737973988));
#4341=CARTESIAN_POINT('Ctrl Pts',(38.431110129738,4.98166249387248,97.2905924841122));
#4342=CARTESIAN_POINT('Ctrl Pts',(38.5955452524083,4.99601364091227,97.1640460130695));
#4343=CARTESIAN_POINT('Ctrl Pts',(38.687001366534,5.,97.0936492665031));
#4344=CARTESIAN_POINT('Ctrl Pts',(38.7784779817396,5.,97.023223239847));
#4345=CARTESIAN_POINT('',(50.6471188360962,5.,84.952742799504));
#4346=CARTESIAN_POINT('Ctrl Pts',(38.7784779817396,5.,97.023223239847));
#4347=CARTESIAN_POINT('Ctrl Pts',(39.891999598067,5.,96.1659450944182));
#4348=CARTESIAN_POINT('Ctrl Pts',(40.9713457554966,5.,95.2739093954196));
#4349=CARTESIAN_POINT('Ctrl Pts',(43.4738686003731,5.,93.0614278876905));
#4350=CARTESIAN_POINT('Ctrl Pts',(44.8493708490699,5.,91.7186289197352));
#4351=CARTESIAN_POINT('Ctrl Pts',(47.3560602576991,5.,89.0499390925245));
#4352=CARTESIAN_POINT('Ctrl Pts',(48.604544954803,5.,87.6003293155069));
#4353=CARTESIAN_POINT('Ctrl Pts',(50.0880088652823,5.,85.6960340324788));
#4354=CARTESIAN_POINT('Ctrl Pts',(50.3691627773568,5.,85.326668410364));
#4355=CARTESIAN_POINT('Ctrl Pts',(50.6471188360975,5.,84.952742799505));
#4356=CARTESIAN_POINT('Ctrl Pts',(50.6471188361035,5.,84.9527427994969));
#4357=CARTESIAN_POINT('Ctrl Pts',(50.9630446416293,4.99999999999892,84.5277376733179));
#4358=CARTESIAN_POINT('Ctrl Pts',(51.2771122337721,4.9422072011055,84.1014090035218));
#4359=CARTESIAN_POINT('Ctrl Pts',(52.0654854493151,4.64002032876474,83.0223657453992));
#4360=CARTESIAN_POINT('Ctrl Pts',(52.5248962301692,4.30528904866022,82.3844113457016));
#4361=CARTESIAN_POINT('Ctrl Pts',(53.2501235643576,3.41918867791687,81.3675269139073));
#4362=CARTESIAN_POINT('Ctrl Pts',(53.5319294001163,2.92002490938088,80.9683185231351));
#4363=CARTESIAN_POINT('Ctrl Pts',(53.8695854626326,1.98179566428363,80.4879875973004));
#4364=CARTESIAN_POINT('Ctrl Pts',(53.9689009661665,1.60248257534309,80.3461278492449));
#4365=CARTESIAN_POINT('Ctrl Pts',(54.10185407893,0.811927801377699,80.1560290072383));
#4366=CARTESIAN_POINT('Ctrl Pts',(54.1356187133489,0.407869588317839,80.1076288240715));
#4367=CARTESIAN_POINT('Ctrl Pts',(54.1356187133489,0.,80.1076288240715));
#4368=CARTESIAN_POINT('',(54.7629356699406,-6.84689801293949,78.2909997991976));
#4369=CARTESIAN_POINT('',(54.7629356699406,6.84689801293949,78.2909997991976));
#4370=CARTESIAN_POINT('Ctrl Pts',(54.7629356699407,-6.84689801293946,78.2909997991975));
#4371=CARTESIAN_POINT('Ctrl Pts',(55.3216862988018,-6.01100259871685,77.4825763111811));
#4372=CARTESIAN_POINT('Ctrl Pts',(55.8481154162032,-5.05582597792926,76.6702518771512));
#4373=CARTESIAN_POINT('Ctrl Pts',(56.5580870381024,-3.19123657595576,75.5292937978204));
#4374=CARTESIAN_POINT('Ctrl Pts',(56.805063974607,-2.28298440234179,75.1139163149111));
#4375=CARTESIAN_POINT('Ctrl Pts',(57.0037965853498,-0.648619684209448,74.7773110119571));
#4376=CARTESIAN_POINT('Ctrl Pts',(57.02420176026,0.00755992240445147,74.7421934103126));
#4377=CARTESIAN_POINT('Ctrl Pts',(56.9311588733611,1.48955186491588,74.9005187546252));
#4378=CARTESIAN_POINT('Ctrl Pts',(56.7890859644145,2.26167551058264,75.1424223825652));
#4379=CARTESIAN_POINT('Ctrl Pts',(56.1720856689179,4.454129485562,76.1599508656448));
#4380=CARTESIAN_POINT('Ctrl Pts',(55.4862684808189,5.76478633674812,77.2444520124705));
#4381=CARTESIAN_POINT('Ctrl Pts',(54.7629356699407,6.84689801293949,78.2909997991975));
#4382=CARTESIAN_POINT('',(56.000000834465,27.005621358006,38.0000005662441));
#4383=CARTESIAN_POINT('Ctrl Pts',(54.7629356699406,6.84689801293949,78.2909997991976));
#4384=CARTESIAN_POINT('Ctrl Pts',(56.9735628272394,10.034320079372,73.6474374225908));
#4385=CARTESIAN_POINT('Ctrl Pts',(59.4688505104711,13.8051165004795,66.5142424740534));
#4386=CARTESIAN_POINT('Ctrl Pts',(59.7401231376749,21.1940056743696,50.9670866162036));
#4387=CARTESIAN_POINT('Ctrl Pts',(58.5343755377338,24.1685633454726,44.2917121086052));
#4388=CARTESIAN_POINT('Ctrl Pts',(56.0000008344702,27.0056213579944,38.000000566242));
#4389=CARTESIAN_POINT('',(56.000000834465,-27.005621358006,38.0000005662441));
#4390=CARTESIAN_POINT('Ctrl Pts',(56.000000834465,27.0056213580061,38.0000005662441));
#4391=CARTESIAN_POINT('Ctrl Pts',(57.0748265182574,22.558214796974,32.2279124238238));
#4392=CARTESIAN_POINT('Ctrl Pts',(56.685695599565,18.2709929422564,26.8564610124136));
#4393=CARTESIAN_POINT('Ctrl Pts',(54.9286576326173,11.3906050294335,19.4909240640122));
#4394=CARTESIAN_POINT('Ctrl Pts',(54.0327891755723,8.95364178841584,17.2073118051189));
#4395=CARTESIAN_POINT('Ctrl Pts',(52.9412623590973,5.60877843890869,14.779900369538));
#4396=CARTESIAN_POINT('Ctrl Pts',(52.5341839734912,4.3030144433078,13.9714636984774));
#4397=CARTESIAN_POINT('Ctrl Pts',(52.1506132900536,2.34296712329481,13.24578146712));
#4398=CARTESIAN_POINT('Ctrl Pts',(52.0608652765303,1.74050975137283,13.0809531818582));
#4399=CARTESIAN_POINT('Ctrl Pts',(51.9771677474762,0.703413671573331,12.9279103569945));
#4400=CARTESIAN_POINT('Ctrl Pts',(51.9617709980595,0.288439199549545,12.9000392487727));
#4401=CARTESIAN_POINT('Ctrl Pts',(51.9700165982783,-0.570635424945813,12.9150285644502));
#4402=CARTESIAN_POINT('Ctrl Pts',(51.9954514900525,-1.00362664910479,12.9611354889915));
#4403=CARTESIAN_POINT('Ctrl Pts',(52.1149680730997,-2.16799061622225,13.1805096610513));
#4404=CARTESIAN_POINT('Ctrl Pts',(52.2430112003081,-2.8735025427501,13.4175277745451));
#4405=CARTESIAN_POINT('Ctrl Pts',(53.0284963357739,-6.32018036888855,14.9310099952436));
#4406=CARTESIAN_POINT('Ctrl Pts',(54.2903854066934,-9.38394148759957,17.5171643298274));
#4407=CARTESIAN_POINT('Ctrl Pts',(56.5447319639001,-17.2485288841931,25.5924692075092));
#4408=CARTESIAN_POINT('Ctrl Pts',(57.2093773271667,-22.0014713553544,31.5053402520103));
#4409=CARTESIAN_POINT('Ctrl Pts',(56.000000834465,-27.0056213580061,38.0000005662441));
#4410=CARTESIAN_POINT('Ctrl Pts',(56.0000008344702,-27.0056213579944,38.000000566242));
#4411=CARTESIAN_POINT('Ctrl Pts',(57.5876344146573,-25.2283748585648,41.9413800744272));
#4412=CARTESIAN_POINT('Ctrl Pts',(58.6576438458079,-23.3912707216826,46.0430058245992));
#4413=CARTESIAN_POINT('Ctrl Pts',(59.7394130455417,-19.6220117890766,54.273691055683));
#4414=CARTESIAN_POINT('Ctrl Pts',(59.7685688029272,-17.7082564620327,58.3694643607891));
#4415=CARTESIAN_POINT('Ctrl Pts',(58.5429743222437,-12.3821592373756,69.164379470204));
#4416=CARTESIAN_POINT('Ctrl Pts',(56.5309756272346,-9.39616985898848,74.577119871992));
#4417=CARTESIAN_POINT('Ctrl Pts',(54.7629356699406,-6.8468980129395,78.2909997991976));
#4418=CARTESIAN_POINT('Origin',(-15.5913269339537,-59.3739755756,33.4788192281179));
#4419=CARTESIAN_POINT('',(22.7521318899443,-59.3739755756,31.6208077788));
#4420=CARTESIAN_POINT('',(21.640792828941,-59.3739755756,23.8470496101088));
#4421=CARTESIAN_POINT('Origin',(25.2610117325295,-59.3739755756,27.295819693791));
#4422=CARTESIAN_POINT('',(23.8803589805504,-59.3739755756,45.6521331630279));
#4423=CARTESIAN_POINT('Origin',(18.4557067742454,-59.3739755756,39.0272953746287));
#4424=CARTESIAN_POINT('Origin',(35.0034441969433,-59.3739755756,10.7013928259136));
#4425=CARTESIAN_POINT('',(-21.0071817527273,-59.3739755756,44.8285567694495));
#4426=CARTESIAN_POINT('',(0.,-59.3739755756,44.8285567694495));
#4427=CARTESIAN_POINT('',(-23.3233657134345,-59.3739755756,45.6521331630279));
#4428=CARTESIAN_POINT('Origin',(-34.4464509298274,-59.3739755756,10.7013928259136));
#4429=CARTESIAN_POINT('',(-22.1951386228284,-59.3739755756,31.6208077788));
#4430=CARTESIAN_POINT('Origin',(-17.8987135071295,-59.3739755756,39.0272953746287));
#4431=CARTESIAN_POINT('',(-21.0837995618251,-59.3739755756,23.8470496101088));
#4432=CARTESIAN_POINT('Origin',(-24.7040184654136,-59.3739755756,27.295819693791));
#4433=CARTESIAN_POINT('',(0.278496633557959,-59.3739755756,22.5105118262312));
#4434=CARTESIAN_POINT('Origin',(-9.36439584484499,-59.3739755756,39.7735409511472));
#4435=CARTESIAN_POINT('Origin',(-34.4464509298274,-59.3739755756,10.7013928259136));
#4436=CARTESIAN_POINT('Origin',(35.0034441969433,-59.3739755756,10.7013928259136));
#4437=CARTESIAN_POINT('Origin',(9.9213891119609,-59.3739755756,39.7735409511472));
#4438=CARTESIAN_POINT('Origin',(-17.8987135071295,-54.3739755756,39.0272953746287));
#4439=CARTESIAN_POINT('',(-24.7040184654136,-54.3739755756,27.295819693791));
#4440=CARTESIAN_POINT('Origin',(-22.1951386228284,-54.3739755756,31.6208077788));
#4441=CARTESIAN_POINT('Ctrl Pts',(-23.3233657134345,-59.3739755756,45.6521331630279));
#4442=CARTESIAN_POINT('Ctrl Pts',(-23.9628265062187,-59.3739755756,45.8556417817889));
#4443=CARTESIAN_POINT('Ctrl Pts',(-24.5728948904306,-59.279291133151,46.0303285045006));
#4444=CARTESIAN_POINT('Ctrl Pts',(-25.8496610936206,-58.8889217684142,46.3652543065935));
#4445=CARTESIAN_POINT('Ctrl Pts',(-26.5195342869075,-58.5398758737051,46.5174766321732));
#4446=CARTESIAN_POINT('Ctrl Pts',(-27.6098336329751,-57.6402409801726,46.7403871827087));
#4447=CARTESIAN_POINT('Ctrl Pts',(-28.0397172221262,-57.1272056143609,46.8169273036801));
#4448=CARTESIAN_POINT('Ctrl Pts',(-28.4169466783137,-56.4202325069131,46.8804832942312));
#4449=CARTESIAN_POINT('Ctrl Pts',(-28.4758181200292,-56.297580029014,46.8902273715708));
#4450=CARTESIAN_POINT('Ctrl Pts',(-28.5292118966207,-56.1728239527371,46.8989556867945));
#4451=CARTESIAN_POINT('Origin',(-17.8987135071295,-54.3739755756,39.0272953746287));
#4452=CARTESIAN_POINT('Ctrl Pts',(-24.7040184654136,-54.3739755756,27.295819693791));
#4453=CARTESIAN_POINT('Ctrl Pts',(-24.7040184654136,-54.3739755756,27.295819693791));
#4454=CARTESIAN_POINT('Ctrl Pts',(-24.7040184654136,-54.3739755756,27.295819693791));
#4455=CARTESIAN_POINT('Ctrl Pts',(-24.7040184654136,-54.3739755756,27.295819693791));
#4456=CARTESIAN_POINT('Ctrl Pts',(-24.7040184654136,-54.3739755756,27.295819693791));
#4457=CARTESIAN_POINT('Ctrl Pts',(-24.7040184654136,-59.3739755756,27.295819693791));
#4458=CARTESIAN_POINT('Ctrl Pts',(-24.7040184654136,-59.3739755756,27.295819693791));
#4459=CARTESIAN_POINT('Ctrl Pts',(-24.7040184654136,-59.3739755756,27.295819693791));
#4460=CARTESIAN_POINT('Ctrl Pts',(-24.7040184654136,-59.3739755756,27.295819693791));
#4461=CARTESIAN_POINT('Ctrl Pts',(-24.7040184654136,-59.3739755756,27.295819693791));
#4462=CARTESIAN_POINT('Ctrl Pts',(-21.548920238957,-59.3739755756,23.4169854383205));
#4463=CARTESIAN_POINT('Ctrl Pts',(-19.5134140653657,-59.3739755756,25.0726947301476));
#4464=CARTESIAN_POINT('Ctrl Pts',(-19.7194585911435,-59.3739755756,27.6884554789868));
#4465=CARTESIAN_POINT('Ctrl Pts',(-19.9255031169212,-59.3739755756,30.304216227826));
#4466=CARTESIAN_POINT('Ctrl Pts',(-22.1951386228284,-59.3739755756,31.6208077788));
#4467=CARTESIAN_POINT('Ctrl Pts',(-24.7040184654136,-54.3739755756,27.295819693791));
#4468=CARTESIAN_POINT('Ctrl Pts',(-24.7040184652981,-54.3861259245504,27.2958196938849));
#4469=CARTESIAN_POINT('Ctrl Pts',(-24.7039905177682,-54.3982762735028,27.2957853358127));
#4470=CARTESIAN_POINT('Ctrl Pts',(-24.7007190994555,-55.1093842897658,27.2917636372591));
#4471=CARTESIAN_POINT('Ctrl Pts',(-24.6061988639021,-55.7993491119426,27.1732224288921));
#4472=CARTESIAN_POINT('Ctrl Pts',(-24.2470223480176,-57.0231512018606,26.7514192415868));
#4473=CARTESIAN_POINT('Ctrl Pts',(-23.9989981154034,-57.5530467079094,26.4677454724744));
#4474=CARTESIAN_POINT('Ctrl Pts',(-23.3582793145521,-58.4355183646884,25.795640992883));
#4475=CARTESIAN_POINT('Ctrl Pts',(-22.97342371974,-58.7812386701248,25.4159042286614));
#4476=CARTESIAN_POINT('Ctrl Pts',(-22.0891092444932,-59.2535043792997,24.6265292901954));
#4477=CARTESIAN_POINT('Ctrl Pts',(-21.5988686183369,-59.3739755756,24.2260597816606));
#4478=CARTESIAN_POINT('Ctrl Pts',(-21.0837995618251,-59.3739755756,23.8470496101088));
#4479=CARTESIAN_POINT('Origin',(-9.36439584484499,-53.,39.7735409511472));
#4480=CARTESIAN_POINT('',(-24.7040184654136,-53.,27.295819693791));
#4481=CARTESIAN_POINT('',(0.278496633557956,-53.,22.5105118262312));
#4482=CARTESIAN_POINT('',(0.278496633557959,-53.,22.5105118262312));
#4483=CARTESIAN_POINT('Origin',(-17.8987135071295,-53.,39.0272953746287));
#4484=CARTESIAN_POINT('Origin',(18.4557067742454,-54.3739755756,39.0272953746287));
#4485=CARTESIAN_POINT('Ctrl Pts',(29.2219720874901,-55.8160846087095,46.9208883371869));
#4486=CARTESIAN_POINT('Ctrl Pts',(29.1931787808216,-55.9021948536742,46.9162922571727));
#4487=CARTESIAN_POINT('Ctrl Pts',(29.161822730131,-55.9875595415712,46.9112521371261));
#4488=CARTESIAN_POINT('Ctrl Pts',(28.8998840691858,-56.6411023852653,46.8687428908686));
#4489=CARTESIAN_POINT('Ctrl Pts',(28.5639454369364,-57.1566381099647,46.8121907362017));
#4490=CARTESIAN_POINT('Ctrl Pts',(27.6840857779109,-58.0951767786341,46.6447777184876));
#4491=CARTESIAN_POINT('Ctrl Pts',(27.1312640856328,-58.4907358334733,46.5300049750364));
#4492=CARTESIAN_POINT('Ctrl Pts',(25.8470325092639,-59.1094743677589,46.2250253137714));
#4493=CARTESIAN_POINT('Ctrl Pts',(25.1153738144568,-59.2972939887419,46.0298630757268));
#4494=CARTESIAN_POINT('Ctrl Pts',(24.21482282162,-59.3673212144623,45.7572216201134));
#4495=CARTESIAN_POINT('Ctrl Pts',(24.0496533384751,-59.3739755756,45.7060111510673));
#4496=CARTESIAN_POINT('Ctrl Pts',(23.8803589805504,-59.3739755756,45.6521331630279));
#4497=CARTESIAN_POINT('',(25.2610117325295,-54.3739755756,27.295819693791));
#4498=CARTESIAN_POINT('Origin',(22.7521318899443,-54.3739755756,31.6208077788));
#4499=CARTESIAN_POINT('Origin',(18.4557067742454,-54.3739755756,39.0272953746287));
#4500=CARTESIAN_POINT('Ctrl Pts',(25.2610117325295,-54.3739755756,27.295819693791));
#4501=CARTESIAN_POINT('Ctrl Pts',(25.2610117325295,-54.3739755756,27.295819693791));
#4502=CARTESIAN_POINT('Ctrl Pts',(25.2610117325295,-54.3739755756,27.295819693791));
#4503=CARTESIAN_POINT('Ctrl Pts',(25.2610117325295,-54.3739755756,27.295819693791));
#4504=CARTESIAN_POINT('Ctrl Pts',(25.2610117325295,-54.3739755756,27.295819693791));
#4505=CARTESIAN_POINT('Ctrl Pts',(25.2610117325295,-59.3739755756,27.295819693791));
#4506=CARTESIAN_POINT('Ctrl Pts',(25.2610117325295,-59.3739755756,27.295819693791));
#4507=CARTESIAN_POINT('Ctrl Pts',(25.2610117325295,-59.3739755756,27.295819693791));
#4508=CARTESIAN_POINT('Ctrl Pts',(25.2610117325295,-59.3739755756,27.295819693791));
#4509=CARTESIAN_POINT('Ctrl Pts',(25.2610117325295,-59.3739755756,27.295819693791));
#4510=CARTESIAN_POINT('Ctrl Pts',(22.7521318899443,-59.3739755756,31.6208077788));
#4511=CARTESIAN_POINT('Ctrl Pts',(20.4824963840171,-59.3739755756,30.3042162278144));
#4512=CARTESIAN_POINT('Ctrl Pts',(20.2764518582565,-59.3739755756,27.6884554789506));
#4513=CARTESIAN_POINT('Ctrl Pts',(20.0704073324959,-59.3739755756,25.0726947300868));
#4514=CARTESIAN_POINT('Ctrl Pts',(22.1059135061292,-59.3739755756,23.4169854382747));
#4515=CARTESIAN_POINT('Ctrl Pts',(21.640792828941,-59.3739755756,23.8470496101088));
#4516=CARTESIAN_POINT('Ctrl Pts',(22.1558618854528,-59.3739755756,24.2260597816607));
#4517=CARTESIAN_POINT('Ctrl Pts',(22.6461025116091,-59.2535043792997,24.6265292901954));
#4518=CARTESIAN_POINT('Ctrl Pts',(23.5304169868559,-58.7812386701248,25.4159042286614));
#4519=CARTESIAN_POINT('Ctrl Pts',(23.915272581668,-58.4355183646884,25.795640992883));
#4520=CARTESIAN_POINT('Ctrl Pts',(24.5559913825193,-57.5530467079094,26.4677454724744));
#4521=CARTESIAN_POINT('Ctrl Pts',(24.8040156151335,-57.0231512018606,26.7514192415868));
#4522=CARTESIAN_POINT('Ctrl Pts',(25.163192131018,-55.7993491119427,27.1732224288921));
#4523=CARTESIAN_POINT('Ctrl Pts',(25.2577123665714,-55.1093842897661,27.2917636372591));
#4524=CARTESIAN_POINT('Ctrl Pts',(25.2609837848841,-54.3982762735031,27.2957853358127));
#4525=CARTESIAN_POINT('Ctrl Pts',(25.261011732414,-54.386125924551,27.2958196938849));
#4526=CARTESIAN_POINT('Ctrl Pts',(25.2610117325295,-54.3739755756,27.295819693791));
#4527=CARTESIAN_POINT('Origin',(35.0034441969433,-53.,10.7013928259136));
#4528=CARTESIAN_POINT('Origin',(-34.4464509298274,-53.,10.7013928259136));
#4529=CARTESIAN_POINT('Origin',(-34.4464509298274,-53.,10.7013928259136));
#4530=CARTESIAN_POINT('Ctrl Pts',(-21.0071817527273,-59.3739755756,44.8285567694495));
#4531=CARTESIAN_POINT('Ctrl Pts',(-20.7475585606551,-59.4378650962191,44.7263172171489));
#4532=CARTESIAN_POINT('Ctrl Pts',(-20.4891080290301,-59.5014615143853,44.6211169358914));
#4533=CARTESIAN_POINT('Ctrl Pts',(-20.231930757746,-59.5644920104921,44.5129986901878));
#4534=CARTESIAN_POINT('Origin',(9.9213891119609,-53.,39.7735409511472));
#4535=CARTESIAN_POINT('',(0.278496633557959,-53.,22.5105118262312));
#4536=CARTESIAN_POINT('Ctrl Pts',(13.7497312371713,-54.7080054991824,20.3740217176693));
#4537=CARTESIAN_POINT('Ctrl Pts',(13.4844397145199,-54.7474983461529,20.3216685279122));
#4538=CARTESIAN_POINT('Ctrl Pts',(13.2171486421064,-54.7795358781182,20.2745996629601));
#4539=CARTESIAN_POINT('Ctrl Pts',(12.9482997935022,-54.8041438337167,20.2329616925552));
#4540=CARTESIAN_POINT('Ctrl Pts',(12.7826981446948,-54.8193014884436,20.2073141341303));
#4541=CARTESIAN_POINT('Ctrl Pts',(12.6165052473152,-54.8316392855918,20.1837273349742));
#4542=CARTESIAN_POINT('Ctrl Pts',(12.4498233989101,-54.8411536341264,20.162237538265));
#4543=CARTESIAN_POINT('Ctrl Pts',(12.1804765290754,-54.856528193629,20.1275114446177));
#4544=CARTESIAN_POINT('Ctrl Pts',(11.9101566849466,-54.8645154337804,20.0982998179937));
#4545=CARTESIAN_POINT('Ctrl Pts',(11.6392979579327,-54.8650778033299,20.0746668685505));
#4546=CARTESIAN_POINT('Ctrl Pts',(11.4712226183186,-54.8654267692062,20.0600019690749));
#4547=CARTESIAN_POINT('Ctrl Pts',(11.3029396624792,-54.8629157801208,20.0474854347999));
#4548=CARTESIAN_POINT('Ctrl Pts',(11.1345527905169,-54.857526133795,20.0371353594363));
#4549=CARTESIAN_POINT('',(25.2610117325295,-53.,27.295819693791));
#4550=CARTESIAN_POINT('Origin',(35.0034441969433,-53.,10.7013928259136));
#4551=CARTESIAN_POINT('Origin',(18.4557067742454,-53.,39.0272953746287));
#4552=CARTESIAN_POINT('Origin',(18.4557067742454,-53.,39.0272953746287));
#4553=CARTESIAN_POINT('Origin',(16.1483202010696,-53.,33.4788192281179));
#4554=CARTESIAN_POINT('Ctrl Pts',(-10.1942775286667,-59.5757892756746,31.2576895078202));
#4555=CARTESIAN_POINT('Ctrl Pts',(-9.98319737384043,-59.9516640548714,32.4070655308211));
#4556=CARTESIAN_POINT('Ctrl Pts',(-9.73395549918685,-60.2964265612476,33.5565643338202));
#4557=CARTESIAN_POINT('Ctrl Pts',(-9.44062397988932,-60.6097977569076,34.699061216864));
#4558=CARTESIAN_POINT('Ctrl Pts',(-10.9985369193688,-59.6278276627038,31.4168161043288));
#4559=CARTESIAN_POINT('Ctrl Pts',(-10.7707341443294,-60.0066198146629,32.5838908421417));
#4560=CARTESIAN_POINT('Ctrl Pts',(-10.5017226900049,-60.3534157184784,33.7510701849458));
#4561=CARTESIAN_POINT('Ctrl Pts',(-10.1851211266506,-60.6679485701629,34.9110689693654));
#4562=CARTESIAN_POINT('Ctrl Pts',(-11.8027725108339,-59.5994045912848,31.6022504028786));
#4563=CARTESIAN_POINT('Ctrl Pts',(-11.5582493668499,-59.9831972298907,32.7848919248584));
#4564=CARTESIAN_POINT('Ctrl Pts',(-11.2694698824395,-60.3345618167969,33.9676232355746));
#4565=CARTESIAN_POINT('Ctrl Pts',(-10.9296007039676,-60.6532282850533,35.1430588832155));
#4566=CARTESIAN_POINT('Ctrl Pts',(-12.5901300464235,-59.4911157198852,31.8101062819268));
#4567=CARTESIAN_POINT('Ctrl Pts',(-12.3297599070718,-59.881868728724,33.0059763445858));
#4568=CARTESIAN_POINT('Ctrl Pts',(-12.0221967609328,-60.2402302625982,34.201974153884));
#4569=CARTESIAN_POINT('Ctrl Pts',(-11.6601218742867,-60.5659125479628,35.3906868047239));
#4570=CARTESIAN_POINT('Ctrl Pts',(-10.1699071342157,-59.6187513761314,31.3894791257232));
#4571=CARTESIAN_POINT('Ctrl Pts',(-10.0375283395951,-59.8497868557173,32.1004541406918));
#4572=CARTESIAN_POINT('Ctrl Pts',(-9.89046082554098,-60.0689135965119,32.8113719401024));
#4573=CARTESIAN_POINT('Ctrl Pts',(-9.72730151841929,-60.2760655533601,33.5205461870049));
#4574=CARTESIAN_POINT('Ctrl Pts',(-11.6601218742867,-60.5659125479628,35.3906868047239));
#4575=CARTESIAN_POINT('Ctrl Pts',(-11.9742780247039,-60.2833326265079,34.3592941174285));
#4576=CARTESIAN_POINT('Ctrl Pts',(-12.2473963463359,-59.9761509331652,33.3224169770096));
#4577=CARTESIAN_POINT('Ctrl Pts',(-12.4842573844607,-59.6445554395858,32.2848974408257));
#4578=CARTESIAN_POINT('Origin',(0.,11.0550353674579,54.3557401770122));
#4579=CARTESIAN_POINT('Ctrl Pts',(9.73158170948773,-60.2706164957748,33.5019055719184));
#4580=CARTESIAN_POINT('Ctrl Pts',(9.89303618516625,-60.065063247318,32.7988901397665));
#4581=CARTESIAN_POINT('Ctrl Pts',(10.0387022534025,-59.8477354319167,32.09414257214));
#4582=CARTESIAN_POINT('Ctrl Pts',(10.1699069707545,-59.6187513998376,31.3894792924674));
#4583=CARTESIAN_POINT('Origin',(0.,11.0550353674579,54.3557401770122));
#4584=CARTESIAN_POINT('Ctrl Pts',(11.1372714687012,-54.976308711794,20.2662266343854));
#4585=CARTESIAN_POINT('Ctrl Pts',(11.1031869874901,-53.1916889489586,16.8094204390414));
#4586=CARTESIAN_POINT('Ctrl Pts',(10.5271814296901,-49.7608981414816,11.2902310816372));
#4587=CARTESIAN_POINT('Ctrl Pts',(8.55738453751765,-45.0296843500904,5.50423347536127));
#4588=CARTESIAN_POINT('Ctrl Pts',(6.47749624281449,-41.8910486040699,2.17838727191778));
#4589=CARTESIAN_POINT('Ctrl Pts',(5.08152142342281,-40.4437487713374,0.775534559299147));
#4590=CARTESIAN_POINT('Ctrl Pts',(4.26334361529362,-39.8210412067978,0.190639171881941));
#4591=CARTESIAN_POINT('Ctrl Pts',(12.0151219826737,-54.9721010001053,20.2580763022326));
#4592=CARTESIAN_POINT('Ctrl Pts',(11.9775569667463,-53.160506606595,16.750069395861));
#4593=CARTESIAN_POINT('Ctrl Pts',(11.3538263169538,-49.6711466293101,11.1528804538959));
#4594=CARTESIAN_POINT('Ctrl Pts',(9.22561037816088,-44.8524331416337,5.29788581028944));
#4595=CARTESIAN_POINT('Ctrl Pts',(6.98104349091503,-41.6549626918737,1.93786657156827));
#4596=CARTESIAN_POINT('Ctrl Pts',(5.47565702339455,-40.1804382411751,0.522258287205434));
#4597=CARTESIAN_POINT('Ctrl Pts',(4.59371307024245,-39.5460141859051,-0.0676876015436663));
#4598=CARTESIAN_POINT('Ctrl Pts',(12.892938627041,-54.8819480229724,20.2942966947645));
#4599=CARTESIAN_POINT('Ctrl Pts',(12.8518937358378,-53.0462712472713,16.7393021841313));
#4600=CARTESIAN_POINT('Ctrl Pts',(12.1804458605155,-49.5104640929793,11.0670900235858));
#4601=CARTESIAN_POINT('Ctrl Pts',(9.89382602905678,-44.6273809921762,5.13387167387218));
#4602=CARTESIAN_POINT('Ctrl Pts',(7.4845871148612,-41.3869423458019,1.72911297593065));
#4603=CARTESIAN_POINT('Ctrl Pts',(5.86979055617113,-39.8924727953112,0.294704903169047));
#4604=CARTESIAN_POINT('Ctrl Pts',(4.92408116557382,-39.249435656234,-0.303067341245145));
#4605=CARTESIAN_POINT('Ctrl Pts',(13.7497312371713,-54.7080054991825,20.3740217176694));
#4606=CARTESIAN_POINT('Ctrl Pts',(13.7054270087219,-52.8517006430567,16.7773823597048));
#4607=CARTESIAN_POINT('Ctrl Pts',(12.9894177293416,-49.2824849958281,11.0349332476786));
#4608=CARTESIAN_POINT('Ctrl Pts',(10.5517399917993,-44.3581805556617,5.01488308002665));
#4609=CARTESIAN_POINT('Ctrl Pts',(7.98265677246005,-41.0900264189422,1.55450124839441));
#4610=CARTESIAN_POINT('Ctrl Pts',(6.26049140604656,-39.5824156937285,0.0949009715760001));
#4611=CARTESIAN_POINT('Ctrl Pts',(5.25185735191987,-38.9336312095516,-0.513654339829704));
#4612=CARTESIAN_POINT('',(5.74524179112241,-39.5155818120699,8.88178419700125E-15));
#4613=CARTESIAN_POINT('Ctrl Pts',(5.74524179112243,-39.5155818120699,1.82579645846559E-14));
#4614=CARTESIAN_POINT('Ctrl Pts',(5.58514388845505,-39.6004465502847,0.0525969688931065));
#4615=CARTESIAN_POINT('Ctrl Pts',(5.41244348026651,-39.6651674646964,0.0929939648331559));
#4616=CARTESIAN_POINT('Ctrl Pts',(4.91793359311797,-39.7932774414398,0.173109267343026));
#4617=CARTESIAN_POINT('Ctrl Pts',(4.58815144911228,-39.8210412067978,0.190639171881957));
#4618=CARTESIAN_POINT('Ctrl Pts',(4.26334361529362,-39.8210412067978,0.190639171881958));
#4619=CARTESIAN_POINT('Ctrl Pts',(5.74524179112241,-39.5155818120699,3.33066907387547E-15));
#4620=CARTESIAN_POINT('Ctrl Pts',(5.84016483130762,-39.5035998158851,3.33066907387547E-15));
#4621=CARTESIAN_POINT('Ctrl Pts',(5.93499674452426,-39.4904125855381,1.22124532708767E-14));
#4622=CARTESIAN_POINT('Ctrl Pts',(6.02974326666561,-39.475940550269,1.22124532708767E-14));
#4623=CARTESIAN_POINT('Ctrl Pts',(9.4459492277392,-60.6041000350707,34.6783001034773));
#4624=CARTESIAN_POINT('Ctrl Pts',(9.73670394112413,-60.2925345646918,33.543675266852));
#4625=CARTESIAN_POINT('Ctrl Pts',(9.98409349965905,-59.9499056748879,32.4018438765471));
#4626=CARTESIAN_POINT('Ctrl Pts',(10.1937568478461,-59.5767162610193,31.2605243005889));
#4627=CARTESIAN_POINT('Ctrl Pts',(10.1908688185829,-60.6622295695576,34.8899898439675));
#4628=CARTESIAN_POINT('Ctrl Pts',(10.504689147747,-60.3495002227041,33.7379827745402));
#4629=CARTESIAN_POINT('Ctrl Pts',(10.7717012260242,-60.0048467305769,32.5785887552418));
#4630=CARTESIAN_POINT('Ctrl Pts',(10.9979749891655,-59.6287618499965,31.4196945431908));
#4631=CARTESIAN_POINT('Ctrl Pts',(10.9357708013227,-60.6474341248346,35.1216992412965));
#4632=CARTESIAN_POINT('Ctrl Pts',(11.2726543342026,-60.3305947283809,33.9543614268032));
#4633=CARTESIAN_POINT('Ctrl Pts',(11.5592873937978,-59.981400723917,32.7795190907311));
#4634=CARTESIAN_POINT('Ctrl Pts',(11.8021693361112,-59.6003511107394,31.605167235216));
#4635=CARTESIAN_POINT('Ctrl Pts',(11.6666951045559,-60.559990979617,35.3690858721572));
#4636=CARTESIAN_POINT('Ctrl Pts',(12.0255882240864,-60.2361847022179,34.1885637042014));
#4637=CARTESIAN_POINT('Ctrl Pts',(12.3308650934975,-59.8800406690367,33.000543466312));
#4638=CARTESIAN_POINT('Ctrl Pts',(12.5894877795588,-59.4920793979407,31.813055746452));
#4639=CARTESIAN_POINT('Ctrl Pts',(11.6666951045559,-60.559990979617,35.3690858721572));
#4640=CARTESIAN_POINT('Ctrl Pts',(11.4814650633679,-60.549614784623,35.1555711452215));
#4641=CARTESIAN_POINT('Ctrl Pts',(11.2905446699364,-60.5333955913439,34.9476211754244));
#4642=CARTESIAN_POINT('Ctrl Pts',(11.0942734903456,-60.5110076241586,34.7454793216812));
#4643=CARTESIAN_POINT('Ctrl Pts',(10.9692351552023,-60.4967449384707,34.6167009605));
#4644=CARTESIAN_POINT('Ctrl Pts',(10.8420254034947,-60.4799777812544,34.4902800389275));
#4645=CARTESIAN_POINT('Ctrl Pts',(10.7127360732487,-60.4606117314605,34.3662819094336));
#4646=CARTESIAN_POINT('Origin',(21.2340476120008,-47.7,57.6058138439571));
#4647=CARTESIAN_POINT('',(16.6251521629307,-50.,56.6848997656953));
#4648=CARTESIAN_POINT('',(14.3697352410453,-47.6999999999292,56.2342396848438));
#4649=CARTESIAN_POINT('Origin',(16.6251521629307,-47.7,56.6848997656953));
#4650=CARTESIAN_POINT('',(17.8472332331974,-47.7,51.4796822453437));
#4651=CARTESIAN_POINT('Origin',(21.2340476120008,-47.7,57.6058138439571));
#4652=CARTESIAN_POINT('',(18.9600436719471,-50.,53.4925540563167));
#4653=CARTESIAN_POINT('Origin',(18.9600436719471,-47.7,53.4925540563167));
#4654=CARTESIAN_POINT('Origin',(21.2340476120008,-50.,57.6058138439571));
#4655=CARTESIAN_POINT('Origin',(31.1041078175818,-47.7,75.4589587000951));
#4656=CARTESIAN_POINT('',(20.0782278461722,-47.70000000011,50.3754901621205));
#4657=CARTESIAN_POINT('',(29.0608392841376,-50.,50.4424385454506));
#4658=CARTESIAN_POINT('Ctrl Pts',(29.0608392841376,-50.,50.4424385454506));
#4659=CARTESIAN_POINT('Ctrl Pts',(28.5288208115204,-50.,50.4424385454506));
#4660=CARTESIAN_POINT('Ctrl Pts',(27.881434703195,-49.9984341850415,50.4425454512931));
#4661=CARTESIAN_POINT('Ctrl Pts',(26.4964828046035,-49.9806583745243,50.4437240182492));
#4662=CARTESIAN_POINT('Ctrl Pts',(25.6022199079942,-49.9554120393319,50.4455206576111));
#4663=CARTESIAN_POINT('Ctrl Pts',(23.7642455232362,-49.8132484425975,50.4537424972489));
#4664=CARTESIAN_POINT('Ctrl Pts',(22.3725354136737,-49.6448386490487,50.4686713475715));
#4665=CARTESIAN_POINT('Ctrl Pts',(21.0771469798529,-49.1068323038329,50.4694417388657));
#4666=CARTESIAN_POINT('Ctrl Pts',(20.7481797341305,-48.944381301038,50.4686941112587));
#4667=CARTESIAN_POINT('Ctrl Pts',(20.354895785772,-48.6097687127542,50.4554218142832));
#4668=CARTESIAN_POINT('Ctrl Pts',(20.2352324983619,-48.4781134240722,50.4486582954481));
#4669=CARTESIAN_POINT('Ctrl Pts',(20.098668447638,-48.2262085414366,50.4303597478061));
#4670=CARTESIAN_POINT('Ctrl Pts',(20.0622404882722,-48.1178442459001,50.4211740256794));
#4671=CARTESIAN_POINT('Ctrl Pts',(20.0396375291305,-47.9005526166302,50.3994576819545));
#4672=CARTESIAN_POINT('Ctrl Pts',(20.0499434179898,-47.7988479274232,50.3879230802342));
#4673=CARTESIAN_POINT('Ctrl Pts',(20.0782278462009,-47.7000000001197,50.3754901621079));
#4674=CARTESIAN_POINT('Origin',(31.1041078175818,-50.,75.4589587000951));
#4675=CARTESIAN_POINT('Origin',(31.1041078175818,-47.7,75.4589587000951));
#4676=CARTESIAN_POINT('Ctrl Pts',(14.2346196026114,-47.7105828183052,57.6952987106919));
#4677=CARTESIAN_POINT('Ctrl Pts',(14.2283661109847,-47.7124353248683,57.2061560651795));
#4678=CARTESIAN_POINT('Ctrl Pts',(14.2739512769701,-47.7087607291624,56.713609353027));
#4679=CARTESIAN_POINT('Ctrl Pts',(14.3697352410446,-47.6999999998585,56.2342396848475));
#4680=CARTESIAN_POINT('Ctrl Pts',(14.2377764406972,-48.3967181637681,57.6952582967728));
#4681=CARTESIAN_POINT('Ctrl Pts',(14.2320871627065,-48.3982133621241,57.2058157442433));
#4682=CARTESIAN_POINT('Ctrl Pts',(14.2764994794627,-48.3952416487944,56.714647882033));
#4683=CARTESIAN_POINT('Ctrl Pts',(14.3697352410031,-48.3881583906718,56.2342396848392));
#4684=CARTESIAN_POINT('Ctrl Pts',(14.8179331246416,-49.5818195927243,57.6878311165919));
#4685=CARTESIAN_POINT('Ctrl Pts',(14.8130758950027,-49.5822691809676,57.2395221853286));
#4686=CARTESIAN_POINT('Ctrl Pts',(14.8530844925432,-49.581386552016,56.7881161200225));
#4687=CARTESIAN_POINT('Ctrl Pts',(14.9368602039851,-49.5792530191877,56.3475582376922));
#4688=CARTESIAN_POINT('Ctrl Pts',(16.0198420132524,-50.,57.6724442493476));
#4689=CARTESIAN_POINT('Ctrl Pts',(16.0154406962968,-49.9999953383807,57.3082044307039));
#4690=CARTESIAN_POINT('Ctrl Pts',(16.0488714809247,-49.9999776748438,56.9412478181339));
#4691=CARTESIAN_POINT('Ctrl Pts',(16.1190377891552,-50.,56.5837718800301));
#4692=CARTESIAN_POINT('Ctrl Pts',(16.5344068050645,-50.,57.665856778188));
#4693=CARTESIAN_POINT('Ctrl Pts',(16.5302031977844,-50.,57.3375018977604));
#4694=CARTESIAN_POINT('Ctrl Pts',(16.5608093096575,-50.,57.006916217212));
#4695=CARTESIAN_POINT('Ctrl Pts',(16.6251521629307,-50.,56.6848997656953));
#4696=CARTESIAN_POINT('',(16.5344068050645,-50.,57.665856778188));
#4697=CARTESIAN_POINT('Ctrl Pts',(16.6251521629307,-50.,56.6848997656953));
#4698=CARTESIAN_POINT('Ctrl Pts',(16.5608093096575,-50.,57.006916217212));
#4699=CARTESIAN_POINT('Ctrl Pts',(16.5302031977844,-50.,57.3375018977604));
#4700=CARTESIAN_POINT('Ctrl Pts',(16.5344068050645,-50.,57.665856778188));
#4701=CARTESIAN_POINT('',(14.2346196026114,-47.7105828183052,57.6952987106919));
#4702=CARTESIAN_POINT('Origin',(16.5344068050645,-47.7,57.665856778188));
#4703=CARTESIAN_POINT('Ctrl Pts',(14.3697352410446,-47.6999999998585,56.2342396848475));
#4704=CARTESIAN_POINT('Ctrl Pts',(14.2739512769701,-47.7087607291624,56.713609353027));
#4705=CARTESIAN_POINT('Ctrl Pts',(14.2283661109847,-47.7124353248683,57.2061560651795));
#4706=CARTESIAN_POINT('Ctrl Pts',(14.2346196026114,-47.7105828183052,57.6952987106919));
#4707=CARTESIAN_POINT('Origin',(31.1041078175818,-47.7,75.4589587000951));
#4708=CARTESIAN_POINT('',(42.7830380874634,-47.7,50.6728131588712));
#4709=CARTESIAN_POINT('Origin',(31.1041078175818,-47.7,75.4589587000951));
#4710=CARTESIAN_POINT('',(41.802683673229,-50.,52.7534152886622));
#4711=CARTESIAN_POINT('Origin',(41.802683673229,-47.7,52.7534152886622));
#4712=CARTESIAN_POINT('',(33.1473763510259,-50.,50.4424385454506));
#4713=CARTESIAN_POINT('Origin',(31.1041078175818,-50.,75.4589587000951));
#4714=CARTESIAN_POINT('Ctrl Pts',(38.5798664519376,-49.7725403841284,50.4555155567829));
#4715=CARTESIAN_POINT('Ctrl Pts',(38.3768095521926,-49.7999243546756,50.4542018976243));
#4716=CARTESIAN_POINT('Ctrl Pts',(38.1761806115351,-49.8230880927606,50.4530001959651));
#4717=CARTESIAN_POINT('Ctrl Pts',(36.6584501877268,-49.9768953120565,50.4447169805981));
#4718=CARTESIAN_POINT('Ctrl Pts',(35.1739475459559,-49.9973138424778,50.4426185188107));
#4719=CARTESIAN_POINT('Ctrl Pts',(33.4373396996762,-49.9998858797229,50.4424461944436));
#4720=CARTESIAN_POINT('Ctrl Pts',(33.3032105699817,-50.,50.4424385454506));
#4721=CARTESIAN_POINT('Ctrl Pts',(33.1473763510259,-50.,50.4424385454506));
#4722=CARTESIAN_POINT('Origin',(39.7993507397933,-47.7,57.0050805104091));
#4723=CARTESIAN_POINT('',(46.7956919719437,-47.7,57.2313753696335));
#4724=CARTESIAN_POINT('',(44.4968941385229,-50.,57.1570213444598));
#4725=CARTESIAN_POINT('Origin',(44.4968941385229,-47.7,57.1570213444598));
#4726=CARTESIAN_POINT('Origin',(39.7993507397933,-50.,57.0050805104091));
#4727=CARTESIAN_POINT('Origin',(39.7993507397933,-47.7,57.0050805104091));
#4728=CARTESIAN_POINT('Origin',(13.3080833497401,-47.7,56.1482272744407));
#4729=CARTESIAN_POINT('',(34.8288531243597,-47.7,81.8279782338606));
#4730=CARTESIAN_POINT('',(33.3515335734305,-50.,80.0651603350286));
#4731=CARTESIAN_POINT('Origin',(33.3515335734305,-47.7,80.0651603350286));
#4732=CARTESIAN_POINT('Origin',(13.3080833497401,-50.,56.1482272744407));
#4733=CARTESIAN_POINT('Origin',(13.3080833497401,-47.7,56.1482272744407));
#4734=CARTESIAN_POINT('Origin',(30.3326631867493,-47.7,76.4628802808936));
#4735=CARTESIAN_POINT('',(25.9068065550648,-47.7,81.8861443419342));
#4736=CARTESIAN_POINT('',(27.3610165911897,-50.,80.104214721878));
#4737=CARTESIAN_POINT('Origin',(27.3610165911897,-47.7,80.104214721878));
#4738=CARTESIAN_POINT('Origin',(30.3326631867493,-50.,76.4628802808936));
#4739=CARTESIAN_POINT('Origin',(30.3326631867493,-47.7,76.4628802808936));
#4740=CARTESIAN_POINT('Origin',(45.9798562001247,-47.7,57.2894486522899));
#4741=CARTESIAN_POINT('',(14.2613933240872,-47.6999999999994,58.6546862445925));
#4742=CARTESIAN_POINT('',(16.5592657381148,-50.,58.5557803860644));
#4743=CARTESIAN_POINT('Origin',(16.5592657381148,-47.7,58.5557803860644));
#4744=CARTESIAN_POINT('Origin',(45.9798562001247,-50.,57.2894486522899));
#4745=CARTESIAN_POINT('Origin',(45.9798562001247,-47.7,57.2894486522899));
#4746=CARTESIAN_POINT('Ctrl Pts',(14.2613933240872,-47.6999999999988,58.6546862445925));
#4747=CARTESIAN_POINT('Ctrl Pts',(14.2476411702533,-47.7058390786335,58.3351834830918));
#4748=CARTESIAN_POINT('Ctrl Pts',(14.2387114179699,-47.7093706771112,58.0153569291922));
#4749=CARTESIAN_POINT('Ctrl Pts',(14.2346196026114,-47.7105828183052,57.6952987106919));
#4750=CARTESIAN_POINT('Ctrl Pts',(14.2613933240868,-48.3881583907853,58.6546862445925));
#4751=CARTESIAN_POINT('Ctrl Pts',(14.2494373930191,-48.3928794248148,58.3350314956352));
#4752=CARTESIAN_POINT('Ctrl Pts',(14.2414971670295,-48.3957398182354,58.0153635576551));
#4753=CARTESIAN_POINT('Ctrl Pts',(14.2377764406972,-48.3967181637681,57.6952582967728));
#4754=CARTESIAN_POINT('Ctrl Pts',(14.8391966495132,-49.5792510372746,58.629816224128));
#4755=CARTESIAN_POINT('Ctrl Pts',(14.8284715027147,-49.5806730497033,58.3159965244445));
#4756=CARTESIAN_POINT('Ctrl Pts',(14.8213808047819,-49.5815234479035,58.0019946855542));
#4757=CARTESIAN_POINT('Ctrl Pts',(14.8179360102944,-49.5818176246912,57.6878310796497));
#4758=CARTESIAN_POINT('Ctrl Pts',(16.0436243742006,-50.,58.5779748088179));
#4759=CARTESIAN_POINT('Ctrl Pts',(16.0314658952017,-49.9999851201495,58.2763201425895));
#4760=CARTESIAN_POINT('Ctrl Pts',(16.02353714661,-50.0000030502136,57.9744561472099));
#4761=CARTESIAN_POINT('Ctrl Pts',(16.0198420132524,-50.,57.6724442493476));
#4762=CARTESIAN_POINT('Ctrl Pts',(16.5592657381148,-50.,58.5557803860644));
#4763=CARTESIAN_POINT('Ctrl Pts',(16.5465052867151,-50.,58.2593177730484));
#4764=CARTESIAN_POINT('Ctrl Pts',(16.5382067654756,-50.,57.9626817343032));
#4765=CARTESIAN_POINT('Ctrl Pts',(16.5344068050645,-50.,57.665856778188));
#4766=CARTESIAN_POINT('Ctrl Pts',(14.2346196026114,-47.7105828183052,57.6952987106919));
#4767=CARTESIAN_POINT('Ctrl Pts',(14.2387114179699,-47.7093706771112,58.0153569291922));
#4768=CARTESIAN_POINT('Ctrl Pts',(14.2476411702533,-47.7058390786335,58.3351834830918));
#4769=CARTESIAN_POINT('Ctrl Pts',(14.2613933240872,-47.6999999999988,58.6546862445925));
#4770=CARTESIAN_POINT('Ctrl Pts',(16.5344068050645,-50.,57.665856778188));
#4771=CARTESIAN_POINT('Ctrl Pts',(16.5382067654756,-50.,57.9626817343032));
#4772=CARTESIAN_POINT('Ctrl Pts',(16.5465052867151,-50.,58.2593177730484));
#4773=CARTESIAN_POINT('Ctrl Pts',(16.5592657381148,-50.,58.5557803860644));
#4774=CARTESIAN_POINT('Origin',(31.1041078175818,-30.,75.4589587000951));
#4775=CARTESIAN_POINT('',(17.8472332331974,-47.4419204700544,51.4796822453437));
#4776=CARTESIAN_POINT('',(17.8472332331974,-30.,51.4796822453437));
#4777=CARTESIAN_POINT('',(20.1992931471522,-47.3270437399907,50.3226216550307));
#4778=CARTESIAN_POINT('Ctrl Pts',(20.1992931471522,-47.3270437399907,50.3226216550307));
#4779=CARTESIAN_POINT('Ctrl Pts',(19.3964719864208,-47.3647127724463,50.6709069264917));
#4780=CARTESIAN_POINT('Ctrl Pts',(18.6104632951486,-47.4037651510335,51.0577326827949));
#4781=CARTESIAN_POINT('Ctrl Pts',(17.8472332331974,-47.4419204700544,51.4796822453437));
#4782=CARTESIAN_POINT('Ctrl Pts',(20.0782278462009,-47.7000000001198,50.3754901621079));
#4783=CARTESIAN_POINT('Ctrl Pts',(20.1141403954136,-47.574493448396,50.3597041691745));
#4784=CARTESIAN_POINT('Ctrl Pts',(20.1545518814205,-47.4500445244503,50.3420316116227));
#4785=CARTESIAN_POINT('Ctrl Pts',(20.1992931471522,-47.3270437399907,50.3226216550307));
#4786=CARTESIAN_POINT('Origin',(21.2340476120008,-30.,57.6058138439571));
#4787=CARTESIAN_POINT('Ctrl Pts',(17.8472332331974,-47.4419204700544,51.4796822453437));
#4788=CARTESIAN_POINT('Ctrl Pts',(17.2620866162492,-47.4711730597474,51.803178883326));
#4789=CARTESIAN_POINT('Ctrl Pts',(16.7309195616639,-47.5053622167054,52.2094248521513));
#4790=CARTESIAN_POINT('Ctrl Pts',(15.6630700486624,-47.5827692043439,53.2773272113648));
#4791=CARTESIAN_POINT('Ctrl Pts',(15.1244750962275,-47.6303620505485,54.064036563641));
#4792=CARTESIAN_POINT('Ctrl Pts',(14.591860843776,-47.679269923067,55.3494468868235));
#4793=CARTESIAN_POINT('Ctrl Pts',(14.4584049312339,-47.6918899664023,55.7904747981648));
#4794=CARTESIAN_POINT('Ctrl Pts',(14.3697352410451,-47.6999999998585,56.234239684845));
#4795=CARTESIAN_POINT('Origin',(45.9798562001247,-30.,57.2894486522899));
#4796=CARTESIAN_POINT('',(25.9068065550648,-43.0362073506981,81.8861443419342));
#4797=CARTESIAN_POINT('',(25.9068065550648,-30.,81.8861443419342));
#4798=CARTESIAN_POINT('Ctrl Pts',(14.2613933240872,-47.6999999999988,58.6546862445925));
#4799=CARTESIAN_POINT('Ctrl Pts',(14.3299152008079,-47.6709060390671,60.2466498817036));
#4800=CARTESIAN_POINT('Ctrl Pts',(14.5207203305685,-47.5831011590988,61.8634743000933));
#4801=CARTESIAN_POINT('Ctrl Pts',(15.2486076003058,-47.2480629028142,65.5324397304528));
#4802=CARTESIAN_POINT('Ctrl Pts',(15.8704085981054,-46.9616038895303,67.5761931078538));
#4803=CARTESIAN_POINT('Ctrl Pts',(17.5005751100519,-46.2375659028626,71.4784046739844));
#4804=CARTESIAN_POINT('Ctrl Pts',(18.510245219584,-45.7998553526885,73.340541350685));
#4805=CARTESIAN_POINT('Ctrl Pts',(20.829254925876,-44.8525770677281,76.7744264438762));
#4806=CARTESIAN_POINT('Ctrl Pts',(22.1387748874489,-44.3437629403884,78.3462609017587));
#4807=CARTESIAN_POINT('Ctrl Pts',(24.2716100232806,-43.5812726099676,80.4795857954385));
#4808=CARTESIAN_POINT('Ctrl Pts',(25.0661490040433,-43.3086077969431,81.2000944363262));
#4809=CARTESIAN_POINT('Ctrl Pts',(25.9068065550648,-43.0362073506981,81.8861443419342));
#4810=CARTESIAN_POINT('Origin',(30.3326631867493,-30.,76.4628802808936));
#4811=CARTESIAN_POINT('',(34.8288531243597,-30.,81.8279782338606));
#4812=CARTESIAN_POINT('',(26.3849885497177,-42.8931029436907,82.243526002622));
#4813=CARTESIAN_POINT('Ctrl Pts',(26.3849885497177,-42.8931029436907,82.2435260026221));
#4814=CARTESIAN_POINT('Ctrl Pts',(26.9068186324891,-42.7492028071278,82.599890236267));
#4815=CARTESIAN_POINT('Ctrl Pts',(27.4682817811162,-42.5794017013173,82.8799187357517));
#4816=CARTESIAN_POINT('Ctrl Pts',(28.6495669552033,-42.1904268980926,83.2867096190808));
#4817=CARTESIAN_POINT('Ctrl Pts',(29.2645775699038,-41.9722328383696,83.4085424249037));
#4818=CARTESIAN_POINT('Ctrl Pts',(30.739596449867,-41.4235660559266,83.5036622642188));
#4819=CARTESIAN_POINT('Ctrl Pts',(31.5973833503175,-41.0822079436971,83.4008527669597));
#4820=CARTESIAN_POINT('Ctrl Pts',(33.0277642213585,-40.5406669818597,82.9549720106334));
#4821=CARTESIAN_POINT('Ctrl Pts',(33.6217525344025,-40.3254986074713,82.6772745386606));
#4822=CARTESIAN_POINT('Ctrl Pts',(34.1742454874197,-40.1707583737031,82.3145676808814));
#4823=CARTESIAN_POINT('Ctrl Pts',(25.9068065550648,-43.0362073506981,81.8861443419342));
#4824=CARTESIAN_POINT('Ctrl Pts',(26.0591636203772,-42.9868386957336,82.0104809997674));
#4825=CARTESIAN_POINT('Ctrl Pts',(26.2188973974658,-42.9389043267079,82.1301002954012));
#4826=CARTESIAN_POINT('Ctrl Pts',(26.3849885497177,-42.8931029436907,82.243526002622));
#4827=CARTESIAN_POINT('Origin',(13.3080833497401,-30.,56.1482272744407));
#4828=CARTESIAN_POINT('',(46.7956919719437,-30.,57.2313753696335));
#4829=CARTESIAN_POINT('Origin',(39.7993507397933,-30.,57.0050805104091));
#4830=CARTESIAN_POINT('',(42.7830380874634,-45.6650144433175,50.6728131588712));
#4831=CARTESIAN_POINT('',(42.7830380874634,-30.,50.6728131588712));
#4832=CARTESIAN_POINT('Ctrl Pts',(45.1625521850176,-43.7294200805234,52.5066285257877));
#4833=CARTESIAN_POINT('Ctrl Pts',(44.5413711091401,-44.4456085188594,51.7660361497257));
#4834=CARTESIAN_POINT('Ctrl Pts',(43.7443306355507,-45.1092385128164,51.1257625139614));
#4835=CARTESIAN_POINT('Ctrl Pts',(42.7830380874634,-45.6650144433175,50.6728131588712));
#4836=CARTESIAN_POINT('Origin',(31.1041078175818,-30.,75.4589587000951));
#4837=CARTESIAN_POINT('',(41.5100927466095,-46.2912675864803,50.1120476229968));
#4838=CARTESIAN_POINT('Ctrl Pts',(41.5100927173912,-46.2912676050046,50.112047619957));
#4839=CARTESIAN_POINT('Ctrl Pts',(41.5877182066341,-46.418935510109,50.1439161843887));
#4840=CARTESIAN_POINT('Ctrl Pts',(41.6607239242662,-46.549630178328,50.1743049721787));
#4841=CARTESIAN_POINT('Ctrl Pts',(41.7864189834515,-46.7963579967696,50.2271816042762));
#4842=CARTESIAN_POINT('Ctrl Pts',(41.8405323200665,-46.9117066141502,50.2501786170003));
#4843=CARTESIAN_POINT('Ctrl Pts',(41.8907248417548,-47.0286782324695,50.2716738878469));
#4844=CARTESIAN_POINT('Ctrl Pts',(42.7830380874634,-45.6650144433175,50.6728131588712));
#4845=CARTESIAN_POINT('Ctrl Pts',(42.3747607399821,-45.9010619640754,50.4804378391961));
#4846=CARTESIAN_POINT('Ctrl Pts',(41.9497783374958,-46.1101638121977,50.2925572656073));
#4847=CARTESIAN_POINT('Ctrl Pts',(41.5100927445113,-46.2912675894537,50.1120476310909));
#4848=CARTESIAN_POINT('Origin',(-45.9798562001247,-47.7,57.2894486522899));
#4849=CARTESIAN_POINT('',(-16.5592657381148,-50.,58.5557803860644));
#4850=CARTESIAN_POINT('',(-14.2613933240872,-47.6999999999994,58.6546862445925));
#4851=CARTESIAN_POINT('Origin',(-16.5592657381148,-47.7,58.5557803860644));
#4852=CARTESIAN_POINT('',(-25.9068065550648,-47.7,81.8861443419342));
#4853=CARTESIAN_POINT('Origin',(-45.9798562001247,-47.7,57.2894486522899));
#4854=CARTESIAN_POINT('',(-27.3610165911897,-50.,80.104214721878));
#4855=CARTESIAN_POINT('Origin',(-27.3610165911897,-47.7,80.104214721878));
#4856=CARTESIAN_POINT('Origin',(-45.9798562001247,-50.,57.2894486522899));
#4857=CARTESIAN_POINT('Origin',(-30.3326631867493,-47.7,76.4628802808936));
#4858=CARTESIAN_POINT('',(-34.8288531243597,-47.7,81.8279782338606));
#4859=CARTESIAN_POINT('',(-33.3515335734305,-50.,80.0651603350286));
#4860=CARTESIAN_POINT('Origin',(-33.3515335734305,-47.7,80.0651603350286));
#4861=CARTESIAN_POINT('Origin',(-30.3326631867493,-50.,76.4628802808936));
#4862=CARTESIAN_POINT('Origin',(-30.3326631867493,-47.7,76.4628802808936));
#4863=CARTESIAN_POINT('Origin',(-13.3080833497401,-47.7,56.1482272744407));
#4864=CARTESIAN_POINT('',(-46.7956919719437,-47.7,57.2313753696335));
#4865=CARTESIAN_POINT('',(-44.4968941385229,-50.,57.1570213444598));
#4866=CARTESIAN_POINT('Origin',(-44.4968941385229,-47.7,57.1570213444598));
#4867=CARTESIAN_POINT('Origin',(-13.3080833497401,-50.,56.1482272744407));
#4868=CARTESIAN_POINT('Origin',(-13.3080833497401,-47.7,56.1482272744407));
#4869=CARTESIAN_POINT('Origin',(-39.7993507397933,-47.7,57.0050805104091));
#4870=CARTESIAN_POINT('',(-42.7830380874634,-47.7,50.6728131588712));
#4871=CARTESIAN_POINT('',(-41.802683673229,-50.,52.7534152886622));
#4872=CARTESIAN_POINT('Origin',(-41.802683673229,-47.7,52.7534152886622));
#4873=CARTESIAN_POINT('Origin',(-39.7993507397933,-50.,57.0050805104091));
#4874=CARTESIAN_POINT('Origin',(-39.7993507397933,-47.7,57.0050805104091));
#4875=CARTESIAN_POINT('Origin',(-31.1041078175818,-47.7,75.4589587000951));
#4876=CARTESIAN_POINT('',(-33.1473763510261,-50.,50.4424385454506));
#4877=CARTESIAN_POINT('Ctrl Pts',(-33.1473763510261,-50.,50.4424385454506));
#4878=CARTESIAN_POINT('Ctrl Pts',(-34.2859637111074,-50.,50.4424385454506));
#4879=CARTESIAN_POINT('Ctrl Pts',(-35.2411109357541,-49.9940978031143,50.4428747795703));
#4880=CARTESIAN_POINT('Ctrl Pts',(-36.929160568112,-49.9339138648793,50.4467186366676));
#4881=CARTESIAN_POINT('Ctrl Pts',(-37.7746637604762,-49.8811288970813,50.4503063671838));
#4882=CARTESIAN_POINT('Ctrl Pts',(-38.5798664519986,-49.7725403841202,50.4555155567833));
#4883=CARTESIAN_POINT('Origin',(-31.1041078175818,-50.,75.4589587000951));
#4884=CARTESIAN_POINT('Origin',(-31.1041078175818,-47.7,75.4589587000951));
#4885=CARTESIAN_POINT('Ctrl Pts',(-14.2346196026114,-47.7105828183052,57.6952987106919));
#4886=CARTESIAN_POINT('Ctrl Pts',(-14.2387101448016,-47.7093710542689,58.0152573430838));
#4887=CARTESIAN_POINT('Ctrl Pts',(-14.2476402522539,-47.7058394684103,58.3351621552787));
#4888=CARTESIAN_POINT('Ctrl Pts',(-14.2613933240872,-47.6999999999988,58.6546862445925));
#4889=CARTESIAN_POINT('Ctrl Pts',(-14.2377764406972,-48.3967181637681,57.6952582967728));
#4890=CARTESIAN_POINT('Ctrl Pts',(-14.2414960093256,-48.3957401226476,58.0152639569095));
#4891=CARTESIAN_POINT('Ctrl Pts',(-14.2494365949231,-48.3928797399587,58.3350101576764));
#4892=CARTESIAN_POINT('Ctrl Pts',(-14.2613933240868,-48.3881583907854,58.6546862445925));
#4893=CARTESIAN_POINT('Ctrl Pts',(-14.8179360102944,-49.5818176246912,57.6878310796497));
#4894=CARTESIAN_POINT('Ctrl Pts',(-14.8213797329342,-49.5815235394366,58.0018969335545));
#4895=CARTESIAN_POINT('Ctrl Pts',(-14.8284707867775,-49.5806731446271,58.3159755759936));
#4896=CARTESIAN_POINT('Ctrl Pts',(-14.8391966495132,-49.5792510372747,58.629816224128));
#4897=CARTESIAN_POINT('Ctrl Pts',(-16.0198420132524,-50.,57.6724442493476));
#4898=CARTESIAN_POINT('Ctrl Pts',(-16.0235359968693,-50.0000030492646,57.9743621762138));
#4899=CARTESIAN_POINT('Ctrl Pts',(-16.031465083585,-49.9999851191562,58.2763000061928));
#4900=CARTESIAN_POINT('Ctrl Pts',(-16.0436243742006,-50.,58.5779748088179));
#4901=CARTESIAN_POINT('Ctrl Pts',(-16.5344068050645,-50.,57.665856778188));
#4902=CARTESIAN_POINT('Ctrl Pts',(-16.538205583118,-50.,57.962589377224));
#4903=CARTESIAN_POINT('Ctrl Pts',(-16.5465044349149,-50.,58.2592979832376));
#4904=CARTESIAN_POINT('Ctrl Pts',(-16.5592657381148,-50.,58.5557803860644));
#4905=CARTESIAN_POINT('',(-16.5344068050645,-50.,57.665856778188));
#4906=CARTESIAN_POINT('Ctrl Pts',(-16.5592657381148,-50.,58.5557803860644));
#4907=CARTESIAN_POINT('Ctrl Pts',(-16.5465044349149,-50.,58.2592979832376));
#4908=CARTESIAN_POINT('Ctrl Pts',(-16.538205583118,-50.,57.962589377224));
#4909=CARTESIAN_POINT('Ctrl Pts',(-16.5344068050645,-50.,57.665856778188));
#4910=CARTESIAN_POINT('',(-14.2346196026114,-47.7105828183052,57.6952987106919));
#4911=CARTESIAN_POINT('Origin',(-16.5344068050645,-47.7,57.665856778188));
#4912=CARTESIAN_POINT('Ctrl Pts',(-14.2613933240872,-47.6999999999988,58.6546862445925));
#4913=CARTESIAN_POINT('Ctrl Pts',(-14.2476402522539,-47.7058394684103,58.3351621552787));
#4914=CARTESIAN_POINT('Ctrl Pts',(-14.2387101448016,-47.7093710542689,58.0152573430838));
#4915=CARTESIAN_POINT('Ctrl Pts',(-14.2346196026114,-47.7105828183052,57.6952987106919));
#4916=CARTESIAN_POINT('Origin',(-31.1041078175818,-47.7,75.4589587000951));
#4917=CARTESIAN_POINT('',(-17.8472332331974,-47.7,51.4796822453437));
#4918=CARTESIAN_POINT('',(-18.9600436719471,-50.,53.4925540563167));
#4919=CARTESIAN_POINT('Origin',(-18.9600436719471,-47.7,53.4925540563167));
#4920=CARTESIAN_POINT('',(-29.0608392841375,-50.,50.4424385454506));
#4921=CARTESIAN_POINT('Origin',(-31.1041078175818,-50.,75.4589587000951));
#4922=CARTESIAN_POINT('',(-20.0782278461722,-47.70000000011,50.3754901621205));
#4923=CARTESIAN_POINT('Ctrl Pts',(-20.0782278462351,-47.7,50.3754901620929));
#4924=CARTESIAN_POINT('Ctrl Pts',(-20.0484904416422,-47.8039257638116,50.388561761549));
#4925=CARTESIAN_POINT('Ctrl Pts',(-20.0390385697163,-47.9096585845068,50.4004684012996));
#4926=CARTESIAN_POINT('Ctrl Pts',(-20.0644257945008,-48.1222600553144,50.4215029766514));
#4927=CARTESIAN_POINT('Ctrl Pts',(-20.0983711286271,-48.2226242912654,50.4300024672178));
#4928=CARTESIAN_POINT('Ctrl Pts',(-20.214848090645,-48.4442216359566,50.4463147963125));
#4929=CARTESIAN_POINT('Ctrl Pts',(-20.3088801351537,-48.5572251034221,50.4526082488378));
#4930=CARTESIAN_POINT('Ctrl Pts',(-20.6026266713927,-48.8354094001415,50.4651851947808));
#4931=CARTESIAN_POINT('Ctrl Pts',(-20.8402235125264,-48.9805537008984,50.4678867732141));
#4932=CARTESIAN_POINT('Ctrl Pts',(-21.6820905109749,-49.3957892059797,50.4714230953305));
#4933=CARTESIAN_POINT('Ctrl Pts',(-22.4178645126604,-49.5672686161246,50.4640133577683));
#4934=CARTESIAN_POINT('Ctrl Pts',(-24.3776853526433,-49.9274861596653,50.449925751218));
#4935=CARTESIAN_POINT('Ctrl Pts',(-26.0634089093643,-49.9828541246958,50.4435826978433));
#4936=CARTESIAN_POINT('Ctrl Pts',(-28.1901639685376,-49.9990897314729,50.4424998983187));
#4937=CARTESIAN_POINT('Ctrl Pts',(-28.6576264231648,-50.,50.4424385454506));
#4938=CARTESIAN_POINT('Ctrl Pts',(-29.0608392841417,-50.,50.4424385454506));
#4939=CARTESIAN_POINT('Origin',(-31.1041078175818,-47.7,75.4589587000951));
#4940=CARTESIAN_POINT('Origin',(-21.2340476120008,-47.7,57.6058138439571));
#4941=CARTESIAN_POINT('',(-14.3697352410453,-47.6999999999292,56.2342396848438));
#4942=CARTESIAN_POINT('',(-16.6251521629307,-50.,56.6848997656953));
#4943=CARTESIAN_POINT('Origin',(-16.6251521629307,-47.7,56.6848997656953));
#4944=CARTESIAN_POINT('Origin',(-21.2340476120008,-50.,57.6058138439571));
#4945=CARTESIAN_POINT('Origin',(-21.2340476120008,-47.7,57.6058138439571));
#4946=CARTESIAN_POINT('Ctrl Pts',(-14.3697352410453,-47.6999999998584,56.2342396848438));
#4947=CARTESIAN_POINT('Ctrl Pts',(-14.2734704698403,-47.7088047054287,56.7160156467772));
#4948=CARTESIAN_POINT('Ctrl Pts',(-14.228396501547,-47.7124263221032,57.2085331883802));
#4949=CARTESIAN_POINT('Ctrl Pts',(-14.2346196026114,-47.7105828183052,57.6952987106919));
#4950=CARTESIAN_POINT('Ctrl Pts',(-14.3697352410038,-48.3881583906717,56.2342396848355));
#4951=CARTESIAN_POINT('Ctrl Pts',(-14.2760314635549,-48.3952772046522,56.7170593888913));
#4952=CARTESIAN_POINT('Ctrl Pts',(-14.2321148113174,-48.3982060957965,57.2081943249246));
#4953=CARTESIAN_POINT('Ctrl Pts',(-14.2377764406972,-48.3967181637681,57.6952582967728));
#4954=CARTESIAN_POINT('Ctrl Pts',(-14.9368602039857,-49.5792530191877,56.3475582376888));
#4955=CARTESIAN_POINT('Ctrl Pts',(-14.852663963285,-49.5813972617189,56.7903275901033));
#4956=CARTESIAN_POINT('Ctrl Pts',(-14.8130995000459,-49.5822669960699,57.2417008658656));
#4957=CARTESIAN_POINT('Ctrl Pts',(-14.8179331246416,-49.5818195927243,57.6878311165919));
#4958=CARTESIAN_POINT('Ctrl Pts',(-16.1190377891558,-50.,56.5837718800273));
#4959=CARTESIAN_POINT('Ctrl Pts',(-16.0485192668397,-49.9999775627782,56.9430422414626));
#4960=CARTESIAN_POINT('Ctrl Pts',(-16.0154620857069,-49.9999953610351,57.3099745542688));
#4961=CARTESIAN_POINT('Ctrl Pts',(-16.0198420132524,-50.,57.6724442493476));
#4962=CARTESIAN_POINT('Ctrl Pts',(-16.6251521629312,-50.,56.6848997656928));
#4963=CARTESIAN_POINT('Ctrl Pts',(-16.5604863275916,-50.,57.0085326444207));
#4964=CARTESIAN_POINT('Ctrl Pts',(-16.53022362637,-50.,57.3390976285996));
#4965=CARTESIAN_POINT('Ctrl Pts',(-16.5344068050645,-50.,57.665856778188));
#4966=CARTESIAN_POINT('Ctrl Pts',(-14.2346196026114,-47.7105828183052,57.6952987106919));
#4967=CARTESIAN_POINT('Ctrl Pts',(-14.228396501547,-47.7124263221032,57.2085331883807));
#4968=CARTESIAN_POINT('Ctrl Pts',(-14.2734704698402,-47.7088047054287,56.716015646778));
#4969=CARTESIAN_POINT('Ctrl Pts',(-14.3697352410451,-47.6999999998585,56.234239684845));
#4970=CARTESIAN_POINT('Ctrl Pts',(-16.5344068050645,-50.,57.665856778188));
#4971=CARTESIAN_POINT('Ctrl Pts',(-16.53022362637,-50.,57.3390976285996));
#4972=CARTESIAN_POINT('Ctrl Pts',(-16.5604863275916,-50.,57.0085326444207));
#4973=CARTESIAN_POINT('Ctrl Pts',(-16.6251521629312,-50.,56.6848997656928));
#4974=CARTESIAN_POINT('Origin',(-31.1041078175818,-30.,75.4589587000951));
#4975=CARTESIAN_POINT('',(-42.7830380874634,-45.6650144433175,50.6728131588712));
#4976=CARTESIAN_POINT('',(-42.7830380874634,-30.,50.6728131588712));
#4977=CARTESIAN_POINT('',(-41.5100927158598,-46.2912676012148,50.1120476191573));
#4978=CARTESIAN_POINT('Ctrl Pts',(-41.5100927158197,-46.2912676012716,50.1120476193118));
#4979=CARTESIAN_POINT('Ctrl Pts',(-41.9497782185506,-46.1101638626723,50.2925572161936));
#4980=CARTESIAN_POINT('Ctrl Pts',(-42.3747605077992,-45.901062098313,50.4804377297943));
#4981=CARTESIAN_POINT('Ctrl Pts',(-42.7830380874634,-45.6650144433175,50.6728131588712));
#4982=CARTESIAN_POINT('Ctrl Pts',(-41.8907248417581,-47.028678232477,50.2716738878482));
#4983=CARTESIAN_POINT('Ctrl Pts',(-41.8405323200689,-46.9117066141551,50.2501786170013));
#4984=CARTESIAN_POINT('Ctrl Pts',(-41.7864189834527,-46.796357996772,50.2271816042767));
#4985=CARTESIAN_POINT('Ctrl Pts',(-41.660723923657,-46.5496301771323,50.1743049719224));
#4986=CARTESIAN_POINT('Ctrl Pts',(-41.5877182053241,-46.4189355077641,50.1439161838434));
#4987=CARTESIAN_POINT('Ctrl Pts',(-41.510092715302,-46.2912676015684,50.1120476190993));
#4988=CARTESIAN_POINT('Origin',(-39.7993507397933,-30.,57.0050805104091));
#4989=CARTESIAN_POINT('',(-46.7956919719437,-30.,57.2313753696335));
#4990=CARTESIAN_POINT('Ctrl Pts',(-42.7830380874634,-45.6650144433175,50.6728131588712));
#4991=CARTESIAN_POINT('Ctrl Pts',(-43.7443306355506,-45.1092385128165,51.1257625139613));
#4992=CARTESIAN_POINT('Ctrl Pts',(-44.54137110914,-44.4456085188596,51.7660361497255));
#4993=CARTESIAN_POINT('Ctrl Pts',(-45.1625521850176,-43.7294200805234,52.5066285257877));
#4994=CARTESIAN_POINT('Origin',(-13.3080833497401,-30.,56.1482272744407));
#4995=CARTESIAN_POINT('',(-34.8288531243597,-30.,81.8279782338606));
#4996=CARTESIAN_POINT('Origin',(-30.3326631867493,-30.,76.4628802808936));
#4997=CARTESIAN_POINT('',(-25.9068065550648,-43.0362073506981,81.8861443419342));
#4998=CARTESIAN_POINT('',(-25.9068065550648,-30.,81.8861443419342));
#4999=CARTESIAN_POINT('',(-26.3849885497244,-42.8931029437026,82.2435260026063));
#5000=CARTESIAN_POINT('Ctrl Pts',(-26.3849885497129,-42.893102943692,82.2435260026188));
#5001=CARTESIAN_POINT('Ctrl Pts',(-26.2189034532533,-42.9389026567609,82.1301044309733));
#5002=CARTESIAN_POINT('Ctrl Pts',(-26.059191367369,-42.9868297048039,82.0105036437336));
#5003=CARTESIAN_POINT('Ctrl Pts',(-25.9068065550648,-43.0362073506981,81.8861443419342));
#5004=CARTESIAN_POINT('Ctrl Pts',(-34.1742454874197,-40.1707583737031,82.3145676808813));
#5005=CARTESIAN_POINT('Ctrl Pts',(-33.6912809443192,-40.3060253411693,82.6316297373114));
#5006=CARTESIAN_POINT('Ctrl Pts',(-33.1767885331938,-40.4876887433644,82.8836157935676));
#5007=CARTESIAN_POINT('Ctrl Pts',(-32.1996180608947,-40.8523863754891,83.225971022876));
#5008=CARTESIAN_POINT('Ctrl Pts',(-31.7391712277871,-41.0318712762816,83.336216960605));
#5009=CARTESIAN_POINT('Ctrl Pts',(-30.4418897000614,-41.5340090341039,83.512137930454));
#5010=CARTESIAN_POINT('Ctrl Pts',(-29.5897289601438,-41.8584936355052,83.4753942260426));
#5011=CARTESIAN_POINT('Ctrl Pts',(-27.9212011841521,-42.4392109552824,83.0903747579829));
#5012=CARTESIAN_POINT('Ctrl Pts',(-27.1154957506736,-42.6916578958709,82.7423984276425));
#5013=CARTESIAN_POINT('Ctrl Pts',(-26.3849885497177,-42.8931029436907,82.243526002622));
#5014=CARTESIAN_POINT('Origin',(-45.9798562001247,-30.,57.2894486522899));
#5015=CARTESIAN_POINT('Ctrl Pts',(-25.9068065550648,-43.0362073506981,81.8861443419342));
#5016=CARTESIAN_POINT('Ctrl Pts',(-25.0661490040433,-43.3086077969431,81.2000944363262));
#5017=CARTESIAN_POINT('Ctrl Pts',(-24.2716100232806,-43.5812726099676,80.4795857954385));
#5018=CARTESIAN_POINT('Ctrl Pts',(-22.1387748874489,-44.3437629403884,78.3462609017587));
#5019=CARTESIAN_POINT('Ctrl Pts',(-20.8292549258759,-44.8525770677281,76.7744264438762));
#5020=CARTESIAN_POINT('Ctrl Pts',(-18.510245219584,-45.7998553526885,73.340541350685));
#5021=CARTESIAN_POINT('Ctrl Pts',(-17.5005751100519,-46.2375659028626,71.4784046739844));
#5022=CARTESIAN_POINT('Ctrl Pts',(-15.8704085981054,-46.9616038895303,67.5761931078538));
#5023=CARTESIAN_POINT('Ctrl Pts',(-15.2486076003058,-47.2480629028142,65.5324397304528));
#5024=CARTESIAN_POINT('Ctrl Pts',(-14.5207203305685,-47.5831011590988,61.8634743000934));
#5025=CARTESIAN_POINT('Ctrl Pts',(-14.3299152008079,-47.6709060390671,60.2466498817036));
#5026=CARTESIAN_POINT('Ctrl Pts',(-14.2613933240872,-47.6999999999988,58.6546862445925));
#5027=CARTESIAN_POINT('Origin',(-21.2340476120008,-30.,57.6058138439571));
#5028=CARTESIAN_POINT('',(-17.8472332331974,-47.4419204700544,51.4796822453437));
#5029=CARTESIAN_POINT('',(-17.8472332331974,-30.,51.4796822453437));
#5030=CARTESIAN_POINT('Ctrl Pts',(-14.3697352410451,-47.6999999998585,56.234239684845));
#5031=CARTESIAN_POINT('Ctrl Pts',(-14.4584049312339,-47.6918899664023,55.7904747981648));
#5032=CARTESIAN_POINT('Ctrl Pts',(-14.591860843776,-47.679269923067,55.3494468868235));
#5033=CARTESIAN_POINT('Ctrl Pts',(-15.1244750962275,-47.6303620505485,54.064036563641));
#5034=CARTESIAN_POINT('Ctrl Pts',(-15.6630700486624,-47.5827692043439,53.2773272113648));
#5035=CARTESIAN_POINT('Ctrl Pts',(-16.7309195616639,-47.5053622167054,52.2094248521513));
#5036=CARTESIAN_POINT('Ctrl Pts',(-17.2620866162492,-47.4711730597474,51.803178883326));
#5037=CARTESIAN_POINT('Ctrl Pts',(-17.8472332331974,-47.4419204700544,51.4796822453437));
#5038=CARTESIAN_POINT('Origin',(-31.1041078175818,-30.,75.4589587000951));
#5039=CARTESIAN_POINT('',(-20.1992931471522,-47.3270437399907,50.3226216550307));
#5040=CARTESIAN_POINT('Ctrl Pts',(-20.1992931471522,-47.3270437399907,50.3226216550307));
#5041=CARTESIAN_POINT('Ctrl Pts',(-20.1545518814205,-47.4500445244503,50.3420316116227));
#5042=CARTESIAN_POINT('Ctrl Pts',(-20.1141403954135,-47.574493448396,50.3597041691745));
#5043=CARTESIAN_POINT('Ctrl Pts',(-20.0782278462009,-47.7000000001198,50.3754901621079));
#5044=CARTESIAN_POINT('Ctrl Pts',(-17.8472332331974,-47.4419204700544,51.4796822453437));
#5045=CARTESIAN_POINT('Ctrl Pts',(-18.6104597392237,-47.403765328801,51.0577346486779));
#5046=CARTESIAN_POINT('Ctrl Pts',(-19.3964633514345,-47.364713177607,50.6709106725795));
#5047=CARTESIAN_POINT('Ctrl Pts',(-20.1992931471522,-47.3270437399907,50.3226216550307));
#5048=CARTESIAN_POINT('Origin',(30.5166991758971,-50.,65.7610068717996));
#5049=CARTESIAN_POINT('',(0.,-50.,50.4424385454506));
#5050=CARTESIAN_POINT('Origin',(0.,-49.1975396767461,38.4692995489466));
#5051=CARTESIAN_POINT('',(44.9191316765683,-44.1189314093237,49.341637754966));
#5052=CARTESIAN_POINT('',(0.,-44.1189314093425,49.3416377549748));
#5053=CARTESIAN_POINT('Ctrl Pts',(41.5100927497559,-46.2912675864803,50.1120476153329));
#5054=CARTESIAN_POINT('Ctrl Pts',(42.0308059297605,-46.0645128563914,50.0554449181316));
#5055=CARTESIAN_POINT('Ctrl Pts',(42.5345199659307,-45.8034470403833,49.9833854457766));
#5056=CARTESIAN_POINT('Ctrl Pts',(43.7057271062837,-45.0964536907057,49.7551937291359));
#5057=CARTESIAN_POINT('Ctrl Pts',(44.3398859670975,-44.6266876678832,49.5788171991388));
#5058=CARTESIAN_POINT('Ctrl Pts',(44.9191316765579,-44.118931409314,49.3416377549615));
#5059=CARTESIAN_POINT('Origin',(0.,-49.1975396767461,38.4692995489466));
#5060=CARTESIAN_POINT('',(0.,-47.3270437399907,50.3226216550307));
#5061=CARTESIAN_POINT('',(0.,-50.,50.4424385454506));
#5062=CARTESIAN_POINT('',(-12.8073536830843,-61.1208022187294,39.8242203418115));
#5063=CARTESIAN_POINT('Ctrl Pts',(-19.9770934928763,-59.6418450577478,44.3783168198961));
#5064=CARTESIAN_POINT('Ctrl Pts',(-18.4235393953836,-60.1085849915264,43.5533447173676));
#5065=CARTESIAN_POINT('Ctrl Pts',(-17.0086459498557,-60.4451255352846,42.7315670026696));
#5066=CARTESIAN_POINT('Ctrl Pts',(-14.6663281370401,-60.8974851524359,41.2367874368071));
#5067=CARTESIAN_POINT('Ctrl Pts',(-13.6511722820163,-61.0413928947421,40.5230200230679));
#5068=CARTESIAN_POINT('Ctrl Pts',(-12.8073536830847,-61.1208022187294,39.8242203418119));
#5069=CARTESIAN_POINT('',(-12.5002022499814,-61.0900176778018,40.0720992851604));
#5070=CARTESIAN_POINT('Ctrl Pts',(-12.807353683084,-61.1208022187295,39.8242203418112));
#5071=CARTESIAN_POINT('Ctrl Pts',(-12.715949398376,-61.110571065295,39.9142541867034));
#5072=CARTESIAN_POINT('Ctrl Pts',(-12.6126165269291,-61.0999476246769,39.9984209134366));
#5073=CARTESIAN_POINT('Ctrl Pts',(-12.5002022499814,-61.0900176778018,40.0720992851604));
#5074=CARTESIAN_POINT('',(12.5111781266621,-61.0909856062775,40.0649009782869));
#5075=CARTESIAN_POINT('Ctrl Pts',(-12.5002022499814,-61.0900176778018,40.0720992851604));
#5076=CARTESIAN_POINT('Ctrl Pts',(-12.4146549915589,-61.0824609887894,40.1281685218905));
#5077=CARTESIAN_POINT('Ctrl Pts',(-12.3286539502537,-61.074571373018,40.1837122976049));
#5078=CARTESIAN_POINT('Ctrl Pts',(-11.0321751712995,-60.9515807640743,41.0087030956609));
#5079=CARTESIAN_POINT('Ctrl Pts',(-9.73463982156381,-60.7758050049256,41.6722532915759));
#5080=CARTESIAN_POINT('Ctrl Pts',(-7.0361273263834,-60.4261739213474,42.7393192370217));
#5081=CARTESIAN_POINT('Ctrl Pts',(-5.63292976650256,-60.253594550309,43.1435821247232));
#5082=CARTESIAN_POINT('Ctrl Pts',(-2.8064253285743,-60.013156913027,43.6758043466281));
#5083=CARTESIAN_POINT('Ctrl Pts',(-1.38294455548638,-59.946781877098,43.8035091547059));
#5084=CARTESIAN_POINT('Ctrl Pts',(1.38294455548639,-59.946781877098,43.8035091547059));
#5085=CARTESIAN_POINT('Ctrl Pts',(2.80642532857431,-60.013156913027,43.6758043466281));
#5086=CARTESIAN_POINT('Ctrl Pts',(5.63292976650257,-60.253594550309,43.1435821247232));
#5087=CARTESIAN_POINT('Ctrl Pts',(7.03612732638341,-60.4261739213474,42.7393192370217));
#5088=CARTESIAN_POINT('Ctrl Pts',(9.73463982156382,-60.7758050049256,41.6722532915759));
#5089=CARTESIAN_POINT('Ctrl Pts',(11.0321751712995,-60.9515807640743,41.0087030956609));
#5090=CARTESIAN_POINT('Ctrl Pts',(12.332351741699,-61.0749221644301,40.1813592749677));
#5091=CARTESIAN_POINT('Ctrl Pts',(12.4220119112684,-61.0831354065129,40.1234155450949));
#5092=CARTESIAN_POINT('Ctrl Pts',(12.5111781266621,-61.0909856062775,40.0649009782869));
#5093=CARTESIAN_POINT('Ctrl Pts',(12.5111781266621,-61.0909856062775,40.0649009782869));
#5094=CARTESIAN_POINT('Ctrl Pts',(12.6198615674607,-61.1005541039154,39.9935783991076));
#5095=CARTESIAN_POINT('Ctrl Pts',(12.7200477789019,-61.1107636195319,39.9124626294966));
#5096=CARTESIAN_POINT('Ctrl Pts',(12.8091460674382,-61.120633470926,39.8257044940825));
#5097=CARTESIAN_POINT('Origin',(0.,18.5210089837612,57.4444629685578));
#5098=CARTESIAN_POINT('',(4.13814705838776,-31.3528110294888,101.025293025947));
#5099=CARTESIAN_POINT('Ctrl Pts',(4.13814705838776,-31.3528110294888,101.025293025947));
#5100=CARTESIAN_POINT('Ctrl Pts',(7.13476519123849,-31.8266958871515,100.482980085442));
#5101=CARTESIAN_POINT('Ctrl Pts',(11.411454675464,-33.2928977857768,98.7882115286959));
#5102=CARTESIAN_POINT('Ctrl Pts',(17.5710218125303,-36.5838668748882,94.3240725822256));
#5103=CARTESIAN_POINT('Ctrl Pts',(22.2332279156152,-39.7989057779898,89.1530474362094));
#5104=CARTESIAN_POINT('Ctrl Pts',(25.2276831247215,-42.0373169348583,84.361688621841));
#5105=CARTESIAN_POINT('Ctrl Pts',(26.3852683187074,-42.8928268191264,82.2435673737855));
#5106=CARTESIAN_POINT('',(-4.13814705838771,-31.3528110294888,101.025293025947));
#5107=CARTESIAN_POINT('Ctrl Pts',(-4.13814705838771,-31.3528110294888,101.025293025947));
#5108=CARTESIAN_POINT('Ctrl Pts',(-2.78044359218402,-31.5320095262217,100.820218603066));
#5109=CARTESIAN_POINT('Ctrl Pts',(-1.3978366976121,-31.624721667197,100.712145696971));
#5110=CARTESIAN_POINT('Ctrl Pts',(1.39783669761212,-31.624721667197,100.712145696971));
#5111=CARTESIAN_POINT('Ctrl Pts',(2.78044359218405,-31.5320095262217,100.820218603066));
#5112=CARTESIAN_POINT('Ctrl Pts',(4.13814705838776,-31.3528110294888,101.025293025947));
#5113=CARTESIAN_POINT('Ctrl Pts',(-26.3856945877687,-42.8918199458507,82.2433925497745));
#5114=CARTESIAN_POINT('Ctrl Pts',(-24.4248771215397,-41.4394163999766,85.8328327428967));
#5115=CARTESIAN_POINT('Ctrl Pts',(-20.355980178299,-38.3647541509585,91.7797511075318));
#5116=CARTESIAN_POINT('Ctrl Pts',(-12.8370904446594,-33.7887327937857,98.2188513811064));
#5117=CARTESIAN_POINT('Ctrl Pts',(-7.13492328800036,-31.8267208885558,100.482951473882));
#5118=CARTESIAN_POINT('Ctrl Pts',(-4.13814705838771,-31.3528110294888,101.025293025947));
#5119=CARTESIAN_POINT('Ctrl Pts',(4.13814705838776,-31.3528110294888,101.025293025947));
#5120=CARTESIAN_POINT('Ctrl Pts',(7.13476519123849,-31.8266958871515,100.482980085442));
#5121=CARTESIAN_POINT('Ctrl Pts',(11.411454675464,-33.2928977857768,98.7882115286959));
#5122=CARTESIAN_POINT('Ctrl Pts',(17.5710218125303,-36.5838668748882,94.3240725822256));
#5123=CARTESIAN_POINT('Ctrl Pts',(22.8204930788093,-40.2038815135876,88.5016899331066));
#5124=CARTESIAN_POINT('Ctrl Pts',(26.1849895832285,-42.7584514595666,82.7830528023526));
#5125=CARTESIAN_POINT('Ctrl Pts',(27.6908153444749,-43.8501684507247,79.7272567036566));
#5126=CARTESIAN_POINT('Ctrl Pts',(4.46241235124966,-30.2685706659594,102.266095660283));
#5127=CARTESIAN_POINT('Ctrl Pts',(7.69505093262652,-30.7606852903704,101.730306813));
#5128=CARTESIAN_POINT('Ctrl Pts',(12.3152269488644,-32.2824567757801,100.055500442577));
#5129=CARTESIAN_POINT('Ctrl Pts',(18.9908279405572,-35.7155264059811,95.6238265421551));
#5130=CARTESIAN_POINT('Ctrl Pts',(24.6993555988681,-39.5159760403022,89.8142738850314));
#5131=CARTESIAN_POINT('Ctrl Pts',(28.3741936127564,-42.2325269706183,84.0596903396723));
#5132=CARTESIAN_POINT('Ctrl Pts',(30.0225595925585,-43.4055777400773,80.9716987798686));
#5133=CARTESIAN_POINT('Ctrl Pts',(4.78651112748695,-28.9155879704126,103.270941690268));
#5134=CARTESIAN_POINT('Ctrl Pts',(8.25501463900848,-29.4107790805779,102.733504187138));
#5135=CARTESIAN_POINT('Ctrl Pts',(13.2185047202614,-30.9408158426537,101.053543541718));
#5136=CARTESIAN_POINT('Ctrl Pts',(20.4090777970792,-34.3850770735889,96.6073478245968));
#5137=CARTESIAN_POINT('Ctrl Pts',(26.574715447067,-38.1936814998472,90.7773213518659));
#5138=CARTESIAN_POINT('Ctrl Pts',(30.5574999362337,-40.9131268184972,84.9999883047079));
#5139=CARTESIAN_POINT('Ctrl Pts',(32.3466365147743,-42.086641334681,81.8991568692115));
#5140=CARTESIAN_POINT('Ctrl Pts',(5.08261467953706,-27.4100366606534,103.953550116514));
#5141=CARTESIAN_POINT('Ctrl Pts',(8.76529364262025,-27.8981070817847,103.40255564845));
#5142=CARTESIAN_POINT('Ctrl Pts',(14.0336205766412,-29.4046258843949,101.680656667862));
#5143=CARTESIAN_POINT('Ctrl Pts',(21.6436533158986,-32.7676995096261,97.1450542869137));
#5144=CARTESIAN_POINT('Ctrl Pts',(28.1407541959717,-36.4580722144945,91.2294649822811));
#5145=CARTESIAN_POINT('Ctrl Pts',(32.3086747847526,-39.0591055682539,85.4192819890897));
#5146=CARTESIAN_POINT('Ctrl Pts',(34.1742454874197,-40.1707583737031,82.3145676808813));
#5147=CARTESIAN_POINT('Ctrl Pts',(12.4447373053413,-29.0719190600495,101.999377223473));
#5148=CARTESIAN_POINT('Ctrl Pts',(12.2083693565091,-29.173116967632,101.999342673605));
#5149=CARTESIAN_POINT('Ctrl Pts',(11.9713034905133,-29.2713194820166,101.995390343945));
#5150=CARTESIAN_POINT('Ctrl Pts',(11.7334929758805,-29.3664765028982,101.98790224197));
#5151=CARTESIAN_POINT('Ctrl Pts',(11.5009311925141,-29.4595333070105,101.98057941038));
#5152=CARTESIAN_POINT('Ctrl Pts',(11.2676572359959,-29.5496774737746,101.96987531231));
#5153=CARTESIAN_POINT('Ctrl Pts',(11.0336157153319,-29.6369017640076,101.95611909053));
#5154=CARTESIAN_POINT('Ctrl Pts',(10.8067935831332,-29.7214354802219,101.942787201615));
#5155=CARTESIAN_POINT('Ctrl Pts',(10.5792504835504,-29.8032266787359,101.926588692236));
#5156=CARTESIAN_POINT('Ctrl Pts',(10.3509253317076,-29.8823069726479,101.907794614621));
#5157=CARTESIAN_POINT('Ctrl Pts',(10.126526723326,-29.9600273103376,101.889323741707));
#5158=CARTESIAN_POINT('Ctrl Pts',(9.90137273914468,-30.0351291184214,101.868345991923));
#5159=CARTESIAN_POINT('Ctrl Pts',(9.67539500525964,-30.1076804740873,101.845088367499));
#5160=CARTESIAN_POINT('Ctrl Pts',(9.45500076669671,-30.1784392188264,101.822405396316));
#5161=CARTESIAN_POINT('Ctrl Pts',(9.23382298286506,-30.2467719937413,101.797553969538));
#5162=CARTESIAN_POINT('Ctrl Pts',(9.01178819861939,-30.3127788127769,101.770713218808));
#5163=CARTESIAN_POINT('Ctrl Pts',(8.91132997284548,-30.3426431781818,101.758569291874));
#5164=CARTESIAN_POINT('Ctrl Pts',(8.81069617639656,-30.3720319154663,101.746017693244));
#5165=CARTESIAN_POINT('Ctrl Pts',(8.70987930353071,-30.4009568575391,101.733072682803));
#5166=CARTESIAN_POINT('Ctrl Pts',(8.50265280001147,-30.4604113361385,101.706464544944));
#5167=CARTESIAN_POINT('Ctrl Pts',(8.29628238353043,-30.5173339079639,101.678484249086));
#5168=CARTESIAN_POINT('Ctrl Pts',(8.09095195518165,-30.5717645532051,101.649459256673));
#5169=CARTESIAN_POINT('Ctrl Pts',(7.88495121809321,-30.6263728892908,101.620339511104));
#5170=CARTESIAN_POINT('Ctrl Pts',(7.67999737312832,-30.6784732333095,101.590168550232));
#5171=CARTESIAN_POINT('Ctrl Pts',(7.47622827890487,-30.7281277794257,101.559280653021));
#5172=CARTESIAN_POINT('Ctrl Pts',(7.27175493291228,-30.7779539379352,101.528286003329));
#5173=CARTESIAN_POINT('Ctrl Pts',(7.0684746020201,-30.8253176154981,101.496569739394));
#5174=CARTESIAN_POINT('Ctrl Pts',(6.86647724652867,-30.8702999470494,101.464468716946));
#5175=CARTESIAN_POINT('Ctrl Pts',(6.66376678911884,-30.9154410776447,101.432254369743));
#5176=CARTESIAN_POINT('Ctrl Pts',(6.46234840579462,-30.9581842879426,101.399652798807));
#5177=CARTESIAN_POINT('Ctrl Pts',(6.26226278062417,-30.9986260373117,101.36699944445));
#5178=CARTESIAN_POINT('Ctrl Pts',(6.06113592430268,-31.0392782426253,101.334176164395));
#5179=CARTESIAN_POINT('Ctrl Pts',(5.86135574158289,-31.0776052513123,101.301300788138));
#5180=CARTESIAN_POINT('Ctrl Pts',(5.66291262883039,-31.1137154860898,101.268705327783));
#5181=CARTESIAN_POINT('Ctrl Pts',(5.4639967573337,-31.1499117476838,101.236032213996));
#5182=CARTESIAN_POINT('Ctrl Pts',(5.26642429640152,-31.1838809522377,101.203640540924));
#5183=CARTESIAN_POINT('Ctrl Pts',(5.07013480291032,-31.2157384556242,101.171852852617));
#5184=CARTESIAN_POINT('Ctrl Pts',(4.87331746405262,-31.247681627557,101.139979683505));
#5185=CARTESIAN_POINT('Ctrl Pts',(4.67778995361994,-31.2775020202401,101.108713909075));
#5186=CARTESIAN_POINT('Ctrl Pts',(4.48344100840476,-31.3053176932922,101.078366178869));
#5187=CARTESIAN_POINT('Ctrl Pts',(4.36793825296223,-31.3218487162851,101.060330338972));
#5188=CARTESIAN_POINT('Ctrl Pts',(4.25285081191448,-31.3376716852113,101.042618463086));
#5189=CARTESIAN_POINT('Ctrl Pts',(4.13814705838776,-31.3528110294888,101.025293025947));
#5190=CARTESIAN_POINT('Origin',(-30.5166991758971,-50.,65.7610068717995));
#5191=CARTESIAN_POINT('Origin',(0.,-49.1975396767461,38.4692995489466));
#5192=CARTESIAN_POINT('',(-44.9191316765253,-44.1189314093425,49.3416377549748));
#5193=CARTESIAN_POINT('Ctrl Pts',(-44.9191316765299,-44.1189314093385,49.3416377549729));
#5194=CARTESIAN_POINT('Ctrl Pts',(-44.5868095978367,-44.4102389021009,49.4777112115805));
#5195=CARTESIAN_POINT('Ctrl Pts',(-44.2358082212133,-44.6896105357233,49.5939701900205));
#5196=CARTESIAN_POINT('Ctrl Pts',(-43.1955652672193,-45.4327262453094,49.874931108529));
#5197=CARTESIAN_POINT('Ctrl Pts',(-42.4744717334413,-45.8533918455468,49.9995283689599));
#5198=CARTESIAN_POINT('Ctrl Pts',(-41.6440560589722,-46.232238822162,50.0971959614101));
#5199=CARTESIAN_POINT('Ctrl Pts',(-41.5772030657503,-46.2620430881331,50.1047525727058));
#5200=CARTESIAN_POINT('Ctrl Pts',(-41.5100927159198,-46.2912676012148,50.112047619011));
#5201=CARTESIAN_POINT('',(0.,-44.1189314093425,49.3416377549748));
#5202=CARTESIAN_POINT('Ctrl Pts',(-19.3541041211534,-57.7819030399477,32.284893517981));
#5203=CARTESIAN_POINT('Ctrl Pts',(-15.5055521082584,-59.0709792464158,32.284893517981));
#5204=CARTESIAN_POINT('Ctrl Pts',(-11.5200362587446,-59.8382689409342,32.284893517981));
#5205=CARTESIAN_POINT('Ctrl Pts',(-19.8568110837596,-59.2827405258364,38.233956907253));
#5206=CARTESIAN_POINT('Ctrl Pts',(-15.9082960924326,-60.605299428288,38.233956907253));
#5207=CARTESIAN_POINT('Ctrl Pts',(-11.8192597412935,-61.3925188425887,38.233956907253));
#5208=CARTESIAN_POINT('Ctrl Pts',(-19.9770934928763,-59.6418450577478,44.3783168198961));
#5209=CARTESIAN_POINT('Ctrl Pts',(-16.0046604165362,-60.97241534583,44.3783168198961));
#5210=CARTESIAN_POINT('Ctrl Pts',(-11.8908547738323,-61.7644033328514,44.3783168198961));
#5211=CARTESIAN_POINT('Ctrl Pts',(-13.1007617928185,-60.659258749052,37.3408141567059));
#5212=CARTESIAN_POINT('Ctrl Pts',(-13.1796494460291,-60.6652629282628,37.4672741847748));
#5213=CARTESIAN_POINT('Ctrl Pts',(-13.2440127741522,-60.6753392042065,37.6019289061557));
#5214=CARTESIAN_POINT('Ctrl Pts',(-13.3386448506239,-60.7023146918144,37.8739424416995));
#5215=CARTESIAN_POINT('Ctrl Pts',(-13.3704483318023,-60.7186736033272,38.0097608797026));
#5216=CARTESIAN_POINT('Ctrl Pts',(-13.4206128164029,-60.7741492440493,38.4047939138836));
#5217=CARTESIAN_POINT('Ctrl Pts',(-13.4027444247056,-60.8201175634946,38.6645996008287));
#5218=CARTESIAN_POINT('Ctrl Pts',(-13.2734923430247,-60.9239910174474,39.1513354795837));
#5219=CARTESIAN_POINT('Ctrl Pts',(-13.1667223529,-60.9805505280172,39.375286131878));
#5220=CARTESIAN_POINT('Ctrl Pts',(-12.9578663466979,-61.0665010215023,39.6632053370475));
#5221=CARTESIAN_POINT('Ctrl Pts',(-12.8857855633335,-61.0935987537581,39.7469644039352));
#5222=CARTESIAN_POINT('Ctrl Pts',(-12.807353683084,-61.1208022187294,39.8242203418112));
#5223=CARTESIAN_POINT('Ctrl Pts',(-41.8899175690606,-45.9721633852369,47.7994785179672));
#5224=CARTESIAN_POINT('Ctrl Pts',(-41.7024146616613,-46.1608878688368,49.0100725469178));
#5225=CARTESIAN_POINT('Ctrl Pts',(-41.4969435957469,-46.3156274664556,50.2223072097698));
#5226=CARTESIAN_POINT('Ctrl Pts',(-41.2734452594547,-46.4367007011069,51.4335661124284));
#5227=CARTESIAN_POINT('Ctrl Pts',(-43.3778034794352,-45.3529288595867,48.151477440322));
#5228=CARTESIAN_POINT('Ctrl Pts',(-43.1834420984394,-45.5421460014538,49.365172530245));
#5229=CARTESIAN_POINT('Ctrl Pts',(-42.9704758288939,-45.6973423213221,50.5804435343683));
#5230=CARTESIAN_POINT('Ctrl Pts',(-42.7387784993219,-45.8187712534165,51.7947920084683));
#5231=CARTESIAN_POINT('Ctrl Pts',(-44.7273099691458,-44.4189972902881,48.5310909163481));
#5232=CARTESIAN_POINT('Ctrl Pts',(-44.52777194556,-44.6099987077917,49.7406433914667));
#5233=CARTESIAN_POINT('Ctrl Pts',(-44.3091043902351,-44.767347254285,50.9519015749682));
#5234=CARTESIAN_POINT('Ctrl Pts',(-44.0711611381122,-44.8912745899822,52.1624161847286));
#5235=CARTESIAN_POINT('Ctrl Pts',(-45.826534449972,-43.2478113281339,48.9068409718271));
#5236=CARTESIAN_POINT('Ctrl Pts',(-45.6246887579166,-43.4412163926604,50.1055641720507));
#5237=CARTESIAN_POINT('Ctrl Pts',(-45.4033975465995,-43.6016695779581,51.3063161157599));
#5238=CARTESIAN_POINT('Ctrl Pts',(-45.1625521850176,-43.7294200805234,52.5066285257877));
#5239=CARTESIAN_POINT('Ctrl Pts',(-44.9191316765253,-44.1189314093425,49.3416377549748));
#5240=CARTESIAN_POINT('Ctrl Pts',(-45.2376616803685,-43.839713798662,49.2112116369554));
#5241=CARTESIAN_POINT('Ctrl Pts',(-45.5401165337226,-43.5485743743701,49.0668394681744));
#5242=CARTESIAN_POINT('Ctrl Pts',(-45.826534449972,-43.2478113281339,48.9068409718272));
#5243=CARTESIAN_POINT('Ctrl Pts',(-13.1007617928184,-61.5,37.3408141567059));
#5244=CARTESIAN_POINT('Ctrl Pts',(-13.1007617928184,-61.9561498885482,37.3408141567059));
#5245=CARTESIAN_POINT('Ctrl Pts',(-12.8888953539657,-62.872095534918,37.3633881674845));
#5246=CARTESIAN_POINT('Ctrl Pts',(-12.1452994195061,-63.894104281468,37.4527924684147));
#5247=CARTESIAN_POINT('Ctrl Pts',(-11.3707532132197,-64.4510638683745,37.5625305576697));
#5248=CARTESIAN_POINT('Ctrl Pts',(-10.7220835492581,-64.7429268973,37.6670917141703));
#5249=CARTESIAN_POINT('Ctrl Pts',(-10.2305147479666,-64.8929370974915,37.7528884923402));
#5250=CARTESIAN_POINT('Ctrl Pts',(-9.7380835554798,-64.9802070082748,37.8458529203743));
#5251=CARTESIAN_POINT('Ctrl Pts',(-9.41341444961663,-64.9994595927854,37.9119817682722));
#5252=CARTESIAN_POINT('Ctrl Pts',(-9.24847389597913,-64.9999925444477,37.9468279268475));
#5253=CARTESIAN_POINT('Ctrl Pts',(-9.24388756871208,-65.,37.9477977498194));
#5254=CARTESIAN_POINT('Ctrl Pts',(-9.23930291609836,-65.,37.9487682690123));
#5255=CARTESIAN_POINT('Ctrl Pts',(-13.4129574841726,-61.5,37.8412761971498));
#5256=CARTESIAN_POINT('Ctrl Pts',(-13.4129574841726,-62.0324384353803,37.8412761971498));
#5257=CARTESIAN_POINT('Ctrl Pts',(-13.1039538873797,-63.0873169743216,37.8374068022772));
#5258=CARTESIAN_POINT('Ctrl Pts',(-12.1861882924063,-64.0870249215274,37.8412384442746));
#5259=CARTESIAN_POINT('Ctrl Pts',(-11.3535727655086,-64.5647838022276,37.8575785789539));
#5260=CARTESIAN_POINT('Ctrl Pts',(-10.6923247153198,-64.8015675552496,37.8777403296646));
#5261=CARTESIAN_POINT('Ctrl Pts',(-10.2042293140641,-64.9188005689082,37.8966745758755));
#5262=CARTESIAN_POINT('Ctrl Pts',(-9.72292122353989,-64.9852164089048,37.9196946468481));
#5263=CARTESIAN_POINT('Ctrl Pts',(-9.4082731588314,-64.9995841427005,37.9379765784401));
#5264=CARTESIAN_POINT('Ctrl Pts',(-9.24820736720886,-64.9999947276366,37.948197244249));
#5265=CARTESIAN_POINT('Ctrl Pts',(-9.24375381182697,-65.,37.9484825042088));
#5266=CARTESIAN_POINT('Ctrl Pts',(-9.23930291609836,-65.,37.9487682690123));
#5267=CARTESIAN_POINT('Ctrl Pts',(-13.5406134378315,-61.5,38.9660340356962));
#5268=CARTESIAN_POINT('Ctrl Pts',(-13.5406134378315,-62.0977370031931,38.9660340356962));
#5269=CARTESIAN_POINT('Ctrl Pts',(-13.153433708787,-63.2694122938173,38.8690865800546));
#5270=CARTESIAN_POINT('Ctrl Pts',(-12.1243677554799,-64.2408119810112,38.6140823760026));
#5271=CARTESIAN_POINT('Ctrl Pts',(-11.2763252474247,-64.6528279617624,38.4102052962991));
#5272=CARTESIAN_POINT('Ctrl Pts',(-10.62677860952,-64.8462104512717,38.2586296699894));
#5273=CARTESIAN_POINT('Ctrl Pts',(-10.1565529027482,-64.9382840641198,38.1512069473372));
#5274=CARTESIAN_POINT('Ctrl Pts',(-9.69784052668046,-64.9889599903179,38.0486802393841));
#5275=CARTESIAN_POINT('Ctrl Pts',(-9.39943728985598,-64.9996769062152,37.9834373257688));
#5276=CARTESIAN_POINT('Ctrl Pts',(-9.247738121496,-64.9999963762958,37.9505940835079));
#5277=CARTESIAN_POINT('Ctrl Pts',(-9.24351973727802,-65.,37.9496808243903));
#5278=CARTESIAN_POINT('Ctrl Pts',(-9.23930291609836,-65.,37.9487682690123));
#5279=CARTESIAN_POINT('Ctrl Pts',(-12.8702033532975,-61.5,39.8295937994821));
#5280=CARTESIAN_POINT('Ctrl Pts',(-12.8702033532975,-62.0125793146303,39.8295937994821));
#5281=CARTESIAN_POINT('Ctrl Pts',(-12.6166160563606,-63.031555466957,39.7042338156534));
#5282=CARTESIAN_POINT('Ctrl Pts',(-11.842189676258,-64.0379656902577,39.3096545241449));
#5283=CARTESIAN_POINT('Ctrl Pts',(-11.1179936402404,-64.5361272841922,38.9343183058284));
#5284=CARTESIAN_POINT('Ctrl Pts',(-10.5350556284207,-64.7868703625278,38.6303934871133));
#5285=CARTESIAN_POINT('Ctrl Pts',(-10.1017080593706,-64.9123445752784,38.403473241636));
#5286=CARTESIAN_POINT('Ctrl Pts',(-9.67229392183608,-64.9839750623673,38.1777028930316));
#5287=CARTESIAN_POINT('Ctrl Pts',(-9.39054306026553,-64.9995541374803,38.0289010974255));
#5288=CARTESIAN_POINT('Ctrl Pts',(-9.24726988581286,-64.9999941621178,37.952990866599));
#5289=CARTESIAN_POINT('Ctrl Pts',(-9.24328566272907,-65.,37.9508791445719));
#5290=CARTESIAN_POINT('Ctrl Pts',(-9.23930291609836,-65.,37.9487682690123));
#5291=CARTESIAN_POINT('Ctrl Pts',(-12.5002022499814,-61.5,40.0720992851604));
#5292=CARTESIAN_POINT('Ctrl Pts',(-12.5002022499814,-61.9561498885469,40.0720992851604));
#5293=CARTESIAN_POINT('Ctrl Pts',(-12.3211067884051,-62.8720955349177,39.9601057879709));
#5294=CARTESIAN_POINT('Ctrl Pts',(-11.6931777110859,-63.8941042814673,39.5627652900165));
#5295=CARTESIAN_POINT('Ctrl Pts',(-11.0397084390501,-64.4510638683741,39.1419323459613));
#5296=CARTESIAN_POINT('Ctrl Pts',(-10.4923886636142,-64.7429268972997,38.7842121468754));
#5297=CARTESIAN_POINT('Ctrl Pts',(-10.0774394248647,-64.8929370974913,38.5103970136223));
#5298=CARTESIAN_POINT('Ctrl Pts',(-9.66140703377544,-64.9802070082747,38.2331848065642));
#5299=CARTESIAN_POINT('Ctrl Pts',(-9.38673840372877,-64.9994595927854,38.0484074189836));
#5300=CARTESIAN_POINT('Ctrl Pts',(-9.24706908683847,-64.9999925444477,37.954017675212));
#5301=CARTESIAN_POINT('Ctrl Pts',(-9.24318534506524,-65.,37.951392710364));
#5302=CARTESIAN_POINT('Ctrl Pts',(-9.23930291609836,-65.,37.9487682690123));
#5303=CARTESIAN_POINT('',(-9.23930291609836,-65.,37.9487682690123));
#5304=CARTESIAN_POINT('Ctrl Pts',(-13.1007617928184,-61.5,37.3408141567059));
#5305=CARTESIAN_POINT('Ctrl Pts',(-13.1007617928184,-61.9561498885482,37.3408141567059));
#5306=CARTESIAN_POINT('Ctrl Pts',(-12.8888953539657,-62.872095534918,37.3633881674845));
#5307=CARTESIAN_POINT('Ctrl Pts',(-12.1452994195061,-63.894104281468,37.4527924684147));
#5308=CARTESIAN_POINT('Ctrl Pts',(-11.3707532132197,-64.4510638683745,37.5625305576697));
#5309=CARTESIAN_POINT('Ctrl Pts',(-10.7220835492581,-64.7429268973,37.6670917141703));
#5310=CARTESIAN_POINT('Ctrl Pts',(-10.2305147479666,-64.8929370974915,37.7528884923402));
#5311=CARTESIAN_POINT('Ctrl Pts',(-9.7380835554798,-64.9802070082748,37.8458529203743));
#5312=CARTESIAN_POINT('Ctrl Pts',(-9.41341444961663,-64.9994595927854,37.9119817682722));
#5313=CARTESIAN_POINT('Ctrl Pts',(-9.24847389597913,-64.9999925444477,37.9468279268475));
#5314=CARTESIAN_POINT('Ctrl Pts',(-9.24388756871208,-65.,37.9477977498194));
#5315=CARTESIAN_POINT('Ctrl Pts',(-9.23930291609836,-65.,37.9487682690123));
#5316=CARTESIAN_POINT('',(-12.5002022499814,-61.5,40.0720992851604));
#5317=CARTESIAN_POINT('Ctrl Pts',(-9.23930291609836,-65.,37.9487682690123));
#5318=CARTESIAN_POINT('Ctrl Pts',(-9.24318534506524,-65.,37.951392710364));
#5319=CARTESIAN_POINT('Ctrl Pts',(-9.24706908683847,-64.9999925444477,37.954017675212));
#5320=CARTESIAN_POINT('Ctrl Pts',(-9.38673840372877,-64.9994595927854,38.0484074189836));
#5321=CARTESIAN_POINT('Ctrl Pts',(-9.66140703377544,-64.9802070082747,38.2331848065642));
#5322=CARTESIAN_POINT('Ctrl Pts',(-10.0774394248647,-64.8929370974913,38.5103970136223));
#5323=CARTESIAN_POINT('Ctrl Pts',(-10.4923886636142,-64.7429268972997,38.7842121468754));
#5324=CARTESIAN_POINT('Ctrl Pts',(-11.0397084390501,-64.4510638683741,39.1419323459613));
#5325=CARTESIAN_POINT('Ctrl Pts',(-11.6931777110859,-63.8941042814673,39.5627652900165));
#5326=CARTESIAN_POINT('Ctrl Pts',(-12.3211067884051,-62.8720955349177,39.9601057879709));
#5327=CARTESIAN_POINT('Ctrl Pts',(-12.5002022499814,-61.9561498885469,40.0720992851604));
#5328=CARTESIAN_POINT('Ctrl Pts',(-12.5002022499814,-61.5,40.0720992851604));
#5329=CARTESIAN_POINT('Origin',(-11.4038620036875,-61.5,38.3993655752244));
#5330=CARTESIAN_POINT('Ctrl Pts',(12.5111781266621,-61.5,40.0649009782869));
#5331=CARTESIAN_POINT('Ctrl Pts',(12.5111781266622,-61.9553703389748,40.0649009782869));
#5332=CARTESIAN_POINT('Ctrl Pts',(12.3786843703924,-62.6403777856323,39.9816818363262));
#5333=CARTESIAN_POINT('Ctrl Pts',(12.0182378640886,-63.3827006398205,39.7531685776389));
#5334=CARTESIAN_POINT('Ctrl Pts',(11.6878634671857,-63.8491326174044,39.5422452557736));
#5335=CARTESIAN_POINT('Ctrl Pts',(11.3138429620866,-64.2292240529425,39.3015508233684));
#5336=CARTESIAN_POINT('Ctrl Pts',(10.7859926764889,-64.6213770953219,38.9588804623977));
#5337=CARTESIAN_POINT('Ctrl Pts',(10.0929986080952,-64.9246800233116,38.502849305331));
#5338=CARTESIAN_POINT('Ctrl Pts',(9.53910305937157,-64.9989090332462,38.1313814408616));
#5339=CARTESIAN_POINT('Ctrl Pts',(9.26367417231646,-64.9999925797076,37.9450562795856));
#5340=CARTESIAN_POINT('Ctrl Pts',(9.25975183643343,-65.,37.9424024943117));
#5341=CARTESIAN_POINT('Ctrl Pts',(9.25582972152032,-65.,37.9397485333366));
#5342=CARTESIAN_POINT('Ctrl Pts',(13.002362617639,-61.5,39.7425653539093));
#5343=CARTESIAN_POINT('Ctrl Pts',(13.002362617639,-62.0307496095132,39.7425653539093));
#5344=CARTESIAN_POINT('Ctrl Pts',(12.7989688170195,-62.8194407666523,39.6472836257486));
#5345=CARTESIAN_POINT('Ctrl Pts',(12.3109802832348,-63.5844257284796,39.4138574640296));
#5346=CARTESIAN_POINT('Ctrl Pts',(11.896165334812,-64.0326193160425,39.2141685207511));
#5347=CARTESIAN_POINT('Ctrl Pts',(11.4539908548798,-64.3735712542377,39.0006124739543));
#5348=CARTESIAN_POINT('Ctrl Pts',(10.8602225813001,-64.7062535099855,38.7137284859045));
#5349=CARTESIAN_POINT('Ctrl Pts',(10.1203930473515,-64.9442857043718,38.3567602780534));
#5350=CARTESIAN_POINT('Ctrl Pts',(9.54872266639216,-64.9991885979619,38.0813661537366));
#5351=CARTESIAN_POINT('Ctrl Pts',(9.26394711377553,-64.9999944932455,37.9436748457163));
#5352=CARTESIAN_POINT('Ctrl Pts',(9.25988744036257,-65.,37.941711109003));
#5353=CARTESIAN_POINT('Ctrl Pts',(9.25582972152032,-65.,37.9397485333366));
#5354=CARTESIAN_POINT('Ctrl Pts',(13.5884844468952,-61.5,38.7803310753723));
#5355=CARTESIAN_POINT('Ctrl Pts',(13.5884844468952,-62.0952026298061,38.7803310753723));
#5356=CARTESIAN_POINT('Ctrl Pts',(13.3042141406662,-62.9714415269421,38.721499240679));
#5357=CARTESIAN_POINT('Ctrl Pts',(12.6778090219364,-63.7501526035297,38.5941710796358));
#5358=CARTESIAN_POINT('Ctrl Pts',(12.1695921633555,-64.1801111189252,38.4920033356945));
#5359=CARTESIAN_POINT('Ctrl Pts',(11.6505113474148,-64.4871645215298,38.3889986669542));
#5360=CARTESIAN_POINT('Ctrl Pts',(10.9776249665088,-64.7712425865041,38.2574440189078));
#5361=CARTESIAN_POINT('Ctrl Pts',(10.1731496695631,-64.9589178647188,38.1043050803012));
#5362=CARTESIAN_POINT('Ctrl Pts',(9.56605949804219,-64.9994089203323,37.9941811891221));
#5363=CARTESIAN_POINT('Ctrl Pts',(9.26441999315966,-64.9999958262247,37.9412540886835));
#5364=CARTESIAN_POINT('Ctrl Pts',(9.26012474723858,-65.,37.9405011847127));
#5365=CARTESIAN_POINT('Ctrl Pts',(9.25582972152031,-65.,37.9397485333366));
#5366=CARTESIAN_POINT('Ctrl Pts',(13.3477873669364,-61.5,37.7189011771452));
#5367=CARTESIAN_POINT('Ctrl Pts',(13.3477873669364,-62.0111337298042,37.7189011771452));
#5368=CARTESIAN_POINT('Ctrl Pts',(13.1392616972877,-62.7730359709245,37.7201537893363));
#5369=CARTESIAN_POINT('Ctrl Pts',(12.6262404295318,-63.5326717822413,37.7316316140825));
#5370=CARTESIAN_POINT('Ctrl Pts',(12.181758854025,-63.985872800784,37.745506118757));
#5371=CARTESIAN_POINT('Ctrl Pts',(11.7011358274843,-64.3370454490084,37.7649626877725));
#5372=CARTESIAN_POINT('Ctrl Pts',(11.0477457997849,-64.6849668026141,37.797576765506));
#5373=CARTESIAN_POINT('Ctrl Pts',(10.2240957823294,-64.939438453692,37.8509879885752));
#5374=CARTESIAN_POINT('Ctrl Pts',(9.58316183765144,-64.9991228021313,37.906889848667));
#5375=CARTESIAN_POINT('Ctrl Pts',(9.264895084225,-64.9999939761447,37.9388343396478));
#5376=CARTESIAN_POINT('Ctrl Pts',(9.26036205411459,-65.,37.9392912604225));
#5377=CARTESIAN_POINT('Ctrl Pts',(9.25582972152032,-65.,37.9397485333366));
#5378=CARTESIAN_POINT('Ctrl Pts',(13.1166670922893,-61.5,37.343751471309));
#5379=CARTESIAN_POINT('Ctrl Pts',(13.1166670922893,-61.9553703389739,37.343751471309));
#5380=CARTESIAN_POINT('Ctrl Pts',(12.9595776841582,-62.6403777856321,37.3598301038697));
#5381=CARTESIAN_POINT('Ctrl Pts',(12.5319168221814,-63.3827006398202,37.4085095713684));
#5382=CARTESIAN_POINT('Ctrl Pts',(12.1397798642826,-63.8491326174042,37.4566387531384));
#5383=CARTESIAN_POINT('Ctrl Pts',(11.6957158038106,-64.2292240529423,37.5157667477268));
#5384=CARTESIAN_POINT('Ctrl Pts',(11.068987187718,-64.6213770953218,37.6066823275506));
#5385=CARTESIAN_POINT('Ctrl Pts',(10.2464783344357,-64.9246800233114,37.7419090187902));
#5386=CARTESIAN_POINT('Ctrl Pts',(9.59054285543899,-64.9989090332462,37.8694202852514));
#5387=CARTESIAN_POINT('Ctrl Pts',(9.26509820519173,-64.9999925797076,37.9377978654358));
#5388=CARTESIAN_POINT('Ctrl Pts',(9.26046375706145,-65.,37.938772721441));
#5389=CARTESIAN_POINT('Ctrl Pts',(9.25582972152032,-65.,37.9397485333366));
#5390=CARTESIAN_POINT('',(12.5111781266621,-61.5,40.0649009782869));
#5391=CARTESIAN_POINT('',(9.25582972152032,-65.,37.9397485333366));
#5392=CARTESIAN_POINT('Ctrl Pts',(12.5111781266621,-61.5,40.0649009782869));
#5393=CARTESIAN_POINT('Ctrl Pts',(12.5111781266622,-61.9553703389748,40.0649009782869));
#5394=CARTESIAN_POINT('Ctrl Pts',(12.3786843703924,-62.6403777856323,39.9816818363262));
#5395=CARTESIAN_POINT('Ctrl Pts',(12.0182378640886,-63.3827006398205,39.7531685776389));
#5396=CARTESIAN_POINT('Ctrl Pts',(11.6878634671857,-63.8491326174044,39.5422452557736));
#5397=CARTESIAN_POINT('Ctrl Pts',(11.3138429620866,-64.2292240529425,39.3015508233684));
#5398=CARTESIAN_POINT('Ctrl Pts',(10.7859926764889,-64.6213770953219,38.9588804623977));
#5399=CARTESIAN_POINT('Ctrl Pts',(10.0929986080952,-64.9246800233116,38.502849305331));
#5400=CARTESIAN_POINT('Ctrl Pts',(9.53910305937157,-64.9989090332462,38.1313814408616));
#5401=CARTESIAN_POINT('Ctrl Pts',(9.26367417231646,-64.9999925797076,37.9450562795856));
#5402=CARTESIAN_POINT('Ctrl Pts',(9.25975183643343,-65.,37.9424024943117));
#5403=CARTESIAN_POINT('Ctrl Pts',(9.25582972152032,-65.,37.9397485333366));
#5404=CARTESIAN_POINT('',(13.1166670922893,-61.5,37.343751471309));
#5405=CARTESIAN_POINT('Ctrl Pts',(9.25582972152032,-65.,37.9397485333366));
#5406=CARTESIAN_POINT('Ctrl Pts',(9.26046375706145,-65.,37.938772721441));
#5407=CARTESIAN_POINT('Ctrl Pts',(9.26509820519173,-64.9999925797076,37.9377978654358));
#5408=CARTESIAN_POINT('Ctrl Pts',(9.59054285543899,-64.9989090332462,37.8694202852514));
#5409=CARTESIAN_POINT('Ctrl Pts',(10.2464783344357,-64.9246800233114,37.7419090187902));
#5410=CARTESIAN_POINT('Ctrl Pts',(11.068987187718,-64.6213770953218,37.6066823275506));
#5411=CARTESIAN_POINT('Ctrl Pts',(11.6957158038106,-64.2292240529423,37.5157667477268));
#5412=CARTESIAN_POINT('Ctrl Pts',(12.1397798642826,-63.8491326174042,37.4566387531384));
#5413=CARTESIAN_POINT('Ctrl Pts',(12.5319168221814,-63.3827006398202,37.4085095713684));
#5414=CARTESIAN_POINT('Ctrl Pts',(12.9595776841582,-62.6403777856321,37.3598301038697));
#5415=CARTESIAN_POINT('Ctrl Pts',(13.1166670922893,-61.9553703389739,37.343751471309));
#5416=CARTESIAN_POINT('Ctrl Pts',(13.1166670922893,-61.5,37.343751471309));
#5417=CARTESIAN_POINT('Origin',(11.4138752323165,-61.5,38.3927986016183));
#5418=CARTESIAN_POINT('Origin',(0.013650635810722,-61.5,45.5217803918848));
#5419=CARTESIAN_POINT('',(8.29006870964652,-65.,36.8922632608951));
#5420=CARTESIAN_POINT('Origin',(8.29006870964652,-61.5,36.8922632608951));
#5421=CARTESIAN_POINT('Origin',(0.013650635810722,-65.,45.5217803918848));
#5422=CARTESIAN_POINT('Origin',(0.261174580842448,-61.5,45.2636962660069));
#5423=CARTESIAN_POINT('Origin',(0.261174580842448,-65.,45.2636962660069));
#5424=CARTESIAN_POINT('Origin',(0.261174580842448,-61.5,45.2636962660069));
#5425=CARTESIAN_POINT('Origin',(4.44089209850063E-15,-61.5,21.0000003129244));
#5426=CARTESIAN_POINT('Origin',(4.44089209850063E-15,-65.,21.0000003129244));
#5427=CARTESIAN_POINT('Origin',(4.44089209850063E-15,-61.5,21.0000003129244));
#5428=CARTESIAN_POINT('Origin',(-11.4038620036876,-40.,38.3993655752244));
#5429=CARTESIAN_POINT('',(-12.5002022499814,-40.,40.0720992851604));
#5430=CARTESIAN_POINT('Origin',(4.44089209850063E-15,-40.,21.0000003129244));
#5431=CARTESIAN_POINT('',(12.5111781266621,-40.,40.0649009782869));
#5432=CARTESIAN_POINT('Origin',(11.4138752323165,-40.,38.3927986016183));
#5433=CARTESIAN_POINT('',(13.1166670922893,-40.,37.343751471309));
#5434=CARTESIAN_POINT('Origin',(0.00500661431444671,-65.,36.9341904988411));
#5435=CARTESIAN_POINT('Origin',(0.261174580842448,-40.,45.2636962660069));
#5436=CARTESIAN_POINT('Origin',(39.9337912824499,0.,7.33571845077567E-15));
#5437=CARTESIAN_POINT('',(-5.76424151505488,-39.5155818120699,0.));
#5438=CARTESIAN_POINT('',(0.,-39.5155818120699,8.88178419700125E-15));
#5439=CARTESIAN_POINT('',(0.,38.3112098084661,8.88178419700125E-15));
#5440=CARTESIAN_POINT('',(5.76424151505488,-39.5155818120699,0.));
#5441=CARTESIAN_POINT('',(0.,-39.5155818120699,8.88178419700125E-15));
#5442=CARTESIAN_POINT('Origin',(0.,0.,0.));
#5443=CARTESIAN_POINT('Ctrl Pts',(-5.76424151505492,-39.5155818120699,-8.62118477422922E-15));
#5444=CARTESIAN_POINT('Ctrl Pts',(0.,-40.3564268337098,-8.88178419700125E-15));
#5445=CARTESIAN_POINT('Ctrl Pts',(5.7642415150549,-39.5155818120699,-9.14238361977329E-15));
#5446=CARTESIAN_POINT('Ctrl Pts',(-5.87572737851286,-40.2798504061001,0.621121254720541));
#5447=CARTESIAN_POINT('Ctrl Pts',(0.,-41.1369581629198,0.62112125472054));
#5448=CARTESIAN_POINT('Ctrl Pts',(5.87572737851284,-40.2798504061001,0.62112125472054));
#5449=CARTESIAN_POINT('Ctrl Pts',(-5.98428233946056,-41.0240267958699,1.26667877810657));
#5450=CARTESIAN_POINT('Ctrl Pts',(0.,-41.8969697494364,1.26667877810657));
#5451=CARTESIAN_POINT('Ctrl Pts',(5.98428233946054,-41.0240267958699,1.26667877810657));
#5452=CARTESIAN_POINT('',(-5.28075973593385,-39.8210412067979,0.190639171882045));
#5453=CARTESIAN_POINT('Ctrl Pts',(-5.76424151505493,-39.5155818120699,2.75647560332715E-14));
#5454=CARTESIAN_POINT('Ctrl Pts',(-5.6055295021254,-39.620264287446,0.0648794896070374));
#5455=CARTESIAN_POINT('Ctrl Pts',(-5.44434631889148,-39.722232307251,0.128542159920115));
#5456=CARTESIAN_POINT('Ctrl Pts',(-5.28075973593387,-39.821041206798,0.190639171882062));
#5457=CARTESIAN_POINT('',(5.28075973593385,-39.8210412067979,0.190639171882045));
#5458=CARTESIAN_POINT('Ctrl Pts',(5.28075973593386,-39.8210412067979,0.190639171882055));
#5459=CARTESIAN_POINT('Ctrl Pts',(5.44246973557031,-39.7233657934423,0.129254505730104));
#5460=CARTESIAN_POINT('Ctrl Pts',(5.60362465532993,-39.6215206767645,0.0656581671978836));
#5461=CARTESIAN_POINT('Ctrl Pts',(5.76424151505491,-39.5155818120699,1.35655375821386E-14));
#5462=CARTESIAN_POINT('Ctrl Pts',(5.2807597359339,-39.8210412067979,0.190639171882054));
#5463=CARTESIAN_POINT('Ctrl Pts',(4.63459969349003,-40.2113321559134,0.435919727044497));
#5464=CARTESIAN_POINT('Ctrl Pts',(3.94597514871802,-40.5552669523207,0.658789254492776));
#5465=CARTESIAN_POINT('Ctrl Pts',(2.50469170046461,-41.08523928535,1.00732941475395));
#5466=CARTESIAN_POINT('Ctrl Pts',(1.75998417091166,-41.2715065363771,1.13273212171267));
#5467=CARTESIAN_POINT('Ctrl Pts',(-0.00535024573660656,-41.4701816590151,
1.26659657556341));
#5468=CARTESIAN_POINT('Ctrl Pts',(-0.982317769206828,-41.4123553159151,
1.22697760144915));
#5469=CARTESIAN_POINT('Ctrl Pts',(-3.15220184109316,-40.9296477905747,0.904095816144904));
#5470=CARTESIAN_POINT('Ctrl Pts',(-4.26770235601203,-40.4329439868317,0.575192936022036));
#5471=CARTESIAN_POINT('Ctrl Pts',(-5.28075973593389,-39.8210412067979,0.190639171882046));
#5472=CARTESIAN_POINT('Origin',(0.,-52.0581166378279,32.345346184622));
#5473=CARTESIAN_POINT('Origin',(0.,-52.0581166378279,32.345346184622));
#5474=CARTESIAN_POINT('Ctrl Pts',(45.8265344419028,-43.2478113358656,48.9068410197485));
#5475=CARTESIAN_POINT('Ctrl Pts',(45.6554332214649,-43.4274820942829,49.0024214136778));
#5476=CARTESIAN_POINT('Ctrl Pts',(45.4788468493219,-43.6033495608121,49.0922665418489));
#5477=CARTESIAN_POINT('Ctrl Pts',(45.2968115039096,-43.7750473924291,49.1768032154635));
#5478=CARTESIAN_POINT('Ctrl Pts',(45.173330753999,-43.8915158560568,49.2341473088825));
#5479=CARTESIAN_POINT('Ctrl Pts',(45.0473432514226,-44.0060649361795,49.2890493437205));
#5480=CARTESIAN_POINT('Ctrl Pts',(44.9188675092226,-44.1185708360996,49.3416492259194));
#5481=CARTESIAN_POINT('Ctrl Pts',(41.2734452887749,-46.4367006887426,51.4335661196562));
#5482=CARTESIAN_POINT('Ctrl Pts',(41.4969452399126,-46.3156265793807,50.2222984660989));
#5483=CARTESIAN_POINT('Ctrl Pts',(41.7024182798417,-46.1608842440926,49.0100493839656));
#5484=CARTESIAN_POINT('Ctrl Pts',(41.8899175964627,-45.9721633752313,47.7994785403077));
#5485=CARTESIAN_POINT('Ctrl Pts',(42.7387785171278,-45.818771241096,51.7947920133733));
#5486=CARTESIAN_POINT('Ctrl Pts',(42.9704775206995,-45.6973414316956,50.5804347661656));
#5487=CARTESIAN_POINT('Ctrl Pts',(43.1834458362141,-45.5421423672795,49.3651493058416));
#5488=CARTESIAN_POINT('Ctrl Pts',(43.3778034950158,-45.3529288495734,48.1514774607191));
#5489=CARTESIAN_POINT('Ctrl Pts',(44.0711611453915,-44.891274582233,52.1624161870244));
#5490=CARTESIAN_POINT('Ctrl Pts',(44.3091061165736,-44.767346351187,50.9518928318724));
#5491=CARTESIAN_POINT('Ctrl Pts',(44.5277757717576,-44.6099950440561,49.7406202437787));
#5492=CARTESIAN_POINT('Ctrl Pts',(44.7273099739561,-44.4189972848903,48.531090934138));
#5493=CARTESIAN_POINT('Ctrl Pts',(45.1625521850176,-43.7294200805234,52.5066285257877));
#5494=CARTESIAN_POINT('Ctrl Pts',(45.4033992866062,-43.6016686550144,51.3063074440065));
#5495=CARTESIAN_POINT('Ctrl Pts',(45.6246926209627,-43.4412126907217,50.1055412291977));
#5496=CARTESIAN_POINT('Ctrl Pts',(45.8265344474215,-43.2478113305778,48.9068409869743));
#5497=CARTESIAN_POINT('Origin',(0.,0.,102.000001519918));
#5498=CARTESIAN_POINT('',(31.624721667197,3.87291141636587E-15,32.0000015199184));
#5499=CARTESIAN_POINT('',(31.624721667197,-3.87291141636587E-15,102.000001519918));
#5500=CARTESIAN_POINT('Origin',(0.,0.,32.0000015199184));
#5501=CARTESIAN_POINT('Ctrl Pts',(1.25022604627709,31.599999293685,101.999997720122));
#5502=CARTESIAN_POINT('Ctrl Pts',(0.834205116920965,31.6164587941059,101.980694329131));
#5503=CARTESIAN_POINT('Ctrl Pts',(0.417324038114281,31.624721667197,101.970990702108));
#5504=CARTESIAN_POINT('Ctrl Pts',(-0.41732403811428,31.624721667197,101.970990702108));
#5505=CARTESIAN_POINT('Ctrl Pts',(-0.834205116920966,31.6164587941059,101.980694329131));
#5506=CARTESIAN_POINT('Ctrl Pts',(-1.25022604627709,31.599999293685,101.999997720122));
#5507=CARTESIAN_POINT('Ctrl Pts',(-4.13814705838771,-31.3528110294888,101.025293025947));
#5508=CARTESIAN_POINT('Ctrl Pts',(-4.23571117129431,-31.3399338859865,101.04002960477));
#5509=CARTESIAN_POINT('Ctrl Pts',(-4.33316849759799,-31.3266161931143,101.054985262944));
#5510=CARTESIAN_POINT('Ctrl Pts',(-4.43051030126319,-31.3128573816695,101.070113246069));
#5511=CARTESIAN_POINT('Ctrl Pts',(-4.62535879842138,-31.2853164523694,101.100394838004));
#5512=CARTESIAN_POINT('Ctrl Pts',(-4.82150939398896,-31.2557559828581,101.131646445901));
#5513=CARTESIAN_POINT('Ctrl Pts',(-5.01908643230759,-31.2240481717759,101.163556404308));
#5514=CARTESIAN_POINT('Ctrl Pts',(-5.21600435962991,-31.1924461369881,101.195359912064));
#5515=CARTESIAN_POINT('Ctrl Pts',(-5.41433929446029,-31.1587107712064,101.227817252828));
#5516=CARTESIAN_POINT('Ctrl Pts',(-5.61416527990893,-31.1227149626872,101.260603930693));
#5517=CARTESIAN_POINT('Ctrl Pts',(-5.81320163977767,-31.0868613939828,101.293261049835));
#5518=CARTESIAN_POINT('Ctrl Pts',(-6.01371734006136,-31.0487649233456,101.326244743055));
#5519=CARTESIAN_POINT('Ctrl Pts',(-6.2157359241655,-31.008303696742,101.359220728888));
#5520=CARTESIAN_POINT('Ctrl Pts',(-6.4168926270235,-30.9680150917442,101.392056027745));
#5521=CARTESIAN_POINT('Ctrl Pts',(-6.61953944625781,-30.9253815843804,101.424883485996));
#5522=CARTESIAN_POINT('Ctrl Pts',(-6.82364972927925,-30.8802908578576,101.457362272794));
#5523=CARTESIAN_POINT('Ctrl Pts',(-7.02650135991599,-30.8354781846971,101.489640778147));
#5524=CARTESIAN_POINT('Ctrl Pts',(-7.23079844693461,-30.7882382393403,101.521574666717));
#5525=CARTESIAN_POINT('Ctrl Pts',(-7.43646534755947,-30.7384727373641,101.552821893023));
#5526=CARTESIAN_POINT('Ctrl Pts',(-7.64140033343631,-30.6888843378032,101.583957918617));
#5527=CARTESIAN_POINT('Ctrl Pts',(-7.84769537404844,-30.6367880699798,101.614411900544));
#5528=CARTESIAN_POINT('Ctrl Pts',(-8.05522661528718,-30.5821025033004,101.643841650326));
#5529=CARTESIAN_POINT('Ctrl Pts',(-8.26181712942854,-30.5276648231276,101.673137996757));
#5530=CARTESIAN_POINT('Ctrl Pts',(-8.46963258744928,-30.4706610321377,101.701419087387));
#5531=CARTESIAN_POINT('Ctrl Pts',(-8.67850291724065,-30.4110301385048,101.728347706566));
#5532=CARTESIAN_POINT('Ctrl Pts',(-8.7546787052056,-30.3892825292869,101.738168674373));
#5533=CARTESIAN_POINT('Ctrl Pts',(-8.8309943444511,-30.3671856959079,101.747809776525));
#5534=CARTESIAN_POINT('Ctrl Pts',(-8.90744002546045,-30.3447374151003,101.757254786656));
#5535=CARTESIAN_POINT('Ctrl Pts',(-9.13121930199063,-30.279024611288,101.784903144366));
#5536=CARTESIAN_POINT('Ctrl Pts',(-9.35410409061674,-30.2109980941045,101.810540341678));
#5537=CARTESIAN_POINT('Ctrl Pts',(-9.5761679186629,-30.1405459782566,101.833996902956));
#5538=CARTESIAN_POINT('Ctrl Pts',(-9.80263560849857,-30.0686966903267,101.857918643344));
#5539=CARTESIAN_POINT('Ctrl Pts',(-10.0282494470251,-29.9943246778585,101.879572212203));
#5540=CARTESIAN_POINT('Ctrl Pts',(-10.2530770496403,-29.9173511946139,101.89874269948));
#5541=CARTESIAN_POINT('Ctrl Pts',(-10.4846447193243,-29.8380701368831,101.918487895416));
#5542=CARTESIAN_POINT('Ctrl Pts',(-10.7153783219717,-29.7560292813005,101.935598766526));
#5543=CARTESIAN_POINT('Ctrl Pts',(-10.9453407436491,-29.6711844490438,101.949805958506));
#5544=CARTESIAN_POINT('Ctrl Pts',(-11.1795013554083,-29.5847906909641,101.964272516742));
#5545=CARTESIAN_POINT('Ctrl Pts',(-11.4128623793999,-29.4954897385186,101.975728220541));
#5546=CARTESIAN_POINT('Ctrl Pts',(-11.6454788325955,-29.4032769599152,101.983855986421));
#5547=CARTESIAN_POINT('Ctrl Pts',(-11.8841763593571,-29.308653549206,101.992196228856));
#5548=CARTESIAN_POINT('Ctrl Pts',(-12.1220899231883,-29.2109641573955,101.997032123459));
#5549=CARTESIAN_POINT('Ctrl Pts',(-12.3592666802199,-29.1102463727482,101.997989396253));
#5550=CARTESIAN_POINT('Ctrl Pts',(-12.387774577001,-29.0981404132745,101.998104457418));
#5551=CARTESIAN_POINT('Ctrl Pts',(-12.4162718141593,-29.0859907501302,101.998163447818));
#5552=CARTESIAN_POINT('Ctrl Pts',(-12.4447584614457,-29.0737974876639,101.998165689157));
#5553=CARTESIAN_POINT('Ctrl Pts',(-27.6908153444749,-43.8501684507247,79.7272567036566));
#5554=CARTESIAN_POINT('Ctrl Pts',(-25.4319847097139,-42.2125262695498,84.3111375343339));
#5555=CARTESIAN_POINT('Ctrl Pts',(-21.0088157331195,-38.7620720459417,91.2206694148136));
#5556=CARTESIAN_POINT('Ctrl Pts',(-12.8370904446594,-33.7887327937857,98.2188513811064));
#5557=CARTESIAN_POINT('Ctrl Pts',(-7.13492328800036,-31.8267208885558,100.482951473882));
#5558=CARTESIAN_POINT('Ctrl Pts',(-4.13814705838771,-31.3528110294888,101.025293025947));
#5559=CARTESIAN_POINT('Ctrl Pts',(-30.0225595925585,-43.4055777400773,80.9716987798687));
#5560=CARTESIAN_POINT('Ctrl Pts',(-27.5499099219931,-41.6459299226627,85.6038747690708));
#5561=CARTESIAN_POINT('Ctrl Pts',(-22.7230138212651,-37.9926248408785,92.53908170046));
#5562=CARTESIAN_POINT('Ctrl Pts',(-13.8554319645163,-32.7965864797177,99.492941416753));
#5563=CARTESIAN_POINT('Ctrl Pts',(-7.69522148144837,-30.760711253548,101.73027854564));
#5564=CARTESIAN_POINT('Ctrl Pts',(-4.46241235124961,-30.2685706659594,102.266095660283));
#5565=CARTESIAN_POINT('Ctrl Pts',(-32.3466365147742,-42.086641334681,81.8991568692115));
#5566=CARTESIAN_POINT('Ctrl Pts',(-29.6628223462388,-40.3262978688483,86.5505934563578));
#5567=CARTESIAN_POINT('Ctrl Pts',(-24.4346850562833,-36.6681590359929,93.5123303923794));
#5568=CARTESIAN_POINT('Ctrl Pts',(-14.873286065021,-31.4577123284562,100.489252720915));
#5569=CARTESIAN_POINT('Ctrl Pts',(-8.25519763168541,-29.4108052060659,102.733475832798));
#5570=CARTESIAN_POINT('Ctrl Pts',(-4.78651112748689,-28.9155879704126,103.270941690268));
#5571=CARTESIAN_POINT('Ctrl Pts',(-34.1742454874197,-40.1707583737031,82.3145676808813));
#5572=CARTESIAN_POINT('Ctrl Pts',(-31.3757754632325,-38.5032112531861,86.9718288143055));
#5573=CARTESIAN_POINT('Ctrl Pts',(-25.8963314235301,-34.9901788236429,93.9919708000558));
#5574=CARTESIAN_POINT('Ctrl Pts',(-15.7904030969924,-29.9139746367901,101.102182011945));
#5575=CARTESIAN_POINT('Ctrl Pts',(-8.76548793485018,-27.8981328315966,103.402526578866));
#5576=CARTESIAN_POINT('Ctrl Pts',(-5.082614679537,-27.4100366606534,103.953550116514));
#5577=CARTESIAN_POINT('Origin',(0.,-9.15574714786115,48.9853213073748));
#5578=CARTESIAN_POINT('Origin',(0.,-33.4936925554081,46.4962963822347));
#5579=CARTESIAN_POINT('Origin',(0.,0.,32.0000015199184));
#5580=CARTESIAN_POINT('Origin',(-18.9071013475157,0.,31.0928986524843));
#5581=CARTESIAN_POINT('',(-56.000000834465,0.,38.0000005662441));
#5582=CARTESIAN_POINT('Origin',(-9.48605173597543,0.,56.7363611178001));
#5583=CARTESIAN_POINT('',(-54.7629356699372,0.,78.2909997991952));
#5584=CARTESIAN_POINT('Origin',(-8.55452669058581,0.,46.3535586453813));
#5585=CARTESIAN_POINT('Origin',(18.9071013475157,0.,31.0928986524843));
#5586=CARTESIAN_POINT('',(56.000000834465,0.,38.0000005662441));
#5587=CARTESIAN_POINT('Origin',(8.55452669058581,0.,46.3535586453813));
#5588=CARTESIAN_POINT('',(54.7629356699406,0.,78.2909997991976));
#5589=CARTESIAN_POINT('Origin',(9.48605173597543,0.,56.7363611178001));
#5590=CARTESIAN_POINT('Ctrl Pts',(53.7899141081502,-8.32667268468867E-16,
125.039661046931));
#5591=CARTESIAN_POINT('Ctrl Pts',(53.7899141081502,0.433412205408961,125.039661046931));
#5592=CARTESIAN_POINT('Ctrl Pts',(53.7502902545925,1.29982359544261,124.827635125241));
#5593=CARTESIAN_POINT('Ctrl Pts',(53.566343503332,2.65032585361982,123.866809735112));
#5594=CARTESIAN_POINT('Ctrl Pts',(53.2438711921746,3.74268853606956,122.264059911586));
#5595=CARTESIAN_POINT('Ctrl Pts',(52.8637938248854,4.3876723044997,120.522270974183));
#5596=CARTESIAN_POINT('Ctrl Pts',(52.537805808654,4.71591655318309,119.114367248309));
#5597=CARTESIAN_POINT('Ctrl Pts',(52.2814135985107,4.88321833730167,118.048401250108));
#5598=CARTESIAN_POINT('Ctrl Pts',(52.0152955021848,4.97894102033671,116.982870025681));
#5599=CARTESIAN_POINT('Ctrl Pts',(51.8320758515922,4.9996704901753,116.275587419046));
#5600=CARTESIAN_POINT('Ctrl Pts',(51.7378915067643,4.99999759505501,115.918457381781));
#5601=CARTESIAN_POINT('Ctrl Pts',(51.7364304704565,5.,115.912918928591));
#5602=CARTESIAN_POINT('Ctrl Pts',(51.7349691085602,5.,115.907380796929));
#5603=CARTESIAN_POINT('Ctrl Pts',(53.7085528393467,-3.92791638368754E-16,
125.225168004339));
#5604=CARTESIAN_POINT('Ctrl Pts',(53.7085528393467,0.465057665140372,125.225168004339));
#5605=CARTESIAN_POINT('Ctrl Pts',(53.6621447354421,1.38898349604667,124.981455343003));
#5606=CARTESIAN_POINT('Ctrl Pts',(53.4644257516797,2.75468478117193,123.946141597837));
#5607=CARTESIAN_POINT('Ctrl Pts',(53.1460483729386,3.80970357296958,122.299592188438));
#5608=CARTESIAN_POINT('Ctrl Pts',(52.7869343044345,4.42305888599822,120.540253706004));
#5609=CARTESIAN_POINT('Ctrl Pts',(52.482362889938,4.73288136518669,119.124633609759));
#5610=CARTESIAN_POINT('Ctrl Pts',(52.2437167191144,4.89038776833743,118.054630306077));
#5611=CARTESIAN_POINT('Ctrl Pts',(51.9962027167352,4.9802423190329,116.985935943832));
#5612=CARTESIAN_POINT('Ctrl Pts',(51.8255616674368,4.99969024964193,116.276679424651));
#5613=CARTESIAN_POINT('Ctrl Pts',(51.7376956431288,4.99999775465353,115.918490382767));
#5614=CARTESIAN_POINT('Ctrl Pts',(51.7363325345065,5.,115.912935420934));
#5615=CARTESIAN_POINT('Ctrl Pts',(51.7349691085602,5.,115.907380796929));
#5616=CARTESIAN_POINT('Ctrl Pts',(53.4304377786043,5.18582274117261E-16,
125.54378733686));
#5617=CARTESIAN_POINT('Ctrl Pts',(53.4304377786043,0.517050867259415,125.54378733686));
#5618=CARTESIAN_POINT('Ctrl Pts',(53.3833907002871,1.53434053309331,125.2432479735));
#5619=CARTESIAN_POINT('Ctrl Pts',(53.1996546585528,2.91680065784454,124.079068627251));
#5620=CARTESIAN_POINT('Ctrl Pts',(52.9256752967537,3.9090236012423,122.361203398));
#5621=CARTESIAN_POINT('Ctrl Pts',(52.6244905669368,4.4746786718606,120.573053242807));
#5622=CARTESIAN_POINT('Ctrl Pts',(52.3687760034981,4.75732101125933,119.144237253435));
#5623=CARTESIAN_POINT('Ctrl Pts',(52.167763171788,4.90066982556354,118.066886913693));
#5624=CARTESIAN_POINT('Ctrl Pts',(51.9581018051162,4.98209587704627,116.9920803209));
#5625=CARTESIAN_POINT('Ctrl Pts',(51.8125426968936,4.99971891216292,116.278864470209));
#5626=CARTESIAN_POINT('Ctrl Pts',(51.7373038192477,4.99999797802978,115.918556374103));
#5627=CARTESIAN_POINT('Ctrl Pts',(51.7361366626064,5.,115.91296840562));
#5628=CARTESIAN_POINT('Ctrl Pts',(51.7349691085602,5.,115.907380796929));
#5629=CARTESIAN_POINT('Ctrl Pts',(52.7089899066957,1.67384962586107E-15,
125.726313399163));
#5630=CARTESIAN_POINT('Ctrl Pts',(52.7089899066957,0.537315967667146,125.726313399163));
#5631=CARTESIAN_POINT('Ctrl Pts',(52.69251041542,1.59068856838403,125.400567626502));
#5632=CARTESIAN_POINT('Ctrl Pts',(52.6230388168573,2.97744863190362,124.17839891698));
#5633=CARTESIAN_POINT('Ctrl Pts',(52.4960103996564,3.94485368766055,122.424784796136));
#5634=CARTESIAN_POINT('Ctrl Pts',(52.3242019331373,4.49306715355876,120.616589244941));
#5635=CARTESIAN_POINT('Ctrl Pts',(52.1647264952808,4.76593916481054,119.174495835272));
#5636=CARTESIAN_POINT('Ctrl Pts',(52.0333693845846,4.90428330673538,118.087542222324));
#5637=CARTESIAN_POINT('Ctrl Pts',(51.8912868604804,4.98274454911489,117.002920108604));
#5638=CARTESIAN_POINT('Ctrl Pts',(51.7897434583508,4.9997292442027,116.282698645317));
#5639=CARTESIAN_POINT('Ctrl Pts',(51.7366182916241,4.99999805308496,115.918671752293));
#5640=CARTESIAN_POINT('Ctrl Pts',(51.7357938867812,5.,115.913026128819));
#5641=CARTESIAN_POINT('Ctrl Pts',(51.7349691085602,5.,115.907380796929));
#5642=CARTESIAN_POINT('Ctrl Pts',(52.2214448043002,1.71239269927856E-15,
125.454298245134));
#5643=CARTESIAN_POINT('Ctrl Pts',(52.2214448043002,0.481315404343052,125.454298245134));
#5644=CARTESIAN_POINT('Ctrl Pts',(52.2251270790233,1.43467420451174,125.191663110738));
#5645=CARTESIAN_POINT('Ctrl Pts',(52.2287656667895,2.80767152077733,124.107303308214));
#5646=CARTESIAN_POINT('Ctrl Pts',(52.196113820147,3.84338179371038,122.422259055519));
#5647=CARTESIAN_POINT('Ctrl Pts',(52.1127656070027,4.44078088018329,120.631749124315));
#5648=CARTESIAN_POINT('Ctrl Pts',(52.0201804891515,4.74134802647953,119.191004761999));
#5649=CARTESIAN_POINT('Ctrl Pts',(51.9379325592166,4.89395611721955,118.100898334656));
#5650=CARTESIAN_POINT('Ctrl Pts',(51.8437653391843,4.98088235122275,117.010484233876));
#5651=CARTESIAN_POINT('Ctrl Pts',(51.7734817500543,4.99969905481316,116.285418077803));
#5652=CARTESIAN_POINT('Ctrl Pts',(51.7361283883679,4.99999784545189,115.918754362231));
#5653=CARTESIAN_POINT('Ctrl Pts',(51.7355490469061,5.,115.913067359676));
#5654=CARTESIAN_POINT('Ctrl Pts',(51.7349691085602,5.,115.907380796929));
#5655=CARTESIAN_POINT('Ctrl Pts',(52.0495442566127,1.43569836756774E-15,
125.20375224507));
#5656=CARTESIAN_POINT('Ctrl Pts',(52.0495442566127,0.433412205408917,125.20375224507));
#5657=CARTESIAN_POINT('Ctrl Pts',(52.0510091141231,1.29982359544262,124.990666453025));
#5658=CARTESIAN_POINT('Ctrl Pts',(52.0530437130052,2.65032585361988,124.023564494507));
#5659=CARTESIAN_POINT('Ctrl Pts',(52.0399422178506,3.7426885360695,122.40507388608));
#5660=CARTESIAN_POINT('Ctrl Pts',(51.9937481981025,4.3876723044997,120.636091700677));
#5661=CARTESIAN_POINT('Ctrl Pts',(51.9356376201427,4.71591655318308,119.199774153376));
#5662=CARTESIAN_POINT('Ctrl Pts',(51.8809003585181,4.88321833730166,118.109009018976));
#5663=CARTESIAN_POINT('Ctrl Pts',(51.8150119030892,4.9789410203367,117.015314025476));
#5664=CARTESIAN_POINT('Ctrl Pts',(51.7636978210926,4.9996704901753,116.287082629275));
#5665=CARTESIAN_POINT('Ctrl Pts',(51.735834722552,4.99999759505501,115.918803590671));
#5666=CARTESIAN_POINT('Ctrl Pts',(51.735402142981,5.,115.91309209819));
#5667=CARTESIAN_POINT('Ctrl Pts',(51.7349691085602,5.,115.907380796929));
#5668=CARTESIAN_POINT('',(53.7899141081502,-8.32667268468867E-16,125.039661046931));
#5669=CARTESIAN_POINT('',(51.7349691085602,5.,115.907380796929));
#5670=CARTESIAN_POINT('Ctrl Pts',(53.7899141081502,-8.32667268468867E-16,
125.039661046931));
#5671=CARTESIAN_POINT('Ctrl Pts',(53.7899141081502,0.433412205408961,125.039661046931));
#5672=CARTESIAN_POINT('Ctrl Pts',(53.7502902545925,1.29982359544261,124.827635125241));
#5673=CARTESIAN_POINT('Ctrl Pts',(53.566343503332,2.65032585361982,123.866809735112));
#5674=CARTESIAN_POINT('Ctrl Pts',(53.2438711921746,3.74268853606956,122.264059911586));
#5675=CARTESIAN_POINT('Ctrl Pts',(52.8637938248854,4.3876723044997,120.522270974183));
#5676=CARTESIAN_POINT('Ctrl Pts',(52.537805808654,4.71591655318309,119.114367248309));
#5677=CARTESIAN_POINT('Ctrl Pts',(52.2814135985107,4.88321833730167,118.048401250108));
#5678=CARTESIAN_POINT('Ctrl Pts',(52.0152955021848,4.97894102033671,116.982870025681));
#5679=CARTESIAN_POINT('Ctrl Pts',(51.8320758515922,4.9996704901753,116.275587419046));
#5680=CARTESIAN_POINT('Ctrl Pts',(51.7378915067643,4.99999759505501,115.918457381781));
#5681=CARTESIAN_POINT('Ctrl Pts',(51.7364304704565,5.,115.912918928591));
#5682=CARTESIAN_POINT('Ctrl Pts',(51.7349691085602,5.,115.907380796929));
#5683=CARTESIAN_POINT('',(52.0495442566127,6.10622663543836E-15,125.20375224507));
#5684=CARTESIAN_POINT('Ctrl Pts',(51.7349691085602,5.,115.907380796929));
#5685=CARTESIAN_POINT('Ctrl Pts',(51.735402142981,5.,115.91309209819));
#5686=CARTESIAN_POINT('Ctrl Pts',(51.735834722552,4.99999759505501,115.918803590671));
#5687=CARTESIAN_POINT('Ctrl Pts',(51.7636978210926,4.9996704901753,116.287082629275));
#5688=CARTESIAN_POINT('Ctrl Pts',(51.8150119030892,4.9789410203367,117.015314025476));
#5689=CARTESIAN_POINT('Ctrl Pts',(51.8809003585181,4.88321833730166,118.109009018976));
#5690=CARTESIAN_POINT('Ctrl Pts',(51.9356376201427,4.71591655318308,119.199774153376));
#5691=CARTESIAN_POINT('Ctrl Pts',(51.9937481981025,4.3876723044997,120.636091700677));
#5692=CARTESIAN_POINT('Ctrl Pts',(52.0399422178506,3.7426885360695,122.40507388608));
#5693=CARTESIAN_POINT('Ctrl Pts',(52.0530437130052,2.65032585361988,124.023564494507));
#5694=CARTESIAN_POINT('Ctrl Pts',(52.0510091141231,1.29982359544262,124.990666453025));
#5695=CARTESIAN_POINT('Ctrl Pts',(52.0495442566127,0.433412205408917,125.20375224507));
#5696=CARTESIAN_POINT('Ctrl Pts',(52.0495442566127,1.43569836756774E-15,
125.20375224507));
#5697=CARTESIAN_POINT('Origin',(52.8741232993482,-5.55111512312578E-16,
124.638005479917));
#5698=CARTESIAN_POINT('Origin',(50.1576908053477,0.,113.60848893665));
#5699=CARTESIAN_POINT('',(50.1576908053477,5.,113.60848893665));
#5700=CARTESIAN_POINT('',(46.0347955916703,0.,116.437222762416));
#5701=CARTESIAN_POINT('Origin',(1.64877757174001,0.,102.171143958732));
#5702=CARTESIAN_POINT('Origin',(1.64877757174001,0.,102.171143958732));
#5703=CARTESIAN_POINT('Origin',(1.64877757174001,5.,102.171143958732));
#5704=CARTESIAN_POINT('Origin',(46.4473813392192,5.,101.118955450752));
#5705=CARTESIAN_POINT('Ctrl Pts',(-50.8314948872267,3.28209681654812E-14,
125.20375224507));
#5706=CARTESIAN_POINT('Ctrl Pts',(-50.8314948872267,0.433417955779372,125.20375224507));
#5707=CARTESIAN_POINT('Ctrl Pts',(-50.8329753071425,1.2998155646772,124.989101104959));
#5708=CARTESIAN_POINT('Ctrl Pts',(-50.8344525249684,2.31229150251103,124.268715871108));
#5709=CARTESIAN_POINT('Ctrl Pts',(-50.8298227470905,3.08795865650119,123.368227091442));
#5710=CARTESIAN_POINT('Ctrl Pts',(-50.8169228533179,3.67617297565052,122.383155862863));
#5711=CARTESIAN_POINT('Ctrl Pts',(-50.7941515434182,4.13091267142485,121.340231409949));
#5712=CARTESIAN_POINT('Ctrl Pts',(-50.7502544745279,4.58200428949723,119.923410612253));
#5713=CARTESIAN_POINT('Ctrl Pts',(-50.668509731971,4.91840376137767,118.111238693255));
#5714=CARTESIAN_POINT('Ctrl Pts',(-50.5730676653441,4.99938520106878,116.649432436627));
#5715=CARTESIAN_POINT('Ctrl Pts',(-50.5177763620915,4.9999974890676,115.918685120141));
#5716=CARTESIAN_POINT('Ctrl Pts',(-50.5173482726557,5.,115.913032735194));
#5717=CARTESIAN_POINT('Ctrl Pts',(-50.5169197391742,5.,115.907380796929));
#5718=CARTESIAN_POINT('Ctrl Pts',(-50.9460952523518,3.38417317282574E-14,
125.370782911779));
#5719=CARTESIAN_POINT('Ctrl Pts',(-50.9460952523518,0.465063835372272,125.370782911779));
#5720=CARTESIAN_POINT('Ctrl Pts',(-50.9489142659695,1.38874548805455,125.1235286606));
#5721=CARTESIAN_POINT('Ctrl Pts',(-50.9507470463229,2.41338631392653,124.344867682804));
#5722=CARTESIAN_POINT('Ctrl Pts',(-50.941178452824,3.17623430737588,123.407396422894));
#5723=CARTESIAN_POINT('Ctrl Pts',(-50.9188344984753,3.74412294476995,122.399390056475));
#5724=CARTESIAN_POINT('Ctrl Pts',(-50.8829735632605,4.17880160848136,121.343497393385));
#5725=CARTESIAN_POINT('Ctrl Pts',(-50.818413424123,4.60675291581901,119.91795637278));
#5726=CARTESIAN_POINT('Ctrl Pts',(-50.7066865813795,4.92344178141895,118.105115097874));
#5727=CARTESIAN_POINT('Ctrl Pts',(-50.5858034182953,4.99941093103315,116.647269540478));
#5728=CARTESIAN_POINT('Ctrl Pts',(-50.5179701671185,4.99999771389921,115.918652613688));
#5729=CARTESIAN_POINT('Ctrl Pts',(-50.5174451906641,5.,115.913016414272));
#5730=CARTESIAN_POINT('Ctrl Pts',(-50.5169197391742,5.,115.907380796929));
#5731=CARTESIAN_POINT('Ctrl Pts',(-51.2788621279474,3.16895747141427E-14,
125.631805449575));
#5732=CARTESIAN_POINT('Ctrl Pts',(-51.2788621279474,0.517057727319893,125.631805449575));
#5733=CARTESIAN_POINT('Ctrl Pts',(-51.2726125486023,1.53372619477453,125.327845024567));
#5734=CARTESIAN_POINT('Ctrl Pts',(-51.247138150102,2.57224239189507,124.452490940614));
#5735=CARTESIAN_POINT('Ctrl Pts',(-51.2048261728119,3.31129305841889,123.457097351191));
#5736=CARTESIAN_POINT('Ctrl Pts',(-51.1469362257582,3.8457943961087,122.414843221972));
#5737=CARTESIAN_POINT('Ctrl Pts',(-51.0736287042124,4.24927743371972,121.340842946557));
#5738=CARTESIAN_POINT('Ctrl Pts',(-50.9584761921852,4.64241513710356,119.904312779612));
#5739=CARTESIAN_POINT('Ctrl Pts',(-50.782661560904,4.9305676863734,118.093011373556));
#5740=CARTESIAN_POINT('Ctrl Pts',(-50.6112331073579,4.99944208655131,116.642959453087));
#5741=CARTESIAN_POINT('Ctrl Pts',(-50.5183579982771,4.99999806475676,115.918587517628));
#5742=CARTESIAN_POINT('Ctrl Pts',(-50.5176390266809,5.,115.912983772428));
#5743=CARTESIAN_POINT('Ctrl Pts',(-50.5169197391742,5.,115.907380796929));
#5744=CARTESIAN_POINT('Ctrl Pts',(-52.0217120905102,1.45913872249595E-14,
125.676270097792));
#5745=CARTESIAN_POINT('Ctrl Pts',(-52.0217120905102,0.537323096598175,125.676270097792));
#5746=CARTESIAN_POINT('Ctrl Pts',(-51.9807673354784,1.58993049639151,125.350973250807));
#5747=CARTESIAN_POINT('Ctrl Pts',(-51.8632622868389,2.63219347207422,124.442098143616));
#5748=CARTESIAN_POINT('Ctrl Pts',(-51.7281731312755,3.36125004335983,123.429565998875));
#5749=CARTESIAN_POINT('Ctrl Pts',(-51.582894613808,3.88275622438847,122.379709988524));
#5750=CARTESIAN_POINT('Ctrl Pts',(-51.4274299999134,4.27456501949726,121.304627342838));
#5751=CARTESIAN_POINT('Ctrl Pts',(-51.2101102321585,4.65499517907488,119.871960525541));
#5752=CARTESIAN_POINT('Ctrl Pts',(-50.9161316787034,4.93304729966014,118.072236795729));
#5753=CARTESIAN_POINT('Ctrl Pts',(-50.6557936413627,4.99945201560009,116.635469642877));
#5754=CARTESIAN_POINT('Ctrl Pts',(-50.5190363940886,4.99999819273769,115.918473319087));
#5755=CARTESIAN_POINT('Ctrl Pts',(-50.5179782397103,5.,115.9129266492));
#5756=CARTESIAN_POINT('Ctrl Pts',(-50.5169197391742,5.,115.907380796929));
#5757=CARTESIAN_POINT('Ctrl Pts',(-52.449822835559,-4.03292408187046E-15,
125.317921483043));
#5758=CARTESIAN_POINT('Ctrl Pts',(-52.449822835559,0.481321790277046,125.317921483043));
#5759=CARTESIAN_POINT('Ctrl Pts',(-52.399547637704,1.43430661532131,125.056688599828));
#5760=CARTESIAN_POINT('Ctrl Pts',(-52.2462982376714,2.46480632912269,124.256189257302));
#5761=CARTESIAN_POINT('Ctrl Pts',(-52.0662900270311,3.22087532080234,123.309745111115));
#5762=CARTESIAN_POINT('Ctrl Pts',(-51.8730341110235,3.77832069153617,122.301390451897));
#5763=CARTESIAN_POINT('Ctrl Pts',(-51.6681086329966,4.2028043997316,121.251881360762));
#5764=CARTESIAN_POINT('Ctrl Pts',(-51.38546555726,4.61908780660636,119.841398970273));
#5765=CARTESIAN_POINT('Ctrl Pts',(-51.0105628621366,4.92591175603723,118.057026518721));
#5766=CARTESIAN_POINT('Ctrl Pts',(-50.6875230160331,4.99941855092353,116.630085097511));
#5767=CARTESIAN_POINT('Ctrl Pts',(-50.5195214878597,4.99999785400713,115.918391930418));
#5768=CARTESIAN_POINT('Ctrl Pts',(-50.5182205347313,5.,115.912885846895));
#5769=CARTESIAN_POINT('Ctrl Pts',(-50.5169197391742,5.,115.907380796929));
#5770=CARTESIAN_POINT('Ctrl Pts',(-52.5718647387643,-1.33646628206522E-14,
125.039661046931));
#5771=CARTESIAN_POINT('Ctrl Pts',(-52.5718647387643,0.433417955779078,125.039661046931));
#5772=CARTESIAN_POINT('Ctrl Pts',(-52.5319549326049,1.29981556467708,124.82607579856));
#5773=CARTESIAN_POINT('Ctrl Pts',(-52.3948983477768,2.31229150251087,124.1103785702));
#5774=CARTESIAN_POINT('Ctrl Pts',(-52.2178447119352,3.08795865650108,123.217802611294));
#5775=CARTESIAN_POINT('Ctrl Pts',(-52.017300861215,3.67617297565041,122.2438571544));
#5776=CARTESIAN_POINT('Ctrl Pts',(-51.7970908397678,4.13091267142477,121.215565471524));
#5777=CARTESIAN_POINT('Ctrl Pts',(-51.4868560586025,4.58200428949717,119.822645911691));
#5778=CARTESIAN_POINT('Ctrl Pts',(-51.0684462092348,4.91840376137763,118.048916425336));
#5779=CARTESIAN_POINT('Ctrl Pts',(-50.706698292705,4.99938520106878,116.626966353965));
#5780=CARTESIAN_POINT('Ctrl Pts',(-50.5198118169512,4.9999974890676,115.918342505833));
#5781=CARTESIAN_POINT('Ctrl Pts',(-50.5183659117439,5.,115.912861365512));
#5782=CARTESIAN_POINT('Ctrl Pts',(-50.5169197391742,5.,115.907380796929));
#5783=CARTESIAN_POINT('',(-50.8314948872267,3.28209681654812E-14,125.20375224507));
#5784=CARTESIAN_POINT('',(-50.5169197391742,5.,115.907380796929));
#5785=CARTESIAN_POINT('Ctrl Pts',(-50.8314948872267,3.28209681654812E-14,
125.20375224507));
#5786=CARTESIAN_POINT('Ctrl Pts',(-50.8314948872267,0.433417955779372,125.20375224507));
#5787=CARTESIAN_POINT('Ctrl Pts',(-50.8329753071425,1.2998155646772,124.989101104959));
#5788=CARTESIAN_POINT('Ctrl Pts',(-50.8344525249684,2.31229150251103,124.268715871108));
#5789=CARTESIAN_POINT('Ctrl Pts',(-50.8298227470905,3.08795865650119,123.368227091442));
#5790=CARTESIAN_POINT('Ctrl Pts',(-50.8169228533179,3.67617297565052,122.383155862863));
#5791=CARTESIAN_POINT('Ctrl Pts',(-50.7941515434182,4.13091267142485,121.340231409949));
#5792=CARTESIAN_POINT('Ctrl Pts',(-50.7502544745279,4.58200428949723,119.923410612253));
#5793=CARTESIAN_POINT('Ctrl Pts',(-50.668509731971,4.91840376137767,118.111238693255));
#5794=CARTESIAN_POINT('Ctrl Pts',(-50.5730676653441,4.99938520106878,116.649432436627));
#5795=CARTESIAN_POINT('Ctrl Pts',(-50.5177763620915,4.9999974890676,115.918685120141));
#5796=CARTESIAN_POINT('Ctrl Pts',(-50.5173482726557,5.,115.913032735194));
#5797=CARTESIAN_POINT('Ctrl Pts',(-50.5169197391742,5.,115.907380796929));
#5798=CARTESIAN_POINT('',(-52.5718647387643,-1.38777878078145E-16,125.039661046931));
#5799=CARTESIAN_POINT('Ctrl Pts',(-50.5169197391742,5.,115.907380796929));
#5800=CARTESIAN_POINT('Ctrl Pts',(-50.5183659117439,5.,115.912861365512));
#5801=CARTESIAN_POINT('Ctrl Pts',(-50.5198118169512,4.9999974890676,115.918342505833));
#5802=CARTESIAN_POINT('Ctrl Pts',(-50.706698292705,4.99938520106878,116.626966353965));
#5803=CARTESIAN_POINT('Ctrl Pts',(-51.0684462092348,4.91840376137763,118.048916425336));
#5804=CARTESIAN_POINT('Ctrl Pts',(-51.4868560586025,4.58200428949717,119.822645911691));
#5805=CARTESIAN_POINT('Ctrl Pts',(-51.7970908397678,4.13091267142477,121.215565471524));
#5806=CARTESIAN_POINT('Ctrl Pts',(-52.017300861215,3.67617297565041,122.2438571544));
#5807=CARTESIAN_POINT('Ctrl Pts',(-52.2178447119352,3.08795865650108,123.217802611294));
#5808=CARTESIAN_POINT('Ctrl Pts',(-52.3948983477768,2.31229150251087,124.1103785702));
#5809=CARTESIAN_POINT('Ctrl Pts',(-52.5319549326049,1.29981556467708,124.82607579856));
#5810=CARTESIAN_POINT('Ctrl Pts',(-52.5718647387643,0.433417955779078,125.039661046931));
#5811=CARTESIAN_POINT('Ctrl Pts',(-52.5718647387643,-1.33646628206522E-14,
125.039661046931));
#5812=CARTESIAN_POINT('Origin',(-51.6560739299622,-2.08166817117217E-16,
124.638005479917));
#5813=CARTESIAN_POINT('Origin',(-0.430728202354059,0.,102.171143958732));
#5814=CARTESIAN_POINT('Origin',(-0.430728202354059,5.,102.171143958732));
#5815=CARTESIAN_POINT('Origin',(-0.430728202354059,0.,102.171143958732));
#5816=CARTESIAN_POINT('Origin',(-38.8164942995685,0.,98.8539459337643));
#5817=CARTESIAN_POINT('',(-34.6935990858911,0.,101.682679759531));
#5818=CARTESIAN_POINT('',(-38.8164942995685,5.,98.8539459337643));
#5819=CARTESIAN_POINT('Origin',(-45.2293319698332,5.,101.118955450752));
#5820=CARTESIAN_POINT('Ctrl Pts',(52.6608787546868,-8.,122.559625089732));
#5821=CARTESIAN_POINT('Ctrl Pts',(52.6626028628136,-8.,122.563302501298));
#5822=CARTESIAN_POINT('Ctrl Pts',(52.664326973764,-7.99999356113727,122.566980417114));
#5823=CARTESIAN_POINT('Ctrl Pts',(52.7114561686333,-7.9996258405935,122.667529701463));
#5824=CARTESIAN_POINT('Ctrl Pts',(52.8022962336896,-7.98980234501739,122.862007250034));
#5825=CARTESIAN_POINT('Ctrl Pts',(52.9830604407494,-7.93204552965598,123.251698606311));
#5826=CARTESIAN_POINT('Ctrl Pts',(53.2052223018995,-7.78592716579207,123.735723605626));
#5827=CARTESIAN_POINT('Ctrl Pts',(53.4605478063474,-7.46437009822886,124.299646283069));
#5828=CARTESIAN_POINT('Ctrl Pts',(53.6534315282742,-7.02341758311104,124.731506813351));
#5829=CARTESIAN_POINT('Ctrl Pts',(53.7658075354679,-6.49680039582854,124.98507142583));
#5830=CARTESIAN_POINT('Ctrl Pts',(53.7899141081502,-6.1657546148702,125.039661046931));
#5831=CARTESIAN_POINT('Ctrl Pts',(53.7899141081502,-6.00000000000002,125.039661046931));
#5832=CARTESIAN_POINT('Ctrl Pts',(52.6608787546868,-8.,122.559625089732));
#5833=CARTESIAN_POINT('Ctrl Pts',(52.6621070668022,-7.99999523372028,122.563357794279));
#5834=CARTESIAN_POINT('Ctrl Pts',(52.6633373373944,-8.00000151553862,122.567089903162));
#5835=CARTESIAN_POINT('Ctrl Pts',(52.696908051584,-7.99959520908438,122.669151254899));
#5836=CARTESIAN_POINT('Ctrl Pts',(52.761633888214,-7.9930665878332,122.866461969784));
#5837=CARTESIAN_POINT('Ctrl Pts',(52.8913741277211,-7.95150961105528,123.263514677222));
#5838=CARTESIAN_POINT('Ctrl Pts',(53.0558578065465,-7.8476935505402,123.763142395157));
#5839=CARTESIAN_POINT('Ctrl Pts',(53.2624172098201,-7.60170077865274,124.373460129464));
#5840=CARTESIAN_POINT('Ctrl Pts',(53.4498856219068,-7.23157936430403,124.899390771859));
#5841=CARTESIAN_POINT('Ctrl Pts',(53.5902155465863,-6.66923760053153,125.29800145711));
#5842=CARTESIAN_POINT('Ctrl Pts',(53.6275253594654,-6.22791038550279,125.412100768967));
#5843=CARTESIAN_POINT('Ctrl Pts',(53.6271915705432,-6.00000000000003,125.410674961747));
#5844=CARTESIAN_POINT('Ctrl Pts',(52.6608787546868,-8.,122.559625089732));
#5845=CARTESIAN_POINT('Ctrl Pts',(52.6612413685828,-7.99999044776635,122.563454826607));
#5846=CARTESIAN_POINT('Ctrl Pts',(52.6616029208132,-8.00000908506756,122.567281187944));
#5847=CARTESIAN_POINT('Ctrl Pts',(52.6715099414628,-7.99953378783521,122.67199500937));
#5848=CARTESIAN_POINT('Ctrl Pts',(52.6903820120162,-7.99555402508556,122.874221118846));
#5849=CARTESIAN_POINT('Ctrl Pts',(52.7273410514997,-7.96603689932163,123.28263646541));
#5850=CARTESIAN_POINT('Ctrl Pts',(52.7714560008766,-7.89561604584783,123.8015981525));
#5851=CARTESIAN_POINT('Ctrl Pts',(52.8218432598493,-7.71417539995741,124.461643366191));
#5852=CARTESIAN_POINT('Ctrl Pts',(52.8628069119235,-7.42204490117238,125.087976285128));
#5853=CARTESIAN_POINT('Ctrl Pts',(52.8987418024488,-6.84325989297179,125.657200605793));
#5854=CARTESIAN_POINT('Ctrl Pts',(52.9111450690132,-6.29158149381693,125.845208277983));
#5855=CARTESIAN_POINT('Ctrl Pts',(52.910912942648,-6.00000000000003,125.842166388616));
#5856=CARTESIAN_POINT('Ctrl Pts',(52.6608787546868,-8.,122.559625089732));
#5857=CARTESIAN_POINT('Ctrl Pts',(52.6603749942562,-7.99999642529021,122.563550005718));
#5858=CARTESIAN_POINT('Ctrl Pts',(52.6598694059374,-7.99999952693828,122.567474808277));
#5859=CARTESIAN_POINT('Ctrl Pts',(52.6460896480776,-7.99960286696166,122.674783184605));
#5860=CARTESIAN_POINT('Ctrl Pts',(52.6191545713892,-7.99225052712924,122.882072935223));
#5861=CARTESIAN_POINT('Ctrl Pts',(52.5637360830021,-7.94664359070542,123.298038796966));
#5862=CARTESIAN_POINT('Ctrl Pts',(52.4903135686407,-7.83225195435316,123.818745892718));
#5863=CARTESIAN_POINT('Ctrl Pts',(52.3932236461399,-7.56736810854656,124.446530857139));
#5864=CARTESIAN_POINT('Ctrl Pts',(52.3018518247774,-7.1795389190058,124.973063773939));
#5865=CARTESIAN_POINT('Ctrl Pts',(52.2368942783638,-6.62612829935577,125.3520415885));
#5866=CARTESIAN_POINT('Ctrl Pts',(52.221392051882,-6.21237144284463,125.455395524528));
#5867=CARTESIAN_POINT('Ctrl Pts',(52.2214448043002,-6.00000000000002,125.454298245134));
#5868=CARTESIAN_POINT('Ctrl Pts',(52.6608787546868,-8.,122.559625089732));
#5869=CARTESIAN_POINT('Ctrl Pts',(52.6600031187495,-8.,122.563591091038));
#5870=CARTESIAN_POINT('Ctrl Pts',(52.6591272154186,-7.99999356113727,122.567557421183));
#5871=CARTESIAN_POINT('Ctrl Pts',(52.6351775922506,-7.9996258405935,122.675986316982));
#5872=CARTESIAN_POINT('Ctrl Pts',(52.5886566118078,-7.98980234501738,122.885414206358));
#5873=CARTESIAN_POINT('Ctrl Pts',(52.4946495787992,-7.93204552965595,123.303909282647));
#5874=CARTESIAN_POINT('Ctrl Pts',(52.3764206379699,-7.78592716579207,123.821563027737));
#5875=CARTESIAN_POINT('Ctrl Pts',(52.2365306228163,-7.46437009822865,124.421509470703));
#5876=CARTESIAN_POINT('Ctrl Pts',(52.1278068963694,-7.02341758311106,124.878603761089));
#5877=CARTESIAN_POINT('Ctrl Pts',(52.063450764311,-6.49680039582853,125.146214710969));
#5878=CARTESIAN_POINT('Ctrl Pts',(52.0495442566127,-6.16575461487018,125.20375224507));
#5879=CARTESIAN_POINT('Ctrl Pts',(52.0495442566127,-6.00000000000001,125.20375224507));
#5880=CARTESIAN_POINT('',(53.7899141081502,-6.00000000000001,125.039661046931));
#5881=CARTESIAN_POINT('',(52.0495442566126,-6.,125.20375224507));
#5882=CARTESIAN_POINT('Origin',(52.8741232993482,-6.00000000000001,124.638005479917));
#5883=CARTESIAN_POINT('',(52.6608787546868,-8.,122.559625089732));
#5884=CARTESIAN_POINT('Ctrl Pts',(52.0495442566127,-6.00000000000001,125.20375224507));
#5885=CARTESIAN_POINT('Ctrl Pts',(52.0495442566127,-6.16575461487018,125.20375224507));
#5886=CARTESIAN_POINT('Ctrl Pts',(52.063450764311,-6.49680039582853,125.146214710969));
#5887=CARTESIAN_POINT('Ctrl Pts',(52.1278068963694,-7.02341758311106,124.878603761089));
#5888=CARTESIAN_POINT('Ctrl Pts',(52.2365306228163,-7.46437009822865,124.421509470703));
#5889=CARTESIAN_POINT('Ctrl Pts',(52.3764206379699,-7.78592716579207,123.821563027737));
#5890=CARTESIAN_POINT('Ctrl Pts',(52.4946495787992,-7.93204552965595,123.303909282647));
#5891=CARTESIAN_POINT('Ctrl Pts',(52.5886566118078,-7.98980234501738,122.885414206358));
#5892=CARTESIAN_POINT('Ctrl Pts',(52.6351775922506,-7.9996258405935,122.675986316982));
#5893=CARTESIAN_POINT('Ctrl Pts',(52.6591272154186,-7.99999356113727,122.567557421183));
#5894=CARTESIAN_POINT('Ctrl Pts',(52.6600031187495,-8.,122.563591091038));
#5895=CARTESIAN_POINT('Ctrl Pts',(52.6608787546868,-8.,122.559625089732));
#5896=CARTESIAN_POINT('Ctrl Pts',(52.6608787546868,-8.,122.559625089732));
#5897=CARTESIAN_POINT('Ctrl Pts',(52.6626028628136,-8.,122.563302501298));
#5898=CARTESIAN_POINT('Ctrl Pts',(52.664326973764,-7.99999356113727,122.566980417114));
#5899=CARTESIAN_POINT('Ctrl Pts',(52.7114561686333,-7.9996258405935,122.667529701463));
#5900=CARTESIAN_POINT('Ctrl Pts',(52.8022962336896,-7.98980234501739,122.862007250034));
#5901=CARTESIAN_POINT('Ctrl Pts',(52.9830604407494,-7.93204552965598,123.251698606311));
#5902=CARTESIAN_POINT('Ctrl Pts',(53.2052223018995,-7.78592716579207,123.735723605626));
#5903=CARTESIAN_POINT('Ctrl Pts',(53.4605478063474,-7.46437009822886,124.299646283069));
#5904=CARTESIAN_POINT('Ctrl Pts',(53.6534315282742,-7.02341758311104,124.731506813351));
#5905=CARTESIAN_POINT('Ctrl Pts',(53.7658075354679,-6.49680039582854,124.98507142583));
#5906=CARTESIAN_POINT('Ctrl Pts',(53.7899141081502,-6.1657546148702,125.039661046931));
#5907=CARTESIAN_POINT('Ctrl Pts',(53.7899141081502,-6.00000000000002,125.039661046931));
#5908=CARTESIAN_POINT('Origin',(52.8741232993482,0.,124.638005479917));
#5909=CARTESIAN_POINT('',(52.0495442566127,0.,125.20375224507));
#5910=CARTESIAN_POINT('',(53.7899141081502,0.,125.039661046931));
#5911=CARTESIAN_POINT('Ctrl Pts',(52.6608787546869,-8.,122.559625089732));
#5912=CARTESIAN_POINT('Ctrl Pts',(52.6608734245237,-8.,122.554092024398));
#5913=CARTESIAN_POINT('Ctrl Pts',(52.6608676629758,-7.99999805843837,122.548558666207));
#5914=CARTESIAN_POINT('Ctrl Pts',(52.6604877036788,-7.99971953420784,122.206470004257));
#5915=CARTESIAN_POINT('Ctrl Pts',(52.6566471022455,-7.98348487717196,121.530538550663));
#5916=CARTESIAN_POINT('Ctrl Pts',(52.6412897946191,-7.91314603130687,120.513851712364));
#5917=CARTESIAN_POINT('Ctrl Pts',(52.6162898461173,-7.7971936013741,119.500524979386));
#5918=CARTESIAN_POINT('Ctrl Pts',(52.5817549994109,-7.63333338253238,118.495514166561));
#5919=CARTESIAN_POINT('Ctrl Pts',(52.538242809091,-7.41978718049983,117.507802550405));
#5920=CARTESIAN_POINT('Ctrl Pts',(52.4858045952289,-7.14441958200502,116.532813316653));
#5921=CARTESIAN_POINT('Ctrl Pts',(52.4264615512986,-6.80106372964211,115.598768540432));
#5922=CARTESIAN_POINT('Ctrl Pts',(52.3632177891509,-6.36010754554156,114.729574133095));
#5923=CARTESIAN_POINT('Ctrl Pts',(52.3025979546116,-5.78704312931735,113.987886017201));
#5924=CARTESIAN_POINT('Ctrl Pts',(52.2803329264752,-5.26564873206499,113.736453617295));
#5925=CARTESIAN_POINT('Ctrl Pts',(52.2803329264752,-5.,113.736453617295));
#5926=CARTESIAN_POINT('Ctrl Pts',(52.6608787546868,-8.,122.559625089732));
#5927=CARTESIAN_POINT('Ctrl Pts',(52.6606442162919,-8.00000030820337,122.554117338627));
#5928=CARTESIAN_POINT('Ctrl Pts',(52.6604095088304,-7.99999727958123,122.54860970986));
#5929=CARTESIAN_POINT('Ctrl Pts',(52.6458619540842,-7.9996826990132,122.208090967119));
#5930=CARTESIAN_POINT('Ctrl Pts',(52.6142200481847,-7.98020263428746,121.535525856373));
#5931=CARTESIAN_POINT('Ctrl Pts',(52.5588099995986,-7.89596822607762,120.526002032218));
#5932=CARTESIAN_POINT('Ctrl Pts',(52.4970231105298,-7.75716795736897,119.523411828134));
#5933=CARTESIAN_POINT('Ctrl Pts',(52.4305705419895,-7.56241078135379,118.534076440032));
#5934=CARTESIAN_POINT('Ctrl Pts',(52.3621758927857,-7.31018177229133,117.569144955361));
#5935=CARTESIAN_POINT('Ctrl Pts',(52.2939661546059,-6.99092308054714,116.62678570959));
#5936=CARTESIAN_POINT('Ctrl Pts',(52.2326132848739,-6.60018926807411,115.741421964974));
#5937=CARTESIAN_POINT('Ctrl Pts',(52.1853434841556,-6.12435420180072,114.944473036278));
#5938=CARTESIAN_POINT('Ctrl Pts',(52.1683141440195,-5.55667719599947,114.322256084524));
#5939=CARTESIAN_POINT('Ctrl Pts',(52.1826398882485,-5.16839009220738,114.167346783018));
#5940=CARTESIAN_POINT('Ctrl Pts',(52.1821101714264,-5.00000000000001,114.166461200851));
#5941=CARTESIAN_POINT('Ctrl Pts',(52.6608787546868,-8.,122.559625089732));
#5942=CARTESIAN_POINT('Ctrl Pts',(52.6602432828457,-8.00000067731354,122.554161671154));
#5943=CARTESIAN_POINT('Ctrl Pts',(52.6596075155632,-7.99999647490552,122.54869900833));
#5944=CARTESIAN_POINT('Ctrl Pts',(52.6202768496585,-7.99966671128159,122.210928809295));
#5945=CARTESIAN_POINT('Ctrl Pts',(52.5399557232835,-7.9777826784017,121.544224953162));
#5946=CARTESIAN_POINT('Ctrl Pts',(52.4111626660038,-7.88310860859501,120.545998616516));
#5947=CARTESIAN_POINT('Ctrl Pts',(52.2750094506607,-7.72646853379744,119.558775494246));
#5948=CARTESIAN_POINT('Ctrl Pts',(52.1324981975349,-7.50671108367084,118.590450638843));
#5949=CARTESIAN_POINT('Ctrl Pts',(51.9859207470656,-7.22091771111728,117.655083057632));
#5950=CARTESIAN_POINT('Ctrl Pts',(51.8357769867682,-6.86092329610764,116.754643191248));
#5951=CARTESIAN_POINT('Ctrl Pts',(51.6898057174387,-6.41981286100014,115.932589552353));
#5952=CARTESIAN_POINT('Ctrl Pts',(51.5568848194503,-5.89936817987756,115.23136015902));
#5953=CARTESIAN_POINT('Ctrl Pts',(51.461385597682,-5.31470598853576,114.772429727282));
#5954=CARTESIAN_POINT('Ctrl Pts',(51.4522606646312,-5.06326033543337,114.752468993787));
#5955=CARTESIAN_POINT('Ctrl Pts',(51.4519392630077,-5.00000000000002,114.750677585507));
#5956=CARTESIAN_POINT('Ctrl Pts',(52.6608787546868,-8.,122.559625089732));
#5957=CARTESIAN_POINT('Ctrl Pts',(52.6598423552816,-8.00000023115253,122.554206373208));
#5958=CARTESIAN_POINT('Ctrl Pts',(52.6588055202432,-7.99999747429552,122.548787854392));
#5959=CARTESIAN_POINT('Ctrl Pts',(52.5946913494041,-7.99969190781186,122.213786476193));
#5960=CARTESIAN_POINT('Ctrl Pts',(52.4656904319799,-7.98102319500858,121.55288850874));
#5961=CARTESIAN_POINT('Ctrl Pts',(52.2639436112534,-7.90026267738491,120.56309544315));
#5962=CARTESIAN_POINT('Ctrl Pts',(52.0545529226783,-7.76717436837021,119.582213518072));
#5963=CARTESIAN_POINT('Ctrl Pts',(51.838021321536,-7.58014143164838,118.616361471408));
#5964=CARTESIAN_POINT('Ctrl Pts',(51.6159535526408,-7.33758312434337,117.676219430016));
#5965=CARTESIAN_POINT('Ctrl Pts',(51.3869083510202,-7.0292972059115,116.759825366634));
#5966=CARTESIAN_POINT('Ctrl Pts',(51.1572580984494,-6.65040788346598,115.89979466716));
#5967=CARTESIAN_POINT('Ctrl Pts',(50.9337735707907,-6.18329253773574,115.125140332943));
#5968=CARTESIAN_POINT('Ctrl Pts',(50.7350689124174,-5.61426867932891,114.514499163062));
#5969=CARTESIAN_POINT('Ctrl Pts',(50.6679121427894,-5.19270475217167,114.353049964483));
#5970=CARTESIAN_POINT('Ctrl Pts',(50.6680194968652,-5.00000000000002,114.352295830212));
#5971=CARTESIAN_POINT('Ctrl Pts',(52.6608787546868,-8.,122.559625089732));
#5972=CARTESIAN_POINT('Ctrl Pts',(52.6596704903112,-8.,122.554225558494));
#5973=CARTESIAN_POINT('Ctrl Pts',(52.6584618580635,-7.99999805843837,122.548825902987));
#5974=CARTESIAN_POINT('Ctrl Pts',(52.5837237517929,-7.99971953420784,122.215012169142));
#5975=CARTESIAN_POINT('Ctrl Pts',(52.4338668449477,-7.98348487717195,121.556593402213));
#5976=CARTESIAN_POINT('Ctrl Pts',(52.2017847368912,-7.91314603130685,120.569770831173));
#5977=CARTESIAN_POINT('Ctrl Pts',(51.9637981689911,-7.79719360137406,119.58969005708));
#5978=CARTESIAN_POINT('Ctrl Pts',(51.7211438608648,-7.63333338253232,118.621062008588));
#5979=CARTESIAN_POINT('Ctrl Pts',(51.4762378923882,-7.41978718049974,117.672369112593));
#5980=CARTESIAN_POINT('Ctrl Pts',(51.2281880969376,-7.1444195820049,116.739040720701));
#5981=CARTESIAN_POINT('Ctrl Pts',(50.9845765727858,-6.80106372964198,115.847837211024));
#5982=CARTESIAN_POINT('Ctrl Pts',(50.7526662667055,-6.36010754554137,115.021016381073));
#5983=CARTESIAN_POINT('Ctrl Pts',(50.5504946582065,-5.78704312931732,114.317501036212));
#5984=CARTESIAN_POINT('Ctrl Pts',(50.4808635275912,-5.26564873206488,114.079514968718));
#5985=CARTESIAN_POINT('Ctrl Pts',(50.4808635275911,-5.00000000000001,114.079514968718));
#5986=CARTESIAN_POINT('',(50.4808635275912,-5.00000000000001,114.079514968718));
#5987=CARTESIAN_POINT('',(52.2803329264752,-5.,113.736453617295));
#5988=CARTESIAN_POINT('Origin',(51.3054425703266,-5.,113.513768203565));
#5989=CARTESIAN_POINT('Ctrl Pts',(52.2803329264752,-5.,113.736453617295));
#5990=CARTESIAN_POINT('Ctrl Pts',(52.2803329264752,-5.26564873206499,113.736453617295));
#5991=CARTESIAN_POINT('Ctrl Pts',(52.3025979546116,-5.78704312931735,113.987886017201));
#5992=CARTESIAN_POINT('Ctrl Pts',(52.3632177891509,-6.36010754554156,114.729574133095));
#5993=CARTESIAN_POINT('Ctrl Pts',(52.4264615512986,-6.80106372964211,115.598768540432));
#5994=CARTESIAN_POINT('Ctrl Pts',(52.4858045952289,-7.14441958200502,116.532813316653));
#5995=CARTESIAN_POINT('Ctrl Pts',(52.538242809091,-7.41978718049983,117.507802550405));
#5996=CARTESIAN_POINT('Ctrl Pts',(52.5817549994109,-7.63333338253238,118.495514166561));
#5997=CARTESIAN_POINT('Ctrl Pts',(52.6162898461173,-7.7971936013741,119.500524979386));
#5998=CARTESIAN_POINT('Ctrl Pts',(52.6412897946191,-7.91314603130687,120.513851712364));
#5999=CARTESIAN_POINT('Ctrl Pts',(52.6566471022455,-7.98348487717196,121.530538550663));
#6000=CARTESIAN_POINT('Ctrl Pts',(52.6604877036788,-7.99971953420784,122.206470004257));
#6001=CARTESIAN_POINT('Ctrl Pts',(52.6608676629758,-7.99999805843837,122.548558666207));
#6002=CARTESIAN_POINT('Ctrl Pts',(52.6608734245237,-8.,122.554092024398));
#6003=CARTESIAN_POINT('Ctrl Pts',(52.6608787546869,-8.,122.559625089732));
#6004=CARTESIAN_POINT('Ctrl Pts',(52.6608787546868,-8.,122.559625089732));
#6005=CARTESIAN_POINT('Ctrl Pts',(52.6596704903112,-8.,122.554225558494));
#6006=CARTESIAN_POINT('Ctrl Pts',(52.6584618580635,-7.99999805843837,122.548825902987));
#6007=CARTESIAN_POINT('Ctrl Pts',(52.5837237517929,-7.99971953420784,122.215012169142));
#6008=CARTESIAN_POINT('Ctrl Pts',(52.4338668449477,-7.98348487717195,121.556593402213));
#6009=CARTESIAN_POINT('Ctrl Pts',(52.2017847368912,-7.91314603130685,120.569770831173));
#6010=CARTESIAN_POINT('Ctrl Pts',(51.9637981689911,-7.79719360137406,119.58969005708));
#6011=CARTESIAN_POINT('Ctrl Pts',(51.7211438608648,-7.63333338253232,118.621062008588));
#6012=CARTESIAN_POINT('Ctrl Pts',(51.4762378923882,-7.41978718049974,117.672369112593));
#6013=CARTESIAN_POINT('Ctrl Pts',(51.2281880969376,-7.1444195820049,116.739040720701));
#6014=CARTESIAN_POINT('Ctrl Pts',(50.9845765727858,-6.80106372964198,115.847837211024));
#6015=CARTESIAN_POINT('Ctrl Pts',(50.7526662667055,-6.36010754554137,115.021016381073));
#6016=CARTESIAN_POINT('Ctrl Pts',(50.5504946582065,-5.78704312931732,114.317501036212));
#6017=CARTESIAN_POINT('Ctrl Pts',(50.4808635275912,-5.26564873206488,114.079514968718));
#6018=CARTESIAN_POINT('Ctrl Pts',(50.4808635275911,-5.00000000000001,114.079514968718));
#6019=CARTESIAN_POINT('Origin',(51.3054425703266,0.,113.513768203565));
#6020=CARTESIAN_POINT('',(52.2803329264752,0.,113.736453617295));
#6021=CARTESIAN_POINT('',(50.4808635275911,0.,114.079514968718));
#6022=CARTESIAN_POINT('Origin',(51.3054425703266,0.,113.513768203565));
#6023=CARTESIAN_POINT('',(52.2803329264752,0.,113.736453617295));
#6024=CARTESIAN_POINT('',(50.4808635275911,0.,114.079514968718));
#6025=CARTESIAN_POINT('Origin',(46.4473813392192,0.,101.118955450752));
#6026=CARTESIAN_POINT('',(39.3103443083209,0.,97.7984213557686));
#6027=CARTESIAN_POINT('',(51.7349691085602,0.,115.907380796929));
#6028=CARTESIAN_POINT('',(51.109729219091,0.,86.3305301045751));
#6029=CARTESIAN_POINT('',(39.3103443083209,0.,97.7984213557686));
#6030=CARTESIAN_POINT('Origin',(1.64877757174001,0.,102.171143958732));
#6031=CARTESIAN_POINT('Origin',(39.3103443083209,0.,97.7984213557686));
#6032=CARTESIAN_POINT('',(39.3103443083209,-5.,97.7984213557686));
#6033=CARTESIAN_POINT('',(41.3351917274603,-5.,100.74964768069));
#6034=CARTESIAN_POINT('',(39.3103443083209,0.,97.7984213557686));
#6035=CARTESIAN_POINT('Origin',(1.64877757174001,0.,102.171143958732));
#6036=CARTESIAN_POINT('Origin',(1.64877757174001,-6.,102.171143958732));
#6037=CARTESIAN_POINT('Origin',(1.64877757174001,-6.,102.171143958732));
#6038=CARTESIAN_POINT('Origin',(1.64877757174001,-8.,102.171143958732));
#6039=CARTESIAN_POINT('Origin',(38.8614545992539,-5.,102.44688797615));
#6040=CARTESIAN_POINT('',(38.8614545992539,-8.,102.44688797615));
#6041=CARTESIAN_POINT('',(39.2738103604745,-5.54658859765354,97.833928913497));
#6042=CARTESIAN_POINT('Ctrl Pts',(36.1827534292456,-8.,98.5426661889666));
#6043=CARTESIAN_POINT('Ctrl Pts',(36.1897576965978,-8.,98.5377949222568));
#6044=CARTESIAN_POINT('Ctrl Pts',(36.1968014377312,-7.99996360926969,98.5329802223229));
#6045=CARTESIAN_POINT('Ctrl Pts',(36.2214155704952,-7.99971059840982,98.5164423998893));
#6046=CARTESIAN_POINT('Ctrl Pts',(36.2391664561594,-7.99930759781193,98.505019002801));
#6047=CARTESIAN_POINT('Ctrl Pts',(36.289450217045,-7.99755802132353,98.4739976508819));
#6048=CARTESIAN_POINT('Ctrl Pts',(36.3223796853727,-7.99571823204131,98.4552111186274));
#6049=CARTESIAN_POINT('Ctrl Pts',(36.4278877550258,-7.98770235613456,98.3993169021528));
#6050=CARTESIAN_POINT('Ctrl Pts',(36.5020896690368,-7.9790005476563,98.3662142002579));
#6051=CARTESIAN_POINT('Ctrl Pts',(36.7261536989881,-7.94420415780985,98.2796668634052));
#6052=CARTESIAN_POINT('Ctrl Pts',(36.8803485810555,-7.90915279533344,98.2372435833359));
#6053=CARTESIAN_POINT('Ctrl Pts',(37.2387639677627,-7.80304147861647,98.1572494516776));
#6054=CARTESIAN_POINT('Ctrl Pts',(37.4463511108651,-7.72188629003774,98.125639035021));
#6055=CARTESIAN_POINT('Ctrl Pts',(37.8055596530379,-7.54266107672598,98.0785915123115));
#6056=CARTESIAN_POINT('Ctrl Pts',(37.9615130678189,-7.45021770459052,98.0613053600109));
#6057=CARTESIAN_POINT('Ctrl Pts',(38.3572649103285,-7.17087769223792,98.0185210882676));
#6058=CARTESIAN_POINT('Ctrl Pts',(38.5822860566333,-6.96211334980959,97.9953353792056));
#6059=CARTESIAN_POINT('Ctrl Pts',(38.9062629055329,-6.54458075622221,97.950207374614));
#6060=CARTESIAN_POINT('Ctrl Pts',(39.0215777299174,-6.35161058939154,97.9298069450948));
#6061=CARTESIAN_POINT('Ctrl Pts',(39.1902571882702,-5.95323050325952,97.8847971077231));
#6062=CARTESIAN_POINT('Ctrl Pts',(39.2460299865866,-5.75264744106399,97.8609288214645));
#6063=CARTESIAN_POINT('Ctrl Pts',(39.2738103604743,-5.54658859765354,97.8339289134972));
#6064=CARTESIAN_POINT('Origin',(37.1276238848807,-5.,99.9198201097769));
#6065=CARTESIAN_POINT('Origin',(47.7921080723466,-6.,115.463364861969));
#6066=CARTESIAN_POINT('',(46.1429499868757,-6.,116.594858392276));
#6067=CARTESIAN_POINT('Ctrl Pts',(-51.4428293853009,-8.,122.559625089732));
#6068=CARTESIAN_POINT('Ctrl Pts',(-51.4419540082941,-8.,122.563589918266));
#6069=CARTESIAN_POINT('Ctrl Pts',(-51.4410786898591,-7.99999210232952,122.567553739275));
#6070=CARTESIAN_POINT('Ctrl Pts',(-51.3940297814106,-7.99938219751555,122.780550783008));
#6071=CARTESIAN_POINT('Ctrl Pts',(-51.2538724470335,-7.93862801610361,123.408156653287));
#6072=CARTESIAN_POINT('Ctrl Pts',(-51.0619872363362,-7.63735732463638,124.238595583971));
#6073=CARTESIAN_POINT('Ctrl Pts',(-50.9096878039603,-7.02390149893543,124.878890619551));
#6074=CARTESIAN_POINT('Ctrl Pts',(-50.8454482802586,-6.49665390899214,125.146021407165));
#6075=CARTESIAN_POINT('Ctrl Pts',(-50.8314948872267,-6.16575480298659,125.20375224507));
#6076=CARTESIAN_POINT('Ctrl Pts',(-50.8314948872267,-6.,125.20375224507));
#6077=CARTESIAN_POINT('Ctrl Pts',(-51.4428293853009,-8.,122.559625089732));
#6078=CARTESIAN_POINT('Ctrl Pts',(-51.4424575669026,-8.00001331793748,122.563506478293));
#6079=CARTESIAN_POINT('Ctrl Pts',(-51.4420592507713,-7.99997873730761,122.56747604975));
#6080=CARTESIAN_POINT('Ctrl Pts',(-51.4218996352694,-8.00012331009448,122.776464515029));
#6081=CARTESIAN_POINT('Ctrl Pts',(-51.3594253277314,-7.95425386957065,123.399511842537));
#6082=CARTESIAN_POINT('Ctrl Pts',(-51.2610298595395,-7.74586535759589,124.237029971108));
#6083=CARTESIAN_POINT('Ctrl Pts',(-51.141983995355,-7.23230116156329,125.003867110269));
#6084=CARTESIAN_POINT('Ctrl Pts',(-51.0765710573356,-6.66896032549489,125.420994235516));
#6085=CARTESIAN_POINT('Ctrl Pts',(-51.0606959031028,-6.22797818351048,125.538999025911));
#6086=CARTESIAN_POINT('Ctrl Pts',(-51.0606956174768,-6.,125.537813578488));
#6087=CARTESIAN_POINT('Ctrl Pts',(-51.4428293853009,-8.,122.559625089732));
#6088=CARTESIAN_POINT('Ctrl Pts',(-51.4433060202162,-8.00000911199699,122.563383108479));
#6089=CARTESIAN_POINT('Ctrl Pts',(-51.4438115883677,-7.99998451126344,122.567314774852));
#6090=CARTESIAN_POINT('Ctrl Pts',(-51.469560378632,-8.00020170735394,122.770104971332));
#6091=CARTESIAN_POINT('Ctrl Pts',(-51.5462271443288,-7.96684528655172,123.382621167562));
#6092=CARTESIAN_POINT('Ctrl Pts',(-51.6465149485615,-7.82827792638318,124.209533004683));
#6093=CARTESIAN_POINT('Ctrl Pts',(-51.7540598423356,-7.42251238787412,125.075719650639));
#6094=CARTESIAN_POINT('Ctrl Pts',(-51.823453515324,-6.84310480836552,125.644571007279));
#6095=CARTESIAN_POINT('Ctrl Pts',(-51.8452407317293,-6.29157094312422,125.830312675277));
#6096=CARTESIAN_POINT('Ctrl Pts',(-51.8450013972173,-5.99999999999999,125.827823633726));
#6097=CARTESIAN_POINT('Ctrl Pts',(-51.4428293853009,-8.,122.559625089732));
#6098=CARTESIAN_POINT('Ctrl Pts',(-51.4441717760982,-8.00000998845311,122.563322460676));
#6099=CARTESIAN_POINT('Ctrl Pts',(-51.4455446091734,-7.99998207856309,122.567082162946));
#6100=CARTESIAN_POINT('Ctrl Pts',(-51.5178233739406,-7.99993803194974,122.766060905086));
#6101=CARTESIAN_POINT('Ctrl Pts',(-51.7317468515485,-7.95034740620383,123.358662578479));
#6102=CARTESIAN_POINT('Ctrl Pts',(-52.0190714432586,-7.71873834935586,124.155460528521));
#6103=CARTESIAN_POINT('Ctrl Pts',(-52.2825424227311,-7.18020124590618,124.85700081419));
#6104=CARTESIAN_POINT('Ctrl Pts',(-52.4161526464364,-6.62588372136925,125.219967673574));
#6105=CARTESIAN_POINT('Ctrl Pts',(-52.4499851480405,-6.21242233837949,125.318793285775));
#6106=CARTESIAN_POINT('Ctrl Pts',(-52.449822835559,-5.99999999999999,125.317921483043));
#6107=CARTESIAN_POINT('Ctrl Pts',(-51.4428293853009,-8.,122.559625089732));
#6108=CARTESIAN_POINT('Ctrl Pts',(-51.444552983598,-8.,122.563301413864));
#6109=CARTESIAN_POINT('Ctrl Pts',(-51.4462760274195,-7.99999210232952,122.566976971185));
#6110=CARTESIAN_POINT('Ctrl Pts',(-51.5388544717727,-7.99938219751555,122.764497854402));
#6111=CARTESIAN_POINT('Ctrl Pts',(-51.8105479614281,-7.93862801610354,123.348062787584));
#6112=CARTESIAN_POINT('Ctrl Pts',(-52.1653117045159,-7.63735732463623,124.126831671568));
#6113=CARTESIAN_POINT('Ctrl Pts',(-52.4355019947355,-7.02390149893528,124.731779400987));
#6114=CARTESIAN_POINT('Ctrl Pts',(-52.5476773299826,-6.49665390899218,124.984887846847));
#6115=CARTESIAN_POINT('Ctrl Pts',(-52.5718647387642,-6.16575480298657,125.039661046931));
#6116=CARTESIAN_POINT('Ctrl Pts',(-52.5718647387642,-5.99999999999999,125.039661046931));
#6117=CARTESIAN_POINT('',(-50.8314948872267,-6.,125.20375224507));
#6118=CARTESIAN_POINT('',(-52.5718647387643,-6.,125.039661046931));
#6119=CARTESIAN_POINT('Origin',(-51.6560739299622,-6.,124.638005479917));
#6120=CARTESIAN_POINT('',(-51.4428293853009,-8.,122.559625089732));
#6121=CARTESIAN_POINT('Ctrl Pts',(-52.5718647387642,-5.99999999999999,125.039661046931));
#6122=CARTESIAN_POINT('Ctrl Pts',(-52.5718647387642,-6.16575480298657,125.039661046931));
#6123=CARTESIAN_POINT('Ctrl Pts',(-52.5476773299826,-6.49665390899218,124.984887846847));
#6124=CARTESIAN_POINT('Ctrl Pts',(-52.4355019947355,-7.02390149893528,124.731779400987));
#6125=CARTESIAN_POINT('Ctrl Pts',(-52.1653117045159,-7.63735732463623,124.126831671568));
#6126=CARTESIAN_POINT('Ctrl Pts',(-51.8105479614281,-7.93862801610354,123.348062787584));
#6127=CARTESIAN_POINT('Ctrl Pts',(-51.5388544717727,-7.99938219751555,122.764497854402));
#6128=CARTESIAN_POINT('Ctrl Pts',(-51.4462760274195,-7.99999210232952,122.566976971185));
#6129=CARTESIAN_POINT('Ctrl Pts',(-51.444552983598,-8.,122.563301413864));
#6130=CARTESIAN_POINT('Ctrl Pts',(-51.4428293853009,-8.,122.559625089732));
#6131=CARTESIAN_POINT('Ctrl Pts',(-51.4428293853009,-8.,122.559625089732));
#6132=CARTESIAN_POINT('Ctrl Pts',(-51.4419540082941,-8.,122.563589918266));
#6133=CARTESIAN_POINT('Ctrl Pts',(-51.4410786898591,-7.99999210232952,122.567553739275));
#6134=CARTESIAN_POINT('Ctrl Pts',(-51.3940297814106,-7.99938219751555,122.780550783008));
#6135=CARTESIAN_POINT('Ctrl Pts',(-51.2538724470335,-7.93862801610361,123.408156653287));
#6136=CARTESIAN_POINT('Ctrl Pts',(-51.0619872363362,-7.63735732463638,124.238595583971));
#6137=CARTESIAN_POINT('Ctrl Pts',(-50.9096878039603,-7.02390149893543,124.878890619551));
#6138=CARTESIAN_POINT('Ctrl Pts',(-50.8454482802586,-6.49665390899214,125.146021407165));
#6139=CARTESIAN_POINT('Ctrl Pts',(-50.8314948872267,-6.16575480298659,125.20375224507));
#6140=CARTESIAN_POINT('Ctrl Pts',(-50.8314948872267,-6.,125.20375224507));
#6141=CARTESIAN_POINT('Origin',(-51.6560739299622,0.,124.638005479917));
#6142=CARTESIAN_POINT('',(-52.5718647387643,0.,125.039661046931));
#6143=CARTESIAN_POINT('',(-50.8314948872267,0.,125.20375224507));
#6144=CARTESIAN_POINT('Ctrl Pts',(-51.4428293853009,-8.,122.559625089732));
#6145=CARTESIAN_POINT('Ctrl Pts',(-51.4416269531106,-8.,122.554251621554));
#6146=CARTESIAN_POINT('Ctrl Pts',(-51.4404244476226,-7.99999660976469,122.548878888148));
#6147=CARTESIAN_POINT('Ctrl Pts',(-51.2921109878911,-7.99970664044474,121.886521370386));
#6148=CARTESIAN_POINT('Ctrl Pts',(-50.8351952452655,-7.89774402296193,119.909692482563));
#6149=CARTESIAN_POINT('Ctrl Pts',(-50.2561327034688,-7.48599165075994,117.63858338511));
#6150=CARTESIAN_POINT('Ctrl Pts',(-49.7662122081776,-6.80110813989349,115.846722178287));
#6151=CARTESIAN_POINT('Ctrl Pts',(-49.5347781343121,-6.35990210044306,115.021574307348));
#6152=CARTESIAN_POINT('Ctrl Pts',(-49.3323747373737,-5.78703532781794,114.317249962957));
#6153=CARTESIAN_POINT('Ctrl Pts',(-49.2628141582052,-5.26564992633746,114.079514968718));
#6154=CARTESIAN_POINT('Ctrl Pts',(-49.2628141582052,-5.00000000000002,114.079514968718));
#6155=CARTESIAN_POINT('Ctrl Pts',(-51.4428293853009,-8.,122.559625089732));
#6156=CARTESIAN_POINT('Ctrl Pts',(-51.4418561648976,-7.99998722558096,122.55419788485));
#6157=CARTESIAN_POINT('Ctrl Pts',(-51.4408792620124,-8.00000932594841,122.548857460323));
#6158=CARTESIAN_POINT('Ctrl Pts',(-51.3207153091139,-7.99904812782585,121.882102820595));
#6159=CARTESIAN_POINT('Ctrl Pts',(-50.9468671787913,-7.8801147666299,119.899061392615));
#6160=CARTESIAN_POINT('Ctrl Pts',(-50.4488739908724,-7.38053636981069,117.627349754914));
#6161=CARTESIAN_POINT('Ctrl Pts',(-49.9965312874328,-6.60000322627566,115.915190631848));
#6162=CARTESIAN_POINT('Ctrl Pts',(-49.7762058986989,-6.12429871238162,115.160921771609));
#6163=CARTESIAN_POINT('Ctrl Pts',(-49.5785104618657,-5.55655512531597,114.579522476245));
#6164=CARTESIAN_POINT('Ctrl Pts',(-49.5121937650316,-5.16844840352829,114.444425818346));
#6165=CARTESIAN_POINT('Ctrl Pts',(-49.5123554505706,-5.00000000000001,114.443222784044));
#6166=CARTESIAN_POINT('Ctrl Pts',(-51.4428293853009,-8.,122.559625089732));
#6167=CARTESIAN_POINT('Ctrl Pts',(-51.4422395153025,-7.99998854934285,122.554126769553));
#6168=CARTESIAN_POINT('Ctrl Pts',(-51.4416933729731,-8.00000765225336,122.548796576603));
#6169=CARTESIAN_POINT('Ctrl Pts',(-51.3700199004499,-7.99901660287433,121.875336515061));
#6170=CARTESIAN_POINT('Ctrl Pts',(-51.1440157303883,-7.86621756220002,119.878487807833));
#6171=CARTESIAN_POINT('Ctrl Pts',(-50.8240995705522,-7.30013184101373,117.582328903156));
#6172=CARTESIAN_POINT('Ctrl Pts',(-50.5714386014617,-6.41985731806463,115.912508197984));
#6173=CARTESIAN_POINT('Ctrl Pts',(-50.4652102553731,-5.89921946589538,115.210220731917));
#6174=CARTESIAN_POINT('Ctrl Pts',(-50.3999208429655,-5.31467827266565,114.741927127774));
#6175=CARTESIAN_POINT('Ctrl Pts',(-50.4067671891472,-5.06328804001498,114.719990234551));
#6176=CARTESIAN_POINT('Ctrl Pts',(-50.4062557305754,-5.,114.717818994777));
#6177=CARTESIAN_POINT('Ctrl Pts',(-51.4428293853009,-8.,122.559625089732));
#6178=CARTESIAN_POINT('Ctrl Pts',(-51.4426433716986,-7.99999041918572,122.554119914601));
#6179=CARTESIAN_POINT('Ctrl Pts',(-51.4424864122344,-8.00000614690248,122.548669322205));
#6180=CARTESIAN_POINT('Ctrl Pts',(-51.4202083645199,-7.99921275598053,121.871427676292));
#6181=CARTESIAN_POINT('Ctrl Pts',(-51.338908799839,-7.88452208071292,119.849530348712));
#6182=CARTESIAN_POINT('Ctrl Pts',(-51.1864244270102,-7.406900190048,117.511233626832));
#6183=CARTESIAN_POINT('Ctrl Pts',(-51.0626340025835,-6.65027945468014,115.704084695723));
#6184=CARTESIAN_POINT('Ctrl Pts',(-51.0120054372535,-6.18319955939698,114.891656265874));
#6185=CARTESIAN_POINT('Ctrl Pts',(-50.9836697265475,-5.61417517594144,114.238156937963));
#6186=CARTESIAN_POINT('Ctrl Pts',(-50.9890877207698,-5.19274878423055,114.059745754277));
#6187=CARTESIAN_POINT('Ctrl Pts',(-50.9886164908026,-4.99999999999999,114.058959304962));
#6188=CARTESIAN_POINT('Ctrl Pts',(-51.4428293853009,-8.,122.559625089732));
#6189=CARTESIAN_POINT('Ctrl Pts',(-51.4428240808659,-8.,122.554118732016));
#6190=CARTESIAN_POINT('Ctrl Pts',(-51.4428184862954,-7.9999966097647,122.548613010269));
#6191=CARTESIAN_POINT('Ctrl Pts',(-51.4420409434252,-7.9997066404447,121.86982815554));
#6192=CARTESIAN_POINT('Ctrl Pts',(-51.4217151680599,-7.89774402296195,119.837003772303));
#6193=CARTESIAN_POINT('Ctrl Pts',(-51.3278002546654,-7.48599165075993,117.475648317976));
#6194=CARTESIAN_POINT('Ctrl Pts',(-51.2083234571926,-6.80110813989351,115.597594758155));
#6195=CARTESIAN_POINT('Ctrl Pts',(-51.1452180182337,-6.35990210044306,114.730163054492));
#6196=CARTESIAN_POINT('Ctrl Pts',(-51.0845291460998,-5.78703532781791,113.987621878921));
#6197=CARTESIAN_POINT('Ctrl Pts',(-51.0622835570893,-5.26564992633744,113.736453617295));
#6198=CARTESIAN_POINT('Ctrl Pts',(-51.0622835570893,-4.99999999999998,113.736453617295));
#6199=CARTESIAN_POINT('',(-51.0622835570893,-5.,113.736453617295));
#6200=CARTESIAN_POINT('',(-49.2628141582052,-5.00000000000001,114.079514968718));
#6201=CARTESIAN_POINT('Origin',(-50.0873932009407,-5.,113.513768203565));
#6202=CARTESIAN_POINT('Ctrl Pts',(-49.2628141582052,-5.00000000000002,114.079514968718));
#6203=CARTESIAN_POINT('Ctrl Pts',(-49.2628141582052,-5.26564992633746,114.079514968718));
#6204=CARTESIAN_POINT('Ctrl Pts',(-49.3323747373737,-5.78703532781794,114.317249962957));
#6205=CARTESIAN_POINT('Ctrl Pts',(-49.5347781343121,-6.35990210044306,115.021574307348));
#6206=CARTESIAN_POINT('Ctrl Pts',(-49.7662122081776,-6.80110813989349,115.846722178287));
#6207=CARTESIAN_POINT('Ctrl Pts',(-50.2561327034688,-7.48599165075994,117.63858338511));
#6208=CARTESIAN_POINT('Ctrl Pts',(-50.8351952452655,-7.89774402296193,119.909692482563));
#6209=CARTESIAN_POINT('Ctrl Pts',(-51.2921109878911,-7.99970664044474,121.886521370386));
#6210=CARTESIAN_POINT('Ctrl Pts',(-51.4404244476226,-7.99999660976469,122.548878888148));
#6211=CARTESIAN_POINT('Ctrl Pts',(-51.4416269531106,-8.,122.554251621554));
#6212=CARTESIAN_POINT('Ctrl Pts',(-51.4428293853009,-8.,122.559625089732));
#6213=CARTESIAN_POINT('Ctrl Pts',(-51.4428293853009,-8.,122.559625089732));
#6214=CARTESIAN_POINT('Ctrl Pts',(-51.4428240808659,-8.,122.554118732016));
#6215=CARTESIAN_POINT('Ctrl Pts',(-51.4428184862954,-7.9999966097647,122.548613010269));
#6216=CARTESIAN_POINT('Ctrl Pts',(-51.4420409434252,-7.9997066404447,121.86982815554));
#6217=CARTESIAN_POINT('Ctrl Pts',(-51.4217151680599,-7.89774402296195,119.837003772303));
#6218=CARTESIAN_POINT('Ctrl Pts',(-51.3278002546654,-7.48599165075993,117.475648317976));
#6219=CARTESIAN_POINT('Ctrl Pts',(-51.2083234571926,-6.80110813989351,115.597594758155));
#6220=CARTESIAN_POINT('Ctrl Pts',(-51.1452180182337,-6.35990210044306,114.730163054492));
#6221=CARTESIAN_POINT('Ctrl Pts',(-51.0845291460998,-5.78703532781791,113.987621878921));
#6222=CARTESIAN_POINT('Ctrl Pts',(-51.0622835570893,-5.26564992633744,113.736453617295));
#6223=CARTESIAN_POINT('Ctrl Pts',(-51.0622835570893,-4.99999999999998,113.736453617295));
#6224=CARTESIAN_POINT('Origin',(-50.0873932009407,0.,113.513768203565));
#6225=CARTESIAN_POINT('',(-49.2628141582052,0.,114.079514968718));
#6226=CARTESIAN_POINT('',(-51.0622835570893,0.,113.736453617295));
#6227=CARTESIAN_POINT('Origin',(-50.0873932009407,0.,113.513768203565));
#6228=CARTESIAN_POINT('',(-49.2628141582052,0.,114.079514968718));
#6229=CARTESIAN_POINT('',(-51.0622835570893,0.,113.736453617295));
#6230=CARTESIAN_POINT('Origin',(-45.2293319698332,0.,101.118955450752));
#6231=CARTESIAN_POINT('',(-49.891679849705,0.,86.3305301045751));
#6232=CARTESIAN_POINT('Origin',(-0.430728202354061,0.,102.171143958732));
#6233=CARTESIAN_POINT('',(-38.092294938935,0.,97.7984213557686));
#6234=CARTESIAN_POINT('',(-38.092294938935,0.,97.7984213557686));
#6235=CARTESIAN_POINT('',(-38.092294938935,0.,97.7984213557686));
#6236=CARTESIAN_POINT('',(-50.5169197391742,0.,115.907380796929));
#6237=CARTESIAN_POINT('Origin',(-0.430728202354061,0.,102.171143958732));
#6238=CARTESIAN_POINT('',(-49.891679849705,-5.,86.3305301045751));
#6239=CARTESIAN_POINT('Origin',(-0.430728202354061,-5.,102.171143958732));
#6240=CARTESIAN_POINT('',(-49.891679849705,0.,86.3305301045751));
#6241=CARTESIAN_POINT('Origin',(-31.5844123986565,0.,97.1510229474039));
#6242=CARTESIAN_POINT('',(-34.8017534810964,-6.,101.840315389391));
#6243=CARTESIAN_POINT('Origin',(-36.4509115665674,-6.,100.708821859084));
#6244=CARTESIAN_POINT('',(-43.8557176299875,-8.,111.50136769673));
#6245=CARTESIAN_POINT('Origin',(-0.430728202354061,-5.,102.171143958732));
#6246=CARTESIAN_POINT('Origin',(-0.430728202354061,-8.,102.171143958732));
#6247=CARTESIAN_POINT('',(-50.0862629140529,-6.18308133287013,86.1414136855296));
#6248=CARTESIAN_POINT('Ctrl Pts',(-51.8249664392261,-8.,82.7660697375909));
#6249=CARTESIAN_POINT('Ctrl Pts',(-51.8200802679045,-7.99999999999026,82.7732261231325));
#6250=CARTESIAN_POINT('Ctrl Pts',(-51.815220458193,-7.99997480174809,82.7803987952548));
#6251=CARTESIAN_POINT('Ctrl Pts',(-51.7663686103538,-7.99946968594052,82.8530402721355));
#6252=CARTESIAN_POINT('Ctrl Pts',(-51.7242852849679,-7.99695548279817,82.9200728761128));
#6253=CARTESIAN_POINT('Ctrl Pts',(-51.6161168859895,-7.98538168527627,83.1016759906527));
#6254=CARTESIAN_POINT('Ctrl Pts',(-51.5522678062305,-7.97289863218537,83.2191065594753));
#6255=CARTESIAN_POINT('Ctrl Pts',(-51.366789107934,-7.92120856027419,83.5796897482144));
#6256=CARTESIAN_POINT('Ctrl Pts',(-51.2513155390138,-7.86630587147823,83.8322323323186));
#6257=CARTESIAN_POINT('Ctrl Pts',(-50.981777698398,-7.68745682165309,84.436491834868));
#6258=CARTESIAN_POINT('Ctrl Pts',(-50.8263108238583,-7.53782754555842,84.7993361741267));
#6259=CARTESIAN_POINT('Ctrl Pts',(-50.5585279355548,-7.1856965645632,85.3770251055369));
#6260=CARTESIAN_POINT('Ctrl Pts',(-50.4398277040712,-6.99539696502639,85.6170004052445));
#6261=CARTESIAN_POINT('Ctrl Pts',(-50.2421061517772,-6.5938752111078,85.952545048721));
#6262=CARTESIAN_POINT('Ctrl Pts',(-50.1604870636886,-6.39931973257555,86.0692748000985));
#6263=CARTESIAN_POINT('Ctrl Pts',(-50.0862629140529,-6.18308133287013,86.1414136855296));
#6264=CARTESIAN_POINT('Ctrl Pts',(-49.891679849705,-5.,86.3305301045751));
#6265=CARTESIAN_POINT('Ctrl Pts',(-49.891679849705,-5.35773617769827,86.3305301045751));
#6266=CARTESIAN_POINT('Ctrl Pts',(-49.9566915066607,-5.77733761071973,86.2673448946964));
#6267=CARTESIAN_POINT('Ctrl Pts',(-50.0686023360037,-6.13059345342901,86.1585781046949));
#6268=CARTESIAN_POINT('Ctrl Pts',(-50.0772387671424,-6.15679114165607,86.1501843067261));
#6269=CARTESIAN_POINT('Ctrl Pts',(-50.0862629140529,-6.18308133287013,86.1414136855296));
#6270=CARTESIAN_POINT('Origin',(-0.430728202354059,-6.,102.171143958732));
#6271=CARTESIAN_POINT('Origin',(-0.430728202354059,-6.,102.171143958732));
#6272=CARTESIAN_POINT('Origin',(53.0487560408291,0.,126.660108953174));
#6273=CARTESIAN_POINT('Origin',(-0.430728202354059,0.,102.171143958732));
#6274=CARTESIAN_POINT('Ctrl Pts',(36.1827534292456,-8.,98.5426661889666));
#6275=CARTESIAN_POINT('Ctrl Pts',(38.9266228115777,-8.,96.6343838652997));
#6276=CARTESIAN_POINT('Ctrl Pts',(45.1543195334007,-8.,91.5104174844137));
#6277=CARTESIAN_POINT('Ctrl Pts',(50.2165086974527,-8.,85.26867779298));
#6278=CARTESIAN_POINT('Ctrl Pts',(52.5929547439392,-8.,81.6135312082428));
#6279=CARTESIAN_POINT('Ctrl Pts',(36.5916182463478,-7.71665351469498,98.929318543336));
#6280=CARTESIAN_POINT('Ctrl Pts',(39.2289249725545,-7.65371129638631,96.8981983275535));
#6281=CARTESIAN_POINT('Ctrl Pts',(45.2474096466822,-7.7283182028429,91.6291842257631));
#6282=CARTESIAN_POINT('Ctrl Pts',(50.5533099675861,-7.6201457254626,85.6572315251564));
#6283=CARTESIAN_POINT('Ctrl Pts',(53.1125048272499,-7.83252585531686,82.1602398640948));
#6284=CARTESIAN_POINT('Ctrl Pts',(37.2114109333988,-6.90249259286872,99.469242658532));
#6285=CARTESIAN_POINT('Ctrl Pts',(39.6574638769835,-6.88853579837163,97.230875966352));
#6286=CARTESIAN_POINT('Ctrl Pts',(45.3831863034597,-7.20696735364061,91.797839259426));
#6287=CARTESIAN_POINT('Ctrl Pts',(50.9525831727038,-6.75300006786033,86.205100263346));
#6288=CARTESIAN_POINT('Ctrl Pts',(53.9139086861522,-7.00581420583938,83.0447382697123));
#6289=CARTESIAN_POINT('Ctrl Pts',(37.4619026531178,-5.80309620446792,99.5949326185461));
#6290=CARTESIAN_POINT('Ctrl Pts',(39.8370026268831,-5.9932837213825,97.2860728805252));
#6291=CARTESIAN_POINT('Ctrl Pts',(45.4236685161334,-6.62979156901529,91.8570622014311));
#6292=CARTESIAN_POINT('Ctrl Pts',(50.9936507612946,-5.73547302547701,86.4415000002759));
#6293=CARTESIAN_POINT('Ctrl Pts',(54.1450124036019,-5.65394177067018,83.3805206134214));
#6294=CARTESIAN_POINT('Ctrl Pts',(37.4901689731064,-5.33220993201593,99.5674604167193));
#6295=CARTESIAN_POINT('Ctrl Pts',(39.8649963850949,-5.60942433842549,97.2593517562264));
#6296=CARTESIAN_POINT('Ctrl Pts',(45.4197785708862,-6.3825439887972,91.8606264402503));
#6297=CARTESIAN_POINT('Ctrl Pts',(50.9530227138923,-5.29866150456713,86.4828340741094));
#6298=CARTESIAN_POINT('Ctrl Pts',(54.1240459923097,-5.07524955722584,83.4008979912632));
#6299=CARTESIAN_POINT('',(51.128629473272,-5.37558637273807,86.3121608369221));
#6300=CARTESIAN_POINT('Ctrl Pts',(51.128629473272,-5.37558637273807,86.3121608369221));
#6301=CARTESIAN_POINT('Ctrl Pts',(51.1501560791011,-5.58864221835876,86.2912390027314));
#6302=CARTESIAN_POINT('Ctrl Pts',(51.1813441178953,-5.79102371233271,86.2287865624033));
#6303=CARTESIAN_POINT('Ctrl Pts',(51.2695022988583,-6.228756694346,86.0095038869558));
#6304=CARTESIAN_POINT('Ctrl Pts',(51.3299556606264,-6.44775671197177,85.8330967182126));
#6305=CARTESIAN_POINT('Ctrl Pts',(51.4925023469408,-6.93321263595167,85.3199595608653));
#6306=CARTESIAN_POINT('Ctrl Pts',(51.6108839079378,-7.19329973456279,84.9102953108524));
#6307=CARTESIAN_POINT('Ctrl Pts',(51.9160777552336,-7.68847064252642,83.7808450851595));
#6308=CARTESIAN_POINT('Ctrl Pts',(52.0804908764608,-7.83766845019017,83.1165962970762));
#6309=CARTESIAN_POINT('Ctrl Pts',(52.3096541688061,-7.96225394429691,82.2939566338802));
#6310=CARTESIAN_POINT('Ctrl Pts',(52.3978079608156,-7.98704068398092,82.0047708955441));
#6311=CARTESIAN_POINT('Ctrl Pts',(52.513911551329,-7.99752235300298,81.7536534668194));
#6312=CARTESIAN_POINT('Ctrl Pts',(52.5328788086291,-7.99870724010647,81.7157637219503));
#6313=CARTESIAN_POINT('Ctrl Pts',(52.5632948985377,-7.9996973860034,81.6615106204851));
#6314=CARTESIAN_POINT('Ctrl Pts',(52.5736451591522,-7.99990196308816,81.6439992146027));
#6315=CARTESIAN_POINT('Ctrl Pts',(52.5872543832229,-7.99999071631748,81.6223721380298));
#6316=CARTESIAN_POINT('Ctrl Pts',(52.590087650542,-7.99999999999769,81.6179410060998));
#6317=CARTESIAN_POINT('Ctrl Pts',(52.5929547439392,-8.,81.6135312082428));
#6318=CARTESIAN_POINT('Ctrl Pts',(51.1284670587099,-5.37304952839671,86.3123186885855));
#6319=CARTESIAN_POINT('Ctrl Pts',(48.9595676552257,-5.62879918134715,88.4202847124104));
#6320=CARTESIAN_POINT('Ctrl Pts',(45.0133605279593,-6.16294696961206,92.2556265147503));
#6321=CARTESIAN_POINT('Ctrl Pts',(41.0562138944322,-5.75389454790521,96.1016004872489));
#6322=CARTESIAN_POINT('Ctrl Pts',(39.2739530849995,-5.54429706252368,97.8337901986959));
#6323=CARTESIAN_POINT('Origin',(1.64877757174001,-5.,102.171143958732));
#6324=CARTESIAN_POINT('',(51.109729219091,-5.,86.3305301045751));
#6325=CARTESIAN_POINT('Origin',(1.64877757174001,-5.,102.171143958732));
#6326=CARTESIAN_POINT('Ctrl Pts',(51.128629473272,-5.37558637273807,86.3121608369221));
#6327=CARTESIAN_POINT('Ctrl Pts',(51.1156692600262,-5.24731491115993,86.3247569440259));
#6328=CARTESIAN_POINT('Ctrl Pts',(51.109729219091,-5.12003054128372,86.3305301045751));
#6329=CARTESIAN_POINT('Ctrl Pts',(51.109729219091,-5.,86.3305301045751));
#6330=CARTESIAN_POINT('Origin',(1.64877757174001,0.,102.171143958732));
#6331=CARTESIAN_POINT('',(51.109729219091,0.,86.3305301045751));
#6332=CARTESIAN_POINT('Ctrl Pts',(-41.0311998159566,-8.,94.7984406423423));
#6333=CARTESIAN_POINT('Ctrl Pts',(-39.2169914668204,-8.,96.349967773371));
#6334=CARTESIAN_POINT('Ctrl Pts',(-37.3084206662541,-8.,97.7967026180917));
#6335=CARTESIAN_POINT('Ctrl Pts',(-35.3535207023547,-8.,99.1093685982703));
#6336=CARTESIAN_POINT('Ctrl Pts',(-41.1218950047028,-7.75343904422546,94.8055028961692));
#6337=CARTESIAN_POINT('Ctrl Pts',(-39.4001376453374,-7.5812305002556,96.4068664730778));
#6338=CARTESIAN_POINT('Ctrl Pts',(-37.634893652396,-7.46120519100692,97.9787332841628));
#6339=CARTESIAN_POINT('Ctrl Pts',(-35.8448457017635,-7.44793826646396,99.4805135323556));
#6340=CARTESIAN_POINT('Ctrl Pts',(-41.1907404726871,-7.49813149148447,94.7870240077269));
#6341=CARTESIAN_POINT('Ctrl Pts',(-39.5308422477191,-7.13425354952735,96.4004709852828));
#6342=CARTESIAN_POINT('Ctrl Pts',(-37.8570351096216,-6.83751918731392,98.0220262411267));
#6343=CARTESIAN_POINT('Ctrl Pts',(-36.1942987361835,-6.638745860677,99.6430949733285));
#6344=CARTESIAN_POINT('Ctrl Pts',(-41.2353830949219,-7.24280370531953,94.7436355819041));
#6345=CARTESIAN_POINT('Ctrl Pts',(-39.6011796025801,-6.68717042211549,96.3319275203584));
#6346=CARTESIAN_POINT('Ctrl Pts',(-37.952062597741,-6.21578640512111,97.9347139888908));
#6347=CARTESIAN_POINT('Ctrl Pts',(-36.2934937214509,-5.82340127634075,99.5466867866041));
#6348=CARTESIAN_POINT('Origin',(-39.144497833908,-7.24280370531952,92.5923106819238));
#6349=CARTESIAN_POINT('',(-37.8996082624474,-6.23242467661575,97.985694664354));
#6350=CARTESIAN_POINT('Ctrl Pts',(-37.899608262447,-6.23242467661576,97.9856946643544));
#6351=CARTESIAN_POINT('Ctrl Pts',(-37.800451957295,-6.53488379105931,98.0820652576483));
#6352=CARTESIAN_POINT('Ctrl Pts',(-37.6361430198233,-6.81092779906908,98.1688434239987));
#6353=CARTESIAN_POINT('Ctrl Pts',(-37.1671106773652,-7.33786474111069,98.3578349750104));
#6354=CARTESIAN_POINT('Ctrl Pts',(-36.8539042665337,-7.55942347549189,98.4546302933939));
#6355=CARTESIAN_POINT('Ctrl Pts',(-36.2909003499247,-7.82912625359017,98.6494240890495));
#6356=CARTESIAN_POINT('Ctrl Pts',(-36.0415256561453,-7.91070914223793,98.7416401465544));
#6357=CARTESIAN_POINT('Ctrl Pts',(-35.7143797526628,-7.97232570615135,98.8982769254106));
#6358=CARTESIAN_POINT('Ctrl Pts',(-35.631695072233,-7.98385564356361,98.9411074786795));
#6359=CARTESIAN_POINT('Ctrl Pts',(-35.4997078815206,-7.99557172769255,99.0164664914357));
#6360=CARTESIAN_POINT('Ctrl Pts',(-35.4496268793498,-7.99838087135815,99.0467709648331));
#6361=CARTESIAN_POINT('Ctrl Pts',(-35.3846488140864,-7.99982543639492,99.0886783015237));
#6362=CARTESIAN_POINT('Ctrl Pts',(-35.3690345543291,-8.,99.09895143827));
#6363=CARTESIAN_POINT('Ctrl Pts',(-35.3535207023547,-8.,99.1093685982703));
#6364=CARTESIAN_POINT('Ctrl Pts',(-37.9000569632114,-6.22921106425991,97.9852585694555));
#6365=CARTESIAN_POINT('Ctrl Pts',(-39.0175300256442,-6.52960373787854,96.8991799600171));
#6366=CARTESIAN_POINT('Ctrl Pts',(-40.129869009827,-6.86692614563487,95.8180911912772));
#6367=CARTESIAN_POINT('Ctrl Pts',(-41.2353830949219,-7.24280370531953,94.7436355819041));
#6368=CARTESIAN_POINT('Ctrl Pts',(-42.7442675676912,-8.,93.2771419320072));
#6369=CARTESIAN_POINT('Ctrl Pts',(-42.7408381678447,-8.,93.2803038739713));
#6370=CARTESIAN_POINT('Ctrl Pts',(-42.7374085328867,-8.,93.2834653093024));
#6371=CARTESIAN_POINT('Ctrl Pts',(-42.1697914450831,-8.,93.8065747025463));
#6372=CARTESIAN_POINT('Ctrl Pts',(-41.5988962090692,-8.,94.3129416330799));
#6373=CARTESIAN_POINT('Ctrl Pts',(-41.0311998159566,-8.,94.7984406423423));
#6374=CARTESIAN_POINT('Ctrl Pts',(-42.7442675676912,-8.,93.2771419320072));
#6375=CARTESIAN_POINT('Ctrl Pts',(-42.7408895015393,-7.99968431312895,93.2803110196743));
#6376=CARTESIAN_POINT('Ctrl Pts',(-42.7375117184077,-7.99936734409012,93.2834795546335));
#6377=CARTESIAN_POINT('Ctrl Pts',(-42.1785709481158,-7.94701742857098,93.8079982703514));
#6378=CARTESIAN_POINT('Ctrl Pts',(-41.6303366163637,-7.85857830608233,94.313079056798));
#6379=CARTESIAN_POINT('Ctrl Pts',(-41.1218950047028,-7.75343904422547,94.8055028961692));
#6380=CARTESIAN_POINT('Ctrl Pts',(-42.7442675676912,-8.,93.2771419320072));
#6381=CARTESIAN_POINT('Ctrl Pts',(-42.7409408353701,-7.999368625408,93.2803181653984));
#6382=CARTESIAN_POINT('Ctrl Pts',(-42.7376148005577,-7.99873466967764,93.2834936879812));
#6383=CARTESIAN_POINT('Ctrl Pts',(-42.1876683822824,-7.89318000458786,93.8088660771383));
#6384=CARTESIAN_POINT('Ctrl Pts',(-41.6596119310299,-7.71751798896974,94.3103069483791));
#6385=CARTESIAN_POINT('Ctrl Pts',(-41.1907404726871,-7.49813149148447,94.7870240077269));
#6386=CARTESIAN_POINT('Ctrl Pts',(-42.7442675676912,-8.,93.2771419320072));
#6387=CARTESIAN_POINT('Ctrl Pts',(-42.7409921690649,-7.99905293853699,93.2803253111015));
#6388=CARTESIAN_POINT('Ctrl Pts',(-42.7377177796085,-7.99810197512488,93.2835077093777));
#6389=CARTESIAN_POINT('Ctrl Pts',(-42.1959996647888,-7.84007999707693,93.8100067156));
#6390=CARTESIAN_POINT('Ctrl Pts',(-41.6866135377385,-7.57535386902106,94.3050820736847));
#6391=CARTESIAN_POINT('Ctrl Pts',(-41.2353830949219,-7.24280370531953,94.7436355819041));
#6392=CARTESIAN_POINT('Origin',(-38.092294938935,0.,97.7984213557686));
#6393=CARTESIAN_POINT('',(-38.092294938935,-5.,97.7984213557686));
#6394=CARTESIAN_POINT('Origin',(-35.9095745154947,-5.,99.9198201097769));
#6395=CARTESIAN_POINT('',(-38.092294938935,0.,97.7984213557686));
#6396=CARTESIAN_POINT('Ctrl Pts',(-51.8249664392262,-8.,82.7660697375909));
#6397=CARTESIAN_POINT('Ctrl Pts',(-50.9715804754014,-8.,84.0159561111509));
#6398=CARTESIAN_POINT('Ctrl Pts',(-49.4533874097676,-8.,86.0719393302372));
#6399=CARTESIAN_POINT('Ctrl Pts',(-47.4725177592535,-8.,88.4299918652793));
#6400=CARTESIAN_POINT('Ctrl Pts',(-46.255235438068,-8.,89.7722361522001));
#6401=CARTESIAN_POINT('Ctrl Pts',(-45.6343059704337,-8.,90.4313891877715));
#6402=CARTESIAN_POINT('Ctrl Pts',(-45.3339634315956,-8.,90.7441952180646));
#6403=CARTESIAN_POINT('Ctrl Pts',(-45.1719537890295,-8.,90.9115779833381));
#6404=CARTESIAN_POINT('Ctrl Pts',(-45.088072482665,-8.,90.9976619604066));
#6405=CARTESIAN_POINT('Ctrl Pts',(-45.0880696888449,-8.0000009081341,90.9976646751556));
#6406=CARTESIAN_POINT('Ctrl Pts',(-52.2850891236028,-7.45055130703347,83.3601901007707));
#6407=CARTESIAN_POINT('Ctrl Pts',(-51.3007548268785,-7.4315049223429,84.4961271183494));
#6408=CARTESIAN_POINT('Ctrl Pts',(-49.6012604554163,-7.49008719166936,86.3743514965324));
#6409=CARTESIAN_POINT('Ctrl Pts',(-47.4997563021371,-7.66262303617497,88.5686824137829));
#6410=CARTESIAN_POINT('Ctrl Pts',(-46.2480033822882,-7.79254640881126,89.8405814804201));
#6411=CARTESIAN_POINT('Ctrl Pts',(-45.6183558973873,-7.87019961200265,90.4713322669777));
#6412=CARTESIAN_POINT('Ctrl Pts',(-45.3159446808971,-7.91675509594897,90.7723477619763));
#6413=CARTESIAN_POINT('Ctrl Pts',(-45.153262843823,-7.95174818483863,90.9337807307225));
#6414=CARTESIAN_POINT('Ctrl Pts',(-45.0692408139865,-7.97893900585377,91.0169793462028));
#6415=CARTESIAN_POINT('Ctrl Pts',(-45.0692408139865,-8.00000000000001,91.0169793462028));
#6416=CARTESIAN_POINT('Ctrl Pts',(-52.5072301330594,-6.54141794353574,83.7884614765606));
#6417=CARTESIAN_POINT('Ctrl Pts',(-51.4304283739972,-6.64237398301174,84.8305640896022));
#6418=CARTESIAN_POINT('Ctrl Pts',(-49.6323174952309,-6.90050177631678,86.5811857301738));
#6419=CARTESIAN_POINT('Ctrl Pts',(-47.4838915991399,-7.30822545976346,88.6690256532743));
#6420=CARTESIAN_POINT('Ctrl Pts',(-46.2248707682424,-7.58116068712974,89.8940768987388));
#6421=CARTESIAN_POINT('Ctrl Pts',(-45.5961135633906,-7.73945093129081,90.5052644981504));
#6422=CARTESIAN_POINT('Ctrl Pts',(-45.2951902357771,-7.83322730126986,90.7978578330949));
#6423=CARTESIAN_POINT('Ctrl Pts',(-45.1335383371605,-7.90345260364383,90.9549768425836));
#6424=CARTESIAN_POINT('Ctrl Pts',(-45.0501485609181,-7.95787034546993,91.0360426994207));
#6425=CARTESIAN_POINT('Ctrl Pts',(-45.0501485609181,-8.00000000000001,91.0360426994207));
#6426=CARTESIAN_POINT('Ctrl Pts',(-52.4062028824998,-5.62123417034411,83.886650452646));
#6427=CARTESIAN_POINT('Ctrl Pts',(-51.3317059081093,-5.85063747086176,84.9309603505966));
#6428=CARTESIAN_POINT('Ctrl Pts',(-49.5455846443605,-6.3106785956587,86.6669020601869));
#6429=CARTESIAN_POINT('Ctrl Pts',(-47.4264270640997,-6.95415101014119,88.7265237149046));
#6430=CARTESIAN_POINT('Ctrl Pts',(-46.1863662763351,-7.36981481389711,89.9317460520429));
#6431=CARTESIAN_POINT('Ctrl Pts',(-45.5677947396127,-7.60873336259296,90.5329393488005));
#6432=CARTESIAN_POINT('Ctrl Pts',(-45.2717817663817,-7.74970468391321,90.8206360899126));
#6433=CARTESIAN_POINT('Ctrl Pts',(-45.1128111288806,-7.85516080295054,90.9751405828824));
#6434=CARTESIAN_POINT('Ctrl Pts',(-45.0308026703067,-7.93680168487441,91.0548450837286));
#6435=CARTESIAN_POINT('Ctrl Pts',(-45.0308026703067,-8.00000000000001,91.0548450837286));
#6436=CARTESIAN_POINT('Ctrl Pts',(-46.5750096167638,-7.24133382777408,89.5540213149282));
#6437=CARTESIAN_POINT('Ctrl Pts',(-46.740608857602,-7.18508725604159,89.3930744435807));
#6438=CARTESIAN_POINT('Ctrl Pts',(-47.6144340696426,-6.89706355099083,88.5437986058982));
#6439=CARTESIAN_POINT('Ctrl Pts',(-48.7810265708012,-6.54283312450912,87.4099805264886));
#6440=CARTESIAN_POINT('Ctrl Pts',(-49.7889146311968,-6.26325868450641,86.4304082218813));
#6441=CARTESIAN_POINT('Ctrl Pts',(-50.0863117110742,-6.18343485845424,86.141366259419));
#6442=CARTESIAN_POINT('Origin',(-43.8557176299875,-5.,111.50136769673));
#6443=CARTESIAN_POINT('',(-46.329454758194,-5.,109.80412740127));
#6444=CARTESIAN_POINT('Origin',(-50.5169197391742,0.,115.907380796929));
#6445=CARTESIAN_POINT('Origin',(51.109729219091,0.,86.3305301045751));
#6446=CARTESIAN_POINT('Origin',(-38.092294938935,0.,97.7984213557686));
#6447=CARTESIAN_POINT('Origin',(0.,0.,102.000001519918));
#6448=CARTESIAN_POINT('',(-1.25022604627709,31.599999293685,101.999997720122));
#6449=CARTESIAN_POINT('',(1.25022604627709,31.599999293685,101.999997720122));
#6450=CARTESIAN_POINT('Ctrl Pts',(-1.25022604627709,31.599999293685,101.999997720122));
#6451=CARTESIAN_POINT('Ctrl Pts',(-0.831445413862622,31.6165679793186,101.99254854928));
#6452=CARTESIAN_POINT('Ctrl Pts',(-0.41447372407704,31.624721667197,101.988875827236));
#6453=CARTESIAN_POINT('Ctrl Pts',(0.,31.624721667197,101.988875827236));
#6454=CARTESIAN_POINT('Ctrl Pts',(0.414473724118802,31.624721667197,101.988875827236));
#6455=CARTESIAN_POINT('Ctrl Pts',(0.831445413893721,31.6165679793174,101.992548549281));
#6456=CARTESIAN_POINT('Ctrl Pts',(1.25022604627709,31.599999293685,101.999997720122));
#6457=CARTESIAN_POINT('Origin',(0.,0.,102.000001519918));
#6458=CARTESIAN_POINT('Ctrl Pts',(1.25404231839107,31.6963031706049,101.945377198297));
#6459=CARTESIAN_POINT('Ctrl Pts',(0.,31.7459184878187,101.945377198297));
#6460=CARTESIAN_POINT('Ctrl Pts',(-1.25404231839047,31.6963031706049,101.945377198297));
#6461=CARTESIAN_POINT('Ctrl Pts',(1.25213818280689,31.6481755612979,101.972732531089));
#6462=CARTESIAN_POINT('Ctrl Pts',(0.,31.6977155427039,101.972732531089));
#6463=CARTESIAN_POINT('Ctrl Pts',(-1.2521381828063,31.6481755612979,101.972732531089));
#6464=CARTESIAN_POINT('Ctrl Pts',(1.25023211259469,31.5999990536759,102.000001519918));
#6465=CARTESIAN_POINT('Ctrl Pts',(0.,31.649463622732,102.000001519918));
#6466=CARTESIAN_POINT('Ctrl Pts',(-1.2502321125941,31.5999990536759,102.000001519918));
#6467=CARTESIAN_POINT('Ctrl Pts',(1.25023336715139,31.60003076298,101.999983571725));
#6468=CARTESIAN_POINT('Ctrl Pts',(0.837544774453416,31.6798911359091,101.964078822754));
#6469=CARTESIAN_POINT('Ctrl Pts',(0.42042719815228,31.721120507112,101.945377198349));
#6470=CARTESIAN_POINT('Ctrl Pts',(-0.422362036540104,31.7209300275596,101.945463356238));
#6471=CARTESIAN_POINT('Ctrl Pts',(-0.838507534704102,31.6797048298323,101.964162584859));
#6472=CARTESIAN_POINT('Ctrl Pts',(-1.2502333671508,31.6000307629802,101.999983571725));
#6473=CARTESIAN_POINT('Origin',(0.,7.58194492033432,48.5782678549014));
#6474=CARTESIAN_POINT('Ctrl Pts',(-20.715975315307,-50.,65.5502404636296));
#6475=CARTESIAN_POINT('Ctrl Pts',(-20.715975315307,-50.,59.2252404636296));
#6476=CARTESIAN_POINT('Ctrl Pts',(-27.040975315307,-50.,59.2252404636296));
#6477=CARTESIAN_POINT('Ctrl Pts',(-33.365975315307,-50.,59.2252404636296));
#6478=CARTESIAN_POINT('Ctrl Pts',(-33.365975315307,-50.,65.5502404636296));
#6479=CARTESIAN_POINT('Ctrl Pts',(-33.365975315307,-50.,71.8752404636296));
#6480=CARTESIAN_POINT('Ctrl Pts',(-27.040975315307,-50.,71.8752404636296));
#6481=CARTESIAN_POINT('Ctrl Pts',(-20.715975315307,-50.,71.8752404636296));
#6482=CARTESIAN_POINT('Ctrl Pts',(-20.715975315307,-50.,65.5502404636296));
#6483=CARTESIAN_POINT('Ctrl Pts',(-22.606545976706,-52.5,65.5502404636296));
#6484=CARTESIAN_POINT('Ctrl Pts',(-22.606545976706,-52.5,61.1158111250286));
#6485=CARTESIAN_POINT('Ctrl Pts',(-27.040975315307,-52.5,61.1158111250286));
#6486=CARTESIAN_POINT('Ctrl Pts',(-31.475404653908,-52.5,61.1158111250286));
#6487=CARTESIAN_POINT('Ctrl Pts',(-31.475404653908,-52.5,65.5502404636296));
#6488=CARTESIAN_POINT('Ctrl Pts',(-31.475404653908,-52.5,69.9846698022306));
#6489=CARTESIAN_POINT('Ctrl Pts',(-27.040975315307,-52.5,69.9846698022306));
#6490=CARTESIAN_POINT('Ctrl Pts',(-22.606545976706,-52.5,69.9846698022306));
#6491=CARTESIAN_POINT('Ctrl Pts',(-22.606545976706,-52.5,65.5502404636296));
#6492=CARTESIAN_POINT('Ctrl Pts',(-25.7409131258675,-52.5,65.5502404636296));
#6493=CARTESIAN_POINT('Ctrl Pts',(-25.7409131258675,-52.5,64.25017827419));
#6494=CARTESIAN_POINT('Ctrl Pts',(-27.040975315307,-52.5,64.25017827419));
#6495=CARTESIAN_POINT('Ctrl Pts',(-28.3410375047466,-52.5,64.25017827419));
#6496=CARTESIAN_POINT('Ctrl Pts',(-28.3410375047466,-52.5,65.5502404636296));
#6497=CARTESIAN_POINT('Ctrl Pts',(-28.3410375047466,-52.5,66.8503026530691));
#6498=CARTESIAN_POINT('Ctrl Pts',(-27.040975315307,-52.5,66.8503026530691));
#6499=CARTESIAN_POINT('Ctrl Pts',(-25.7409131258675,-52.5,66.8503026530691));
#6500=CARTESIAN_POINT('Ctrl Pts',(-25.7409131258675,-52.5,65.5502404636296));
#6501=CARTESIAN_POINT('',(-25.7409131258675,-52.5,65.5502404636296));
#6502=CARTESIAN_POINT('Origin',(-27.040975315307,-52.5,65.5502404636296));
#6503=CARTESIAN_POINT('',(-20.715975315307,-50.,65.5502404636296));
#6504=CARTESIAN_POINT('Origin',(-25.7409131258675,-46.2,65.5502404636296));
#6505=CARTESIAN_POINT('Origin',(-27.040975315307,-50.,65.5502404636296));
#6506=CARTESIAN_POINT('Origin',(-27.040975315307,-52.5,65.5502404636296));
#6507=CARTESIAN_POINT('Origin',(-27.040975315307,-50.,65.5502404636296));
#6508=CARTESIAN_POINT('Ctrl Pts',(33.584024684693,-50.,65.9640762253211));
#6509=CARTESIAN_POINT('Ctrl Pts',(33.584024684693,-50.,59.6390762253211));
#6510=CARTESIAN_POINT('Ctrl Pts',(27.259024684693,-50.,59.6390762253211));
#6511=CARTESIAN_POINT('Ctrl Pts',(20.934024684693,-50.,59.6390762253211));
#6512=CARTESIAN_POINT('Ctrl Pts',(20.934024684693,-50.,65.9640762253211));
#6513=CARTESIAN_POINT('Ctrl Pts',(20.934024684693,-50.,72.2890762253211));
#6514=CARTESIAN_POINT('Ctrl Pts',(27.259024684693,-50.,72.2890762253211));
#6515=CARTESIAN_POINT('Ctrl Pts',(33.584024684693,-50.,72.2890762253211));
#6516=CARTESIAN_POINT('Ctrl Pts',(33.584024684693,-50.,65.9640762253211));
#6517=CARTESIAN_POINT('Ctrl Pts',(31.693454023294,-52.5,65.9640762253211));
#6518=CARTESIAN_POINT('Ctrl Pts',(31.693454023294,-52.5,61.5296468867201));
#6519=CARTESIAN_POINT('Ctrl Pts',(27.259024684693,-52.5,61.5296468867201));
#6520=CARTESIAN_POINT('Ctrl Pts',(22.824595346092,-52.5,61.5296468867201));
#6521=CARTESIAN_POINT('Ctrl Pts',(22.824595346092,-52.5,65.9640762253211));
#6522=CARTESIAN_POINT('Ctrl Pts',(22.824595346092,-52.5,70.3985055639222));
#6523=CARTESIAN_POINT('Ctrl Pts',(27.259024684693,-52.5,70.3985055639222));
#6524=CARTESIAN_POINT('Ctrl Pts',(31.693454023294,-52.5,70.3985055639222));
#6525=CARTESIAN_POINT('Ctrl Pts',(31.693454023294,-52.5,65.9640762253211));
#6526=CARTESIAN_POINT('Ctrl Pts',(28.5590868741325,-52.5,65.9640762253211));
#6527=CARTESIAN_POINT('Ctrl Pts',(28.5590868741325,-52.5,64.6640140358816));
#6528=CARTESIAN_POINT('Ctrl Pts',(27.259024684693,-52.5,64.6640140358816));
#6529=CARTESIAN_POINT('Ctrl Pts',(25.9589624952534,-52.5,64.6640140358816));
#6530=CARTESIAN_POINT('Ctrl Pts',(25.9589624952534,-52.5,65.9640762253211));
#6531=CARTESIAN_POINT('Ctrl Pts',(25.9589624952534,-52.5,67.2641384147607));
#6532=CARTESIAN_POINT('Ctrl Pts',(27.259024684693,-52.5,67.2641384147607));
#6533=CARTESIAN_POINT('Ctrl Pts',(28.5590868741325,-52.5,67.2641384147607));
#6534=CARTESIAN_POINT('Ctrl Pts',(28.5590868741325,-52.5,65.9640762253211));
#6535=CARTESIAN_POINT('',(28.5590868741325,-52.5,65.9640762253211));
#6536=CARTESIAN_POINT('Origin',(27.259024684693,-52.5,65.9640762253211));
#6537=CARTESIAN_POINT('',(33.584024684693,-50.,65.9640762253211));
#6538=CARTESIAN_POINT('Origin',(28.5590868741325,-46.2,65.9640762253211));
#6539=CARTESIAN_POINT('Origin',(27.259024684693,-50.,65.9640762253211));
#6540=CARTESIAN_POINT('Origin',(27.259024684693,-52.5,65.9640762253211));
#6541=CARTESIAN_POINT('Origin',(27.259024684693,-50.,65.9640762253211));
#6542=UNCERTAINTY_MEASURE_WITH_UNIT(LENGTH_MEASURE(0.01),#6546,
'DISTANCE_ACCURACY_VALUE',
'Maximum model space distance between geometric entities at asserted c
onnectivities');
#6543=UNCERTAINTY_MEASURE_WITH_UNIT(LENGTH_MEASURE(0.01),#6546,
'DISTANCE_ACCURACY_VALUE',
'Maximum model space distance between geometric entities at asserted c
onnectivities');
#6544=(
GEOMETRIC_REPRESENTATION_CONTEXT(3)
GLOBAL_UNCERTAINTY_ASSIGNED_CONTEXT((#6542))
GLOBAL_UNIT_ASSIGNED_CONTEXT((#6546,#6548,#6549))
REPRESENTATION_CONTEXT('','3D')
);
#6545=(
GEOMETRIC_REPRESENTATION_CONTEXT(3)
GLOBAL_UNCERTAINTY_ASSIGNED_CONTEXT((#6543))
GLOBAL_UNIT_ASSIGNED_CONTEXT((#6546,#6548,#6549))
REPRESENTATION_CONTEXT('','3D')
);
#6546=(
LENGTH_UNIT()
NAMED_UNIT(*)
SI_UNIT(.MILLI.,.METRE.)
);
#6547=(
LENGTH_UNIT()
NAMED_UNIT(*)
SI_UNIT($,.METRE.)
);
#6548=(
NAMED_UNIT(*)
PLANE_ANGLE_UNIT()
SI_UNIT($,.RADIAN.)
);
#6549=(
NAMED_UNIT(*)
SI_UNIT($,.STERADIAN.)
SOLID_ANGLE_UNIT()
);
#6550=SHAPE_DEFINITION_REPRESENTATION(#6551,#6552);
#6551=PRODUCT_DEFINITION_SHAPE('',$,#6554);
#6552=SHAPE_REPRESENTATION('',(#2438),#6544);
#6553=PRODUCT_DEFINITION_CONTEXT('part definition',#6558,'design');
#6554=PRODUCT_DEFINITION('2025-12-05-20-08-04-922','Happy_Head',#6555,#6553);
#6555=PRODUCT_DEFINITION_FORMATION('',$,#6560);
#6556=PRODUCT_RELATED_PRODUCT_CATEGORY('Happy_Head','Happy_Head',(#6560));
#6557=APPLICATION_PROTOCOL_DEFINITION('international standard',
'automotive_design',2009,#6558);
#6558=APPLICATION_CONTEXT(
'Core Data for Automotive Mechanical Design Process');
#6559=PRODUCT_CONTEXT('part definition',#6558,'mechanical');
#6560=PRODUCT('2025-12-05-20-08-04-922','Happy_Head',$,(#6559));
#6561=PRESENTATION_STYLE_ASSIGNMENT((#6562));
#6562=SURFACE_STYLE_USAGE(.BOTH.,#6563);
#6563=SURFACE_SIDE_STYLE('',(#6564));
#6564=SURFACE_STYLE_FILL_AREA(#6565);
#6565=FILL_AREA_STYLE('Steel - Satin',(#6566));
#6566=FILL_AREA_STYLE_COLOUR('Steel - Satin',#6567);
#6567=COLOUR_RGB('Steel - Satin',0.627450980392157,0.627450980392157,0.627450980392157);
ENDSEC;
END-ISO-10303-21;
