ISO-10303-21;
HEADER;
/* Generated by software containing ST-Developer
 * from STEP Tools, Inc. (www.steptools.com) 
 */

FILE_DESCRIPTION(
/* description */ (''),
/* implementation_level */ '2;1');

FILE_NAME(
/* name */ 'Happy.step',
/* time_stamp */ '2025-12-05T22:18:06-05:00',
/* author */ (''),
/* organization */ (''),
/* preprocessor_version */ 'ST-DEVELOPER v20.1',
/* originating_system */ 'Autodesk Translation Framework v14.21.0.0',
/* authorisation */ '');

FILE_SCHEMA (('AUTOMOTIVE_DESIGN { 1 0 10303 214 3 1 1 }'));
ENDSEC;

DATA;
#10=MECHANICAL_DESIGN_GEOMETRIC_PRESENTATION_REPRESENTATION('',(#13),#2776);
#11=SHAPE_REPRESENTATION_RELATIONSHIP('SRR','None',#2783,#12);
#12=ADVANCED_BREP_SHAPE_REPRESENTATION('',(#14),#2775);
#13=STYLED_ITEM('',(#2792),#14);
#14=MANIFOLD_SOLID_BREP('Body2',#1128);
#15=FACE_BOUND('',#365,.T.);
#16=FACE_BOUND('',#366,.T.);
#17=FACE_BOUND('',#367,.T.);
#18=FACE_BOUND('',#368,.T.);
#19=FACE_BOUND('',#369,.T.);
#20=FACE_BOUND('',#370,.T.);
#21=FACE_BOUND('',#371,.T.);
#22=FACE_BOUND('',#373,.T.);
#23=PLANE('',#1159);
#24=PLANE('',#1170);
#25=PLANE('',#1171);
#26=PLANE('',#1173);
#27=PLANE('',#1175);
#28=PLANE('',#1189);
#29=PLANE('',#1190);
#30=PLANE('',#1198);
#31=PLANE('',#1205);
#32=PLANE('',#1207);
#33=PLANE('',#1211);
#34=PLANE('',#1214);
#35=PLANE('',#1215);
#36=PLANE('',#1216);
#37=PLANE('',#1222);
#38=PLANE('',#1223);
#39=PLANE('',#1228);
#40=PLANE('',#1231);
#41=PLANE('',#1232);
#42=PLANE('',#1236);
#43=PLANE('',#1249);
#44=PLANE('',#1250);
#45=ELLIPSE('',#1152,13.3600871911604,8.48202420701862);
#46=ELLIPSE('',#1168,2.16325058824072,2.);
#47=ELLIPSE('',#1169,5.2479921008861,2.);
#48=ELLIPSE('',#1172,13.3600871911604,8.48202420701862);
#49=ELLIPSE('',#1186,13.3600871911604,8.48202420701862);
#50=ELLIPSE('',#1197,13.3600871911604,8.48202420701862);
#51=ELLIPSE('',#1203,13.716405692839,2.);
#52=ELLIPSE('',#1206,13.3600871911604,8.48202420701862);
#53=ELLIPSE('',#1221,13.3600871911604,8.48202420701862);
#54=(
BOUNDED_SURFACE()
B_SPLINE_SURFACE(1,2,((#1764,#1765,#1766,#1767,#1768),(#1769,#1770,#1771,
#1772,#1773)),.UNSPECIFIED.,.F.,.F.,.F.)
B_SPLINE_SURFACE_WITH_KNOTS((2,2),(3,2,3),(0.1871245272751,0.22454943273012),
(-1.06254341020427,0.0271626839235823,1.11686877805143),.UNSPECIFIED.)
GEOMETRIC_REPRESENTATION_ITEM()
RATIONAL_B_SPLINE_SURFACE(((1.,0.855203464607463,1.,0.855203464607463,1.),
(1.,0.855203464607463,1.,0.855203464607463,1.)))
REPRESENTATION_ITEM('')
SURFACE()
);
#55=(
BOUNDED_SURFACE()
B_SPLINE_SURFACE(1,2,((#2004,#2005,#2006),(#2007,#2008,#2009)),
 .UNSPECIFIED.,.F.,.F.,.F.)
B_SPLINE_SURFACE_WITH_KNOTS((2,2),(3,3),(0.1871245272751,0.22454943273012),
(-1.89408176868145,-1.10832446166046),.UNSPECIFIED.)
GEOMETRIC_REPRESENTATION_ITEM()
RATIONAL_B_SPLINE_SURFACE(((1.,0.923810798458644,1.),(1.,0.923810798458644,
1.)))
REPRESENTATION_ITEM('')
SURFACE()
);
#56=(
BOUNDED_SURFACE()
B_SPLINE_SURFACE(1,2,((#2442,#2443,#2444),(#2445,#2446,#2447)),
 .UNSPECIFIED.,.F.,.F.,.F.)
B_SPLINE_SURFACE_WITH_KNOTS((2,2),(3,3),(0.1871245272751,0.22454943273012),
(2.66785571552804,3.91959747448955),.UNSPECIFIED.)
GEOMETRIC_REPRESENTATION_ITEM()
RATIONAL_B_SPLINE_SURFACE(((1.,0.810453262830586,1.),(1.,0.810453262830586,
1.)))
REPRESENTATION_ITEM('')
SURFACE()
);
#57=(
BOUNDED_SURFACE()
B_SPLINE_SURFACE(1,2,((#2550,#2551,#2552),(#2553,#2554,#2555)),
 .UNSPECIFIED.,.F.,.F.,.F.)
B_SPLINE_SURFACE_WITH_KNOTS((2,2),(3,3),(0.1871245272751,0.22454943273012),
(1.16125919332405,1.89418026092657),.UNSPECIFIED.)
GEOMETRIC_REPRESENTATION_ITEM()
RATIONAL_B_SPLINE_SURFACE(((1.,0.933601428523034,1.),(1.,0.933601428523034,
1.)))
REPRESENTATION_ITEM('')
SURFACE()
);
#58=(
BOUNDED_SURFACE()
B_SPLINE_SURFACE(1,2,((#2661,#2662,#2663),(#2664,#2665,#2666)),
 .UNSPECIFIED.,.F.,.F.,.F.)
B_SPLINE_SURFACE_WITH_KNOTS((2,2),(3,3),(0.1871245272751,0.22454943273012),
(1.92622017536366,2.64063915998144),.UNSPECIFIED.)
GEOMETRIC_REPRESENTATION_ITEM()
RATIONAL_B_SPLINE_SURFACE(((1.,0.936876202478833,1.),(1.,0.936876202478833,
1.)))
REPRESENTATION_ITEM('')
SURFACE()
);
#59=(
BOUNDED_SURFACE()
B_SPLINE_SURFACE(1,2,((#2703,#2704,#2705),(#2706,#2707,#2708)),
 .UNSPECIFIED.,.F.,.F.,.F.)
B_SPLINE_SURFACE_WITH_KNOTS((2,2),(3,3),(0.1871245272751,0.22454943273012),
(-2.3360196785588,-1.92612221396277),.UNSPECIFIED.)
GEOMETRIC_REPRESENTATION_ITEM()
RATIONAL_B_SPLINE_SURFACE(((1.,0.979071419653318,1.),(1.,0.979071419653318,
1.)))
REPRESENTATION_ITEM('')
SURFACE()
);
#60=LINE('',#1762,#126);
#61=LINE('',#1775,#127);
#62=LINE('',#1823,#128);
#63=LINE('',#1840,#129);
#64=LINE('',#1855,#130);
#65=LINE('',#1859,#131);
#66=LINE('',#1985,#132);
#67=LINE('',#1990,#133);
#68=LINE('',#1991,#134);
#69=LINE('',#1994,#135);
#70=LINE('',#1996,#136);
#71=LINE('',#1998,#137);
#72=LINE('',#1999,#138);
#73=LINE('',#2002,#139);
#74=LINE('',#2003,#140);
#75=LINE('',#2011,#141);
#76=LINE('',#2242,#142);
#77=LINE('',#2400,#143);
#78=LINE('',#2416,#144);
#79=LINE('',#2449,#145);
#80=LINE('',#2452,#146);
#81=LINE('',#2455,#147);
#82=LINE('',#2459,#148);
#83=LINE('',#2460,#149);
#84=LINE('',#2524,#150);
#85=LINE('',#2540,#151);
#86=LINE('',#2546,#152);
#87=LINE('',#2549,#153);
#88=LINE('',#2557,#154);
#89=LINE('',#2648,#155);
#90=LINE('',#2651,#156);
#91=LINE('',#2653,#157);
#92=LINE('',#2654,#158);
#93=LINE('',#2657,#159);
#94=LINE('',#2659,#160);
#95=LINE('',#2660,#161);
#96=LINE('',#2668,#162);
#97=LINE('',#2676,#163);
#98=LINE('',#2678,#164);
#99=LINE('',#2679,#165);
#100=LINE('',#2684,#166);
#101=LINE('',#2685,#167);
#102=LINE('',#2687,#168);
#103=LINE('',#2688,#169);
#104=LINE('',#2691,#170);
#105=LINE('',#2693,#171);
#106=LINE('',#2694,#172);
#107=LINE('',#2698,#173);
#108=LINE('',#2701,#174);
#109=LINE('',#2710,#175);
#110=LINE('',#2713,#176);
#111=LINE('',#2715,#177);
#112=LINE('',#2719,#178);
#113=LINE('',#2725,#179);
#114=LINE('',#2728,#180);
#115=LINE('',#2732,#181);
#116=LINE('',#2734,#182);
#117=LINE('',#2736,#183);
#118=LINE('',#2737,#184);
#119=LINE('',#2743,#185);
#120=LINE('',#2746,#186);
#121=LINE('',#2748,#187);
#122=LINE('',#2749,#188);
#123=LINE('',#2755,#189);
#124=LINE('',#2761,#190);
#125=LINE('',#2767,#191);
#126=VECTOR('',#1271,10.);
#127=VECTOR('',#1274,10.);
#128=VECTOR('',#1289,10.);
#129=VECTOR('',#1290,10.);
#130=VECTOR('',#1293,10.);
#131=VECTOR('',#1298,10.);
#132=VECTOR('',#1311,10.);
#133=VECTOR('',#1316,10.);
#134=VECTOR('',#1317,10.);
#135=VECTOR('',#1320,10.);
#136=VECTOR('',#1321,10.);
#137=VECTOR('',#1322,10.);
#138=VECTOR('',#1323,10.);
#139=VECTOR('',#1326,10.);
#140=VECTOR('',#1327,10.);
#141=VECTOR('',#1328,10.);
#142=VECTOR('',#1335,10.);
#143=VECTOR('',#1340,10.);
#144=VECTOR('',#1341,10.);
#145=VECTOR('',#1360,10.);
#146=VECTOR('',#1363,10.);
#147=VECTOR('',#1366,10.);
#148=VECTOR('',#1371,10.);
#149=VECTOR('',#1372,10.);
#150=VECTOR('',#1377,10.);
#151=VECTOR('',#1378,10.);
#152=VECTOR('',#1387,10.);
#153=VECTOR('',#1390,10.);
#154=VECTOR('',#1391,10.);
#155=VECTOR('',#1404,10.);
#156=VECTOR('',#1407,10.);
#157=VECTOR('',#1410,10.);
#158=VECTOR('',#1411,10.);
#159=VECTOR('',#1414,10.);
#160=VECTOR('',#1415,10.);
#161=VECTOR('',#1416,10.);
#162=VECTOR('',#1417,10.);
#163=VECTOR('',#1430,10.);
#164=VECTOR('',#1431,10.);
#165=VECTOR('',#1432,10.);
#166=VECTOR('',#1439,10.);
#167=VECTOR('',#1440,10.);
#168=VECTOR('',#1443,10.);
#169=VECTOR('',#1444,10.);
#170=VECTOR('',#1447,10.);
#171=VECTOR('',#1448,10.);
#172=VECTOR('',#1449,10.);
#173=VECTOR('',#1454,10.);
#174=VECTOR('',#1457,10.);
#175=VECTOR('',#1460,10.);
#176=VECTOR('',#1465,10.);
#177=VECTOR('',#1468,10.);
#178=VECTOR('',#1473,10.);
#179=VECTOR('',#1482,10.);
#180=VECTOR('',#1487,10.);
#181=VECTOR('',#1490,10.);
#182=VECTOR('',#1491,10.);
#183=VECTOR('',#1492,10.);
#184=VECTOR('',#1493,10.);
#185=VECTOR('',#1500,10.);
#186=VECTOR('',#1503,10.);
#187=VECTOR('',#1504,10.);
#188=VECTOR('',#1505,10.);
#189=VECTOR('',#1512,10.);
#190=VECTOR('',#1519,10.);
#191=VECTOR('',#1526,10.);
#192=CYLINDRICAL_SURFACE('',#1150,112.255301913932);
#193=CYLINDRICAL_SURFACE('',#1153,118.848766714606);
#194=CYLINDRICAL_SURFACE('',#1158,2.);
#195=CYLINDRICAL_SURFACE('',#1161,2.);
#196=CYLINDRICAL_SURFACE('',#1167,2.);
#197=CYLINDRICAL_SURFACE('',#1176,2.);
#198=CYLINDRICAL_SURFACE('',#1187,80.2870647972009);
#199=CYLINDRICAL_SURFACE('',#1191,2.);
#200=CYLINDRICAL_SURFACE('',#1195,118.598766619693);
#201=CYLINDRICAL_SURFACE('',#1202,2.);
#202=CYLINDRICAL_SURFACE('',#1204,2.);
#203=CYLINDRICAL_SURFACE('',#1212,112.005301913932);
#204=CYLINDRICAL_SURFACE('',#1217,117.294418429636);
#205=CYLINDRICAL_SURFACE('',#1219,80.5370647972009);
#206=CYLINDRICAL_SURFACE('',#1224,57.8202551148916);
#207=CYLINDRICAL_SURFACE('',#1226,10.6665298777854);
#208=CYLINDRICAL_SURFACE('',#1229,58.0702551148915);
#209=CYLINDRICAL_SURFACE('',#1233,10.9165298777854);
#210=CYLINDRICAL_SURFACE('',#1237,118.848767148617);
#211=CYLINDRICAL_SURFACE('',#1240,50.);
#212=CYLINDRICAL_SURFACE('',#1243,112.255301913932);
#213=CYLINDRICAL_SURFACE('',#1246,117.544418429636);
#214=B_SPLINE_SURFACE_WITH_KNOTS('',3,3,((#1560,#1561,#1562,#1563,#1564),
(#1565,#1566,#1567,#1568,#1569),(#1570,#1571,#1572,#1573,#1574),(#1575,
#1576,#1577,#1578,#1579),(#1580,#1581,#1582,#1583,#1584),(#1585,#1586,#1587,
#1588,#1589)),.UNSPECIFIED.,.F.,.F.,.F.,(4,1,1,4),(4,1,4),(0.,0.285714285714286,
0.571428571428571,1.),(1.91398744822832,2.05259124335306,2.23739630351937),
 .UNSPECIFIED.);
#215=B_SPLINE_SURFACE_WITH_KNOTS('',3,3,((#1614,#1615,#1616,#1617,#1618,
#1619,#1620,#1621,#1622,#1623),(#1624,#1625,#1626,#1627,#1628,#1629,#1630,
#1631,#1632,#1633),(#1634,#1635,#1636,#1637,#1638,#1639,#1640,#1641,#1642,
#1643),(#1644,#1645,#1646,#1647,#1648,#1649,#1650,#1651,#1652,#1653),(#1654,
#1655,#1656,#1657,#1658,#1659,#1660,#1661,#1662,#1663)),.UNSPECIFIED.,.F.,
 .F.,.F.,(4,1,4),(4,1,1,1,1,1,1,4),(0.,0.571428571428571,1.),(6.83950256051663,
7.22775091543675,7.61599927035687,8.00424762527699,8.39249598019712,8.78074433511724,
9.16899269003736,9.55724104495748),.UNSPECIFIED.);
#216=B_SPLINE_SURFACE_WITH_KNOTS('',3,3,((#1700,#1701,#1702,#1703,#1704),
(#1705,#1706,#1707,#1708,#1709),(#1710,#1711,#1712,#1713,#1714),(#1715,
#1716,#1717,#1718,#1719),(#1720,#1721,#1722,#1723,#1724),(#1725,#1726,#1727,
#1728,#1729)),.UNSPECIFIED.,.F.,.F.,.F.,(4,1,1,4),(4,1,4),(0.,0.285714285714286,
0.571428571428571,1.),(-0.00183388587359718,0.182406977974903,0.320587625861279),
 .UNSPECIFIED.);
#217=B_SPLINE_SURFACE_WITH_KNOTS('',3,3,((#1872,#1873,#1874,#1875),(#1876,
#1877,#1878,#1879),(#1880,#1881,#1882,#1883),(#1884,#1885,#1886,#1887),
(#1888,#1889,#1890,#1891)),.UNSPECIFIED.,.F.,.F.,.F.,(4,1,4),(4,4),(0.,
0.537746167312957,0.941055792797675),(0.258931181655952,0.820119259104375),
 .UNSPECIFIED.);
#218=B_SPLINE_SURFACE_WITH_KNOTS('',3,3,((#1898,#1899,#1900,#1901,#1902),
(#1903,#1904,#1905,#1906,#1907),(#1908,#1909,#1910,#1911,#1912),(#1913,
#1914,#1915,#1916,#1917),(#1918,#1919,#1920,#1921,#1922)),.UNSPECIFIED.,
 .F.,.F.,.F.,(4,1,4),(4,1,4),(0.,0.571428571428571,1.),(0.154210777355676,
0.64102995175223,1.29012218428097),.UNSPECIFIED.);
#219=B_SPLINE_SURFACE_WITH_KNOTS('',3,3,((#2014,#2015,#2016,#2017,#2018,
#2019,#2020,#2021,#2022,#2023,#2024,#2025,#2026,#2027,#2028,#2029,#2030,
#2031,#2032,#2033,#2034,#2035,#2036,#2037),(#2038,#2039,#2040,#2041,#2042,
#2043,#2044,#2045,#2046,#2047,#2048,#2049,#2050,#2051,#2052,#2053,#2054,
#2055,#2056,#2057,#2058,#2059,#2060,#2061),(#2062,#2063,#2064,#2065,#2066,
#2067,#2068,#2069,#2070,#2071,#2072,#2073,#2074,#2075,#2076,#2077,#2078,
#2079,#2080,#2081,#2082,#2083,#2084,#2085),(#2086,#2087,#2088,#2089,#2090,
#2091,#2092,#2093,#2094,#2095,#2096,#2097,#2098,#2099,#2100,#2101,#2102,
#2103,#2104,#2105,#2106,#2107,#2108,#2109),(#2110,#2111,#2112,#2113,#2114,
#2115,#2116,#2117,#2118,#2119,#2120,#2121,#2122,#2123,#2124,#2125,#2126,
#2127,#2128,#2129,#2130,#2131,#2132,#2133)),.UNSPECIFIED.,.F.,.T.,.F.,(4,
1,4),(4,1,1,1,1,1,1,1,1,1,1,1,1,1,1,1,1,1,1,1,1,4),(0.,0.571428571428571,
1.),(-3.14159265358979,-3.02939291596159,-2.91719317833338,-2.69279370307697,
-2.24399475256414,-1.34639685153848,-1.0471975511966,-0.747998250854713,
-0.448798950512828,-0.299199300341885,-0.149599650170943,2.77555756156289E-17,
0.149599650170943,0.299199300341885,0.448798950512828,0.897597901025655,
1.34639685153848,2.24399475256414,2.69279370307697,2.91719317833338,3.02939291596159,
3.14159265358979),.UNSPECIFIED.);
#220=B_SPLINE_SURFACE_WITH_KNOTS('',3,1,((#2185,#2186),(#2187,#2188),(#2189,
#2190),(#2191,#2192),(#2193,#2194),(#2195,#2196),(#2197,#2198),(#2199,#2200),
(#2201,#2202),(#2203,#2204),(#2205,#2206),(#2207,#2208),(#2209,#2210),(#2211,
#2212),(#2213,#2214),(#2215,#2216),(#2217,#2218),(#2219,#2220),(#2221,#2222),
(#2223,#2224),(#2225,#2226),(#2227,#2228),(#2229,#2230),(#2231,#2232),(#2233,
#2234),(#2235,#2236),(#2237,#2238),(#2239,#2240)),.UNSPECIFIED.,.T.,.F.,
 .F.,(4,3,3,3,3,3,3,3,3,4),(2,2),(-3.14159265358979,-2.44172724473557,-1.67187862340132,
-0.931866478737455,-0.221767527735273,0.519329255694138,1.27099384228553,
2.03768296854747,2.74467002840528,3.14159265358979),(0.,0.5),
 .UNSPECIFIED.);
#221=B_SPLINE_SURFACE_WITH_KNOTS('',3,3,((#2272,#2273,#2274,#2275,#2276,
#2277,#2278),(#2279,#2280,#2281,#2282,#2283,#2284,#2285),(#2286,#2287,#2288,
#2289,#2290,#2291,#2292),(#2293,#2294,#2295,#2296,#2297,#2298,#2299),(#2300,
#2301,#2302,#2303,#2304,#2305,#2306)),.UNSPECIFIED.,.F.,.F.,.F.,(4,1,4),
(4,1,1,1,4),(0.,0.571428571428571,1.),(0.35826818451995,0.785968499535003,
0.99981865704253,1.42751897205758,1.85521928707264),.UNSPECIFIED.);
#222=B_SPLINE_SURFACE_WITH_KNOTS('',3,3,((#2462,#2463,#2464,#2465),(#2466,
#2467,#2468,#2469),(#2470,#2471,#2472,#2473),(#2474,#2475,#2476,#2477),
(#2478,#2479,#2480,#2481)),.UNSPECIFIED.,.F.,.F.,.F.,(4,1,4),(4,4),(0.,
0.571428571428571,1.),(1.03036985874276,2.09202173935189),.UNSPECIFIED.);
#223=B_SPLINE_SURFACE_WITH_KNOTS('',3,3,((#2560,#2561,#2562,#2563,#2564),
(#2565,#2566,#2567,#2568,#2569),(#2570,#2571,#2572,#2573,#2574),(#2575,
#2576,#2577,#2578,#2579),(#2580,#2581,#2582,#2583,#2584)),.UNSPECIFIED.,
 .F.,.F.,.F.,(4,1,4),(4,1,4),(0.,0.571428571428571,1.),(0.394303122082545,
0.799190874882155,1.3390412119483),.UNSPECIFIED.);
#224=FACE_OUTER_BOUND('',#295,.T.);
#225=FACE_OUTER_BOUND('',#296,.T.);
#226=FACE_OUTER_BOUND('',#297,.T.);
#227=FACE_OUTER_BOUND('',#298,.T.);
#228=FACE_OUTER_BOUND('',#299,.T.);
#229=FACE_OUTER_BOUND('',#300,.T.);
#230=FACE_OUTER_BOUND('',#301,.T.);
#231=FACE_OUTER_BOUND('',#302,.T.);
#232=FACE_OUTER_BOUND('',#303,.T.);
#233=FACE_OUTER_BOUND('',#304,.T.);
#234=FACE_OUTER_BOUND('',#305,.T.);
#235=FACE_OUTER_BOUND('',#306,.T.);
#236=FACE_OUTER_BOUND('',#307,.T.);
#237=FACE_OUTER_BOUND('',#308,.T.);
#238=FACE_OUTER_BOUND('',#309,.T.);
#239=FACE_OUTER_BOUND('',#310,.T.);
#240=FACE_OUTER_BOUND('',#311,.T.);
#241=FACE_OUTER_BOUND('',#312,.T.);
#242=FACE_OUTER_BOUND('',#313,.T.);
#243=FACE_OUTER_BOUND('',#314,.T.);
#244=FACE_OUTER_BOUND('',#315,.T.);
#245=FACE_OUTER_BOUND('',#316,.T.);
#246=FACE_OUTER_BOUND('',#317,.T.);
#247=FACE_OUTER_BOUND('',#318,.T.);
#248=FACE_OUTER_BOUND('',#319,.T.);
#249=FACE_OUTER_BOUND('',#320,.T.);
#250=FACE_OUTER_BOUND('',#321,.T.);
#251=FACE_OUTER_BOUND('',#322,.T.);
#252=FACE_OUTER_BOUND('',#323,.T.);
#253=FACE_OUTER_BOUND('',#324,.T.);
#254=FACE_OUTER_BOUND('',#325,.T.);
#255=FACE_OUTER_BOUND('',#326,.T.);
#256=FACE_OUTER_BOUND('',#327,.T.);
#257=FACE_OUTER_BOUND('',#328,.T.);
#258=FACE_OUTER_BOUND('',#329,.T.);
#259=FACE_OUTER_BOUND('',#330,.T.);
#260=FACE_OUTER_BOUND('',#331,.T.);
#261=FACE_OUTER_BOUND('',#332,.T.);
#262=FACE_OUTER_BOUND('',#333,.T.);
#263=FACE_OUTER_BOUND('',#334,.T.);
#264=FACE_OUTER_BOUND('',#335,.T.);
#265=FACE_OUTER_BOUND('',#336,.T.);
#266=FACE_OUTER_BOUND('',#337,.T.);
#267=FACE_OUTER_BOUND('',#338,.T.);
#268=FACE_OUTER_BOUND('',#339,.T.);
#269=FACE_OUTER_BOUND('',#340,.T.);
#270=FACE_OUTER_BOUND('',#341,.T.);
#271=FACE_OUTER_BOUND('',#342,.T.);
#272=FACE_OUTER_BOUND('',#343,.T.);
#273=FACE_OUTER_BOUND('',#344,.T.);
#274=FACE_OUTER_BOUND('',#345,.T.);
#275=FACE_OUTER_BOUND('',#346,.T.);
#276=FACE_OUTER_BOUND('',#347,.T.);
#277=FACE_OUTER_BOUND('',#348,.T.);
#278=FACE_OUTER_BOUND('',#349,.T.);
#279=FACE_OUTER_BOUND('',#350,.T.);
#280=FACE_OUTER_BOUND('',#351,.T.);
#281=FACE_OUTER_BOUND('',#352,.T.);
#282=FACE_OUTER_BOUND('',#353,.T.);
#283=FACE_OUTER_BOUND('',#354,.T.);
#284=FACE_OUTER_BOUND('',#355,.T.);
#285=FACE_OUTER_BOUND('',#356,.T.);
#286=FACE_OUTER_BOUND('',#357,.T.);
#287=FACE_OUTER_BOUND('',#358,.T.);
#288=FACE_OUTER_BOUND('',#359,.T.);
#289=FACE_OUTER_BOUND('',#360,.T.);
#290=FACE_OUTER_BOUND('',#361,.T.);
#291=FACE_OUTER_BOUND('',#362,.T.);
#292=FACE_OUTER_BOUND('',#363,.T.);
#293=FACE_OUTER_BOUND('',#364,.T.);
#294=FACE_OUTER_BOUND('',#372,.T.);
#295=EDGE_LOOP('',(#722,#723,#724,#725));
#296=EDGE_LOOP('',(#726,#727,#728,#729));
#297=EDGE_LOOP('',(#730,#731,#732,#733));
#298=EDGE_LOOP('',(#734,#735,#736,#737));
#299=EDGE_LOOP('',(#738,#739,#740,#741));
#300=EDGE_LOOP('',(#742,#743,#744,#745));
#301=EDGE_LOOP('',(#746,#747,#748,#749));
#302=EDGE_LOOP('',(#750,#751,#752,#753));
#303=EDGE_LOOP('',(#754,#755,#756,#757,#758));
#304=EDGE_LOOP('',(#759,#760,#761,#762,#763));
#305=EDGE_LOOP('',(#764,#765,#766,#767));
#306=EDGE_LOOP('',(#768,#769,#770,#771));
#307=EDGE_LOOP('',(#772,#773,#774));
#308=EDGE_LOOP('',(#775,#776,#777,#778));
#309=EDGE_LOOP('',(#779,#780,#781,#782));
#310=EDGE_LOOP('',(#783,#784,#785,#786));
#311=EDGE_LOOP('',(#787,#788,#789,#790,#791,#792,#793));
#312=EDGE_LOOP('',(#794,#795,#796,#797,#798));
#313=EDGE_LOOP('',(#799,#800,#801,#802));
#314=EDGE_LOOP('',(#803,#804,#805,#806));
#315=EDGE_LOOP('',(#807,#808,#809));
#316=EDGE_LOOP('',(#810,#811,#812,#813));
#317=EDGE_LOOP('',(#814,#815,#816,#817));
#318=EDGE_LOOP('',(#818));
#319=EDGE_LOOP('',(#819,#820,#821,#822));
#320=EDGE_LOOP('',(#823,#824,#825,#826));
#321=EDGE_LOOP('',(#827,#828,#829,#830));
#322=EDGE_LOOP('',(#831,#832,#833,#834));
#323=EDGE_LOOP('',(#835,#836,#837,#838));
#324=EDGE_LOOP('',(#839,#840,#841,#842));
#325=EDGE_LOOP('',(#843,#844,#845,#846));
#326=EDGE_LOOP('',(#847,#848,#849,#850));
#327=EDGE_LOOP('',(#851,#852,#853,#854,#855));
#328=EDGE_LOOP('',(#856,#857,#858,#859));
#329=EDGE_LOOP('',(#860,#861,#862,#863));
#330=EDGE_LOOP('',(#864,#865,#866,#867));
#331=EDGE_LOOP('',(#868,#869,#870,#871));
#332=EDGE_LOOP('',(#872,#873,#874,#875));
#333=EDGE_LOOP('',(#876,#877,#878));
#334=EDGE_LOOP('',(#879,#880,#881,#882));
#335=EDGE_LOOP('',(#883,#884,#885,#886));
#336=EDGE_LOOP('',(#887,#888,#889,#890));
#337=EDGE_LOOP('',(#891,#892,#893,#894));
#338=EDGE_LOOP('',(#895,#896,#897,#898));
#339=EDGE_LOOP('',(#899,#900,#901,#902));
#340=EDGE_LOOP('',(#903,#904,#905,#906));
#341=EDGE_LOOP('',(#907,#908,#909,#910));
#342=EDGE_LOOP('',(#911,#912,#913,#914));
#343=EDGE_LOOP('',(#915,#916,#917,#918));
#344=EDGE_LOOP('',(#919,#920,#921,#922,#923));
#345=EDGE_LOOP('',(#924,#925,#926,#927));
#346=EDGE_LOOP('',(#928,#929,#930,#931));
#347=EDGE_LOOP('',(#932,#933,#934,#935));
#348=EDGE_LOOP('',(#936,#937,#938,#939));
#349=EDGE_LOOP('',(#940,#941,#942,#943));
#350=EDGE_LOOP('',(#944,#945,#946,#947));
#351=EDGE_LOOP('',(#948,#949,#950,#951));
#352=EDGE_LOOP('',(#952,#953,#954,#955));
#353=EDGE_LOOP('',(#956,#957,#958,#959));
#354=EDGE_LOOP('',(#960,#961,#962,#963));
#355=EDGE_LOOP('',(#964,#965,#966,#967));
#356=EDGE_LOOP('',(#968,#969,#970,#971));
#357=EDGE_LOOP('',(#972,#973,#974,#975));
#358=EDGE_LOOP('',(#976,#977,#978,#979));
#359=EDGE_LOOP('',(#980,#981,#982,#983));
#360=EDGE_LOOP('',(#984,#985,#986,#987));
#361=EDGE_LOOP('',(#988,#989,#990,#991));
#362=EDGE_LOOP('',(#992,#993,#994,#995));
#363=EDGE_LOOP('',(#996,#997,#998,#999));
#364=EDGE_LOOP('',(#1000,#1001,#1002,#1003,#1004,#1005,#1006));
#365=EDGE_LOOP('',(#1007));
#366=EDGE_LOOP('',(#1008,#1009,#1010,#1011,#1012));
#367=EDGE_LOOP('',(#1013,#1014,#1015,#1016,#1017,#1018));
#368=EDGE_LOOP('',(#1019,#1020,#1021,#1022));
#369=EDGE_LOOP('',(#1023,#1024,#1025,#1026,#1027));
#370=EDGE_LOOP('',(#1028,#1029,#1030,#1031,#1032));
#371=EDGE_LOOP('',(#1033,#1034,#1035));
#372=EDGE_LOOP('',(#1036,#1037,#1038,#1039,#1040,#1041,#1042));
#373=EDGE_LOOP('',(#1043,#1044,#1045));
#374=B_SPLINE_CURVE_WITH_KNOTS('',3,(#1546,#1547,#1548,#1549,#1550,#1551,
#1552,#1553,#1554,#1555,#1556,#1557,#1558,#1559),.UNSPECIFIED.,.F.,.F.,
(4,2,2,2,2,2,4),(-0.318419571932832,-0.317771607109336,-0.275372726991552,
-0.233025206609355,-0.153731609339121,-0.0763696867018092,0.),
 .UNSPECIFIED.);
#375=B_SPLINE_CURVE_WITH_KNOTS('',3,(#1592,#1593,#1594,#1595,#1596,#1597,
#1598,#1599,#1600,#1601,#1602,#1603),.UNSPECIFIED.,.F.,.F.,(4,2,2,2,2,4),
(0.,0.0683955033926147,0.137190833335075,0.211636580564372,0.280627657726772,
0.360223535190138),.UNSPECIFIED.);
#376=B_SPLINE_CURVE_WITH_KNOTS('',3,(#1604,#1605,#1606,#1607,#1608),
 .UNSPECIFIED.,.F.,.F.,(4,1,4),(-2.23522936593228,-2.05259124335306,-1.91398744822832),
 .UNSPECIFIED.);
#377=B_SPLINE_CURVE_WITH_KNOTS('',3,(#1609,#1610,#1611,#1612,#1613),
 .UNSPECIFIED.,.F.,.F.,(4,1,4),(1.91398744822832,2.05259124335306,2.0946351187381),
 .UNSPECIFIED.);
#378=B_SPLINE_CURVE_WITH_KNOTS('',3,(#1665,#1666,#1667,#1668,#1669,#1670,
#1671,#1672,#1673,#1674),.UNSPECIFIED.,.F.,.F.,(4,1,1,1,1,1,1,4),(6.83950256141992,
7.22775091543675,7.61599927035687,8.00424762527699,8.39249598019712,8.78074433511724,
9.16899269003736,9.55724104495748),.UNSPECIFIED.);
#379=B_SPLINE_CURVE_WITH_KNOTS('',3,(#1676,#1677,#1678,#1679,#1680,#1681,
#1682,#1683,#1684,#1685),.UNSPECIFIED.,.F.,.F.,(4,1,1,1,1,1,1,4),(-9.51161372548057,
-9.16899269003736,-8.78074433511724,-8.39249598019712,-8.00424762527699,
-7.61599927035687,-7.22775091543675,-6.88604482409574),.UNSPECIFIED.);
#380=B_SPLINE_CURVE_WITH_KNOTS('',3,(#1686,#1687,#1688,#1689,#1690,#1691,
#1692,#1693,#1694,#1695,#1696,#1697,#1698,#1699),.UNSPECIFIED.,.F.,.F.,
(4,2,2,2,2,2,4),(-0.000649008092154183,0.,0.0425447540334122,0.0850344199527958,
0.164439366355009,0.241831030549179,0.31819162348873),.UNSPECIFIED.);
#381=B_SPLINE_CURVE_WITH_KNOTS('',3,(#1734,#1735,#1736,#1737,#1738),
 .UNSPECIFIED.,.F.,.F.,(4,1,4),(-0.320587625861279,-0.182406977974903,-9.63237169107418E-8),
 .UNSPECIFIED.);
#382=B_SPLINE_CURVE_WITH_KNOTS('',3,(#1740,#1741,#1742,#1743,#1744,#1745,
#1746,#1747,#1748,#1749,#1750,#1751),.UNSPECIFIED.,.F.,.F.,(4,2,2,2,2,4),
(0.,0.126800873986892,0.212509001097812,0.292956784532302,0.353467776397604,
0.413254303710169),.UNSPECIFIED.);
#383=B_SPLINE_CURVE_WITH_KNOTS('',3,(#1752,#1753,#1754,#1755,#1756),
 .UNSPECIFIED.,.F.,.F.,(4,1,4),(0.140394291607315,0.182406977974903,0.320587625861279),
 .UNSPECIFIED.);
#384=B_SPLINE_CURVE_WITH_KNOTS('',3,(#1782,#1783,#1784,#1785,#1786,#1787,
#1788,#1789,#1790,#1791,#1792,#1793,#1794,#1795),.UNSPECIFIED.,.F.,.F.,
(4,2,2,2,2,2,4),(0.000418022929879556,0.0761963695258659,0.153096363245816,
0.231951758359109,0.275077588838826,0.318188154312071,0.319238311235575),
 .UNSPECIFIED.);
#385=B_SPLINE_CURVE_WITH_KNOTS('',3,(#1799,#1800,#1801,#1802,#1803,#1804,
#1805,#1806),.UNSPECIFIED.,.F.,.F.,(4,2,2,4),(-0.00719115261191569,0.,0.248044142864015,
0.434702474387873),.UNSPECIFIED.);
#386=B_SPLINE_CURVE_WITH_KNOTS('',3,(#1808,#1809,#1810,#1811,#1812,#1813,
#1814,#1815,#1816,#1817,#1818,#1819),.UNSPECIFIED.,.F.,.F.,(4,2,2,2,2,4),
(-0.310952965450427,-0.278447833469181,-0.226671715783052,-0.144231514359957,
-0.0702208826353335,0.),.UNSPECIFIED.);
#387=B_SPLINE_CURVE_WITH_KNOTS('',3,(#1825,#1826,#1827,#1828,#1829,#1830,
#1831,#1832,#1833,#1834,#1835,#1836,#1837,#1838),.UNSPECIFIED.,.F.,.F.,
(4,2,2,2,2,2,4),(-0.73882465473095,-0.737270617749008,-0.175685596354718,
-0.0760788919059161,-0.0374845491146871,-0.0163635994642616,0.),
 .UNSPECIFIED.);
#388=B_SPLINE_CURVE_WITH_KNOTS('',3,(#1841,#1842,#1843,#1844,#1845,#1846,
#1847,#1848,#1849,#1850,#1851,#1852),.UNSPECIFIED.,.F.,.F.,(4,2,2,2,2,4),
(0.0400218249630726,0.33805850724942,0.527964668733175,0.619866237593486,
0.67162570954836,0.712091689166722),.UNSPECIFIED.);
#389=B_SPLINE_CURVE_WITH_KNOTS('',3,(#1860,#1861,#1862,#1863,#1864,#1865,
#1866,#1867,#1868,#1869,#1870,#1871),.UNSPECIFIED.,.F.,.F.,(4,2,2,2,2,4),
(-0.315170786853163,-0.314085616844582,-0.234380884213467,-0.156246906716985,
-0.0781213325789208,0.),.UNSPECIFIED.);
#390=B_SPLINE_CURVE_WITH_KNOTS('',3,(#1892,#1893,#1894,#1895),
 .UNSPECIFIED.,.F.,.F.,(4,4),(0.258931181655952,0.820119259104375),
 .UNSPECIFIED.);
#391=B_SPLINE_CURVE_WITH_KNOTS('',3,(#1925,#1926,#1927,#1928,#1929),
 .UNSPECIFIED.,.F.,.F.,(4,1,4),(0.154210802892788,0.64102995175223,1.29012218428097),
 .UNSPECIFIED.);
#392=B_SPLINE_CURVE_WITH_KNOTS('',3,(#1931,#1932,#1933,#1934,#1935,#1936,
#1937,#1938,#1939,#1940,#1941,#1942,#1943,#1944),.UNSPECIFIED.,.F.,.F.,
(4,2,2,2,2,2,4),(0.,0.0744189819067132,0.150843066376293,0.231336051659384,
0.276558476065475,0.321922607515899,0.322588415811644),.UNSPECIFIED.);
#393=B_SPLINE_CURVE_WITH_KNOTS('',3,(#1946,#1947,#1948,#1949),
 .UNSPECIFIED.,.F.,.F.,(4,4),(-1.2225912971882,-0.832349447588744),
 .UNSPECIFIED.);
#394=B_SPLINE_CURVE_WITH_KNOTS('',3,(#1950,#1951,#1952,#1953,#1954,#1955,
#1956,#1957,#1958,#1959,#1960,#1961,#1962,#1963),.UNSPECIFIED.,.F.,.F.,
(4,2,2,2,2,2,4),(-0.00175926832835531,0.,0.588333764983282,0.791945029733807,
0.883390099054553,0.932933658861783,0.971145538748052),.UNSPECIFIED.);
#395=B_SPLINE_CURVE_WITH_KNOTS('',3,(#1969,#1970,#1971,#1972,#1973,#1974,
#1975,#1976,#1977,#1978,#1979,#1980,#1981,#1982),.UNSPECIFIED.,.F.,.F.,
(4,2,2,2,2,2,4),(-0.0034746482717095,0.,1.20389700733847,1.43557146032471,
1.52622929849171,1.57605345650902,1.61471446601688),.UNSPECIFIED.);
#396=B_SPLINE_CURVE_WITH_KNOTS('',3,(#2137,#2138,#2139,#2140,#2141,#2142,
#2143,#2144,#2145,#2146,#2147,#2148,#2149,#2150,#2151,#2152,#2153,#2154,
#2155,#2156,#2157,#2158,#2159,#2160),.UNSPECIFIED.,.T.,.F.,(4,1,1,1,1,1,
1,1,1,1,1,1,1,1,1,1,1,1,1,1,1,4),(-3.14159265358979,-3.02939291596159,-2.91719317833338,
-2.69279370307697,-2.24399475256414,-1.34639685153848,-1.0471975511966,
-0.747998250854713,-0.448798950512828,-0.299199300341885,-0.149599650170943,
2.77555756156289E-17,0.149599650170943,0.299199300341885,0.448798950512828,
0.897597901025655,1.34639685153848,2.24399475256414,2.69279370307697,2.91719317833338,
3.02939291596159,3.14159265358979),.UNSPECIFIED.);
#397=B_SPLINE_CURVE_WITH_KNOTS('',3,(#2161,#2162,#2163,#2164,#2165,#2166,
#2167,#2168,#2169,#2170,#2171,#2172,#2173,#2174,#2175,#2176,#2177,#2178,
#2179,#2180,#2181,#2182,#2183,#2184),.UNSPECIFIED.,.T.,.F.,(4,1,1,1,1,1,
1,1,1,1,1,1,1,1,1,1,1,1,1,1,1,4),(-3.14159265358979,-3.02939291596159,-2.91719317833338,
-2.69279370307697,-2.24399475256414,-1.34639685153848,-0.897597901025655,
-0.448798950512828,-0.299199300341885,-0.149599650170943,-2.77555756156289E-17,
0.149599650170943,0.299199300341885,0.448798950512828,0.747998250854713,
1.0471975511966,1.34639685153848,2.24399475256414,2.69279370307697,2.91719317833338,
3.02939291596159,3.14159265358979),.UNSPECIFIED.);
#398=B_SPLINE_CURVE_WITH_KNOTS('',3,(#2243,#2244,#2245,#2246,#2247,#2248,
#2249,#2250,#2251,#2252,#2253,#2254,#2255,#2256,#2257,#2258,#2259,#2260,
#2261,#2262,#2263,#2264,#2265,#2266,#2267,#2268,#2269,#2270),
 .UNSPECIFIED.,.T.,.F.,(4,3,3,3,3,3,3,3,3,4),(-3.14159265358979,-2.74467002840528,
-2.03768296854747,-1.27099384228553,-0.519329255694138,0.221767527735273,
0.931866478737455,1.67187862340132,2.44172724473557,3.14159265358979),
 .UNSPECIFIED.);
#399=B_SPLINE_CURVE_WITH_KNOTS('',3,(#2309,#2310,#2311,#2312,#2313,#2314,
#2315),.UNSPECIFIED.,.F.,.F.,(4,1,1,1,4),(-1.58046449549563,-1.42751897205758,
-0.99981865704253,-0.785968499535003,-0.722686278118141),.UNSPECIFIED.);
#400=B_SPLINE_CURVE_WITH_KNOTS('',3,(#2317,#2318,#2319,#2320,#2321,#2322,
#2323,#2324,#2325,#2326,#2327,#2328,#2329,#2330),.UNSPECIFIED.,.F.,.F.,
(4,2,2,2,2,2,4),(-0.0010972573875581,0.,0.162618363433357,0.325041754177284,
0.417228801052026,0.473397308652595,0.51855988856767),.UNSPECIFIED.);
#401=B_SPLINE_CURVE_WITH_KNOTS('',3,(#2332,#2333,#2334,#2335,#2336,#2337,
#2338),.UNSPECIFIED.,.F.,.F.,(4,1,1,1,4),(0.35826818451995,0.785968499535003,
0.99981865704253,1.42751897205758,1.8552192868723),.UNSPECIFIED.);
#402=B_SPLINE_CURVE_WITH_KNOTS('',3,(#2339,#2340,#2341,#2342,#2343,#2344,
#2345,#2346,#2347,#2348,#2349,#2350,#2351,#2352),.UNSPECIFIED.,.F.,.F.,
(4,2,2,2,2,2,4),(-0.368800310108145,-0.368015215889426,-0.272729547264535,
-0.180574092191969,-0.10222671231477,-0.0463806997592616,0.),
 .UNSPECIFIED.);
#403=B_SPLINE_CURVE_WITH_KNOTS('',3,(#2356,#2357,#2358,#2359,#2360,#2361,
#2362,#2363,#2364,#2365,#2366,#2367,#2368,#2369,#2370,#2371,#2372,#2373,
#2374,#2375,#2376,#2377,#2378,#2379,#2380,#2381,#2382,#2383,#2384,#2385,
#2386,#2387,#2388,#2389,#2390,#2391,#2392,#2393,#2394,#2395,#2396,#2397,
#2398),.UNSPECIFIED.,.F.,.F.,(4,3,3,3,3,3,3,3,3,3,3,3,3,3,4),(0.,0.111855170167766,
0.223706637631522,0.335554676133914,0.447399559329088,0.559241560789747,
0.671080954014074,0.783546501198741,0.895401798946633,1.00724994674944,
1.1190920392919,1.23202036234178,1.34386863823067,1.45733698486104,1.57080533149141),
 .UNSPECIFIED.);
#404=B_SPLINE_CURVE_WITH_KNOTS('',3,(#2402,#2403,#2404,#2405,#2406,#2407,
#2408,#2409,#2410,#2411,#2412,#2413,#2414,#2415),.UNSPECIFIED.,.F.,.F.,
(4,2,2,2,2,2,4),(-0.324004248150492,-0.323312570091415,-0.277042351777881,
-0.231101170168359,-0.150791422249005,-0.074485533831682,0.),
 .UNSPECIFIED.);
#405=B_SPLINE_CURVE_WITH_KNOTS('',3,(#2422,#2423,#2424,#2425,#2426,#2427,
#2428,#2429,#2430,#2431,#2432,#2433,#2434,#2435),.UNSPECIFIED.,.F.,.F.,
(4,2,2,2,2,2,4),(-0.000755598942588246,0.,0.0409604519305949,0.081872644132518,
0.160429372140857,0.238290768749604,0.315826150994769),.UNSPECIFIED.);
#406=B_SPLINE_CURVE_WITH_KNOTS('',3,(#2484,#2485,#2486,#2487),
 .UNSPECIFIED.,.F.,.F.,(4,4),(-1.41938297141664,-1.09789647701118),
 .UNSPECIFIED.);
#407=B_SPLINE_CURVE_WITH_KNOTS('',3,(#2489,#2490,#2491,#2492,#2493,#2494,
#2495,#2496,#2497,#2498,#2499,#2500,#2501,#2502),.UNSPECIFIED.,.F.,.F.,
(4,2,2,2,2,2,4),(-0.000666956791544861,0.,0.0454408418858166,0.090739729124333,
0.171368101943277,0.247920399180328,0.322464083788042),.UNSPECIFIED.);
#408=B_SPLINE_CURVE_WITH_KNOTS('',3,(#2504,#2505,#2506,#2507),
 .UNSPECIFIED.,.F.,.F.,(4,4),(1.03036985887737,2.09202173935189),
 .UNSPECIFIED.);
#409=B_SPLINE_CURVE_WITH_KNOTS('',3,(#2508,#2509,#2510,#2511,#2512,#2513,
#2514,#2515,#2516,#2517,#2518,#2519,#2520,#2521),.UNSPECIFIED.,.F.,.F.,
(4,2,2,2,2,2,4),(-0.475926512079998,-0.475061468971528,-0.189046243497558,
-0.0887016126475674,-0.0434873061322981,-0.0189432932211838,0.),
 .UNSPECIFIED.);
#410=B_SPLINE_CURVE_WITH_KNOTS('',3,(#2526,#2527,#2528,#2529,#2530,#2531,
#2532,#2533,#2534,#2535,#2536,#2537,#2538,#2539),.UNSPECIFIED.,.F.,.F.,
(4,2,2,2,2,2,4),(-0.740247479623186,-0.738723807484297,-0.173911589273824,
-0.0752952199677201,-0.0370922975653199,-0.0161914102760853,0.),
 .UNSPECIFIED.);
#411=B_SPLINE_CURVE_WITH_KNOTS('',3,(#2587,#2588,#2589,#2590,#2591),
 .UNSPECIFIED.,.F.,.F.,(4,1,4),(-0.83455238485974,-0.799190874882155,-0.535094948858126),
 .UNSPECIFIED.);
#412=B_SPLINE_CURVE_WITH_KNOTS('',3,(#2593,#2594,#2595,#2596,#2597,#2598,
#2599,#2600,#2601,#2602,#2603,#2604,#2605,#2606),.UNSPECIFIED.,.F.,.F.,
(4,2,2,2,2,2,4),(-0.000733259729288508,0.,0.0609909929697644,0.121464413081905,
0.207049715763408,0.278541437836141,0.34379899682784),.UNSPECIFIED.);
#413=B_SPLINE_CURVE_WITH_KNOTS('',3,(#2608,#2609,#2610,#2611,#2612),
 .UNSPECIFIED.,.F.,.F.,(4,1,4),(0.394303122082545,0.799190874882155,1.3390412119483),
 .UNSPECIFIED.);
#414=B_SPLINE_CURVE_WITH_KNOTS('',3,(#2613,#2614,#2615,#2616,#2617,#2618,
#2619,#2620,#2621,#2622,#2623,#2624,#2625,#2626),.UNSPECIFIED.,.F.,.F.,
(4,2,2,2,2,2,4),(-0.458440221828891,-0.457553261137846,-0.240241521574197,
-0.118420308993255,-0.0593283950884049,-0.0260341916623724,0.),
 .UNSPECIFIED.);
#415=B_SPLINE_CURVE_WITH_KNOTS('',3,(#2631,#2632,#2633,#2634,#2635,#2636,
#2637,#2638,#2639,#2640,#2641,#2642,#2643,#2644),.UNSPECIFIED.,.F.,.F.,
(4,2,2,2,2,2,4),(-0.000684627931508183,0.,0.0491612866529266,0.0979996349083067,
0.179865818939766,0.255381712568718,0.327919757442131),.UNSPECIFIED.);
#416=CIRCLE('',#1143,112.255301913932);
#417=CIRCLE('',#1144,2.);
#418=CIRCLE('',#1145,114.255301913932);
#419=CIRCLE('',#1146,1.99999999999999);
#420=CIRCLE('',#1148,120.848766714606);
#421=CIRCLE('',#1149,118.848766714606);
#422=CIRCLE('',#1151,112.255301913932);
#423=CIRCLE('',#1154,118.848766714606);
#424=CIRCLE('',#1156,82.5370647972009);
#425=CIRCLE('',#1157,80.5370647972009);
#426=CIRCLE('',#1160,115.294418429636);
#427=CIRCLE('',#1163,117.294418429636);
#428=CIRCLE('',#1165,112.005301913932);
#429=CIRCLE('',#1166,110.005301913932);
#430=CIRCLE('',#1174,2.);
#431=CIRCLE('',#1178,10.6665298777854);
#432=CIRCLE('',#1179,8.66652987778536);
#433=CIRCLE('',#1181,78.2870647972009);
#434=CIRCLE('',#1182,80.2870647972009);
#435=CIRCLE('',#1184,57.8202551148916);
#436=CIRCLE('',#1185,55.8202551148916);
#437=CIRCLE('',#1188,80.2870647972009);
#438=CIRCLE('',#1193,118.598766619693);
#439=CIRCLE('',#1194,116.598766619693);
#440=CIRCLE('',#1196,118.598766619693);
#441=CIRCLE('',#1200,60.0702551148915);
#442=CIRCLE('',#1201,58.0702551148914);
#443=CIRCLE('',#1209,49.75);
#444=CIRCLE('',#1210,45.4198729810778);
#445=CIRCLE('',#1213,112.005301913932);
#446=CIRCLE('',#1218,117.294418429636);
#447=CIRCLE('',#1220,80.5370647972009);
#448=CIRCLE('',#1225,57.8202551148916);
#449=CIRCLE('',#1227,10.6665298777854);
#450=CIRCLE('',#1230,58.0702551148915);
#451=CIRCLE('',#1234,10.9165298777854);
#452=CIRCLE('',#1235,10.9165298777854);
#453=CIRCLE('',#1238,118.848767148617);
#454=CIRCLE('',#1239,118.848767148617);
#455=CIRCLE('',#1241,50.);
#456=CIRCLE('',#1242,50.);
#457=CIRCLE('',#1244,112.255301913932);
#458=CIRCLE('',#1245,112.255301913932);
#459=CIRCLE('',#1247,117.544418429636);
#460=CIRCLE('',#1248,117.544418429636);
#461=VERTEX_POINT('',#1539);
#462=VERTEX_POINT('',#1540);
#463=VERTEX_POINT('',#1542);
#464=VERTEX_POINT('',#1544);
#465=VERTEX_POINT('',#1590);
#466=VERTEX_POINT('',#1591);
#467=VERTEX_POINT('',#1664);
#468=VERTEX_POINT('',#1675);
#469=VERTEX_POINT('',#1730);
#470=VERTEX_POINT('',#1731);
#471=VERTEX_POINT('',#1733);
#472=VERTEX_POINT('',#1739);
#473=VERTEX_POINT('',#1761);
#474=VERTEX_POINT('',#1774);
#475=VERTEX_POINT('',#1780);
#476=VERTEX_POINT('',#1781);
#477=VERTEX_POINT('',#1796);
#478=VERTEX_POINT('',#1798);
#479=VERTEX_POINT('',#1807);
#480=VERTEX_POINT('',#1822);
#481=VERTEX_POINT('',#1824);
#482=VERTEX_POINT('',#1839);
#483=VERTEX_POINT('',#1854);
#484=VERTEX_POINT('',#1858);
#485=VERTEX_POINT('',#1923);
#486=VERTEX_POINT('',#1924);
#487=VERTEX_POINT('',#1930);
#488=VERTEX_POINT('',#1945);
#489=VERTEX_POINT('',#1965);
#490=VERTEX_POINT('',#1967);
#491=VERTEX_POINT('',#1984);
#492=VERTEX_POINT('',#1986);
#493=VERTEX_POINT('',#1988);
#494=VERTEX_POINT('',#1993);
#495=VERTEX_POINT('',#1995);
#496=VERTEX_POINT('',#1997);
#497=VERTEX_POINT('',#2001);
#498=VERTEX_POINT('',#2010);
#499=VERTEX_POINT('',#2134);
#500=VERTEX_POINT('',#2135);
#501=VERTEX_POINT('',#2241);
#502=VERTEX_POINT('',#2307);
#503=VERTEX_POINT('',#2308);
#504=VERTEX_POINT('',#2316);
#505=VERTEX_POINT('',#2331);
#506=VERTEX_POINT('',#2354);
#507=VERTEX_POINT('',#2355);
#508=VERTEX_POINT('',#2399);
#509=VERTEX_POINT('',#2401);
#510=VERTEX_POINT('',#2418);
#511=VERTEX_POINT('',#2420);
#512=VERTEX_POINT('',#2448);
#513=VERTEX_POINT('',#2450);
#514=VERTEX_POINT('',#2454);
#515=VERTEX_POINT('',#2458);
#516=VERTEX_POINT('',#2482);
#517=VERTEX_POINT('',#2483);
#518=VERTEX_POINT('',#2488);
#519=VERTEX_POINT('',#2503);
#520=VERTEX_POINT('',#2523);
#521=VERTEX_POINT('',#2525);
#522=VERTEX_POINT('',#2545);
#523=VERTEX_POINT('',#2547);
#524=VERTEX_POINT('',#2556);
#525=VERTEX_POINT('',#2585);
#526=VERTEX_POINT('',#2586);
#527=VERTEX_POINT('',#2592);
#528=VERTEX_POINT('',#2607);
#529=VERTEX_POINT('',#2628);
#530=VERTEX_POINT('',#2630);
#531=VERTEX_POINT('',#2647);
#532=VERTEX_POINT('',#2649);
#533=VERTEX_POINT('',#2656);
#534=VERTEX_POINT('',#2658);
#535=VERTEX_POINT('',#2667);
#536=VERTEX_POINT('',#2675);
#537=VERTEX_POINT('',#2677);
#538=VERTEX_POINT('',#2683);
#539=VERTEX_POINT('',#2690);
#540=VERTEX_POINT('',#2692);
#541=VERTEX_POINT('',#2696);
#542=VERTEX_POINT('',#2700);
#543=VERTEX_POINT('',#2709);
#544=VERTEX_POINT('',#2717);
#545=VERTEX_POINT('',#2724);
#546=VERTEX_POINT('',#2730);
#547=VERTEX_POINT('',#2731);
#548=VERTEX_POINT('',#2733);
#549=VERTEX_POINT('',#2735);
#550=VERTEX_POINT('',#2739);
#551=VERTEX_POINT('',#2741);
#552=VERTEX_POINT('',#2745);
#553=VERTEX_POINT('',#2747);
#554=VERTEX_POINT('',#2751);
#555=VERTEX_POINT('',#2753);
#556=VERTEX_POINT('',#2757);
#557=VERTEX_POINT('',#2759);
#558=VERTEX_POINT('',#2763);
#559=VERTEX_POINT('',#2765);
#560=EDGE_CURVE('',#461,#462,#416,.T.);
#561=EDGE_CURVE('',#462,#463,#417,.T.);
#562=EDGE_CURVE('',#463,#464,#418,.T.);
#563=EDGE_CURVE('',#464,#461,#374,.T.);
#564=EDGE_CURVE('',#465,#466,#375,.F.);
#565=EDGE_CURVE('',#466,#463,#376,.T.);
#566=EDGE_CURVE('',#462,#465,#377,.T.);
#567=EDGE_CURVE('',#467,#461,#378,.T.);
#568=EDGE_CURVE('',#464,#468,#379,.T.);
#569=EDGE_CURVE('',#468,#467,#380,.T.);
#570=EDGE_CURVE('',#469,#470,#419,.T.);
#571=EDGE_CURVE('',#470,#471,#381,.T.);
#572=EDGE_CURVE('',#471,#472,#382,.F.);
#573=EDGE_CURVE('',#472,#469,#383,.T.);
#574=EDGE_CURVE('',#468,#470,#420,.T.);
#575=EDGE_CURVE('',#469,#467,#421,.T.);
#576=EDGE_CURVE('',#473,#461,#60,.T.);
#577=EDGE_CURVE('',#465,#473,#422,.T.);
#578=EDGE_CURVE('',#474,#467,#61,.T.);
#579=EDGE_CURVE('',#473,#474,#45,.T.);
#580=EDGE_CURVE('',#474,#472,#423,.T.);
#581=EDGE_CURVE('',#475,#476,#384,.T.);
#582=EDGE_CURVE('',#476,#477,#424,.T.);
#583=EDGE_CURVE('',#477,#478,#385,.T.);
#584=EDGE_CURVE('',#478,#479,#386,.T.);
#585=EDGE_CURVE('',#479,#475,#425,.T.);
#586=EDGE_CURVE('',#477,#480,#62,.T.);
#587=EDGE_CURVE('',#480,#481,#387,.T.);
#588=EDGE_CURVE('',#481,#482,#63,.T.);
#589=EDGE_CURVE('',#478,#482,#388,.T.);
#590=EDGE_CURVE('',#483,#476,#64,.T.);
#591=EDGE_CURVE('',#480,#483,#426,.T.);
#592=EDGE_CURVE('',#475,#484,#65,.T.);
#593=EDGE_CURVE('',#483,#484,#389,.T.);
#594=EDGE_CURVE('',#482,#479,#390,.T.);
#595=EDGE_CURVE('',#484,#481,#427,.T.);
#596=EDGE_CURVE('',#485,#486,#391,.T.);
#597=EDGE_CURVE('',#486,#487,#392,.T.);
#598=EDGE_CURVE('',#487,#488,#393,.T.);
#599=EDGE_CURVE('',#488,#485,#394,.T.);
#600=EDGE_CURVE('',#489,#485,#428,.T.);
#601=EDGE_CURVE('',#488,#490,#429,.T.);
#602=EDGE_CURVE('',#490,#489,#395,.T.);
#603=EDGE_CURVE('',#486,#491,#66,.T.);
#604=EDGE_CURVE('',#491,#492,#46,.T.);
#605=EDGE_CURVE('',#492,#493,#47,.T.);
#606=EDGE_CURVE('',#493,#489,#67,.T.);
#607=EDGE_CURVE('',#490,#487,#68,.T.);
#608=EDGE_CURVE('',#494,#491,#69,.T.);
#609=EDGE_CURVE('',#495,#494,#70,.T.);
#610=EDGE_CURVE('',#495,#496,#71,.T.);
#611=EDGE_CURVE('',#496,#492,#72,.T.);
#612=EDGE_CURVE('',#497,#486,#73,.T.);
#613=EDGE_CURVE('',#494,#497,#74,.T.);
#614=EDGE_CURVE('',#498,#485,#75,.T.);
#615=EDGE_CURVE('',#497,#498,#48,.T.);
#616=EDGE_CURVE('',#499,#500,#430,.T.);
#617=EDGE_CURVE('',#500,#500,#396,.T.);
#618=EDGE_CURVE('',#499,#499,#397,.T.);
#619=EDGE_CURVE('',#501,#500,#76,.T.);
#620=EDGE_CURVE('',#501,#501,#398,.T.);
#621=EDGE_CURVE('',#502,#503,#399,.T.);
#622=EDGE_CURVE('',#503,#504,#400,.T.);
#623=EDGE_CURVE('',#504,#505,#401,.T.);
#624=EDGE_CURVE('',#502,#505,#402,.T.);
#625=EDGE_CURVE('',#506,#507,#403,.T.);
#626=EDGE_CURVE('',#507,#508,#77,.T.);
#627=EDGE_CURVE('',#508,#509,#404,.T.);
#628=EDGE_CURVE('',#509,#506,#78,.T.);
#629=EDGE_CURVE('',#510,#509,#431,.T.);
#630=EDGE_CURVE('',#508,#511,#432,.T.);
#631=EDGE_CURVE('',#511,#510,#405,.T.);
#632=EDGE_CURVE('',#503,#507,#433,.T.);
#633=EDGE_CURVE('',#506,#504,#434,.T.);
#634=EDGE_CURVE('',#505,#510,#435,.T.);
#635=EDGE_CURVE('',#511,#502,#436,.T.);
#636=EDGE_CURVE('',#512,#504,#79,.T.);
#637=EDGE_CURVE('',#513,#512,#49,.T.);
#638=EDGE_CURVE('',#513,#505,#80,.T.);
#639=EDGE_CURVE('',#514,#506,#81,.T.);
#640=EDGE_CURVE('',#512,#514,#437,.T.);
#641=EDGE_CURVE('',#515,#509,#82,.T.);
#642=EDGE_CURVE('',#514,#515,#83,.T.);
#643=EDGE_CURVE('',#516,#517,#406,.T.);
#644=EDGE_CURVE('',#517,#518,#407,.T.);
#645=EDGE_CURVE('',#518,#519,#408,.T.);
#646=EDGE_CURVE('',#516,#519,#409,.T.);
#647=EDGE_CURVE('',#517,#520,#84,.T.);
#648=EDGE_CURVE('',#520,#521,#410,.T.);
#649=EDGE_CURVE('',#521,#518,#85,.T.);
#650=EDGE_CURVE('',#519,#521,#438,.T.);
#651=EDGE_CURVE('',#520,#516,#439,.T.);
#652=EDGE_CURVE('',#522,#519,#86,.T.);
#653=EDGE_CURVE('',#523,#522,#440,.T.);
#654=EDGE_CURVE('',#523,#521,#87,.T.);
#655=EDGE_CURVE('',#524,#518,#88,.T.);
#656=EDGE_CURVE('',#522,#524,#50,.T.);
#657=EDGE_CURVE('',#525,#526,#411,.T.);
#658=EDGE_CURVE('',#526,#527,#412,.T.);
#659=EDGE_CURVE('',#527,#528,#413,.T.);
#660=EDGE_CURVE('',#525,#528,#414,.T.);
#661=EDGE_CURVE('',#526,#529,#441,.T.);
#662=EDGE_CURVE('',#529,#530,#415,.T.);
#663=EDGE_CURVE('',#530,#527,#442,.T.);
#664=EDGE_CURVE('',#529,#531,#89,.T.);
#665=EDGE_CURVE('',#531,#532,#51,.T.);
#666=EDGE_CURVE('',#532,#530,#90,.T.);
#667=EDGE_CURVE('',#528,#532,#91,.T.);
#668=EDGE_CURVE('',#531,#525,#92,.T.);
#669=EDGE_CURVE('',#533,#528,#93,.T.);
#670=EDGE_CURVE('',#534,#533,#94,.T.);
#671=EDGE_CURVE('',#534,#532,#95,.T.);
#672=EDGE_CURVE('',#535,#527,#96,.T.);
#673=EDGE_CURVE('',#533,#535,#52,.T.);
#674=EDGE_CURVE('',#471,#466,#443,.T.);
#675=EDGE_CURVE('',#470,#463,#444,.T.);
#676=EDGE_CURVE('',#536,#493,#97,.T.);
#677=EDGE_CURVE('',#537,#536,#98,.T.);
#678=EDGE_CURVE('',#537,#489,#99,.T.);
#679=EDGE_CURVE('',#498,#537,#445,.T.);
#680=EDGE_CURVE('',#496,#538,#100,.T.);
#681=EDGE_CURVE('',#536,#538,#101,.T.);
#682=EDGE_CURVE('',#538,#495,#102,.T.);
#683=EDGE_CURVE('',#536,#494,#103,.T.);
#684=EDGE_CURVE('',#539,#475,#104,.T.);
#685=EDGE_CURVE('',#540,#539,#105,.T.);
#686=EDGE_CURVE('',#540,#484,#106,.T.);
#687=EDGE_CURVE('',#541,#540,#446,.T.);
#688=EDGE_CURVE('',#541,#481,#107,.T.);
#689=EDGE_CURVE('',#542,#479,#108,.T.);
#690=EDGE_CURVE('',#539,#542,#447,.T.);
#691=EDGE_CURVE('',#543,#482,#109,.T.);
#692=EDGE_CURVE('',#542,#543,#53,.T.);
#693=EDGE_CURVE('',#543,#541,#110,.T.);
#694=EDGE_CURVE('',#524,#523,#111,.T.);
#695=EDGE_CURVE('',#544,#513,#448,.T.);
#696=EDGE_CURVE('',#544,#510,#112,.T.);
#697=EDGE_CURVE('',#515,#544,#449,.T.);
#698=EDGE_CURVE('',#545,#530,#113,.T.);
#699=EDGE_CURVE('',#535,#545,#450,.T.);
#700=EDGE_CURVE('',#545,#534,#114,.T.);
#701=EDGE_CURVE('',#546,#547,#115,.T.);
#702=EDGE_CURVE('',#546,#548,#116,.T.);
#703=EDGE_CURVE('',#549,#548,#117,.T.);
#704=EDGE_CURVE('',#547,#549,#118,.T.);
#705=EDGE_CURVE('',#550,#547,#451,.T.);
#706=EDGE_CURVE('',#551,#549,#452,.T.);
#707=EDGE_CURVE('',#550,#551,#119,.T.);
#708=EDGE_CURVE('',#552,#550,#120,.T.);
#709=EDGE_CURVE('',#553,#551,#121,.T.);
#710=EDGE_CURVE('',#552,#553,#122,.T.);
#711=EDGE_CURVE('',#554,#552,#453,.T.);
#712=EDGE_CURVE('',#555,#553,#454,.T.);
#713=EDGE_CURVE('',#554,#555,#123,.T.);
#714=EDGE_CURVE('',#556,#554,#455,.T.);
#715=EDGE_CURVE('',#557,#555,#456,.T.);
#716=EDGE_CURVE('',#556,#557,#124,.T.);
#717=EDGE_CURVE('',#558,#556,#457,.T.);
#718=EDGE_CURVE('',#559,#557,#458,.T.);
#719=EDGE_CURVE('',#558,#559,#125,.T.);
#720=EDGE_CURVE('',#546,#558,#459,.T.);
#721=EDGE_CURVE('',#548,#559,#460,.T.);
#722=ORIENTED_EDGE('',*,*,#560,.T.);
#723=ORIENTED_EDGE('',*,*,#561,.T.);
#724=ORIENTED_EDGE('',*,*,#562,.T.);
#725=ORIENTED_EDGE('',*,*,#563,.T.);
#726=ORIENTED_EDGE('',*,*,#564,.T.);
#727=ORIENTED_EDGE('',*,*,#565,.T.);
#728=ORIENTED_EDGE('',*,*,#561,.F.);
#729=ORIENTED_EDGE('',*,*,#566,.T.);
#730=ORIENTED_EDGE('',*,*,#567,.T.);
#731=ORIENTED_EDGE('',*,*,#563,.F.);
#732=ORIENTED_EDGE('',*,*,#568,.T.);
#733=ORIENTED_EDGE('',*,*,#569,.T.);
#734=ORIENTED_EDGE('',*,*,#570,.T.);
#735=ORIENTED_EDGE('',*,*,#571,.T.);
#736=ORIENTED_EDGE('',*,*,#572,.T.);
#737=ORIENTED_EDGE('',*,*,#573,.T.);
#738=ORIENTED_EDGE('',*,*,#574,.T.);
#739=ORIENTED_EDGE('',*,*,#570,.F.);
#740=ORIENTED_EDGE('',*,*,#575,.T.);
#741=ORIENTED_EDGE('',*,*,#569,.F.);
#742=ORIENTED_EDGE('',*,*,#566,.F.);
#743=ORIENTED_EDGE('',*,*,#560,.F.);
#744=ORIENTED_EDGE('',*,*,#576,.F.);
#745=ORIENTED_EDGE('',*,*,#577,.F.);
#746=ORIENTED_EDGE('',*,*,#567,.F.);
#747=ORIENTED_EDGE('',*,*,#578,.F.);
#748=ORIENTED_EDGE('',*,*,#579,.F.);
#749=ORIENTED_EDGE('',*,*,#576,.T.);
#750=ORIENTED_EDGE('',*,*,#575,.F.);
#751=ORIENTED_EDGE('',*,*,#573,.F.);
#752=ORIENTED_EDGE('',*,*,#580,.F.);
#753=ORIENTED_EDGE('',*,*,#578,.T.);
#754=ORIENTED_EDGE('',*,*,#581,.T.);
#755=ORIENTED_EDGE('',*,*,#582,.T.);
#756=ORIENTED_EDGE('',*,*,#583,.T.);
#757=ORIENTED_EDGE('',*,*,#584,.T.);
#758=ORIENTED_EDGE('',*,*,#585,.T.);
#759=ORIENTED_EDGE('',*,*,#583,.F.);
#760=ORIENTED_EDGE('',*,*,#586,.T.);
#761=ORIENTED_EDGE('',*,*,#587,.T.);
#762=ORIENTED_EDGE('',*,*,#588,.T.);
#763=ORIENTED_EDGE('',*,*,#589,.F.);
#764=ORIENTED_EDGE('',*,*,#582,.F.);
#765=ORIENTED_EDGE('',*,*,#590,.F.);
#766=ORIENTED_EDGE('',*,*,#591,.F.);
#767=ORIENTED_EDGE('',*,*,#586,.F.);
#768=ORIENTED_EDGE('',*,*,#581,.F.);
#769=ORIENTED_EDGE('',*,*,#592,.T.);
#770=ORIENTED_EDGE('',*,*,#593,.F.);
#771=ORIENTED_EDGE('',*,*,#590,.T.);
#772=ORIENTED_EDGE('',*,*,#584,.F.);
#773=ORIENTED_EDGE('',*,*,#589,.T.);
#774=ORIENTED_EDGE('',*,*,#594,.T.);
#775=ORIENTED_EDGE('',*,*,#595,.T.);
#776=ORIENTED_EDGE('',*,*,#587,.F.);
#777=ORIENTED_EDGE('',*,*,#591,.T.);
#778=ORIENTED_EDGE('',*,*,#593,.T.);
#779=ORIENTED_EDGE('',*,*,#596,.T.);
#780=ORIENTED_EDGE('',*,*,#597,.T.);
#781=ORIENTED_EDGE('',*,*,#598,.T.);
#782=ORIENTED_EDGE('',*,*,#599,.T.);
#783=ORIENTED_EDGE('',*,*,#600,.T.);
#784=ORIENTED_EDGE('',*,*,#599,.F.);
#785=ORIENTED_EDGE('',*,*,#601,.T.);
#786=ORIENTED_EDGE('',*,*,#602,.T.);
#787=ORIENTED_EDGE('',*,*,#597,.F.);
#788=ORIENTED_EDGE('',*,*,#603,.T.);
#789=ORIENTED_EDGE('',*,*,#604,.T.);
#790=ORIENTED_EDGE('',*,*,#605,.T.);
#791=ORIENTED_EDGE('',*,*,#606,.T.);
#792=ORIENTED_EDGE('',*,*,#602,.F.);
#793=ORIENTED_EDGE('',*,*,#607,.T.);
#794=ORIENTED_EDGE('',*,*,#604,.F.);
#795=ORIENTED_EDGE('',*,*,#608,.F.);
#796=ORIENTED_EDGE('',*,*,#609,.F.);
#797=ORIENTED_EDGE('',*,*,#610,.T.);
#798=ORIENTED_EDGE('',*,*,#611,.T.);
#799=ORIENTED_EDGE('',*,*,#603,.F.);
#800=ORIENTED_EDGE('',*,*,#612,.F.);
#801=ORIENTED_EDGE('',*,*,#613,.F.);
#802=ORIENTED_EDGE('',*,*,#608,.T.);
#803=ORIENTED_EDGE('',*,*,#596,.F.);
#804=ORIENTED_EDGE('',*,*,#614,.F.);
#805=ORIENTED_EDGE('',*,*,#615,.F.);
#806=ORIENTED_EDGE('',*,*,#612,.T.);
#807=ORIENTED_EDGE('',*,*,#598,.F.);
#808=ORIENTED_EDGE('',*,*,#607,.F.);
#809=ORIENTED_EDGE('',*,*,#601,.F.);
#810=ORIENTED_EDGE('',*,*,#616,.T.);
#811=ORIENTED_EDGE('',*,*,#617,.T.);
#812=ORIENTED_EDGE('',*,*,#616,.F.);
#813=ORIENTED_EDGE('',*,*,#618,.T.);
#814=ORIENTED_EDGE('',*,*,#617,.F.);
#815=ORIENTED_EDGE('',*,*,#619,.F.);
#816=ORIENTED_EDGE('',*,*,#620,.F.);
#817=ORIENTED_EDGE('',*,*,#619,.T.);
#818=ORIENTED_EDGE('',*,*,#618,.F.);
#819=ORIENTED_EDGE('',*,*,#621,.T.);
#820=ORIENTED_EDGE('',*,*,#622,.T.);
#821=ORIENTED_EDGE('',*,*,#623,.T.);
#822=ORIENTED_EDGE('',*,*,#624,.F.);
#823=ORIENTED_EDGE('',*,*,#625,.T.);
#824=ORIENTED_EDGE('',*,*,#626,.T.);
#825=ORIENTED_EDGE('',*,*,#627,.T.);
#826=ORIENTED_EDGE('',*,*,#628,.T.);
#827=ORIENTED_EDGE('',*,*,#629,.T.);
#828=ORIENTED_EDGE('',*,*,#627,.F.);
#829=ORIENTED_EDGE('',*,*,#630,.T.);
#830=ORIENTED_EDGE('',*,*,#631,.T.);
#831=ORIENTED_EDGE('',*,*,#632,.T.);
#832=ORIENTED_EDGE('',*,*,#625,.F.);
#833=ORIENTED_EDGE('',*,*,#633,.T.);
#834=ORIENTED_EDGE('',*,*,#622,.F.);
#835=ORIENTED_EDGE('',*,*,#634,.T.);
#836=ORIENTED_EDGE('',*,*,#631,.F.);
#837=ORIENTED_EDGE('',*,*,#635,.T.);
#838=ORIENTED_EDGE('',*,*,#624,.T.);
#839=ORIENTED_EDGE('',*,*,#623,.F.);
#840=ORIENTED_EDGE('',*,*,#636,.F.);
#841=ORIENTED_EDGE('',*,*,#637,.F.);
#842=ORIENTED_EDGE('',*,*,#638,.T.);
#843=ORIENTED_EDGE('',*,*,#633,.F.);
#844=ORIENTED_EDGE('',*,*,#639,.F.);
#845=ORIENTED_EDGE('',*,*,#640,.F.);
#846=ORIENTED_EDGE('',*,*,#636,.T.);
#847=ORIENTED_EDGE('',*,*,#628,.F.);
#848=ORIENTED_EDGE('',*,*,#641,.F.);
#849=ORIENTED_EDGE('',*,*,#642,.F.);
#850=ORIENTED_EDGE('',*,*,#639,.T.);
#851=ORIENTED_EDGE('',*,*,#626,.F.);
#852=ORIENTED_EDGE('',*,*,#632,.F.);
#853=ORIENTED_EDGE('',*,*,#621,.F.);
#854=ORIENTED_EDGE('',*,*,#635,.F.);
#855=ORIENTED_EDGE('',*,*,#630,.F.);
#856=ORIENTED_EDGE('',*,*,#643,.T.);
#857=ORIENTED_EDGE('',*,*,#644,.T.);
#858=ORIENTED_EDGE('',*,*,#645,.T.);
#859=ORIENTED_EDGE('',*,*,#646,.F.);
#860=ORIENTED_EDGE('',*,*,#647,.T.);
#861=ORIENTED_EDGE('',*,*,#648,.T.);
#862=ORIENTED_EDGE('',*,*,#649,.T.);
#863=ORIENTED_EDGE('',*,*,#644,.F.);
#864=ORIENTED_EDGE('',*,*,#650,.T.);
#865=ORIENTED_EDGE('',*,*,#648,.F.);
#866=ORIENTED_EDGE('',*,*,#651,.T.);
#867=ORIENTED_EDGE('',*,*,#646,.T.);
#868=ORIENTED_EDGE('',*,*,#650,.F.);
#869=ORIENTED_EDGE('',*,*,#652,.F.);
#870=ORIENTED_EDGE('',*,*,#653,.F.);
#871=ORIENTED_EDGE('',*,*,#654,.T.);
#872=ORIENTED_EDGE('',*,*,#645,.F.);
#873=ORIENTED_EDGE('',*,*,#655,.F.);
#874=ORIENTED_EDGE('',*,*,#656,.F.);
#875=ORIENTED_EDGE('',*,*,#652,.T.);
#876=ORIENTED_EDGE('',*,*,#643,.F.);
#877=ORIENTED_EDGE('',*,*,#651,.F.);
#878=ORIENTED_EDGE('',*,*,#647,.F.);
#879=ORIENTED_EDGE('',*,*,#657,.T.);
#880=ORIENTED_EDGE('',*,*,#658,.T.);
#881=ORIENTED_EDGE('',*,*,#659,.T.);
#882=ORIENTED_EDGE('',*,*,#660,.F.);
#883=ORIENTED_EDGE('',*,*,#661,.T.);
#884=ORIENTED_EDGE('',*,*,#662,.T.);
#885=ORIENTED_EDGE('',*,*,#663,.T.);
#886=ORIENTED_EDGE('',*,*,#658,.F.);
#887=ORIENTED_EDGE('',*,*,#664,.T.);
#888=ORIENTED_EDGE('',*,*,#665,.T.);
#889=ORIENTED_EDGE('',*,*,#666,.T.);
#890=ORIENTED_EDGE('',*,*,#662,.F.);
#891=ORIENTED_EDGE('',*,*,#667,.T.);
#892=ORIENTED_EDGE('',*,*,#665,.F.);
#893=ORIENTED_EDGE('',*,*,#668,.T.);
#894=ORIENTED_EDGE('',*,*,#660,.T.);
#895=ORIENTED_EDGE('',*,*,#667,.F.);
#896=ORIENTED_EDGE('',*,*,#669,.F.);
#897=ORIENTED_EDGE('',*,*,#670,.F.);
#898=ORIENTED_EDGE('',*,*,#671,.T.);
#899=ORIENTED_EDGE('',*,*,#659,.F.);
#900=ORIENTED_EDGE('',*,*,#672,.F.);
#901=ORIENTED_EDGE('',*,*,#673,.F.);
#902=ORIENTED_EDGE('',*,*,#669,.T.);
#903=ORIENTED_EDGE('',*,*,#657,.F.);
#904=ORIENTED_EDGE('',*,*,#668,.F.);
#905=ORIENTED_EDGE('',*,*,#664,.F.);
#906=ORIENTED_EDGE('',*,*,#661,.F.);
#907=ORIENTED_EDGE('',*,*,#565,.F.);
#908=ORIENTED_EDGE('',*,*,#674,.F.);
#909=ORIENTED_EDGE('',*,*,#571,.F.);
#910=ORIENTED_EDGE('',*,*,#675,.T.);
#911=ORIENTED_EDGE('',*,*,#606,.F.);
#912=ORIENTED_EDGE('',*,*,#676,.F.);
#913=ORIENTED_EDGE('',*,*,#677,.F.);
#914=ORIENTED_EDGE('',*,*,#678,.T.);
#915=ORIENTED_EDGE('',*,*,#600,.F.);
#916=ORIENTED_EDGE('',*,*,#678,.F.);
#917=ORIENTED_EDGE('',*,*,#679,.F.);
#918=ORIENTED_EDGE('',*,*,#614,.T.);
#919=ORIENTED_EDGE('',*,*,#605,.F.);
#920=ORIENTED_EDGE('',*,*,#611,.F.);
#921=ORIENTED_EDGE('',*,*,#680,.T.);
#922=ORIENTED_EDGE('',*,*,#681,.F.);
#923=ORIENTED_EDGE('',*,*,#676,.T.);
#924=ORIENTED_EDGE('',*,*,#681,.T.);
#925=ORIENTED_EDGE('',*,*,#682,.T.);
#926=ORIENTED_EDGE('',*,*,#609,.T.);
#927=ORIENTED_EDGE('',*,*,#683,.F.);
#928=ORIENTED_EDGE('',*,*,#592,.F.);
#929=ORIENTED_EDGE('',*,*,#684,.F.);
#930=ORIENTED_EDGE('',*,*,#685,.F.);
#931=ORIENTED_EDGE('',*,*,#686,.T.);
#932=ORIENTED_EDGE('',*,*,#595,.F.);
#933=ORIENTED_EDGE('',*,*,#686,.F.);
#934=ORIENTED_EDGE('',*,*,#687,.F.);
#935=ORIENTED_EDGE('',*,*,#688,.T.);
#936=ORIENTED_EDGE('',*,*,#585,.F.);
#937=ORIENTED_EDGE('',*,*,#689,.F.);
#938=ORIENTED_EDGE('',*,*,#690,.F.);
#939=ORIENTED_EDGE('',*,*,#684,.T.);
#940=ORIENTED_EDGE('',*,*,#594,.F.);
#941=ORIENTED_EDGE('',*,*,#691,.F.);
#942=ORIENTED_EDGE('',*,*,#692,.F.);
#943=ORIENTED_EDGE('',*,*,#689,.T.);
#944=ORIENTED_EDGE('',*,*,#588,.F.);
#945=ORIENTED_EDGE('',*,*,#688,.F.);
#946=ORIENTED_EDGE('',*,*,#693,.F.);
#947=ORIENTED_EDGE('',*,*,#691,.T.);
#948=ORIENTED_EDGE('',*,*,#649,.F.);
#949=ORIENTED_EDGE('',*,*,#654,.F.);
#950=ORIENTED_EDGE('',*,*,#694,.F.);
#951=ORIENTED_EDGE('',*,*,#655,.T.);
#952=ORIENTED_EDGE('',*,*,#634,.F.);
#953=ORIENTED_EDGE('',*,*,#638,.F.);
#954=ORIENTED_EDGE('',*,*,#695,.F.);
#955=ORIENTED_EDGE('',*,*,#696,.T.);
#956=ORIENTED_EDGE('',*,*,#629,.F.);
#957=ORIENTED_EDGE('',*,*,#696,.F.);
#958=ORIENTED_EDGE('',*,*,#697,.F.);
#959=ORIENTED_EDGE('',*,*,#641,.T.);
#960=ORIENTED_EDGE('',*,*,#562,.F.);
#961=ORIENTED_EDGE('',*,*,#675,.F.);
#962=ORIENTED_EDGE('',*,*,#574,.F.);
#963=ORIENTED_EDGE('',*,*,#568,.F.);
#964=ORIENTED_EDGE('',*,*,#663,.F.);
#965=ORIENTED_EDGE('',*,*,#698,.F.);
#966=ORIENTED_EDGE('',*,*,#699,.F.);
#967=ORIENTED_EDGE('',*,*,#672,.T.);
#968=ORIENTED_EDGE('',*,*,#666,.F.);
#969=ORIENTED_EDGE('',*,*,#671,.F.);
#970=ORIENTED_EDGE('',*,*,#700,.F.);
#971=ORIENTED_EDGE('',*,*,#698,.T.);
#972=ORIENTED_EDGE('',*,*,#701,.F.);
#973=ORIENTED_EDGE('',*,*,#702,.T.);
#974=ORIENTED_EDGE('',*,*,#703,.F.);
#975=ORIENTED_EDGE('',*,*,#704,.F.);
#976=ORIENTED_EDGE('',*,*,#705,.T.);
#977=ORIENTED_EDGE('',*,*,#704,.T.);
#978=ORIENTED_EDGE('',*,*,#706,.F.);
#979=ORIENTED_EDGE('',*,*,#707,.F.);
#980=ORIENTED_EDGE('',*,*,#708,.T.);
#981=ORIENTED_EDGE('',*,*,#707,.T.);
#982=ORIENTED_EDGE('',*,*,#709,.F.);
#983=ORIENTED_EDGE('',*,*,#710,.F.);
#984=ORIENTED_EDGE('',*,*,#711,.T.);
#985=ORIENTED_EDGE('',*,*,#710,.T.);
#986=ORIENTED_EDGE('',*,*,#712,.F.);
#987=ORIENTED_EDGE('',*,*,#713,.F.);
#988=ORIENTED_EDGE('',*,*,#714,.T.);
#989=ORIENTED_EDGE('',*,*,#713,.T.);
#990=ORIENTED_EDGE('',*,*,#715,.F.);
#991=ORIENTED_EDGE('',*,*,#716,.F.);
#992=ORIENTED_EDGE('',*,*,#717,.T.);
#993=ORIENTED_EDGE('',*,*,#716,.T.);
#994=ORIENTED_EDGE('',*,*,#718,.F.);
#995=ORIENTED_EDGE('',*,*,#719,.F.);
#996=ORIENTED_EDGE('',*,*,#720,.T.);
#997=ORIENTED_EDGE('',*,*,#719,.T.);
#998=ORIENTED_EDGE('',*,*,#721,.F.);
#999=ORIENTED_EDGE('',*,*,#702,.F.);
#1000=ORIENTED_EDGE('',*,*,#721,.T.);
#1001=ORIENTED_EDGE('',*,*,#718,.T.);
#1002=ORIENTED_EDGE('',*,*,#715,.T.);
#1003=ORIENTED_EDGE('',*,*,#712,.T.);
#1004=ORIENTED_EDGE('',*,*,#709,.T.);
#1005=ORIENTED_EDGE('',*,*,#706,.T.);
#1006=ORIENTED_EDGE('',*,*,#703,.T.);
#1007=ORIENTED_EDGE('',*,*,#620,.T.);
#1008=ORIENTED_EDGE('',*,*,#687,.T.);
#1009=ORIENTED_EDGE('',*,*,#685,.T.);
#1010=ORIENTED_EDGE('',*,*,#690,.T.);
#1011=ORIENTED_EDGE('',*,*,#692,.T.);
#1012=ORIENTED_EDGE('',*,*,#693,.T.);
#1013=ORIENTED_EDGE('',*,*,#674,.T.);
#1014=ORIENTED_EDGE('',*,*,#564,.F.);
#1015=ORIENTED_EDGE('',*,*,#577,.T.);
#1016=ORIENTED_EDGE('',*,*,#579,.T.);
#1017=ORIENTED_EDGE('',*,*,#580,.T.);
#1018=ORIENTED_EDGE('',*,*,#572,.F.);
#1019=ORIENTED_EDGE('',*,*,#670,.T.);
#1020=ORIENTED_EDGE('',*,*,#673,.T.);
#1021=ORIENTED_EDGE('',*,*,#699,.T.);
#1022=ORIENTED_EDGE('',*,*,#700,.T.);
#1023=ORIENTED_EDGE('',*,*,#697,.T.);
#1024=ORIENTED_EDGE('',*,*,#695,.T.);
#1025=ORIENTED_EDGE('',*,*,#637,.T.);
#1026=ORIENTED_EDGE('',*,*,#640,.T.);
#1027=ORIENTED_EDGE('',*,*,#642,.T.);
#1028=ORIENTED_EDGE('',*,*,#677,.T.);
#1029=ORIENTED_EDGE('',*,*,#683,.T.);
#1030=ORIENTED_EDGE('',*,*,#613,.T.);
#1031=ORIENTED_EDGE('',*,*,#615,.T.);
#1032=ORIENTED_EDGE('',*,*,#679,.T.);
#1033=ORIENTED_EDGE('',*,*,#656,.T.);
#1034=ORIENTED_EDGE('',*,*,#694,.T.);
#1035=ORIENTED_EDGE('',*,*,#653,.T.);
#1036=ORIENTED_EDGE('',*,*,#720,.F.);
#1037=ORIENTED_EDGE('',*,*,#701,.T.);
#1038=ORIENTED_EDGE('',*,*,#705,.F.);
#1039=ORIENTED_EDGE('',*,*,#708,.F.);
#1040=ORIENTED_EDGE('',*,*,#711,.F.);
#1041=ORIENTED_EDGE('',*,*,#714,.F.);
#1042=ORIENTED_EDGE('',*,*,#717,.F.);
#1043=ORIENTED_EDGE('',*,*,#680,.F.);
#1044=ORIENTED_EDGE('',*,*,#610,.F.);
#1045=ORIENTED_EDGE('',*,*,#682,.F.);
#1046=TOROIDAL_SURFACE('',#1142,114.255301913932,2.);
#1047=TOROIDAL_SURFACE('',#1147,120.848766714606,2.);
#1048=TOROIDAL_SURFACE('',#1155,82.5370647972009,2.);
#1049=TOROIDAL_SURFACE('',#1162,115.294418429636,2.);
#1050=TOROIDAL_SURFACE('',#1164,110.005301913932,2.);
#1051=TOROIDAL_SURFACE('',#1177,8.66652987778537,2.);
#1052=TOROIDAL_SURFACE('',#1180,78.2870647972009,2.);
#1053=TOROIDAL_SURFACE('',#1183,55.8202551148916,2.);
#1054=TOROIDAL_SURFACE('',#1192,116.598766619693,2.);
#1055=TOROIDAL_SURFACE('',#1199,60.0702551148915,2.);
#1056=TOROIDAL_SURFACE('',#1208,45.4198729810778,5.);
#1057=ADVANCED_FACE('',(#224),#1046,.T.);
#1058=ADVANCED_FACE('',(#225),#214,.F.);
#1059=ADVANCED_FACE('',(#226),#215,.F.);
#1060=ADVANCED_FACE('',(#227),#216,.F.);
#1061=ADVANCED_FACE('',(#228),#1047,.T.);
#1062=ADVANCED_FACE('',(#229),#192,.F.);
#1063=ADVANCED_FACE('',(#230),#54,.T.);
#1064=ADVANCED_FACE('',(#231),#193,.F.);
#1065=ADVANCED_FACE('',(#232),#1048,.T.);
#1066=ADVANCED_FACE('',(#233),#194,.T.);
#1067=ADVANCED_FACE('',(#234),#23,.T.);
#1068=ADVANCED_FACE('',(#235),#195,.T.);
#1069=ADVANCED_FACE('',(#236),#217,.F.);
#1070=ADVANCED_FACE('',(#237),#1049,.T.);
#1071=ADVANCED_FACE('',(#238),#218,.F.);
#1072=ADVANCED_FACE('',(#239),#1050,.T.);
#1073=ADVANCED_FACE('',(#240),#196,.T.);
#1074=ADVANCED_FACE('',(#241),#24,.T.);
#1075=ADVANCED_FACE('',(#242),#25,.T.);
#1076=ADVANCED_FACE('',(#243),#55,.T.);
#1077=ADVANCED_FACE('',(#244),#26,.T.);
#1078=ADVANCED_FACE('',(#245),#219,.F.);
#1079=ADVANCED_FACE('',(#246),#220,.T.);
#1080=ADVANCED_FACE('',(#247),#27,.T.);
#1081=ADVANCED_FACE('',(#248),#221,.F.);
#1082=ADVANCED_FACE('',(#249),#197,.T.);
#1083=ADVANCED_FACE('',(#250),#1051,.T.);
#1084=ADVANCED_FACE('',(#251),#1052,.T.);
#1085=ADVANCED_FACE('',(#252),#1053,.T.);
#1086=ADVANCED_FACE('',(#253),#56,.T.);
#1087=ADVANCED_FACE('',(#254),#198,.T.);
#1088=ADVANCED_FACE('',(#255),#28,.T.);
#1089=ADVANCED_FACE('',(#256),#29,.T.);
#1090=ADVANCED_FACE('',(#257),#222,.F.);
#1091=ADVANCED_FACE('',(#258),#199,.T.);
#1092=ADVANCED_FACE('',(#259),#1054,.T.);
#1093=ADVANCED_FACE('',(#260),#200,.T.);
#1094=ADVANCED_FACE('',(#261),#57,.T.);
#1095=ADVANCED_FACE('',(#262),#30,.T.);
#1096=ADVANCED_FACE('',(#263),#223,.F.);
#1097=ADVANCED_FACE('',(#264),#1055,.T.);
#1098=ADVANCED_FACE('',(#265),#201,.T.);
#1099=ADVANCED_FACE('',(#266),#202,.T.);
#1100=ADVANCED_FACE('',(#267),#31,.T.);
#1101=ADVANCED_FACE('',(#268),#58,.T.);
#1102=ADVANCED_FACE('',(#269),#32,.T.);
#1103=ADVANCED_FACE('',(#270),#1056,.T.);
#1104=ADVANCED_FACE('',(#271),#33,.T.);
#1105=ADVANCED_FACE('',(#272),#203,.T.);
#1106=ADVANCED_FACE('',(#273),#34,.T.);
#1107=ADVANCED_FACE('',(#274),#35,.T.);
#1108=ADVANCED_FACE('',(#275),#36,.T.);
#1109=ADVANCED_FACE('',(#276),#204,.T.);
#1110=ADVANCED_FACE('',(#277),#205,.F.);
#1111=ADVANCED_FACE('',(#278),#59,.T.);
#1112=ADVANCED_FACE('',(#279),#37,.T.);
#1113=ADVANCED_FACE('',(#280),#38,.T.);
#1114=ADVANCED_FACE('',(#281),#206,.T.);
#1115=ADVANCED_FACE('',(#282),#207,.T.);
#1116=ADVANCED_FACE('',(#283),#39,.T.);
#1117=ADVANCED_FACE('',(#284),#208,.F.);
#1118=ADVANCED_FACE('',(#285),#40,.T.);
#1119=ADVANCED_FACE('',(#286),#41,.T.);
#1120=ADVANCED_FACE('',(#287),#209,.T.);
#1121=ADVANCED_FACE('',(#288),#42,.T.);
#1122=ADVANCED_FACE('',(#289),#210,.T.);
#1123=ADVANCED_FACE('',(#290),#211,.T.);
#1124=ADVANCED_FACE('',(#291),#212,.T.);
#1125=ADVANCED_FACE('',(#292),#213,.T.);
#1126=ADVANCED_FACE('',(#293,#15,#16,#17,#18,#19,#20,#21),#43,.T.);
#1127=ADVANCED_FACE('',(#294,#22),#44,.F.);
#1128=CLOSED_SHELL('',(#1057,#1058,#1059,#1060,#1061,#1062,#1063,#1064,
#1065,#1066,#1067,#1068,#1069,#1070,#1071,#1072,#1073,#1074,#1075,#1076,
#1077,#1078,#1079,#1080,#1081,#1082,#1083,#1084,#1085,#1086,#1087,#1088,
#1089,#1090,#1091,#1092,#1093,#1094,#1095,#1096,#1097,#1098,#1099,#1100,
#1101,#1102,#1103,#1104,#1105,#1106,#1107,#1108,#1109,#1110,#1111,#1112,
#1113,#1114,#1115,#1116,#1117,#1118,#1119,#1120,#1121,#1122,#1123,#1124,
#1125,#1126,#1127));
#1129=DERIVED_UNIT_ELEMENT(#1131,1.);
#1130=DERIVED_UNIT_ELEMENT(#2778,-3.);
#1131=(
MASS_UNIT()
NAMED_UNIT(*)
SI_UNIT(.KILO.,.GRAM.)
);
#1132=DERIVED_UNIT((#1129,#1130));
#1133=MEASURE_REPRESENTATION_ITEM('density measure',
POSITIVE_RATIO_MEASURE(7850.),#1132);
#1134=PROPERTY_DEFINITION_REPRESENTATION(#1139,#1136);
#1135=PROPERTY_DEFINITION_REPRESENTATION(#1140,#1137);
#1136=REPRESENTATION('material name',(#1138),#2775);
#1137=REPRESENTATION('density',(#1133),#2775);
#1138=DESCRIPTIVE_REPRESENTATION_ITEM('Steel','Steel');
#1139=PROPERTY_DEFINITION('material property','material name',#2785);
#1140=PROPERTY_DEFINITION('material property','density of part',#2785);
#1141=AXIS2_PLACEMENT_3D('',#1537,#1251,#1252);
#1142=AXIS2_PLACEMENT_3D('',#1538,#1253,#1254);
#1143=AXIS2_PLACEMENT_3D('',#1541,#1255,#1256);
#1144=AXIS2_PLACEMENT_3D('',#1543,#1257,#1258);
#1145=AXIS2_PLACEMENT_3D('',#1545,#1259,#1260);
#1146=AXIS2_PLACEMENT_3D('',#1732,#1261,#1262);
#1147=AXIS2_PLACEMENT_3D('',#1757,#1263,#1264);
#1148=AXIS2_PLACEMENT_3D('',#1758,#1265,#1266);
#1149=AXIS2_PLACEMENT_3D('',#1759,#1267,#1268);
#1150=AXIS2_PLACEMENT_3D('',#1760,#1269,#1270);
#1151=AXIS2_PLACEMENT_3D('',#1763,#1272,#1273);
#1152=AXIS2_PLACEMENT_3D('',#1776,#1275,#1276);
#1153=AXIS2_PLACEMENT_3D('',#1777,#1277,#1278);
#1154=AXIS2_PLACEMENT_3D('',#1778,#1279,#1280);
#1155=AXIS2_PLACEMENT_3D('',#1779,#1281,#1282);
#1156=AXIS2_PLACEMENT_3D('',#1797,#1283,#1284);
#1157=AXIS2_PLACEMENT_3D('',#1820,#1285,#1286);
#1158=AXIS2_PLACEMENT_3D('',#1821,#1287,#1288);
#1159=AXIS2_PLACEMENT_3D('',#1853,#1291,#1292);
#1160=AXIS2_PLACEMENT_3D('',#1856,#1294,#1295);
#1161=AXIS2_PLACEMENT_3D('',#1857,#1296,#1297);
#1162=AXIS2_PLACEMENT_3D('',#1896,#1299,#1300);
#1163=AXIS2_PLACEMENT_3D('',#1897,#1301,#1302);
#1164=AXIS2_PLACEMENT_3D('',#1964,#1303,#1304);
#1165=AXIS2_PLACEMENT_3D('',#1966,#1305,#1306);
#1166=AXIS2_PLACEMENT_3D('',#1968,#1307,#1308);
#1167=AXIS2_PLACEMENT_3D('',#1983,#1309,#1310);
#1168=AXIS2_PLACEMENT_3D('',#1987,#1312,#1313);
#1169=AXIS2_PLACEMENT_3D('',#1989,#1314,#1315);
#1170=AXIS2_PLACEMENT_3D('',#1992,#1318,#1319);
#1171=AXIS2_PLACEMENT_3D('',#2000,#1324,#1325);
#1172=AXIS2_PLACEMENT_3D('',#2012,#1329,#1330);
#1173=AXIS2_PLACEMENT_3D('',#2013,#1331,#1332);
#1174=AXIS2_PLACEMENT_3D('',#2136,#1333,#1334);
#1175=AXIS2_PLACEMENT_3D('',#2271,#1336,#1337);
#1176=AXIS2_PLACEMENT_3D('',#2353,#1338,#1339);
#1177=AXIS2_PLACEMENT_3D('',#2417,#1342,#1343);
#1178=AXIS2_PLACEMENT_3D('',#2419,#1344,#1345);
#1179=AXIS2_PLACEMENT_3D('',#2421,#1346,#1347);
#1180=AXIS2_PLACEMENT_3D('',#2436,#1348,#1349);
#1181=AXIS2_PLACEMENT_3D('',#2437,#1350,#1351);
#1182=AXIS2_PLACEMENT_3D('',#2438,#1352,#1353);
#1183=AXIS2_PLACEMENT_3D('',#2439,#1354,#1355);
#1184=AXIS2_PLACEMENT_3D('',#2440,#1356,#1357);
#1185=AXIS2_PLACEMENT_3D('',#2441,#1358,#1359);
#1186=AXIS2_PLACEMENT_3D('',#2451,#1361,#1362);
#1187=AXIS2_PLACEMENT_3D('',#2453,#1364,#1365);
#1188=AXIS2_PLACEMENT_3D('',#2456,#1367,#1368);
#1189=AXIS2_PLACEMENT_3D('',#2457,#1369,#1370);
#1190=AXIS2_PLACEMENT_3D('',#2461,#1373,#1374);
#1191=AXIS2_PLACEMENT_3D('',#2522,#1375,#1376);
#1192=AXIS2_PLACEMENT_3D('',#2541,#1379,#1380);
#1193=AXIS2_PLACEMENT_3D('',#2542,#1381,#1382);
#1194=AXIS2_PLACEMENT_3D('',#2543,#1383,#1384);
#1195=AXIS2_PLACEMENT_3D('',#2544,#1385,#1386);
#1196=AXIS2_PLACEMENT_3D('',#2548,#1388,#1389);
#1197=AXIS2_PLACEMENT_3D('',#2558,#1392,#1393);
#1198=AXIS2_PLACEMENT_3D('',#2559,#1394,#1395);
#1199=AXIS2_PLACEMENT_3D('',#2627,#1396,#1397);
#1200=AXIS2_PLACEMENT_3D('',#2629,#1398,#1399);
#1201=AXIS2_PLACEMENT_3D('',#2645,#1400,#1401);
#1202=AXIS2_PLACEMENT_3D('',#2646,#1402,#1403);
#1203=AXIS2_PLACEMENT_3D('',#2650,#1405,#1406);
#1204=AXIS2_PLACEMENT_3D('',#2652,#1408,#1409);
#1205=AXIS2_PLACEMENT_3D('',#2655,#1412,#1413);
#1206=AXIS2_PLACEMENT_3D('',#2669,#1418,#1419);
#1207=AXIS2_PLACEMENT_3D('',#2670,#1420,#1421);
#1208=AXIS2_PLACEMENT_3D('',#2671,#1422,#1423);
#1209=AXIS2_PLACEMENT_3D('',#2672,#1424,#1425);
#1210=AXIS2_PLACEMENT_3D('',#2673,#1426,#1427);
#1211=AXIS2_PLACEMENT_3D('',#2674,#1428,#1429);
#1212=AXIS2_PLACEMENT_3D('',#2680,#1433,#1434);
#1213=AXIS2_PLACEMENT_3D('',#2681,#1435,#1436);
#1214=AXIS2_PLACEMENT_3D('',#2682,#1437,#1438);
#1215=AXIS2_PLACEMENT_3D('',#2686,#1441,#1442);
#1216=AXIS2_PLACEMENT_3D('',#2689,#1445,#1446);
#1217=AXIS2_PLACEMENT_3D('',#2695,#1450,#1451);
#1218=AXIS2_PLACEMENT_3D('',#2697,#1452,#1453);
#1219=AXIS2_PLACEMENT_3D('',#2699,#1455,#1456);
#1220=AXIS2_PLACEMENT_3D('',#2702,#1458,#1459);
#1221=AXIS2_PLACEMENT_3D('',#2711,#1461,#1462);
#1222=AXIS2_PLACEMENT_3D('',#2712,#1463,#1464);
#1223=AXIS2_PLACEMENT_3D('',#2714,#1466,#1467);
#1224=AXIS2_PLACEMENT_3D('',#2716,#1469,#1470);
#1225=AXIS2_PLACEMENT_3D('',#2718,#1471,#1472);
#1226=AXIS2_PLACEMENT_3D('',#2720,#1474,#1475);
#1227=AXIS2_PLACEMENT_3D('',#2721,#1476,#1477);
#1228=AXIS2_PLACEMENT_3D('',#2722,#1478,#1479);
#1229=AXIS2_PLACEMENT_3D('',#2723,#1480,#1481);
#1230=AXIS2_PLACEMENT_3D('',#2726,#1483,#1484);
#1231=AXIS2_PLACEMENT_3D('',#2727,#1485,#1486);
#1232=AXIS2_PLACEMENT_3D('',#2729,#1488,#1489);
#1233=AXIS2_PLACEMENT_3D('',#2738,#1494,#1495);
#1234=AXIS2_PLACEMENT_3D('',#2740,#1496,#1497);
#1235=AXIS2_PLACEMENT_3D('',#2742,#1498,#1499);
#1236=AXIS2_PLACEMENT_3D('',#2744,#1501,#1502);
#1237=AXIS2_PLACEMENT_3D('',#2750,#1506,#1507);
#1238=AXIS2_PLACEMENT_3D('',#2752,#1508,#1509);
#1239=AXIS2_PLACEMENT_3D('',#2754,#1510,#1511);
#1240=AXIS2_PLACEMENT_3D('',#2756,#1513,#1514);
#1241=AXIS2_PLACEMENT_3D('',#2758,#1515,#1516);
#1242=AXIS2_PLACEMENT_3D('',#2760,#1517,#1518);
#1243=AXIS2_PLACEMENT_3D('',#2762,#1520,#1521);
#1244=AXIS2_PLACEMENT_3D('',#2764,#1522,#1523);
#1245=AXIS2_PLACEMENT_3D('',#2766,#1524,#1525);
#1246=AXIS2_PLACEMENT_3D('',#2768,#1527,#1528);
#1247=AXIS2_PLACEMENT_3D('',#2769,#1529,#1530);
#1248=AXIS2_PLACEMENT_3D('',#2770,#1531,#1532);
#1249=AXIS2_PLACEMENT_3D('',#2771,#1533,#1534);
#1250=AXIS2_PLACEMENT_3D('',#2772,#1535,#1536);
#1251=DIRECTION('axis',(0.,0.,1.));
#1252=DIRECTION('refdir',(1.,0.,0.));
#1253=DIRECTION('center_axis',(0.,0.,-1.));
#1254=DIRECTION('ref_axis',(-1.,0.,0.));
#1255=DIRECTION('center_axis',(0.,0.,-1.));
#1256=DIRECTION('ref_axis',(0.83494550086855,0.550332636302233,0.));
#1257=DIRECTION('center_axis',(-0.415112123097847,0.909770259602499,-9.21734073728525E-16));
#1258=DIRECTION('ref_axis',(-0.909770259602499,-0.415112123097847,0.));
#1259=DIRECTION('center_axis',(0.,0.,1.));
#1260=DIRECTION('ref_axis',(0.83494550086855,0.550332636302233,0.));
#1261=DIRECTION('center_axis',(-0.475090104257201,-0.879937152776766,-3.00876491950756E-15));
#1262=DIRECTION('ref_axis',(0.879937152776766,-0.475090104257201,0.));
#1263=DIRECTION('center_axis',(0.,0.,-1.));
#1264=DIRECTION('ref_axis',(-1.,0.,0.));
#1265=DIRECTION('center_axis',(0.,0.,1.));
#1266=DIRECTION('ref_axis',(-0.802864084984263,0.596162109700358,0.));
#1267=DIRECTION('center_axis',(0.,0.,-1.));
#1268=DIRECTION('ref_axis',(-0.802864084984263,0.596162109700358,0.));
#1269=DIRECTION('center_axis',(0.,0.,1.));
#1270=DIRECTION('ref_axis',(0.92696125392322,0.375157078735149,0.));
#1271=DIRECTION('',(0.,0.,1.));
#1272=DIRECTION('center_axis',(0.,0.,1.));
#1273=DIRECTION('ref_axis',(0.92696125392322,0.375157078735149,0.));
#1274=DIRECTION('',(0.,0.,1.));
#1275=DIRECTION('center_axis',(0.,0.,1.));
#1276=DIRECTION('ref_axis',(0.0375466096070415,0.999294877454606,0.));
#1277=DIRECTION('center_axis',(0.,0.,1.));
#1278=DIRECTION('ref_axis',(-0.706704266075911,0.707509067298863,0.));
#1279=DIRECTION('center_axis',(0.,0.,1.));
#1280=DIRECTION('ref_axis',(-0.706704266075911,0.707509067298863,0.));
#1281=DIRECTION('center_axis',(0.,0.,-1.));
#1282=DIRECTION('ref_axis',(0.985475785325189,0.169816007895907,0.));
#1283=DIRECTION('center_axis',(0.,0.,1.));
#1284=DIRECTION('ref_axis',(0.982725409972342,0.185069631746249,0.));
#1285=DIRECTION('center_axis',(0.,0.,-1.));
#1286=DIRECTION('ref_axis',(0.982725409972342,0.185069631746249,0.));
#1287=DIRECTION('center_axis',(-0.381098134591763,0.924534592003284,0.));
#1288=DIRECTION('ref_axis',(0.65374467944706,0.269477075267377,0.707106781186548));
#1289=DIRECTION('',(0.381098134591763,-0.924534592003284,0.));
#1290=DIRECTION('',(-0.381098134591763,0.924534592003284,0.));
#1291=DIRECTION('center_axis',(0.,0.,1.));
#1292=DIRECTION('ref_axis',(1.,0.,0.));
#1293=DIRECTION('',(-0.430946208647662,0.902377617880788,0.));
#1294=DIRECTION('center_axis',(0.,0.,-1.));
#1295=DIRECTION('ref_axis',(-0.820451522073763,-0.571716100811273,0.));
#1296=DIRECTION('center_axis',(0.430946208647663,-0.902377617880788,0.));
#1297=DIRECTION('ref_axis',(-0.638077332794467,-0.304724986461398,0.707106781186547));
#1298=DIRECTION('',(0.430946208647662,-0.902377617880788,0.));
#1299=DIRECTION('center_axis',(0.,0.,1.));
#1300=DIRECTION('ref_axis',(1.,0.,0.));
#1301=DIRECTION('center_axis',(0.,0.,1.));
#1302=DIRECTION('ref_axis',(-0.820451522073763,-0.571716100811273,0.));
#1303=DIRECTION('center_axis',(0.,0.,1.));
#1304=DIRECTION('ref_axis',(1.,0.,0.));
#1305=DIRECTION('center_axis',(0.,0.,1.));
#1306=DIRECTION('ref_axis',(0.940706370374021,0.33922194023638,0.));
#1307=DIRECTION('center_axis',(0.,0.,-1.));
#1308=DIRECTION('ref_axis',(0.940706370374021,0.33922194023638,0.));
#1309=DIRECTION('center_axis',(0.381098134591763,-0.924534592003284,0.));
#1310=DIRECTION('ref_axis',(-0.65374467944706,-0.26947707526738,0.707106781186548));
#1311=DIRECTION('',(0.381098134591763,-0.924534592003284,0.));
#1312=DIRECTION('center_axis',(0.,1.,0.));
#1313=DIRECTION('ref_axis',(-1.,0.,-3.84914846664177E-16));
#1314=DIRECTION('center_axis',(1.,0.,0.));
#1315=DIRECTION('ref_axis',(0.,-1.,-5.2887990458184E-17));
#1316=DIRECTION('',(0.381098134591763,-0.924534592003284,0.));
#1317=DIRECTION('',(-0.381098134591763,0.924534592003284,0.));
#1318=DIRECTION('center_axis',(0.,-1.,0.));
#1319=DIRECTION('ref_axis',(1.,0.,0.));
#1320=DIRECTION('',(0.,0.,1.));
#1321=DIRECTION('',(0.,0.,1.));
#1322=DIRECTION('',(1.,0.,0.));
#1323=DIRECTION('',(0.,0.,1.));
#1324=DIRECTION('center_axis',(-0.924534592003284,-0.381098134591763,0.));
#1325=DIRECTION('ref_axis',(0.381098134591763,-0.924534592003284,0.));
#1326=DIRECTION('',(0.,0.,1.));
#1327=DIRECTION('',(-0.381098134591763,0.924534592003284,0.));
#1328=DIRECTION('',(0.,0.,1.));
#1329=DIRECTION('center_axis',(0.,0.,1.));
#1330=DIRECTION('ref_axis',(0.0375466096070415,0.999294877454606,0.));
#1331=DIRECTION('center_axis',(0.,0.,1.));
#1332=DIRECTION('ref_axis',(1.,0.,0.));
#1333=DIRECTION('center_axis',(0.999294877454606,-0.0375466096070416,0.));
#1334=DIRECTION('ref_axis',(0.,0.,1.));
#1335=DIRECTION('',(0.,0.,1.));
#1336=DIRECTION('center_axis',(0.,0.,1.));
#1337=DIRECTION('ref_axis',(1.,0.,0.));
#1338=DIRECTION('center_axis',(5.35516190501585E-15,1.,0.));
#1339=DIRECTION('ref_axis',(0.707106781186547,-6.2803698347351E-15,0.707106781186548));
#1340=DIRECTION('',(-5.35516190501585E-15,-1.,0.));
#1341=DIRECTION('',(5.35516190501585E-15,1.,0.));
#1342=DIRECTION('center_axis',(0.,0.,1.));
#1343=DIRECTION('ref_axis',(1.,0.,0.));
#1344=DIRECTION('center_axis',(0.,0.,1.));
#1345=DIRECTION('ref_axis',(-0.162481312010618,-0.986711621116985,0.));
#1346=DIRECTION('center_axis',(0.,0.,-1.));
#1347=DIRECTION('ref_axis',(-0.162481312010618,-0.986711621116985,0.));
#1348=DIRECTION('center_axis',(0.,0.,1.));
#1349=DIRECTION('ref_axis',(1.,0.,0.));
#1350=DIRECTION('center_axis',(0.,0.,-1.));
#1351=DIRECTION('ref_axis',(0.986261129746922,0.165193776972154,0.));
#1352=DIRECTION('center_axis',(0.,0.,1.));
#1353=DIRECTION('ref_axis',(0.986261129746922,0.165193776972154,0.));
#1354=DIRECTION('center_axis',(0.,0.,1.));
#1355=DIRECTION('ref_axis',(-0.985374434525417,0.170403121402497,0.));
#1356=DIRECTION('center_axis',(0.,0.,1.));
#1357=DIRECTION('ref_axis',(-0.98537443453026,0.170403121374495,0.));
#1358=DIRECTION('center_axis',(0.,0.,-1.));
#1359=DIRECTION('ref_axis',(-0.98537443453026,0.170403121374495,0.));
#1360=DIRECTION('',(0.,0.,1.));
#1361=DIRECTION('center_axis',(0.,0.,1.));
#1362=DIRECTION('ref_axis',(0.0375466096070415,0.999294877454606,0.));
#1363=DIRECTION('',(0.,0.,1.));
#1364=DIRECTION('center_axis',(0.,0.,1.));
#1365=DIRECTION('ref_axis',(0.999943420060303,-0.0106375127781415,0.));
#1366=DIRECTION('',(0.,0.,1.));
#1367=DIRECTION('center_axis',(0.,0.,-1.));
#1368=DIRECTION('ref_axis',(0.999943420060303,-0.0106375127781415,0.));
#1369=DIRECTION('center_axis',(1.,-5.35516190501585E-15,0.));
#1370=DIRECTION('ref_axis',(5.35516190501585E-15,1.,0.));
#1371=DIRECTION('',(0.,0.,1.));
#1372=DIRECTION('',(-5.35516190501585E-15,-1.,0.));
#1373=DIRECTION('center_axis',(0.,0.,1.));
#1374=DIRECTION('ref_axis',(1.,0.,0.));
#1375=DIRECTION('center_axis',(0.449365882347667,0.893347806725859,0.));
#1376=DIRECTION('ref_axis',(0.631692292093984,-0.317749662641911,0.707106781186548));
#1377=DIRECTION('',(-0.449365882347667,-0.893347806725859,0.));
#1378=DIRECTION('',(0.449365882347667,0.893347806725859,0.));
#1379=DIRECTION('center_axis',(0.,0.,1.));
#1380=DIRECTION('ref_axis',(1.,0.,0.));
#1381=DIRECTION('center_axis',(0.,0.,1.));
#1382=DIRECTION('ref_axis',(-0.912530019288939,0.409009735698955,0.));
#1383=DIRECTION('center_axis',(0.,0.,-1.));
#1384=DIRECTION('ref_axis',(-0.912530019288939,0.409009735698955,0.));
#1385=DIRECTION('center_axis',(0.,0.,1.));
#1386=DIRECTION('ref_axis',(-0.709691883278165,0.704512193513421,0.));
#1387=DIRECTION('',(0.,0.,1.));
#1388=DIRECTION('center_axis',(0.,0.,-1.));
#1389=DIRECTION('ref_axis',(-0.709691883278165,0.704512193513421,0.));
#1390=DIRECTION('',(0.,0.,1.));
#1391=DIRECTION('',(0.,0.,1.));
#1392=DIRECTION('center_axis',(0.,0.,1.));
#1393=DIRECTION('ref_axis',(0.0375466096070415,0.999294877454606,0.));
#1394=DIRECTION('center_axis',(0.,0.,1.));
#1395=DIRECTION('ref_axis',(1.,0.,0.));
#1396=DIRECTION('center_axis',(0.,0.,-1.));
#1397=DIRECTION('ref_axis',(-1.,0.,0.));
#1398=DIRECTION('center_axis',(0.,0.,1.));
#1399=DIRECTION('ref_axis',(-0.984773026633763,0.173845005722274,0.));
#1400=DIRECTION('center_axis',(0.,0.,-1.));
#1401=DIRECTION('ref_axis',(-0.984773026633763,0.173845005722274,0.));
#1402=DIRECTION('center_axis',(0.68799333907934,0.72571700089116,0.));
#1403=DIRECTION('ref_axis',(0.513159412552504,-0.486484755474179,0.707106781186546));
#1404=DIRECTION('',(-0.68799333907934,-0.72571700089116,0.));
#1405=DIRECTION('center_axis',(0.818277751495506,-0.574823034861564,-2.55272707355287E-15));
#1406=DIRECTION('ref_axis',(-0.574823034861564,-0.818277751495506,-3.76236186733362E-16));
#1407=DIRECTION('',(0.68799333907934,0.72571700089116,0.));
#1408=DIRECTION('center_axis',(-0.449365882347667,-0.893347806725859,0.));
#1409=DIRECTION('ref_axis',(-0.631692292093984,0.317749662641913,0.707106781186547));
#1410=DIRECTION('',(-0.449365882347667,-0.893347806725859,0.));
#1411=DIRECTION('',(0.449365882347667,0.893347806725859,0.));
#1412=DIRECTION('center_axis',(-0.893347806725859,0.449365882347667,0.));
#1413=DIRECTION('ref_axis',(-0.449365882347667,-0.893347806725859,0.));
#1414=DIRECTION('',(0.,0.,1.));
#1415=DIRECTION('',(0.449365882347667,0.893347806725859,0.));
#1416=DIRECTION('',(0.,0.,1.));
#1417=DIRECTION('',(0.,0.,1.));
#1418=DIRECTION('center_axis',(0.,0.,1.));
#1419=DIRECTION('ref_axis',(0.0375466096070415,0.999294877454606,0.));
#1420=DIRECTION('center_axis',(0.,0.,1.));
#1421=DIRECTION('ref_axis',(1.,0.,0.));
#1422=DIRECTION('center_axis',(0.,0.,1.));
#1423=DIRECTION('ref_axis',(0.0275251899529271,0.99962111018028,0.));
#1424=DIRECTION('center_axis',(0.,0.,-1.));
#1425=DIRECTION('ref_axis',(0.571238596337184,-0.820784055677694,0.));
#1426=DIRECTION('center_axis',(0.,0.,-1.));
#1427=DIRECTION('ref_axis',(-0.0278949415000653,-0.999610860404542,0.));
#1428=DIRECTION('center_axis',(-0.924534592003284,-0.381098134591763,0.));
#1429=DIRECTION('ref_axis',(0.381098134591763,-0.924534592003284,0.));
#1430=DIRECTION('',(0.,0.,1.));
#1431=DIRECTION('',(-0.381098134591763,0.924534592003284,0.));
#1432=DIRECTION('',(0.,0.,1.));
#1433=DIRECTION('center_axis',(0.,0.,1.));
#1434=DIRECTION('ref_axis',(0.998999551240123,-0.0447202037342486,0.));
#1435=DIRECTION('center_axis',(0.,0.,-1.));
#1436=DIRECTION('ref_axis',(0.998999551240123,-0.0447202037342486,0.));
#1437=DIRECTION('center_axis',(-1.,0.,0.));
#1438=DIRECTION('ref_axis',(0.,-1.,0.));
#1439=DIRECTION('',(0.,-1.,0.));
#1440=DIRECTION('',(0.,0.,-1.));
#1441=DIRECTION('center_axis',(0.924534592003284,0.381098134591763,0.));
#1442=DIRECTION('ref_axis',(-0.381098134591763,0.924534592003284,0.));
#1443=DIRECTION('',(-0.381098134591763,0.924534592003284,0.));
#1444=DIRECTION('',(-0.381098134591763,0.924534592003284,0.));
#1445=DIRECTION('center_axis',(-0.902377617880788,-0.430946208647663,0.));
#1446=DIRECTION('ref_axis',(0.430946208647662,-0.902377617880788,0.));
#1447=DIRECTION('',(0.,0.,1.));
#1448=DIRECTION('',(-0.430946208647662,0.902377617880788,0.));
#1449=DIRECTION('',(0.,0.,1.));
#1450=DIRECTION('center_axis',(0.,0.,1.));
#1451=DIRECTION('ref_axis',(-0.91439484249829,-0.404823507238065,0.));
#1452=DIRECTION('center_axis',(0.,0.,-1.));
#1453=DIRECTION('ref_axis',(-0.91439484249829,-0.404823507238065,0.));
#1454=DIRECTION('',(0.,0.,1.));
#1455=DIRECTION('center_axis',(0.,0.,1.));
#1456=DIRECTION('ref_axis',(0.999993783885933,-0.00352593101089695,0.));
#1457=DIRECTION('',(0.,0.,1.));
#1458=DIRECTION('center_axis',(0.,0.,1.));
#1459=DIRECTION('ref_axis',(0.999993783885933,-0.00352593101089695,0.));
#1460=DIRECTION('',(0.,0.,1.));
#1461=DIRECTION('center_axis',(0.,0.,1.));
#1462=DIRECTION('ref_axis',(0.0375466096070415,0.999294877454606,0.));
#1463=DIRECTION('center_axis',(0.924534592003284,0.381098134591763,0.));
#1464=DIRECTION('ref_axis',(-0.381098134591763,0.924534592003284,0.));
#1465=DIRECTION('',(0.381098134591763,-0.924534592003284,0.));
#1466=DIRECTION('center_axis',(0.893347806725859,-0.449365882347667,0.));
#1467=DIRECTION('ref_axis',(0.449365882347667,0.893347806725859,0.));
#1468=DIRECTION('',(-0.449365882347667,-0.893347806725859,0.));
#1469=DIRECTION('center_axis',(0.,0.,1.));
#1470=DIRECTION('ref_axis',(-0.926079374179027,0.377328759466042,0.));
#1471=DIRECTION('center_axis',(0.,0.,-1.));
#1472=DIRECTION('ref_axis',(-0.926079374179027,0.377328759466042,0.));
#1473=DIRECTION('',(0.,0.,1.));
#1474=DIRECTION('center_axis',(0.,0.,1.));
#1475=DIRECTION('ref_axis',(-0.953775128331603,-0.300521221506957,0.));
#1476=DIRECTION('center_axis',(0.,0.,-1.));
#1477=DIRECTION('ref_axis',(-0.953775128331603,-0.300521221506957,0.));
#1478=DIRECTION('center_axis',(0.,0.,1.));
#1479=DIRECTION('ref_axis',(1.,0.,0.));
#1480=DIRECTION('center_axis',(0.,0.,1.));
#1481=DIRECTION('ref_axis',(-0.925492370738535,0.378766249426697,0.));
#1482=DIRECTION('',(0.,0.,1.));
#1483=DIRECTION('center_axis',(0.,0.,1.));
#1484=DIRECTION('ref_axis',(-0.925492370738535,0.378766249426697,0.));
#1485=DIRECTION('center_axis',(0.72571700089116,-0.68799333907934,0.));
#1486=DIRECTION('ref_axis',(0.68799333907934,0.72571700089116,0.));
#1487=DIRECTION('',(-0.68799333907934,-0.72571700089116,0.));
#1488=DIRECTION('center_axis',(1.,0.,0.));
#1489=DIRECTION('ref_axis',(0.,1.,0.));
#1490=DIRECTION('',(0.,-1.,0.));
#1491=DIRECTION('',(0.,0.,1.));
#1492=DIRECTION('',(0.,1.,0.));
#1493=DIRECTION('',(0.,0.,1.));
#1494=DIRECTION('center_axis',(0.,0.,1.));
#1495=DIRECTION('ref_axis',(-0.95467752366187,-0.297642110284885,0.));
#1496=DIRECTION('center_axis',(0.,0.,1.));
#1497=DIRECTION('ref_axis',(-0.95467752366187,-0.297642110284885,0.));
#1498=DIRECTION('center_axis',(0.,0.,1.));
#1499=DIRECTION('ref_axis',(-0.95467752366187,-0.297642110284885,0.));
#1500=DIRECTION('',(0.,0.,1.));
#1501=DIRECTION('center_axis',(0.72571700089116,-0.68799333907934,0.));
#1502=DIRECTION('ref_axis',(0.68799333907934,0.72571700089116,0.));
#1503=DIRECTION('',(0.68799333907934,0.72571700089116,0.));
#1504=DIRECTION('',(0.68799333907934,0.72571700089116,0.));
#1505=DIRECTION('',(0.,0.,1.));
#1506=DIRECTION('center_axis',(0.,0.,1.));
#1507=DIRECTION('ref_axis',(-0.899523519631227,0.436872335620201,0.));
#1508=DIRECTION('center_axis',(0.,0.,1.));
#1509=DIRECTION('ref_axis',(-0.899523519631227,0.436872335620201,0.));
#1510=DIRECTION('center_axis',(0.,0.,1.));
#1511=DIRECTION('ref_axis',(-0.899523519631227,0.436872335620201,0.));
#1512=DIRECTION('',(0.,0.,1.));
#1513=DIRECTION('center_axis',(0.,0.,1.));
#1514=DIRECTION('ref_axis',(0.028586613611535,0.999591319251135,0.));
#1515=DIRECTION('center_axis',(0.,0.,1.));
#1516=DIRECTION('ref_axis',(0.57030083059945,-0.821435915100854,0.));
#1517=DIRECTION('center_axis',(0.,0.,1.));
#1518=DIRECTION('ref_axis',(0.57030083059945,-0.821435915100854,0.));
#1519=DIRECTION('',(0.,0.,1.));
#1520=DIRECTION('center_axis',(0.,0.,1.));
#1521=DIRECTION('ref_axis',(0.998775400599671,-0.0494742271992904,0.));
#1522=DIRECTION('center_axis',(0.,0.,1.));
#1523=DIRECTION('ref_axis',(0.998775400599671,-0.0494742271992904,0.));
#1524=DIRECTION('center_axis',(0.,0.,1.));
#1525=DIRECTION('ref_axis',(0.998775400599671,-0.0494742271992904,0.));
#1526=DIRECTION('',(0.,0.,1.));
#1527=DIRECTION('center_axis',(0.,0.,1.));
#1528=DIRECTION('ref_axis',(-0.91439484249829,-0.404823507238065,0.));
#1529=DIRECTION('center_axis',(0.,0.,1.));
#1530=DIRECTION('ref_axis',(-0.91439484249829,-0.404823507238065,0.));
#1531=DIRECTION('center_axis',(0.,0.,1.));
#1532=DIRECTION('ref_axis',(-0.91439484249829,-0.404823507238065,0.));
#1533=DIRECTION('center_axis',(0.,0.,1.));
#1534=DIRECTION('ref_axis',(1.,0.,0.));
#1535=DIRECTION('center_axis',(0.,0.,1.));
#1536=DIRECTION('ref_axis',(1.,0.,0.));
#1537=CARTESIAN_POINT('',(0.,0.,0.));
#1538=CARTESIAN_POINT('Origin',(-75.6371952538931,-82.9473779085281,3.));
#1539=CARTESIAN_POINT('',(7.14712926027876,-7.13175667833384,3.));
#1540=CARTESIAN_POINT('',(26.4893399101018,-36.3488412020465,3.));
#1541=CARTESIAN_POINT('Origin',(-75.6371952538931,-82.9473779085281,3.));
#1542=CARTESIAN_POINT('',(28.3088804293068,-35.5186169558508,5.));
#1543=CARTESIAN_POINT('Origin',(28.3088804293068,-35.5186169558508,3.));
#1544=CARTESIAN_POINT('',(8.91515768487559,-6.1022503599215,5.));
#1545=CARTESIAN_POINT('Origin',(-75.6371952538931,-82.9473779085281,5.));
#1546=CARTESIAN_POINT('Ctrl Pts',(8.91515768487559,-6.1022503599215,5.));
#1547=CARTESIAN_POINT('Ctrl Pts',(8.91329524471927,-6.10334753307794,5.));
#1548=CARTESIAN_POINT('Ctrl Pts',(8.91143278885278,-6.10444467730096,4.9999966412999));
#1549=CARTESIAN_POINT('Ctrl Pts',(8.78770196143328,-6.17733007399545,4.99955038461449));
#1550=CARTESIAN_POINT('Ctrl Pts',(8.66607400459071,-6.24881136914738,4.98473168287769));
#1551=CARTESIAN_POINT('Ctrl Pts',(8.42736968520158,-6.38877784124172,4.92681889603151));
#1552=CARTESIAN_POINT('Ctrl Pts',(8.31082712077004,-6.45695051359045,4.88388969981071));
#1553=CARTESIAN_POINT('Ctrl Pts',(7.98943071055735,-6.64454667538107,4.72213192515281));
#1554=CARTESIAN_POINT('Ctrl Pts',(7.79894169447155,-6.75520770581132,4.57112145551631));
#1555=CARTESIAN_POINT('Ctrl Pts',(7.48274521757988,-6.93835780901795,4.19777538203336));
#1556=CARTESIAN_POINT('Ctrl Pts',(7.35848053999861,-7.01004243204872,3.98066302739523));
#1557=CARTESIAN_POINT('Ctrl Pts',(7.19029945077899,-7.10694946383173,3.50633984576976));
#1558=CARTESIAN_POINT('Ctrl Pts',(7.14712926005506,-7.13175667808959,3.25456562233936));
#1559=CARTESIAN_POINT('Ctrl Pts',(7.14712926005506,-7.13175667808959,3.));
#1560=CARTESIAN_POINT('Ctrl Pts',(26.4893399101018,-36.3488412020465,3.));
#1561=CARTESIAN_POINT('Ctrl Pts',(26.6777697955304,-36.7618089190671,3.));
#1562=CARTESIAN_POINT('Ctrl Pts',(27.1114267044224,-37.7287856910227,2.76352290563018));
#1563=CARTESIAN_POINT('Ctrl Pts',(27.4383268590539,-38.4863461492541,2.01266776736088));
#1564=CARTESIAN_POINT('Ctrl Pts',(27.5588599643306,-38.7678917731585,1.4813512364957));
#1565=CARTESIAN_POINT('Ctrl Pts',(26.4893399101018,-36.3488412020465,3.29919930034189));
#1566=CARTESIAN_POINT('Ctrl Pts',(26.695756645181,-36.8012869715664,3.30610686742892));
#1567=CARTESIAN_POINT('Ctrl Pts',(27.1732423970462,-37.8674565184048,3.06431292851893));
#1568=CARTESIAN_POINT('Ctrl Pts',(27.5391012102795,-38.719636880951,2.2436395007568));
#1569=CARTESIAN_POINT('Ctrl Pts',(27.6746779389453,-39.0384236228721,1.65400294768719));
#1570=CARTESIAN_POINT('Ctrl Pts',(26.6137367548258,-36.2920811158873,3.89674029976777));
#1571=CARTESIAN_POINT('Ctrl Pts',(26.862206739058,-36.8212093576757,3.91739234625194));
#1572=CARTESIAN_POINT('Ctrl Pts',(27.4421729671405,-38.0801894527071,3.66482264733866));
#1573=CARTESIAN_POINT('Ctrl Pts',(27.8990724159995,-39.1166391324655,2.70462968746587));
#1574=CARTESIAN_POINT('Ctrl Pts',(28.0699445025397,-39.5080004786777,1.99853263534224));
#1575=CARTESIAN_POINT('Ctrl Pts',(27.2226190286999,-36.014258873671,4.73763978863842));
#1576=CARTESIAN_POINT('Ctrl Pts',(27.5493762149358,-36.644538370609,4.76831090803963));
#1577=CARTESIAN_POINT('Ctrl Pts',(28.3165283109101,-38.1501662056839,4.47555253129667));
#1578=CARTESIAN_POINT('Ctrl Pts',(28.9297613598143,-39.4025566727841,3.31148687879762));
#1579=CARTESIAN_POINT('Ctrl Pts',(29.1597467874098,-39.8765523989096,2.44894301809854));
#1580=CARTESIAN_POINT('Ctrl Pts',(27.9005764915894,-35.7049188410423,5.));
#1581=CARTESIAN_POINT('Ctrl Pts',(28.2685948989665,-36.3618565138959,5.01648171866138));
#1582=CARTESIAN_POINT('Ctrl Pts',(29.1250943571808,-37.9155896029409,4.66506134590711));
#1583=CARTESIAN_POINT('Ctrl Pts',(29.7921716836895,-39.1701165999124,3.4239883657633));
#1584=CARTESIAN_POINT('Ctrl Pts',(30.040861991836,-39.6413700524209,2.52554793049297));
#1585=CARTESIAN_POINT('Ctrl Pts',(28.3088804293068,-35.5186169558508,5.));
#1586=CARTESIAN_POINT('Ctrl Pts',(28.686914201846,-36.1726225628421,5.));
#1587=CARTESIAN_POINT('Ctrl Pts',(29.5585228648158,-37.7054747971401,4.60587150938365));
#1588=CARTESIAN_POINT('Ctrl Pts',(30.21842293733,-38.9087367184125,3.35444627893484));
#1589=CARTESIAN_POINT('Ctrl Pts',(30.4619698556409,-39.3560919921828,2.46891872749283));
#1590=CARTESIAN_POINT('',(27.1755139758017,-37.8829836638671,2.49999999937575));
#1591=CARTESIAN_POINT('',(30.4533493231487,-39.3402594679074,2.49999999999999));
#1592=CARTESIAN_POINT('Ctrl Pts',(30.4533493231487,-39.3402594679074,2.5));
#1593=CARTESIAN_POINT('Ctrl Pts',(30.2730681271752,-39.479815391321,2.5));
#1594=CARTESIAN_POINT('Ctrl Pts',(30.06806885139,-39.5821513252173,2.50000000000583));
#1595=CARTESIAN_POINT('Ctrl Pts',(29.6268603849573,-39.7020335344037,2.50000000000583));
#1596=CARTESIAN_POINT('Ctrl Pts',(29.3969425014576,-39.7173853071563,2.49999999979935));
#1597=CARTESIAN_POINT('Ctrl Pts',(28.922465831218,-39.6598335951229,2.49999999979935));
#1598=CARTESIAN_POINT('Ctrl Pts',(28.6857334384912,-39.5806703930636,2.5));
#1599=CARTESIAN_POINT('Ctrl Pts',(28.2641435774766,-39.3512475227357,2.5));
#1600=CARTESIAN_POINT('Ctrl Pts',(28.0259435768144,-39.1796674915758,2.5));
#1601=CARTESIAN_POINT('Ctrl Pts',(27.5138835513215,-38.5836160141399,2.5));
#1602=CARTESIAN_POINT('Ctrl Pts',(27.3236305869641,-38.22090610419,2.5));
#1603=CARTESIAN_POINT('Ctrl Pts',(27.1755139750353,-37.8829836621187,2.5));
#1604=CARTESIAN_POINT('Ctrl Pts',(30.4533477281599,-39.340256687259,2.49999809979909));
#1605=CARTESIAN_POINT('Ctrl Pts',(30.209570370922,-38.8925974808771,3.37117764988682));
#1606=CARTESIAN_POINT('Ctrl Pts',(29.5526828219657,-37.695204221466,4.60851229001314));
#1607=CARTESIAN_POINT('Ctrl Pts',(28.686914201846,-36.1726225628421,5.));
#1608=CARTESIAN_POINT('Ctrl Pts',(28.3088804293068,-35.5186169558508,5.));
#1609=CARTESIAN_POINT('Ctrl Pts',(26.4893399101018,-36.3488412020465,3.));
#1610=CARTESIAN_POINT('Ctrl Pts',(26.6777697955304,-36.7618089190671,3.));
#1611=CARTESIAN_POINT('Ctrl Pts',(26.9199991257116,-37.3019366812882,2.86791012203923));
#1612=CARTESIAN_POINT('Ctrl Pts',(27.1289198636319,-37.7767256023753,2.57533195787251));
#1613=CARTESIAN_POINT('Ctrl Pts',(27.1753699217154,-37.8827116230171,2.49931780186483));
#1614=CARTESIAN_POINT('Ctrl Pts',(-7.89935343086776,-7.21019618991212,3.));
#1615=CARTESIAN_POINT('Ctrl Pts',(-7.51426232097426,-6.11439876263891,3.));
#1616=CARTESIAN_POINT('Ctrl Pts',(-6.53470510063699,-4.02110494186735,3.));
#1617=CARTESIAN_POINT('Ctrl Pts',(-4.40931702087386,-1.46203448607375,3.));
#1618=CARTESIAN_POINT('Ctrl Pts',(-1.71845758017279,0.0447874844760827,
3.));
#1619=CARTESIAN_POINT('Ctrl Pts',(1.16708391205304,0.0847667485403255,3.));
#1620=CARTESIAN_POINT('Ctrl Pts',(3.8299432056648,-1.35858544700688,3.));
#1621=CARTESIAN_POINT('Ctrl Pts',(5.89513273691603,-3.91842233519489,3.));
#1622=CARTESIAN_POINT('Ctrl Pts',(6.80286539110077,-6.02817432094994,3.));
#1623=CARTESIAN_POINT('Ctrl Pts',(7.14712926028098,-7.13175667881378,3.));
#1624=CARTESIAN_POINT('Ctrl Pts',(-7.89935343086776,-7.21019618991212,3.59839860068377));
#1625=CARTESIAN_POINT('Ctrl Pts',(-7.51440522255031,-6.11480539674539,3.59839860068377));
#1626=CARTESIAN_POINT('Ctrl Pts',(-6.53405277618559,-4.02070671932924,3.59839860068377));
#1627=CARTESIAN_POINT('Ctrl Pts',(-4.40913021606362,-1.46226709230928,3.59839860068377));
#1628=CARTESIAN_POINT('Ctrl Pts',(-1.71779010577342,0.0440360699309465,
3.59839860068377));
#1629=CARTESIAN_POINT('Ctrl Pts',(1.16681406254324,0.0844245842086023,3.59839860068377));
#1630=CARTESIAN_POINT('Ctrl Pts',(3.82920761564992,-1.35894348886968,3.59839860068377));
#1631=CARTESIAN_POINT('Ctrl Pts',(5.89480523816295,-3.91801036257645,3.59839860068377));
#1632=CARTESIAN_POINT('Ctrl Pts',(6.80299912286681,-6.02860301542212,3.59839860068377));
#1633=CARTESIAN_POINT('Ctrl Pts',(7.14712926028098,-7.13175667881378,3.59839860068377));
#1634=CARTESIAN_POINT('Ctrl Pts',(-8.37235496917499,-7.04397140891284,4.63503189998456));
#1635=CARTESIAN_POINT('Ctrl Pts',(-7.97619389705904,-5.91667380983165,4.63503189998456));
#1636=CARTESIAN_POINT('Ctrl Pts',(-6.96664390327651,-3.75636732764316,4.63503189998456));
#1637=CARTESIAN_POINT('Ctrl Pts',(-4.74934959865182,-1.07988187741317,4.63503189998456));
#1638=CARTESIAN_POINT('Ctrl Pts',(-1.86931920680295,0.547850499130819,4.63503189998455));
#1639=CARTESIAN_POINT('Ctrl Pts',(1.30325809718668,0.593074000423655,4.63503189998456));
#1640=CARTESIAN_POINT('Ctrl Pts',(4.17342969013697,-0.976213894589244,4.63503189998456));
#1641=CARTESIAN_POINT('Ctrl Pts',(6.33373870599469,-3.66463103705213,4.63503189998456));
#1642=CARTESIAN_POINT('Ctrl Pts',(7.27111788979585,-5.84566159264506,4.63503189998456));
#1643=CARTESIAN_POINT('Ctrl Pts',(7.62574137598637,-6.9824530426917,4.63503189998456));
#1644=CARTESIAN_POINT('Ctrl Pts',(-9.36281586986944,-6.69589823584137,5.));
#1645=CARTESIAN_POINT('Ctrl Pts',(-8.94361748737407,-5.50304673329031,5.));
#1646=CARTESIAN_POINT('Ctrl Pts',(-7.870466628728,-3.20161043569987,5.));
#1647=CARTESIAN_POINT('Ctrl Pts',(-5.46118766023484,-0.279890717521757,
5.));
#1648=CARTESIAN_POINT('Ctrl Pts',(-2.18455372326366,1.60050745454224,5.));
#1649=CARTESIAN_POINT('Ctrl Pts',(1.58813539281965,1.65712212880007,5.));
#1650=CARTESIAN_POINT('Ctrl Pts',(4.89195069428941,-0.175889868963732,5.));
#1651=CARTESIAN_POINT('Ctrl Pts',(7.25184766970233,-3.13278186284411,5.));
#1652=CARTESIAN_POINT('Ctrl Pts',(8.25176825245752,-5.4639108646199,5.00000000000001));
#1653=CARTESIAN_POINT('Ctrl Pts',(8.62795077450406,-6.66981259243086,5.));
#1654=CARTESIAN_POINT('Ctrl Pts',(-9.78622997660695,-6.54709974056305,5.));
#1655=CARTESIAN_POINT('Ctrl Pts',(-9.35719518972068,-5.3262582212387,5.));
#1656=CARTESIAN_POINT('Ctrl Pts',(-8.25678946357533,-2.96442325100828,5.));
#1657=CARTESIAN_POINT('Ctrl Pts',(-5.76547722800452,0.0620797924409625,
5.));
#1658=CARTESIAN_POINT('Ctrl Pts',(-2.31925855271486,2.0504475064633,5.));
#1659=CARTESIAN_POINT('Ctrl Pts',(1.70989575778907,2.11196578535117,5.));
#1660=CARTESIAN_POINT('Ctrl Pts',(5.19905161519214,0.166212526787648,5.));
#1661=CARTESIAN_POINT('Ctrl Pts',(7.64430471885234,-2.9053864028052,5.));
#1662=CARTESIAN_POINT('Ctrl Pts',(8.67099953297629,-5.30075106749615,5.00000000000001));
#1663=CARTESIAN_POINT('Ctrl Pts',(9.0563872700182,-6.53616130252695,5.));
#1664=CARTESIAN_POINT('',(-7.89935342946428,-7.21019618181231,3.));
#1665=CARTESIAN_POINT('Ctrl Pts',(-7.8993534281799,-7.21019618226368,3.));
#1666=CARTESIAN_POINT('Ctrl Pts',(-7.51426231869522,-6.11439875776866,3.));
#1667=CARTESIAN_POINT('Ctrl Pts',(-6.53470509898868,-4.02110493988271,3.));
#1668=CARTESIAN_POINT('Ctrl Pts',(-4.40931702087386,-1.46203448607375,3.));
#1669=CARTESIAN_POINT('Ctrl Pts',(-1.71845758017279,0.0447874844760827,
3.));
#1670=CARTESIAN_POINT('Ctrl Pts',(1.16708391205304,0.0847667485403255,3.));
#1671=CARTESIAN_POINT('Ctrl Pts',(3.8299432056648,-1.35858544700688,3.));
#1672=CARTESIAN_POINT('Ctrl Pts',(5.89513273691603,-3.91842233519489,3.));
#1673=CARTESIAN_POINT('Ctrl Pts',(6.80286539110077,-6.02817432094994,3.));
#1674=CARTESIAN_POINT('Ctrl Pts',(7.14712926028098,-7.13175667881378,3.));
#1675=CARTESIAN_POINT('',(-9.62664454113421,-6.10985880733667,5.));
#1676=CARTESIAN_POINT('Ctrl Pts',(8.91517485530941,-6.10224453572888,5.));
#1677=CARTESIAN_POINT('Ctrl Pts',(8.54825770141015,-5.02044581385404,5.00000000000001));
#1678=CARTESIAN_POINT('Ctrl Pts',(7.54851522127196,-2.78506065092548,5.));
#1679=CARTESIAN_POINT('Ctrl Pts',(5.19905161519214,0.166212526787648,5.));
#1680=CARTESIAN_POINT('Ctrl Pts',(1.70989575778907,2.11196578535117,5.));
#1681=CARTESIAN_POINT('Ctrl Pts',(-2.31925855271486,2.0504475064633,5.));
#1682=CARTESIAN_POINT('Ctrl Pts',(-5.76547722800452,0.0620797924409625,
5.));
#1683=CARTESIAN_POINT('Ctrl Pts',(-8.15723865693622,-2.84348665583997,5.));
#1684=CARTESIAN_POINT('Ctrl Pts',(-9.22326766833778,-5.04436369073328,5.));
#1685=CARTESIAN_POINT('Ctrl Pts',(-9.62667862441634,-6.10984589863702,5.));
#1686=CARTESIAN_POINT('Ctrl Pts',(-9.62664454113422,-6.10985880733667,5.));
#1687=CARTESIAN_POINT('Ctrl Pts',(-9.62482575751978,-6.11103019710209,5.));
#1688=CARTESIAN_POINT('Ctrl Pts',(-9.62300695733107,-6.1122015590408,4.99999664259111));
#1689=CARTESIAN_POINT('Ctrl Pts',(-9.50195878585259,-6.19015765274527,4.99954975452223));
#1690=CARTESIAN_POINT('Ctrl Pts',(-9.38295759601999,-6.26662813425505,4.98468335528558));
#1691=CARTESIAN_POINT('Ctrl Pts',(-9.14941769032285,-6.41637700744871,4.92658291676171));
#1692=CARTESIAN_POINT('Ctrl Pts',(-9.03539814636584,-6.48932302908993,4.88351598406847));
#1693=CARTESIAN_POINT('Ctrl Pts',(-8.72137321062287,-6.68981525986219,4.72143604696819));
#1694=CARTESIAN_POINT('Ctrl Pts',(-8.53535507499875,-6.80805211953564,4.57030427188826));
#1695=CARTESIAN_POINT('Ctrl Pts',(-8.22674647441182,-7.00367049607748,4.19686563019681));
#1696=CARTESIAN_POINT('Ctrl Pts',(-8.1055031499715,-7.08023001641358,3.97985275917041));
#1697=CARTESIAN_POINT('Ctrl Pts',(-7.94145876876993,-7.18370487971244,3.50584802205089));
#1698=CARTESIAN_POINT('Ctrl Pts',(-7.89935343086776,-7.21019618991212,3.25432518211434));
#1699=CARTESIAN_POINT('Ctrl Pts',(-7.89935343086776,-7.21019618991212,3.));
#1700=CARTESIAN_POINT('Ctrl Pts',(-29.7154626765957,-37.1682283632492,1.48420937702728));
#1701=CARTESIAN_POINT('Ctrl Pts',(-29.5763149423165,-36.8962312302686,2.01396597382991));
#1702=CARTESIAN_POINT('Ctrl Pts',(-29.1998052598824,-36.1651357889207,2.76355328015064));
#1703=CARTESIAN_POINT('Ctrl Pts',(-28.7030743873888,-35.2314966885575,3.));
#1704=CARTESIAN_POINT('Ctrl Pts',(-28.4878683696754,-34.8329033085012,3.));
#1705=CARTESIAN_POINT('Ctrl Pts',(-29.8487325724511,-37.4287358718554,1.65580885921104));
#1706=CARTESIAN_POINT('Ctrl Pts',(-29.6922443627704,-37.1211410165669,2.24344040093586));
#1707=CARTESIAN_POINT('Ctrl Pts',(-29.2708614099577,-36.2993849407156,3.06312988710409));
#1708=CARTESIAN_POINT('Ctrl Pts',(-28.7237140028066,-35.2697723881125,3.30579620982114));
#1709=CARTESIAN_POINT('Ctrl Pts',(-28.4878683696754,-34.8329033085012,3.29919930034188));
#1710=CARTESIAN_POINT('Ctrl Pts',(-30.2717929353694,-37.8682328833457,1.99825314211519));
#1711=CARTESIAN_POINT('Ctrl Pts',(-30.0758405299436,-37.4915862130967,2.70145854744539));
#1712=CARTESIAN_POINT('Ctrl Pts',(-29.552657650732,-36.4940748197133,3.66122727120887));
#1713=CARTESIAN_POINT('Ctrl Pts',(-28.8909532149231,-35.278797019167,3.91646322979866));
#1714=CARTESIAN_POINT('Ctrl Pts',(-28.6081861848963,-34.7679420743984,3.89673997854377));
#1715=CARTESIAN_POINT('Ctrl Pts',(-31.375397241995,-38.1644038397833,2.44763219011935));
#1716=CARTESIAN_POINT('Ctrl Pts',(-31.1161937393838,-37.7095319449738,3.30643672525517));
#1717=CARTESIAN_POINT('Ctrl Pts',(-30.425814743594,-36.5074488261474,4.47023395853315));
#1718=CARTESIAN_POINT('Ctrl Pts',(-29.5636598493727,-35.057259287256,4.7669308683784));
#1719=CARTESIAN_POINT('Ctrl Pts',(-29.1971021246545,-34.4499783035364,4.73763913718449));
#1720=CARTESIAN_POINT('Ctrl Pts',(-32.2344896160222,-37.8776415626918,2.52736940862092));
#1721=CARTESIAN_POINT('Ctrl Pts',(-31.9569584682173,-37.4252399769865,3.42253395271589));
#1722=CARTESIAN_POINT('Ctrl Pts',(-31.2135377399649,-36.2214030119365,4.66229147038453));
#1723=CARTESIAN_POINT('Ctrl Pts',(-30.2612525425798,-34.7275536911314,5.01574047775457));
#1724=CARTESIAN_POINT('Ctrl Pts',(-29.8528278045454,-34.0959430401764,4.99999999999999));
#1725=CARTESIAN_POINT('Ctrl Pts',(-32.6358278601543,-37.5694922824164,2.47368229504546));
#1726=CARTESIAN_POINT('Ctrl Pts',(-32.3645233570615,-37.1393635759294,3.35660995638327));
#1727=CARTESIAN_POINT('Ctrl Pts',(-31.6308527962456,-35.9836763161562,4.60592213358432));
#1728=CARTESIAN_POINT('Ctrl Pts',(-30.6655052949137,-34.51086589261,4.99999999999999));
#1729=CARTESIAN_POINT('Ctrl Pts',(-30.2477426752289,-33.8827230999868,4.99999999999999));
#1730=CARTESIAN_POINT('',(-28.4878683696754,-34.8329033085012,3.));
#1731=CARTESIAN_POINT('',(-30.2477426752289,-33.8827230999868,5.));
#1732=CARTESIAN_POINT('Origin',(-30.2477426752289,-33.8827230999868,3.));
#1733=CARTESIAN_POINT('',(-32.6276833266847,-37.5565810575668,2.5));
#1734=CARTESIAN_POINT('Ctrl Pts',(-30.2477426752289,-33.8827230999868,4.99999999999999));
#1735=CARTESIAN_POINT('Ctrl Pts',(-30.6655052949137,-34.51086589261,4.99999999999999));
#1736=CARTESIAN_POINT('Ctrl Pts',(-31.6253617540316,-35.9752987482878,4.60816370793671));
#1737=CARTESIAN_POINT('Ctrl Pts',(-32.3561694034861,-37.1262058684431,3.37079483748096));
#1738=CARTESIAN_POINT('Ctrl Pts',(-32.6276820457992,-37.5565791145438,2.49999862371439));
#1739=CARTESIAN_POINT('',(-29.2744081095905,-36.3146107477898,2.49999997847579));
#1740=CARTESIAN_POINT('Ctrl Pts',(-29.2744081095905,-36.3146107477898,2.5));
#1741=CARTESIAN_POINT('Ctrl Pts',(-29.469944755815,-36.6893306349104,2.5));
#1742=CARTESIAN_POINT('Ctrl Pts',(-29.7289049485468,-37.1030589587236,2.5));
#1743=CARTESIAN_POINT('Ctrl Pts',(-30.3593243704072,-37.6531083550495,2.5));
#1744=CARTESIAN_POINT('Ctrl Pts',(-30.6218349936475,-37.7966128341665,2.49999999999999));
#1745=CARTESIAN_POINT('Ctrl Pts',(-31.1131841813947,-37.9611696337826,2.49999999999999));
#1746=CARTESIAN_POINT('Ctrl Pts',(-31.3624274840742,-37.9954472165474,2.50000000001988));
#1747=CARTESIAN_POINT('Ctrl Pts',(-31.7997325977207,-37.9636091248643,2.50000000001988));
#1748=CARTESIAN_POINT('Ctrl Pts',(-31.9835251881454,-37.9204696838942,2.50000000007958));
#1749=CARTESIAN_POINT('Ctrl Pts',(-32.3288721920834,-37.7768874328446,2.50000000007958));
#1750=CARTESIAN_POINT('Ctrl Pts',(-32.4873404583503,-37.6785054323695,2.5));
#1751=CARTESIAN_POINT('Ctrl Pts',(-32.6276833266846,-37.5565810575668,2.5));
#1752=CARTESIAN_POINT('Ctrl Pts',(-29.2742392877742,-36.3143324837487,2.49932968988282));
#1753=CARTESIAN_POINT('Ctrl Pts',(-29.2207453131227,-36.2118091106636,2.57543666009826));
#1754=CARTESIAN_POINT('Ctrl Pts',(-28.9806848720611,-35.7532842751831,2.86785583072973));
#1755=CARTESIAN_POINT('Ctrl Pts',(-28.7030743873888,-35.2314966885575,3.));
#1756=CARTESIAN_POINT('Ctrl Pts',(-28.4878683696754,-34.8329033085012,3.));
#1757=CARTESIAN_POINT('Origin',(76.091577024205,-91.2967762777831,3.));
#1758=CARTESIAN_POINT('Origin',(76.091577024205,-91.2967762777831,5.));
#1759=CARTESIAN_POINT('Origin',(76.091577024205,-91.2967762777831,3.));
#1760=CARTESIAN_POINT('Origin',(-75.6371952538931,-82.9473779085281,0.));
#1761=CARTESIAN_POINT('',(7.14712926027876,-7.13175667833384,2.5));
#1762=CARTESIAN_POINT('',(7.14712926027876,-7.13175667833384,0.));
#1763=CARTESIAN_POINT('Origin',(-75.6371952538931,-82.9473779085281,2.5));
#1764=CARTESIAN_POINT('Ctrl Pts',(7.1471292601611,-7.1317566784295,2.5));
#1765=CARTESIAN_POINT('Ctrl Pts',(4.91284295133227,0.0305370542916054,2.5));
#1766=CARTESIAN_POINT('Ctrl Pts',(-0.230388817220478,0.00372463602407663,
2.5));
#1767=CARTESIAN_POINT('Ctrl Pts',(-5.37362058577323,-0.0230877822434544,
2.5));
#1768=CARTESIAN_POINT('Ctrl Pts',(-7.89935343086775,-7.2101961899121,2.5));
#1769=CARTESIAN_POINT('Ctrl Pts',(7.1471292601611,-7.1317566784295,3.));
#1770=CARTESIAN_POINT('Ctrl Pts',(4.91284295133227,0.0305370542916054,3.));
#1771=CARTESIAN_POINT('Ctrl Pts',(-0.230388817220478,0.00372463602407663,
3.));
#1772=CARTESIAN_POINT('Ctrl Pts',(-5.37362058577323,-0.0230877822434544,
3.));
#1773=CARTESIAN_POINT('Ctrl Pts',(-7.89935343086775,-7.2101961899121,3.));
#1774=CARTESIAN_POINT('',(-7.89935343086775,-7.2101961899121,2.5));
#1775=CARTESIAN_POINT('',(-7.89935343086775,-7.2101961899121,0.));
#1776=CARTESIAN_POINT('Origin',(-0.501625978082534,-13.3506666924735,2.5));
#1777=CARTESIAN_POINT('Origin',(76.091577024205,-91.2967762777831,0.));
#1778=CARTESIAN_POINT('Origin',(76.091577024205,-91.2967762777831,2.5));
#1779=CARTESIAN_POINT('Origin',(-70.5325221599162,-50.0514465074616,3.));
#1780=CARTESIAN_POINT('',(10.0040420097033,-50.3354146417567,3.));
#1781=CARTESIAN_POINT('',(12.0043708361486,-49.8830425482051,5.));
#1782=CARTESIAN_POINT('Ctrl Pts',(10.0040420097033,-50.3354146417567,3.));
#1783=CARTESIAN_POINT('Ctrl Pts',(10.0040420097033,-50.3354146417567,3.25256431677539));
#1784=CARTESIAN_POINT('Ctrl Pts',(10.0519147667877,-50.3246633909187,3.5024104340322));
#1785=CARTESIAN_POINT('Ctrl Pts',(10.2388182546915,-50.2826312884537,3.97398136924888));
#1786=CARTESIAN_POINT('Ctrl Pts',(10.3771867215826,-50.251496376668,4.19024591876972));
#1787=CARTESIAN_POINT('Ctrl Pts',(10.7299930576284,-50.1719426812593,4.56308379032771));
#1788=CARTESIAN_POINT('Ctrl Pts',(10.9428522555079,-50.1238729080372,4.71441675579185));
#1789=CARTESIAN_POINT('Ctrl Pts',(11.3057415427794,-50.0417125688939,4.87923511305291));
#1790=CARTESIAN_POINT('Ctrl Pts',(11.4396313621405,-50.0113627062238,4.92369905494087));
#1791=CARTESIAN_POINT('Ctrl Pts',(11.7140163556157,-49.9490810515527,4.98377228695455));
#1792=CARTESIAN_POINT('Ctrl Pts',(11.8538804386916,-49.9172924864321,4.99925439757111));
#1793=CARTESIAN_POINT('Ctrl Pts',(11.9975383061521,-49.8845976279904,4.9999912387573));
#1794=CARTESIAN_POINT('Ctrl Pts',(12.0009545716092,-49.8838201005735,5.));
#1795=CARTESIAN_POINT('Ctrl Pts',(12.0043708361486,-49.8830425482051,5.));
#1796=CARTESIAN_POINT('',(8.77764394162985,-27.1983369098047,5.));
#1797=CARTESIAN_POINT('Origin',(-70.5325221599162,-50.0514465074616,5.));
#1798=CARTESIAN_POINT('',(7.26468754888932,-23.0427281667031,4.99143333598758));
#1799=CARTESIAN_POINT('Ctrl Pts',(8.77764394162962,-27.1983369098039,5.));
#1800=CARTESIAN_POINT('Ctrl Pts',(8.76974583294431,-27.1757049596705,5.));
#1801=CARTESIAN_POINT('Ctrl Pts',(8.76184279693917,-27.1530747122616,4.99999868743351));
#1802=CARTESIAN_POINT('Ctrl Pts',(8.48116615432265,-26.3499218189739,4.99990660906996));
#1803=CARTESIAN_POINT('Ctrl Pts',(8.20241257385623,-25.5710799469953,4.99832032893866));
#1804=CARTESIAN_POINT('Ctrl Pts',(7.70359604254547,-24.2097569279215,4.99482173029826));
#1805=CARTESIAN_POINT('Ctrl Pts',(7.48588436036826,-23.6258437007949,4.99307873656299));
#1806=CARTESIAN_POINT('Ctrl Pts',(7.26468754888931,-23.0427281667031,4.99143333598757));
#1807=CARTESIAN_POINT('',(5.26405556358433,-22.828338463855,3.));
#1808=CARTESIAN_POINT('Ctrl Pts',(7.26468754888932,-23.0427281667031,4.99143333598757));
#1809=CARTESIAN_POINT('Ctrl Pts',(7.15691530070267,-23.0324889610126,4.98229148052954));
#1810=CARTESIAN_POINT('Ctrl Pts',(7.0497955271363,-23.0221205214079,4.96585042783216));
#1811=CARTESIAN_POINT('Ctrl Pts',(6.77604833298465,-22.9951315897477,4.90450918086866));
#1812=CARTESIAN_POINT('Ctrl Pts',(6.61216831340824,-22.9784811798802,4.84859860763173));
#1813=CARTESIAN_POINT('Ctrl Pts',(6.2081328585434,-22.9363012816444,4.65801674541203));
#1814=CARTESIAN_POINT('Ctrl Pts',(5.98195135085443,-22.9115029808262,4.49708093592585));
#1815=CARTESIAN_POINT('Ctrl Pts',(5.62475780998091,-22.8711198305264,4.11817347329722));
#1816=CARTESIAN_POINT('Ctrl Pts',(5.48895028056993,-22.8551746334476,3.91032849008756));
#1817=CARTESIAN_POINT('Ctrl Pts',(5.30966715110679,-22.8338865629148,3.46453231430066));
#1818=CARTESIAN_POINT('Ctrl Pts',(5.26405556358435,-22.828338463855,3.23406960878445));
#1819=CARTESIAN_POINT('Ctrl Pts',(5.26405556358435,-22.828338463855,3.));
#1820=CARTESIAN_POINT('Origin',(-70.5325221599162,-50.0514465074616,3.));
#1821=CARTESIAN_POINT('Origin',(26.7429777399579,-70.7817896895787,3.));
#1822=CARTESIAN_POINT('',(29.7907282148537,-78.1755565072883,5.));
#1823=CARTESIAN_POINT('',(26.7429777399579,-70.7817896895787,5.));
#1824=CARTESIAN_POINT('',(35.7963844178447,-87.4971369216078,3.));
#1825=CARTESIAN_POINT('Ctrl Pts',(29.7907282148537,-78.1755565072883,5.));
#1826=CARTESIAN_POINT('Ctrl Pts',(29.7972764233985,-78.1862661416285,5.));
#1827=CARTESIAN_POINT('Ctrl Pts',(29.8038255058526,-78.1969752646618,4.99999708156772));
#1828=CARTESIAN_POINT('Ctrl Pts',(32.1773367359849,-82.0774607400958,4.9978787395019));
#1829=CARTESIAN_POINT('Ctrl Pts',(34.0280571260966,-84.8625875384098,4.61176167800661));
#1830=CARTESIAN_POINT('Ctrl Pts',(35.1908042942335,-86.5997406673587,3.9159260628585));
#1831=CARTESIAN_POINT('Ctrl Pts',(35.3933054371879,-86.9008407015136,3.77227981541016));
#1832=CARTESIAN_POINT('Ctrl Pts',(35.6091707999943,-87.2205718202284,3.52111185570356));
#1833=CARTESIAN_POINT('Ctrl Pts',(35.6705575863657,-87.3113448872035,3.4358600546885));
#1834=CARTESIAN_POINT('Ctrl Pts',(35.7425724974542,-87.4177224809952,3.28380066592281));
#1835=CARTESIAN_POINT('Ctrl Pts',(35.7647299742297,-87.4504282093221,3.22373562400858));
#1836=CARTESIAN_POINT('Ctrl Pts',(35.7902259848119,-87.4880524970641,3.10733120773119));
#1837=CARTESIAN_POINT('Ctrl Pts',(35.7963844178447,-87.4971369216078,3.05454533154754));
#1838=CARTESIAN_POINT('Ctrl Pts',(35.7963844178447,-87.4971369216078,3.));
#1839=CARTESIAN_POINT('',(7.27043212339197,-18.2938864404466,3.));
#1840=CARTESIAN_POINT('',(28.5920469239645,-70.0195934203951,3.));
#1841=CARTESIAN_POINT('Ctrl Pts',(7.26468754888932,-23.0427281667031,4.99143333598757));
#1842=CARTESIAN_POINT('Ctrl Pts',(7.33037051420502,-22.0535845231565,4.95079198342458));
#1843=CARTESIAN_POINT('Ctrl Pts',(7.34921842490747,-21.0793322161625,4.77022196708132));
#1844=CARTESIAN_POINT('Ctrl Pts',(7.33612430871103,-19.7637450620506,4.34602848608995));
#1845=CARTESIAN_POINT('Ctrl Pts',(7.32105165094821,-19.3149745297192,4.14687540078535));
#1846=CARTESIAN_POINT('Ctrl Pts',(7.29889481325139,-18.809081858616,3.81608060799805));
#1847=CARTESIAN_POINT('Ctrl Pts',(7.2904353209462,-18.6432031124615,3.68545782959992));
#1848=CARTESIAN_POINT('Ctrl Pts',(7.27944017302039,-18.4449737521682,3.44982224466904));
#1849=CARTESIAN_POINT('Ctrl Pts',(7.2757993538125,-18.3830315289163,3.35506324577822));
#1850=CARTESIAN_POINT('Ctrl Pts',(7.2715038933438,-18.3112834781943,3.17078483825167));
#1851=CARTESIAN_POINT('Ctrl Pts',(7.27043212339197,-18.2938864404466,3.0867800703275));
#1852=CARTESIAN_POINT('Ctrl Pts',(7.27043212339197,-18.2938864404467,3.));
#1853=CARTESIAN_POINT('Origin',(20.5302199907145,-52.8955116810272,5.));
#1854=CARTESIAN_POINT('',(12.0458000739427,-49.9697930895977,5.));
#1855=CARTESIAN_POINT('',(13.2840103160024,-52.5625371171452,5.));
#1856=CARTESIAN_POINT('Origin',(117.48200997652,-3.32208615337613,5.));
#1857=CARTESIAN_POINT('Origin',(13.2840103160024,-52.5625371171452,3.));
#1858=CARTESIAN_POINT('',(10.2285987106246,-50.8056240015103,3.));
#1859=CARTESIAN_POINT('',(11.4792550802409,-53.4244295344405,3.));
#1860=CARTESIAN_POINT('Ctrl Pts',(12.0458000739428,-49.9697930895977,5.));
#1861=CARTESIAN_POINT('Ctrl Pts',(12.0425136870994,-49.9713044314958,5.));
#1862=CARTESIAN_POINT('Ctrl Pts',(12.0392273068192,-49.9728157717325,4.99999018869405));
#1863=CARTESIAN_POINT('Ctrl Pts',(11.7945625252047,-50.0853322884661,4.99852931143262));
#1864=CARTESIAN_POINT('Ctrl Pts',(11.5558475211776,-50.1951202112528,4.94417345698091));
#1865=CARTESIAN_POINT('Ctrl Pts',(11.1160644857139,-50.3973935355965,4.73804195470117));
#1866=CARTESIAN_POINT('Ctrl Pts',(10.9185497904666,-50.4882442308294,4.59017704096876));
#1867=CARTESIAN_POINT('Ctrl Pts',(10.5861522189762,-50.6411427818548,4.21945398437621));
#1868=CARTESIAN_POINT('Ctrl Pts',(10.4544402380998,-50.7017318946244,4.00014784690404));
#1869=CARTESIAN_POINT('Ctrl Pts',(10.2748067074813,-50.784366696864,3.51831774633032));
#1870=CARTESIAN_POINT('Ctrl Pts',(10.2285987106244,-50.80562400151,3.26040444192973));
#1871=CARTESIAN_POINT('Ctrl Pts',(10.2285987106244,-50.80562400151,3.));
#1872=CARTESIAN_POINT('Ctrl Pts',(7.27043212339197,-18.2938864404466,3.));
#1873=CARTESIAN_POINT('Ctrl Pts',(6.82121627627665,-19.9238393114599,3.));
#1874=CARTESIAN_POINT('Ctrl Pts',(6.1562907690372,-21.4816006814055,3.));
#1875=CARTESIAN_POINT('Ctrl Pts',(5.26405556358433,-22.828338463855,3.));
#1876=CARTESIAN_POINT('Ctrl Pts',(7.27043212339197,-18.2938864404466,3.56312646957548));
#1877=CARTESIAN_POINT('Ctrl Pts',(6.82133916716158,-19.9233934092238,3.56312646957548));
#1878=CARTESIAN_POINT('Ctrl Pts',(6.15592891525814,-21.4821468626736,3.56312646957548));
#1879=CARTESIAN_POINT('Ctrl Pts',(5.26405556358433,-22.828338463855,3.56312646957548));
#1880=CARTESIAN_POINT('Ctrl Pts',(7.69582407762921,-18.4111246811818,4.54058532726161));
#1881=CARTESIAN_POINT('Ctrl Pts',(7.23602671126505,-20.0794719627887,4.54058532726161));
#1882=CARTESIAN_POINT('Ctrl Pts',(6.55529502339179,-21.6782761257427,4.54058532726161));
#1883=CARTESIAN_POINT('Ctrl Pts',(5.6319023994638,-23.0720428445171,4.54058532726161));
#1884=CARTESIAN_POINT('Ctrl Pts',(8.61485810754524,-18.6644109311209,4.95238455178318));
#1885=CARTESIAN_POINT('Ctrl Pts',(8.13231072707645,-20.4153052801199,4.95238455178318));
#1886=CARTESIAN_POINT('Ctrl Pts',(7.41699395271557,-22.1036738614241,4.95238455178318));
#1887=CARTESIAN_POINT('Ctrl Pts',(6.42661362190887,-23.5985516720517,4.95238455178318));
#1888=CARTESIAN_POINT('Ctrl Pts',(9.0202786948946,-18.7761450529001,4.99143333598757));
#1889=CARTESIAN_POINT('Ctrl Pts',(8.52770328837978,-20.5634254954648,4.99143333598757));
#1890=CARTESIAN_POINT('Ctrl Pts',(7.79709870944907,-22.2913678028157,4.99143333598757));
#1891=CARTESIAN_POINT('Ctrl Pts',(6.7771907279669,-23.8308145819715,4.99143333598757));
#1892=CARTESIAN_POINT('Ctrl Pts',(7.27043212339197,-18.2938864404466,3.));
#1893=CARTESIAN_POINT('Ctrl Pts',(6.82121627627665,-19.9238393114599,3.));
#1894=CARTESIAN_POINT('Ctrl Pts',(6.1562907690372,-21.4816006814055,3.));
#1895=CARTESIAN_POINT('Ctrl Pts',(5.26405556358433,-22.828338463855,3.));
#1896=CARTESIAN_POINT('Origin',(117.48200997652,-3.32208615337613,3.));
#1897=CARTESIAN_POINT('Origin',(117.48200997652,-3.32208615337613,3.));
#1898=CARTESIAN_POINT('Ctrl Pts',(7.30783541644367,-7.67912733813206,3.));
#1899=CARTESIAN_POINT('Ctrl Pts',(7.69470544047357,-9.08258353439053,3.));
#1900=CARTESIAN_POINT('Ctrl Pts',(8.20044326953027,-12.5083750775541,3.));
#1901=CARTESIAN_POINT('Ctrl Pts',(7.85525513194958,-15.9942656877386,3.));
#1902=CARTESIAN_POINT('Ctrl Pts',(7.37597294694268,-17.8939268396941,3.));
#1903=CARTESIAN_POINT('Ctrl Pts',(7.30783541644367,-7.67912733813206,3.59839860068377));
#1904=CARTESIAN_POINT('Ctrl Pts',(7.69456088870659,-9.08205914102725,3.59839860068377));
#1905=CARTESIAN_POINT('Ctrl Pts',(8.20033177462709,-12.5080619191502,3.59839860068377));
#1906=CARTESIAN_POINT('Ctrl Pts',(7.85509253212518,-15.9949101610351,3.59839860068377));
#1907=CARTESIAN_POINT('Ctrl Pts',(7.37597294694268,-17.8939268396941,3.59839860068377));
#1908=CARTESIAN_POINT('Ctrl Pts',(7.79140357353387,-7.54582925226923,4.63482807827491));
#1909=CARTESIAN_POINT('Ctrl Pts',(8.18947139288517,-8.98990791667482,4.63482807827491));
#1910=CARTESIAN_POINT('Ctrl Pts',(8.70683093652874,-12.5013508025843,4.63482807827491));
#1911=CARTESIAN_POINT('Ctrl Pts',(8.35421415468496,-16.0670499716038,4.63482807827491));
#1912=CARTESIAN_POINT('Ctrl Pts',(7.86233607001549,-18.0166356607347,4.63482807827491));
#1913=CARTESIAN_POINT('Ctrl Pts',(8.80326104770939,-7.26690545942644,5.));
#1914=CARTESIAN_POINT('Ctrl Pts',(9.22463220642176,-8.79552211847718,5.));
#1915=CARTESIAN_POINT('Ctrl Pts',(9.76633920951815,-12.4863756795543,5.));
#1916=CARTESIAN_POINT('Ctrl Pts',(9.39813292907174,-16.2199197181174,5.));
#1917=CARTESIAN_POINT('Ctrl Pts',(8.88004195910026,-18.2734016117112,5.));
#1918=CARTESIAN_POINT('Ctrl Pts',(9.23592285779773,-7.14763997375475,5.));
#1919=CARTESIAN_POINT('Ctrl Pts',(9.66724400918886,-8.71235242211552,5.));
#1920=CARTESIAN_POINT('Ctrl Pts',(10.21936505766,-12.4799414173872,5.));
#1921=CARTESIAN_POINT('Ctrl Pts',(9.84448777477829,-16.2853493936098,5.));
#1922=CARTESIAN_POINT('Ctrl Pts',(9.31520450258768,-18.3831925891501,5.));
#1923=CARTESIAN_POINT('',(7.30783547733389,-7.67912755899349,3.));
#1924=CARTESIAN_POINT('',(7.37597294694268,-17.8939268396941,3.));
#1925=CARTESIAN_POINT('Ctrl Pts',(7.30783547732588,-7.6791275589957,3.));
#1926=CARTESIAN_POINT('Ctrl Pts',(7.69470546321317,-9.08258368842511,3.));
#1927=CARTESIAN_POINT('Ctrl Pts',(8.20044326176989,-12.5083751559225,3.));
#1928=CARTESIAN_POINT('Ctrl Pts',(7.85525513194958,-15.9942656877386,3.));
#1929=CARTESIAN_POINT('Ctrl Pts',(7.37597294694268,-17.8939268396941,3.));
#1930=CARTESIAN_POINT('',(9.46999896698433,-17.7259897596948,5.));
#1931=CARTESIAN_POINT('Ctrl Pts',(7.37597294694268,-17.8939268396941,3.));
#1932=CARTESIAN_POINT('Ctrl Pts',(7.37597294694268,-17.8939268396941,3.24806327302238));
#1933=CARTESIAN_POINT('Ctrl Pts',(7.42443831396995,-17.8904611406727,3.49304573887931));
#1934=CARTESIAN_POINT('Ctrl Pts',(7.61393605092936,-17.8765882223184,3.95870777392626));
#1935=CARTESIAN_POINT('Ctrl Pts',(7.7551764611422,-17.8661443322943,4.1731336130405));
#1936=CARTESIAN_POINT('Ctrl Pts',(8.11864455444931,-17.8383301204787,4.54887750412271));
#1937=CARTESIAN_POINT('Ctrl Pts',(8.34124703086228,-17.8208697817776,4.7031748676624));
#1938=CARTESIAN_POINT('Ctrl Pts',(8.72350656142948,-17.7897031754523,4.87366067631866));
#1939=CARTESIAN_POINT('Ctrl Pts',(8.86713974186303,-17.777778108543,4.92035613367699));
#1940=CARTESIAN_POINT('Ctrl Pts',(9.16189676099823,-17.752819412346,4.98339953324941));
#1941=CARTESIAN_POINT('Ctrl Pts',(9.31246950282652,-17.7398308526767,4.99952984946873));
#1942=CARTESIAN_POINT('Ctrl Pts',(9.46556986572803,-17.7263790657739,4.99999662405076));
#1943=CARTESIAN_POINT('Ctrl Pts',(9.46778441814258,-17.726184438234,5.));
#1944=CARTESIAN_POINT('Ctrl Pts',(9.46999896698433,-17.7259897596948,5.));
#1945=CARTESIAN_POINT('',(9.96830386813199,-13.861453370716,5.));
#1946=CARTESIAN_POINT('Ctrl Pts',(9.47018571750272,-17.7260306723663,5.));
#1947=CARTESIAN_POINT('Ctrl Pts',(9.74906292620784,-16.4557700788735,5.));
#1948=CARTESIAN_POINT('Ctrl Pts',(9.91452252596301,-15.1611424642207,5.));
#1949=CARTESIAN_POINT('Ctrl Pts',(9.96925360256163,-13.8614939013708,5.));
#1950=CARTESIAN_POINT('Ctrl Pts',(9.96830386813199,-13.861453370716,5.));
#1951=CARTESIAN_POINT('Ctrl Pts',(9.96646930047307,-13.8558834938108,5.));
#1952=CARTESIAN_POINT('Ctrl Pts',(9.96463352745298,-13.8503140060862,4.99999678519574));
#1953=CARTESIAN_POINT('Ctrl Pts',(9.34847688668785,-11.9823354201627,4.9978425789056));
#1954=CARTESIAN_POINT('Ctrl Pts',(8.59567542266731,-10.2302740537571,4.64667068975364));
#1955=CARTESIAN_POINT('Ctrl Pts',(7.84868193131974,-8.69993515082726,4.04005988582357));
#1956=CARTESIAN_POINT('Ctrl Pts',(7.67692267531419,-8.36768081841166,3.86707396927142));
#1957=CARTESIAN_POINT('Ctrl Pts',(7.49055615601719,-8.01563933252068,3.60054913438891));
#1958=CARTESIAN_POINT('Ctrl Pts',(7.43069219483952,-7.90433971644696,3.50041198536808));
#1959=CARTESIAN_POINT('Ctrl Pts',(7.36046481530856,-7.77510578978978,3.32443776009905));
#1960=CARTESIAN_POINT('Ctrl Pts',(7.33878276176713,-7.73549141438103,3.25544291839138));
#1961=CARTESIAN_POINT('Ctrl Pts',(7.31387137506736,-7.69008741087558,3.12233472228388));
#1962=CARTESIAN_POINT('Ctrl Pts',(7.30783541644367,-7.67912733813206,3.06219144423113));
#1963=CARTESIAN_POINT('Ctrl Pts',(7.30783541644367,-7.67912733813206,3.));
#1964=CARTESIAN_POINT('Origin',(-75.6371952538931,-82.9473779085281,3.));
#1965=CARTESIAN_POINT('',(36.2560510946393,-87.9562778294352,3.));
#1966=CARTESIAN_POINT('Origin',(-75.6371952538931,-82.9473779085281,3.));
#1967=CARTESIAN_POINT('',(34.2494993237284,-77.8404410595117,5.));
#1968=CARTESIAN_POINT('Origin',(-75.6371952538931,-82.9473779085281,5.));
#1969=CARTESIAN_POINT('Ctrl Pts',(34.2494993237284,-77.8404410595117,5.));
#1970=CARTESIAN_POINT('Ctrl Pts',(34.252012339233,-77.8517473057641,5.));
#1971=CARTESIAN_POINT('Ctrl Pts',(34.254524479118,-77.8630537653827,4.99999704358237));
#1972=CARTESIAN_POINT('Ctrl Pts',(35.1271363600866,-81.7918863588757,4.99793968321039));
#1973=CARTESIAN_POINT('Ctrl Pts',(35.6921596671228,-84.8228835659121,4.63971826606025));
#1974=CARTESIAN_POINT('Ctrl Pts',(36.0575844185427,-86.8363694685948,3.96472542371009));
#1975=CARTESIAN_POINT('Ctrl Pts',(36.124259726475,-87.2088628325419,3.81552338752149));
#1976=CARTESIAN_POINT('Ctrl Pts',(36.1948881658842,-87.6079437666542,3.55233801156113));
#1977=CARTESIAN_POINT('Ctrl Pts',(36.21495893208,-87.7219163574874,3.46238618748862));
#1978=CARTESIAN_POINT('Ctrl Pts',(36.238484862113,-87.8559294152331,3.30147787246617));
#1979=CARTESIAN_POINT('Ctrl Pts',(36.2457176908878,-87.8972237019092,3.23774032029452));
#1980=CARTESIAN_POINT('Ctrl Pts',(36.2540423454089,-87.9447871441536,3.11410562866886));
#1981=CARTESIAN_POINT('Ctrl Pts',(36.2560510946393,-87.9562778294352,3.05798486644413));
#1982=CARTESIAN_POINT('Ctrl Pts',(36.2560510946393,-87.9562778294352,3.));
#1983=CARTESIAN_POINT('Origin',(16.8589032930022,-35.6512878032657,3.));
#1984=CARTESIAN_POINT('',(9.98185138200797,-24.2157230834728,3.));
#1985=CARTESIAN_POINT('',(15.0098341089956,-36.4134840724492,3.));
#1986=CARTESIAN_POINT('',(10.,-24.2157230834728,3.25852381870609));
#1987=CARTESIAN_POINT('Origin',(12.1451019702487,-24.2157230834728,3.));
#1988=CARTESIAN_POINT('',(10.,-24.2597511791459,3.));
#1989=CARTESIAN_POINT('Origin',(10.,-19.0117590782598,3.));
#1990=CARTESIAN_POINT('',(15.0098341089956,-36.4134840724492,3.));
#1991=CARTESIAN_POINT('',(16.8589032930022,-35.6512878032657,5.));
#1992=CARTESIAN_POINT('Origin',(9.98185138200797,-24.2157230834728,0.));
#1993=CARTESIAN_POINT('',(9.98185138200798,-24.2157230834728,2.5));
#1994=CARTESIAN_POINT('',(9.98185138200797,-24.2157230834728,0.));
#1995=CARTESIAN_POINT('',(9.98185138200797,-24.2157230834728,0.));
#1996=CARTESIAN_POINT('',(9.98185138200797,-24.2157230834728,0.));
#1997=CARTESIAN_POINT('',(10.,-24.2157230834728,0.));
#1998=CARTESIAN_POINT('',(9.98185138200797,-24.2157230834728,0.));
#1999=CARTESIAN_POINT('',(10.,-24.2157230834728,0.));
#2000=CARTESIAN_POINT('Origin',(7.37597294694268,-17.8939268396941,0.));
#2001=CARTESIAN_POINT('',(7.37597294694268,-17.8939268396941,2.5));
#2002=CARTESIAN_POINT('',(7.37597294694268,-17.8939268396941,0.));
#2003=CARTESIAN_POINT('',(7.37597294694268,-17.8939268396941,2.5));
#2004=CARTESIAN_POINT('Ctrl Pts',(7.37597294694268,-17.8939268396941,2.5));
#2005=CARTESIAN_POINT('Ctrl Pts',(8.6890087031587,-12.6896378107243,2.5));
#2006=CARTESIAN_POINT('Ctrl Pts',(7.30783547732587,-7.67912755899569,2.5));
#2007=CARTESIAN_POINT('Ctrl Pts',(7.37597294694268,-17.8939268396941,3.));
#2008=CARTESIAN_POINT('Ctrl Pts',(8.6890087031587,-12.6896378107243,3.));
#2009=CARTESIAN_POINT('Ctrl Pts',(7.30783547732587,-7.67912755899569,3.));
#2010=CARTESIAN_POINT('',(7.30783568657199,-7.6791276358114,2.5));
#2011=CARTESIAN_POINT('',(7.30783568657199,-7.6791276358114,0.));
#2012=CARTESIAN_POINT('Origin',(-0.501625978082534,-13.3506666924735,2.5));
#2013=CARTESIAN_POINT('Origin',(21.8379710980854,-47.8177027326233,5.));
#2014=CARTESIAN_POINT('Ctrl Pts',(-0.993865303763307,-26.4515096655833,
3.));
#2015=CARTESIAN_POINT('Ctrl Pts',(-0.454641262775722,-26.4717699861498,
3.));
#2016=CARTESIAN_POINT('Ctrl Pts',(0.62340125354862,-26.3327199726576,3.));
#2017=CARTESIAN_POINT('Ctrl Pts',(2.43244146462157,-25.5465633887221,3.));
#2018=CARTESIAN_POINT('Ctrl Pts',(4.72051124676777,-23.5419996914213,3.));
#2019=CARTESIAN_POINT('Ctrl Pts',(7.31319788581043,-18.7872836426277,3.));
#2020=CARTESIAN_POINT('Ctrl Pts',(8.01809394212841,-13.4130420554636,3.));
#2021=CARTESIAN_POINT('Ctrl Pts',(7.35614881127971,-8.55810571426786,3.));
#2022=CARTESIAN_POINT('Ctrl Pts',(6.4575947383281,-5.69046504345703,3.));
#2023=CARTESIAN_POINT('Ctrl Pts',(5.19946199904221,-3.38919395278942,3.));
#2024=CARTESIAN_POINT('Ctrl Pts',(3.64940053802141,-1.72309823528016,3.));
#2025=CARTESIAN_POINT('Ctrl Pts',(2.11953220227541,-0.65505365073855,3.));
#2026=CARTESIAN_POINT('Ctrl Pts',(-0.00515393878116187,-0.0848205471771852,
3.));
#2027=CARTESIAN_POINT('Ctrl Pts',(-2.15494667248863,-0.498310801128173,
3.));
#2028=CARTESIAN_POINT('Ctrl Pts',(-3.77179984370187,-1.44276402907763,3.));
#2029=CARTESIAN_POINT('Ctrl Pts',(-5.8431777374042,-3.38269518378088,3.));
#2030=CARTESIAN_POINT('Ctrl Pts',(-7.59467041300374,-6.55569248968955,3.));
#2031=CARTESIAN_POINT('Ctrl Pts',(-9.03394728113356,-12.275891232702,3.));
#2032=CARTESIAN_POINT('Ctrl Pts',(-8.70232415450168,-18.1880090787645,3.));
#2033=CARTESIAN_POINT('Ctrl Pts',(-6.47467738327062,-23.1205018897172,3.));
#2034=CARTESIAN_POINT('Ctrl Pts',(-4.34260330404981,-25.2920669995051,3.));
#2035=CARTESIAN_POINT('Ctrl Pts',(-2.59792919735347,-26.211569697454,3.));
#2036=CARTESIAN_POINT('Ctrl Pts',(-1.53308934475089,-26.4312493450168,3.));
#2037=CARTESIAN_POINT('Ctrl Pts',(-0.993865303763307,-26.4515096655833,
3.));
#2038=CARTESIAN_POINT('Ctrl Pts',(-0.993865303763307,-26.4515096655833,
3.59839860068377));
#2039=CARTESIAN_POINT('Ctrl Pts',(-0.453958302869473,-26.4717956470728,
3.59839860068377));
#2040=CARTESIAN_POINT('Ctrl Pts',(0.624187116408061,-26.3328722612531,3.59839860068377));
#2041=CARTESIAN_POINT('Ctrl Pts',(2.43418200532892,-25.546218033534,3.59839860068377));
#2042=CARTESIAN_POINT('Ctrl Pts',(4.7212853323032,-23.5415357544508,3.59839860068377));
#2043=CARTESIAN_POINT('Ctrl Pts',(7.31334082282562,-18.7871014335049,3.59839860068377));
#2044=CARTESIAN_POINT('Ctrl Pts',(8.01804169924152,-13.4133420918249,3.59839860068377));
#2045=CARTESIAN_POINT('Ctrl Pts',(7.35638828782471,-8.55829496644503,3.59839860068377));
#2046=CARTESIAN_POINT('Ctrl Pts',(6.45754139132228,-5.6903066698451,3.59839860068377));
#2047=CARTESIAN_POINT('Ctrl Pts',(5.20056379159377,-3.38967915663249,3.59839860068377));
#2048=CARTESIAN_POINT('Ctrl Pts',(3.65019754011484,-1.72309321050978,3.59839860068377));
#2049=CARTESIAN_POINT('Ctrl Pts',(2.12095656759161,-0.654688365825865,3.59839860068377));
#2050=CARTESIAN_POINT('Ctrl Pts',(-0.00552426253484917,-0.0840485205303785,
3.59839860068377));
#2051=CARTESIAN_POINT('Ctrl Pts',(-2.15543470265136,-0.497692537076376,
3.59839860068377));
#2052=CARTESIAN_POINT('Ctrl Pts',(-3.77288133320948,-1.4428862837207,3.59839860068377));
#2053=CARTESIAN_POINT('Ctrl Pts',(-5.84416787691896,-3.3830789920885,3.59839860068377));
#2054=CARTESIAN_POINT('Ctrl Pts',(-7.59459920495594,-6.55583410854847,3.59839860068377));
#2055=CARTESIAN_POINT('Ctrl Pts',(-9.03432350071836,-12.2760240357306,3.59839860068377));
#2056=CARTESIAN_POINT('Ctrl Pts',(-8.70214202458854,-18.1878836485794,3.59839860068377));
#2057=CARTESIAN_POINT('Ctrl Pts',(-6.47547436017759,-23.1200393604364,3.59839860068377));
#2058=CARTESIAN_POINT('Ctrl Pts',(-4.34430064128636,-25.2915869717322,3.59839860068377));
#2059=CARTESIAN_POINT('Ctrl Pts',(-2.59872846427496,-26.2116668186368,3.59839860068377));
#2060=CARTESIAN_POINT('Ctrl Pts',(-1.53377230465714,-26.4312236840937,3.59839860068377));
#2061=CARTESIAN_POINT('Ctrl Pts',(-0.993865303763307,-26.4515096655833,
3.59839860068377));
#2062=CARTESIAN_POINT('Ctrl Pts',(-0.975031476480893,-25.9502514341969,
4.63482144781801));
#2063=CARTESIAN_POINT('Ctrl Pts',(-0.488713362570864,-25.9685239149028,
4.63482144781801));
#2064=CARTESIAN_POINT('Ctrl Pts',(0.484774161939266,-25.8436440394135,4.63482144781801));
#2065=CARTESIAN_POINT('Ctrl Pts',(2.1463290697928,-25.1243877735096,4.63482144781801));
#2066=CARTESIAN_POINT('Ctrl Pts',(4.3064645647853,-23.2405709001861,4.63482144781801));
#2067=CARTESIAN_POINT('Ctrl Pts',(6.81884680796218,-18.6527575409458,4.634821447818));
#2068=CARTESIAN_POINT('Ctrl Pts',(7.5104587366359,-13.3966170532359,4.63482144781801));
#2069=CARTESIAN_POINT('Ctrl Pts',(6.86355078796255,-8.66618616264905,4.634821447818));
#2070=CARTESIAN_POINT('Ctrl Pts',(5.9921743157242,-5.88441366915141,4.634821447818));
#2071=CARTESIAN_POINT('Ctrl Pts',(4.77956847775799,-3.67483301920295,4.63482144781801));
#2072=CARTESIAN_POINT('Ctrl Pts',(3.31626431285442,-2.10274503149607,4.634821447818));
#2073=CARTESIAN_POINT('Ctrl Pts',(1.89412021513216,-1.11573716567598,4.634821447818));
#2074=CARTESIAN_POINT('Ctrl Pts',(-0.0240814545650306,-0.603187454509779,
4.634821447818));
#2075=CARTESIAN_POINT('Ctrl Pts',(-1.96663753535936,-0.974090480248418,
4.634821447818));
#2076=CARTESIAN_POINT('Ctrl Pts',(-3.46732409643702,-1.84642638299372,4.634821447818));
#2077=CARTESIAN_POINT('Ctrl Pts',(-5.4249218484806,-3.67698121843773,4.634821447818));
#2078=CARTESIAN_POINT('Ctrl Pts',(-7.12234020690667,-6.73740003896162,4.63482144781801));
#2079=CARTESIAN_POINT('Ctrl Pts',(-8.52471157272462,-12.3088414613377,4.634821447818));
#2080=CARTESIAN_POINT('Ctrl Pts',(-8.19971588818735,-18.0908504028824,4.63482144781801));
#2081=CARTESIAN_POINT('Ctrl Pts',(-6.03897573574057,-22.8510352459344,4.634821447818));
#2082=CARTESIAN_POINT('Ctrl Pts',(-4.0256416886979,-24.8925511416032,4.634821447818));
#2083=CARTESIAN_POINT('Ctrl Pts',(-2.42295922586013,-25.7342845169882,4.634821447818));
#2084=CARTESIAN_POINT('Ctrl Pts',(-1.46134959039092,-25.9319789534909,4.634821447818));
#2085=CARTESIAN_POINT('Ctrl Pts',(-0.975031476480893,-25.9502514341969,
4.634821447818));
#2086=CARTESIAN_POINT('Ctrl Pts',(-0.935622963536179,-24.9014024029285,
5.));
#2087=CARTESIAN_POINT('Ctrl Pts',(-0.559405520116695,-24.9155380597743,
5.));
#2088=CARTESIAN_POINT('Ctrl Pts',(0.195398353983559,-24.8204197500241,5.));
#2089=CARTESIAN_POINT('Ctrl Pts',(1.54919090171819,-24.2407096623903,5.));
#2090=CARTESIAN_POINT('Ctrl Pts',(3.44078147436459,-22.6094429491465,5.));
#2091=CARTESIAN_POINT('Ctrl Pts',(5.78457639940628,-18.3711102962805,5.));
#2092=CARTESIAN_POINT('Ctrl Pts',(6.44822031234098,-13.3625130553772,5.));
#2093=CARTESIAN_POINT('Ctrl Pts',(5.83303354017879,-8.89250386405993,5.));
#2094=CARTESIAN_POINT('Ctrl Pts',(5.01826650427548,-6.29009862011557,5.));
#2095=CARTESIAN_POINT('Ctrl Pts',(3.90193984843492,-4.27294076387145,5.));
#2096=CARTESIAN_POINT('Ctrl Pts',(2.61990107486831,-2.89712591451343,5.));
#2097=CARTESIAN_POINT('Ctrl Pts',(1.42371513176629,-2.07936467132714,5.));
#2098=CARTESIAN_POINT('Ctrl Pts',(-0.0640121104305401,-1.68715539145469,
5.));
#2099=CARTESIAN_POINT('Ctrl Pts',(-1.57304312837195,-1.9690829182578,5.));
#2100=CARTESIAN_POINT('Ctrl Pts',(-2.83118149366616,-2.6911702821564,5.));
#2101=CARTESIAN_POINT('Ctrl Pts',(-4.55062153303848,-4.29309287215633,5.));
#2102=CARTESIAN_POINT('Ctrl Pts',(-6.13395841129106,-7.11773553589219,5.));
#2103=CARTESIAN_POINT('Ctrl Pts',(-7.45950150689992,-12.3779045377086,5.));
#2104=CARTESIAN_POINT('Ctrl Pts',(-7.1478816168264,-17.8874419750431,5.));
#2105=CARTESIAN_POINT('Ctrl Pts',(-5.12800124896347,-22.2867871716868,4.99999999999999));
#2106=CARTESIAN_POINT('Ctrl Pts',(-3.3639155630989,-24.0561684515943,5.));
#2107=CARTESIAN_POINT('Ctrl Pts',(-2.05755019723658,-24.7356830020438,5.));
#2108=CARTESIAN_POINT('Ctrl Pts',(-1.31184040695566,-24.8872667460828,5.));
#2109=CARTESIAN_POINT('Ctrl Pts',(-0.93562296353618,-24.9014024029285,5.));
#2110=CARTESIAN_POINT('Ctrl Pts',(-0.918772084549224,-24.452919910674,5.));
#2111=CARTESIAN_POINT('Ctrl Pts',(-0.589565108099056,-24.4652892383906,
5.));
#2112=CARTESIAN_POINT('Ctrl Pts',(0.0717410016605329,-24.3829094334222,
5.));
#2113=CARTESIAN_POINT('Ctrl Pts',(1.29403101394052,-23.8628190177051,5.));
#2114=CARTESIAN_POINT('Ctrl Pts',(3.0706968967021,-22.3395296539804,5.));
#2115=CARTESIAN_POINT('Ctrl Pts',(5.34234188728192,-18.2506612253584,5.));
#2116=CARTESIAN_POINT('Ctrl Pts',(5.99400738096485,-13.3479602413696,5.));
#2117=CARTESIAN_POINT('Ctrl Pts',(5.39241347506738,-8.98929500613459,5.));
#2118=CARTESIAN_POINT('Ctrl Pts',(4.60182318213481,-6.46355166161706,5.));
#2119=CARTESIAN_POINT('Ctrl Pts',(3.52678005650657,-4.52873690535762,5.));
#2120=CARTESIAN_POINT('Ctrl Pts',(2.32221908418737,-3.23679862499742,5.));
#2121=CARTESIAN_POINT('Ctrl Pts',(1.22271417540943,-2.49137049453651,5.));
#2122=CARTESIAN_POINT('Ctrl Pts',(-0.0811231365739736,-2.15057766037553,
5.));
#2123=CARTESIAN_POINT('Ctrl Pts',(-1.40479277311843,-2.39447503159885,5.));
#2124=CARTESIAN_POINT('Ctrl Pts',(-2.55927787206991,-3.05239063737097,5.));
#2125=CARTESIAN_POINT('Ctrl Pts',(-4.17687379132011,-4.55657729501123,5.));
#2126=CARTESIAN_POINT('Ctrl Pts',(-5.71132430857071,-7.28037915726987,5.));
#2127=CARTESIAN_POINT('Ctrl Pts',(-7.0040605884687,-12.4074487828543,5.));
#2128=CARTESIAN_POINT('Ctrl Pts',(-6.69810451235239,-17.8004530776133,5.));
#2129=CARTESIAN_POINT('Ctrl Pts',(-4.7385525812059,-22.0454715106656,4.99999999999999));
#2130=CARTESIAN_POINT('Ctrl Pts',(-3.08113389160611,-23.6984876751775,5.));
#2131=CARTESIAN_POINT('Ctrl Pts',(-1.90138276278886,-24.308695763849,5.));
#2132=CARTESIAN_POINT('Ctrl Pts',(-1.24797906099939,-24.4405505829575,5.));
#2133=CARTESIAN_POINT('Ctrl Pts',(-0.918772084549225,-24.4529199106741,
5.));
#2134=CARTESIAN_POINT('',(-0.918772084549225,-24.4529199106741,5.));
#2135=CARTESIAN_POINT('',(-0.993865303763307,-26.4515096655833,3.));
#2136=CARTESIAN_POINT('Origin',(-0.918772084549224,-24.452919910674,3.));
#2137=CARTESIAN_POINT('Ctrl Pts',(-0.993865303763307,-26.4515096655833,
3.));
#2138=CARTESIAN_POINT('Ctrl Pts',(-0.454641262775722,-26.4717699861498,
3.));
#2139=CARTESIAN_POINT('Ctrl Pts',(0.62340125354862,-26.3327199726576,3.));
#2140=CARTESIAN_POINT('Ctrl Pts',(2.43244146462157,-25.5465633887221,3.));
#2141=CARTESIAN_POINT('Ctrl Pts',(4.72051124676777,-23.5419996914213,3.));
#2142=CARTESIAN_POINT('Ctrl Pts',(7.31319788581043,-18.7872836426277,3.));
#2143=CARTESIAN_POINT('Ctrl Pts',(8.01809394212841,-13.4130420554636,3.));
#2144=CARTESIAN_POINT('Ctrl Pts',(7.35614881127971,-8.55810571426786,3.));
#2145=CARTESIAN_POINT('Ctrl Pts',(6.4575947383281,-5.69046504345703,3.));
#2146=CARTESIAN_POINT('Ctrl Pts',(5.19946199904221,-3.38919395278942,3.));
#2147=CARTESIAN_POINT('Ctrl Pts',(3.64940053802141,-1.72309823528016,3.));
#2148=CARTESIAN_POINT('Ctrl Pts',(2.11953220227541,-0.65505365073855,3.));
#2149=CARTESIAN_POINT('Ctrl Pts',(-0.00515393878116187,-0.0848205471771852,
3.));
#2150=CARTESIAN_POINT('Ctrl Pts',(-2.15494667248863,-0.498310801128173,
3.));
#2151=CARTESIAN_POINT('Ctrl Pts',(-3.77179984370187,-1.44276402907763,3.));
#2152=CARTESIAN_POINT('Ctrl Pts',(-5.8431777374042,-3.38269518378088,3.));
#2153=CARTESIAN_POINT('Ctrl Pts',(-7.59467041300374,-6.55569248968955,3.));
#2154=CARTESIAN_POINT('Ctrl Pts',(-9.03394728113356,-12.275891232702,3.));
#2155=CARTESIAN_POINT('Ctrl Pts',(-8.70232415450168,-18.1880090787645,3.));
#2156=CARTESIAN_POINT('Ctrl Pts',(-6.47467738327062,-23.1205018897172,3.));
#2157=CARTESIAN_POINT('Ctrl Pts',(-4.34260330404981,-25.2920669995051,3.));
#2158=CARTESIAN_POINT('Ctrl Pts',(-2.59792919735347,-26.211569697454,3.));
#2159=CARTESIAN_POINT('Ctrl Pts',(-1.53308934475089,-26.4312493450168,3.));
#2160=CARTESIAN_POINT('Ctrl Pts',(-0.993865303763307,-26.4515096655833,
3.));
#2161=CARTESIAN_POINT('Ctrl Pts',(-0.918772084549225,-24.4529199106741,
5.));
#2162=CARTESIAN_POINT('Ctrl Pts',(-1.24797906099939,-24.4405505829575,5.));
#2163=CARTESIAN_POINT('Ctrl Pts',(-1.90138276278886,-24.308695763849,5.));
#2164=CARTESIAN_POINT('Ctrl Pts',(-3.08113389160611,-23.6984876751775,5.));
#2165=CARTESIAN_POINT('Ctrl Pts',(-4.7385525812059,-22.0454715106656,4.99999999999999));
#2166=CARTESIAN_POINT('Ctrl Pts',(-6.69810451235239,-17.8004530776133,5.));
#2167=CARTESIAN_POINT('Ctrl Pts',(-7.0040605884687,-12.4074487828543,5.));
#2168=CARTESIAN_POINT('Ctrl Pts',(-5.71132430857071,-7.28037915726987,5.));
#2169=CARTESIAN_POINT('Ctrl Pts',(-4.17687379132011,-4.55657729501123,5.));
#2170=CARTESIAN_POINT('Ctrl Pts',(-2.55927787206991,-3.05239063737097,5.));
#2171=CARTESIAN_POINT('Ctrl Pts',(-1.40479277311843,-2.39447503159885,5.));
#2172=CARTESIAN_POINT('Ctrl Pts',(-0.0811231365739736,-2.15057766037553,
5.));
#2173=CARTESIAN_POINT('Ctrl Pts',(1.22271417540943,-2.49137049453651,5.));
#2174=CARTESIAN_POINT('Ctrl Pts',(2.32221908418737,-3.23679862499742,5.));
#2175=CARTESIAN_POINT('Ctrl Pts',(3.52678005650657,-4.52873690535762,5.));
#2176=CARTESIAN_POINT('Ctrl Pts',(4.60182318213481,-6.46355166161706,5.));
#2177=CARTESIAN_POINT('Ctrl Pts',(5.39241347506738,-8.98929500613459,5.));
#2178=CARTESIAN_POINT('Ctrl Pts',(5.99400738096485,-13.3479602413696,5.));
#2179=CARTESIAN_POINT('Ctrl Pts',(5.34234188728192,-18.2506612253584,5.));
#2180=CARTESIAN_POINT('Ctrl Pts',(3.0706968967021,-22.3395296539804,5.));
#2181=CARTESIAN_POINT('Ctrl Pts',(1.29403101394052,-23.8628190177051,5.));
#2182=CARTESIAN_POINT('Ctrl Pts',(0.0717410016605329,-24.3829094334222,
5.));
#2183=CARTESIAN_POINT('Ctrl Pts',(-0.589565108099056,-24.4652892383906,
5.));
#2184=CARTESIAN_POINT('Ctrl Pts',(-0.918772084549224,-24.452919910674,5.));
#2185=CARTESIAN_POINT('Ctrl Pts',(-0.993865303763307,-26.4515096655833,
0.));
#2186=CARTESIAN_POINT('Ctrl Pts',(-0.993865303763307,-26.4515096655833,
5.));
#2187=CARTESIAN_POINT('Ctrl Pts',(0.891699133745823,-26.5223561728769,0.));
#2188=CARTESIAN_POINT('Ctrl Pts',(0.891699133745823,-26.5223561728769,5.));
#2189=CARTESIAN_POINT('Ctrl Pts',(2.82840101552698,-25.5153993328027,0.));
#2190=CARTESIAN_POINT('Ctrl Pts',(2.82840101552698,-25.5153993328027,5.));
#2191=CARTESIAN_POINT('Ctrl Pts',(4.38038203333746,-23.6102150190907,0.));
#2192=CARTESIAN_POINT('Ctrl Pts',(4.38038203333746,-23.6102150190907,5.));
#2193=CARTESIAN_POINT('Ctrl Pts',(6.08755377204988,-21.5145213346435,0.));
#2194=CARTESIAN_POINT('Ctrl Pts',(6.08755377204988,-21.5145213346435,5.));
#2195=CARTESIAN_POINT('Ctrl Pts',(7.28843811218209,-18.3488061632696,0.));
#2196=CARTESIAN_POINT('Ctrl Pts',(7.28843811218209,-18.3488061632696,5.));
#2197=CARTESIAN_POINT('Ctrl Pts',(7.63182831658653,-14.989310154059,0.));
#2198=CARTESIAN_POINT('Ctrl Pts',(7.63182831658653,-14.989310154059,5.));
#2199=CARTESIAN_POINT('Ctrl Pts',(7.96190999053625,-11.760015747508,0.));
#2200=CARTESIAN_POINT('Ctrl Pts',(7.96190999053625,-11.760015747508,5.));
#2201=CARTESIAN_POINT('Ctrl Pts',(7.49955524661451,-8.38760922764677,0.));
#2202=CARTESIAN_POINT('Ctrl Pts',(7.49955524661451,-8.38760922764677,5.));
#2203=CARTESIAN_POINT('Ctrl Pts',(6.37156577542084,-5.7429003299463,0.));
#2204=CARTESIAN_POINT('Ctrl Pts',(6.37156577542084,-5.7429003299463,5.));
#2205=CARTESIAN_POINT('Ctrl Pts',(5.28917253902339,-3.20509736616346,0.));
#2206=CARTESIAN_POINT('Ctrl Pts',(5.28917253902339,-3.20509736616346,5.));
#2207=CARTESIAN_POINT('Ctrl Pts',(3.60982089547009,-1.36572878045303,0.));
#2208=CARTESIAN_POINT('Ctrl Pts',(3.60982089547009,-1.36572878045303,5.));
#2209=CARTESIAN_POINT('Ctrl Pts',(1.7596029675046,-0.629280644101319,0.));
#2210=CARTESIAN_POINT('Ctrl Pts',(1.7596029675046,-0.629280644101319,5.));
#2211=CARTESIAN_POINT('Ctrl Pts',(-0.171382218607083,0.13931554132124,0.));
#2212=CARTESIAN_POINT('Ctrl Pts',(-0.171382218607083,0.13931554132124,5.));
#2213=CARTESIAN_POINT('Ctrl Pts',(-2.28802233889833,-0.271289457370556,
0.));
#2214=CARTESIAN_POINT('Ctrl Pts',(-2.28802233889833,-0.271289457370556,
5.));
#2215=CARTESIAN_POINT('Ctrl Pts',(-4.11258789771933,-1.79413118207121,0.));
#2216=CARTESIAN_POINT('Ctrl Pts',(-4.11258789771933,-1.79413118207121,5.));
#2217=CARTESIAN_POINT('Ctrl Pts',(-5.96317117799435,-3.33868814282918,0.));
#2218=CARTESIAN_POINT('Ctrl Pts',(-5.96317117799435,-3.33868814282918,5.));
#2219=CARTESIAN_POINT('Ctrl Pts',(-7.47044928747287,-6.02938378812592,0.));
#2220=CARTESIAN_POINT('Ctrl Pts',(-7.47044928747287,-6.02938378812592,5.));
#2221=CARTESIAN_POINT('Ctrl Pts',(-8.20810842491698,-9.1608503246053,0.));
#2222=CARTESIAN_POINT('Ctrl Pts',(-8.20810842491698,-9.1608503246053,5.));
#2223=CARTESIAN_POINT('Ctrl Pts',(-8.96051215612216,-12.3549097303559,0.));
#2224=CARTESIAN_POINT('Ctrl Pts',(-8.96051215612216,-12.3549097303559,5.));
#2225=CARTESIAN_POINT('Ctrl Pts',(-8.90362754842748,-15.9693630938247,0.));
#2226=CARTESIAN_POINT('Ctrl Pts',(-8.90362754842748,-15.9693630938247,5.));
#2227=CARTESIAN_POINT('Ctrl Pts',(-8.05549987516719,-19.0083232527739,0.));
#2228=CARTESIAN_POINT('Ctrl Pts',(-8.05549987516719,-19.0083232527739,5.));
#2229=CARTESIAN_POINT('Ctrl Pts',(-7.27341588628136,-21.8106396470024,0.));
#2230=CARTESIAN_POINT('Ctrl Pts',(-7.27341588628136,-21.8106396470024,5.));
#2231=CARTESIAN_POINT('Ctrl Pts',(-5.83015675027052,-24.0956755287626,0.));
#2232=CARTESIAN_POINT('Ctrl Pts',(-5.83015675027052,-24.0956755287626,5.));
#2233=CARTESIAN_POINT('Ctrl Pts',(-4.09545796176531,-25.3369601999078,0.));
#2234=CARTESIAN_POINT('Ctrl Pts',(-4.09545796176531,-25.3369601999078,5.));
#2235=CARTESIAN_POINT('Ctrl Pts',(-3.12154876860925,-26.0338526866972,0.));
#2236=CARTESIAN_POINT('Ctrl Pts',(-3.12154876860925,-26.0338526866972,5.));
#2237=CARTESIAN_POINT('Ctrl Pts',(-2.06324689774146,-26.4113296805399,0.));
#2238=CARTESIAN_POINT('Ctrl Pts',(-2.06324689774146,-26.4113296805399,5.));
#2239=CARTESIAN_POINT('Ctrl Pts',(-0.99386530376331,-26.4515096655833,0.));
#2240=CARTESIAN_POINT('Ctrl Pts',(-0.99386530376331,-26.4515096655833,5.));
#2241=CARTESIAN_POINT('',(-0.993865303763307,-26.4515096655833,2.5));
#2242=CARTESIAN_POINT('',(-0.993865303763307,-26.4515096655833,0.));
#2243=CARTESIAN_POINT('Ctrl Pts',(-0.99386530376331,-26.4515096655833,2.5));
#2244=CARTESIAN_POINT('Ctrl Pts',(-2.06324689774146,-26.4113296805399,2.5));
#2245=CARTESIAN_POINT('Ctrl Pts',(-3.12154876860925,-26.0338526866972,2.5));
#2246=CARTESIAN_POINT('Ctrl Pts',(-4.09545796176531,-25.3369601999078,2.5));
#2247=CARTESIAN_POINT('Ctrl Pts',(-5.83015675027052,-24.0956755287626,2.5));
#2248=CARTESIAN_POINT('Ctrl Pts',(-7.27341588628136,-21.8106396470024,2.5));
#2249=CARTESIAN_POINT('Ctrl Pts',(-8.05549987516719,-19.0083232527739,2.5));
#2250=CARTESIAN_POINT('Ctrl Pts',(-8.90362754842748,-15.9693630938247,2.5));
#2251=CARTESIAN_POINT('Ctrl Pts',(-8.96051215612216,-12.3549097303559,2.5));
#2252=CARTESIAN_POINT('Ctrl Pts',(-8.20810842491698,-9.1608503246053,2.5));
#2253=CARTESIAN_POINT('Ctrl Pts',(-7.47044928747287,-6.02938378812592,2.5));
#2254=CARTESIAN_POINT('Ctrl Pts',(-5.96317117799435,-3.33868814282918,2.5));
#2255=CARTESIAN_POINT('Ctrl Pts',(-4.11258789771933,-1.79413118207121,2.5));
#2256=CARTESIAN_POINT('Ctrl Pts',(-2.28802233889833,-0.271289457370556,
2.5));
#2257=CARTESIAN_POINT('Ctrl Pts',(-0.171382218607083,0.13931554132124,2.5));
#2258=CARTESIAN_POINT('Ctrl Pts',(1.7596029675046,-0.629280644101319,2.5));
#2259=CARTESIAN_POINT('Ctrl Pts',(3.60982089547009,-1.36572878045303,2.5));
#2260=CARTESIAN_POINT('Ctrl Pts',(5.28917253902339,-3.20509736616346,2.5));
#2261=CARTESIAN_POINT('Ctrl Pts',(6.37156577542084,-5.7429003299463,2.5));
#2262=CARTESIAN_POINT('Ctrl Pts',(7.49955524661451,-8.38760922764677,2.5));
#2263=CARTESIAN_POINT('Ctrl Pts',(7.96190999053625,-11.760015747508,2.5));
#2264=CARTESIAN_POINT('Ctrl Pts',(7.63182831658653,-14.989310154059,2.5));
#2265=CARTESIAN_POINT('Ctrl Pts',(7.28843811218209,-18.3488061632696,2.5));
#2266=CARTESIAN_POINT('Ctrl Pts',(6.08755377204988,-21.5145213346435,2.5));
#2267=CARTESIAN_POINT('Ctrl Pts',(4.38038203333746,-23.6102150190907,2.5));
#2268=CARTESIAN_POINT('Ctrl Pts',(2.82840101552698,-25.5153993328027,2.5));
#2269=CARTESIAN_POINT('Ctrl Pts',(0.891699133745823,-26.5223561728769,2.5));
#2270=CARTESIAN_POINT('Ctrl Pts',(-0.993865303763307,-26.4515096655833,
2.5));
#2271=CARTESIAN_POINT('Origin',(-0.499301082792951,-13.1915203157778,5.));
#2272=CARTESIAN_POINT('Ctrl Pts',(5.09005073036575,-23.0840728273286,3.));
#2273=CARTESIAN_POINT('Ctrl Pts',(4.38792466248781,-24.0887933450057,3.));
#2274=CARTESIAN_POINT('Ctrl Pts',(3.1313456777333,-25.3949499426131,3.));
#2275=CARTESIAN_POINT('Ctrl Pts',(0.670142836892033,-26.6797567610433,3.));
#2276=CARTESIAN_POINT('Ctrl Pts',(-1.98670997896678,-26.8862156322577,3.));
#2277=CARTESIAN_POINT('Ctrl Pts',(-3.95383135175601,-25.8361844334912,3.));
#2278=CARTESIAN_POINT('Ctrl Pts',(-4.81490456601242,-25.0857285925811,3.));
#2279=CARTESIAN_POINT('Ctrl Pts',(5.09005073036575,-23.0840728273286,3.59839860068377));
#2280=CARTESIAN_POINT('Ctrl Pts',(4.38829748627612,-24.0882598457856,3.59839860068377));
#2281=CARTESIAN_POINT('Ctrl Pts',(3.13012435953041,-25.3949658739748,3.59839860068377));
#2282=CARTESIAN_POINT('Ctrl Pts',(0.66996114700503,-26.6785239523104,3.59839860068377));
#2283=CARTESIAN_POINT('Ctrl Pts',(-1.98606626698757,-26.885387174502,3.59839860068377));
#2284=CARTESIAN_POINT('Ctrl Pts',(-3.95452636386267,-25.8355787057943,3.59839860068377));
#2285=CARTESIAN_POINT('Ctrl Pts',(-4.81490456601242,-25.0857285925811,3.59839860068377));
#2286=CARTESIAN_POINT('Ctrl Pts',(5.50126622587244,-23.3714414177284,4.63476800926407));
#2287=CARTESIAN_POINT('Ctrl Pts',(4.77025912416414,-24.4174897945872,4.63476800926407));
#2288=CARTESIAN_POINT('Ctrl Pts',(3.45360964423076,-25.7915316985953,4.63476800926406));
#2289=CARTESIAN_POINT('Ctrl Pts',(0.813267791788262,-27.1768437927329,4.63476800926406));
#2290=CARTESIAN_POINT('Ctrl Pts',(-2.10510437226564,-27.4055486055448,4.63476800926406));
#2291=CARTESIAN_POINT('Ctrl Pts',(-4.22960505914174,-26.2613058593491,4.63476800926406));
#2292=CARTESIAN_POINT('Ctrl Pts',(-5.14451783190866,-25.463926933982,4.63476800926406));
#2293=CARTESIAN_POINT('Ctrl Pts',(6.36154429372754,-23.9726271668372,5.));
#2294=CARTESIAN_POINT('Ctrl Pts',(5.57043388479391,-25.1046815028994,5.));
#2295=CARTESIAN_POINT('Ctrl Pts',(4.12675973818003,-26.6212089817049,5.));
#2296=CARTESIAN_POINT('Ctrl Pts',(1.11253607587014,-28.2157204564087,5.));
#2297=CARTESIAN_POINT('Ctrl Pts',(-2.35224270225655,-28.4913082877661,5.));
#2298=CARTESIAN_POINT('Ctrl Pts',(-4.80712461802753,-27.1501608026784,5.));
#2299=CARTESIAN_POINT('Ctrl Pts',(-5.83408100893639,-26.2551318908999,5.));
#2300=CARTESIAN_POINT('Ctrl Pts',(6.72941728930683,-24.2297068375717,5.));
#2301=CARTESIAN_POINT('Ctrl Pts',(5.91264414347547,-25.3984837502202,5.));
#2302=CARTESIAN_POINT('Ctrl Pts',(4.41448609604715,-26.9759980918901,5.));
#2303=CARTESIAN_POINT('Ctrl Pts',(1.24049062796904,-28.6598379948332,5.));
#2304=CARTESIAN_POINT('Ctrl Pts',(-2.45785742884254,-28.9555159650933,5.));
#2305=CARTESIAN_POINT('Ctrl Pts',(-5.05415627457704,-27.5301909930083,5.));
#2306=CARTESIAN_POINT('Ctrl Pts',(-6.12895272664371,-26.593467771465,5.));
#2307=CARTESIAN_POINT('',(-3.81627863491298,-28.0705800916053,5.));
#2308=CARTESIAN_POINT('',(4.24657499118014,-26.879240228645,5.));
#2309=CARTESIAN_POINT('Ctrl Pts',(-3.81628031323899,-28.0705839931689,5.));
#2310=CARTESIAN_POINT('Ctrl Pts',(-3.34890670303275,-28.274366059047,5.));
#2311=CARTESIAN_POINT('Ctrl Pts',(-1.50752953442166,-28.8795385236553,5.));
#2312=CARTESIAN_POINT('Ctrl Pts',(1.24049062796904,-28.6598379948332,5.));
#2313=CARTESIAN_POINT('Ctrl Pts',(3.33273671503431,-27.5498781717619,5.));
#2314=CARTESIAN_POINT('Ctrl Pts',(4.07958015715847,-27.0076125466036,5.));
#2315=CARTESIAN_POINT('Ctrl Pts',(4.24616197968152,-26.8787065050715,5.));
#2316=CARTESIAN_POINT('',(5.09005073010871,-23.0840728277251,3.));
#2317=CARTESIAN_POINT('Ctrl Pts',(4.24657499118014,-26.879240228645,5.));
#2318=CARTESIAN_POINT('Ctrl Pts',(4.24767746704587,-26.8757528179509,5.));
#2319=CARTESIAN_POINT('Ctrl Pts',(4.24877907374029,-26.8722651290373,4.99999673859832));
#2320=CARTESIAN_POINT('Ctrl Pts',(4.41301336125426,-26.3518469394159,4.99902431197847));
#2321=CARTESIAN_POINT('Ctrl Pts',(4.55972127168291,-25.8164769158218,4.92653045117013));
#2322=CARTESIAN_POINT('Ctrl Pts',(4.80023251988276,-24.7993377779782,4.65461743800107));
#2323=CARTESIAN_POINT('Ctrl Pts',(4.8903135334347,-24.3358536062637,4.46007688483483));
#2324=CARTESIAN_POINT('Ctrl Pts',(4.99086740007106,-23.7558683629453,4.09355515822089));
#2325=CARTESIAN_POINT('Ctrl Pts',(5.02317203302028,-23.55048341119,3.93211675071458));
#2326=CARTESIAN_POINT('Ctrl Pts',(5.06141970509541,-23.2915995981848,3.62630289121204));
#2327=CARTESIAN_POINT('Ctrl Pts',(5.07316764011922,-23.2076414052921,3.49683464366003));
#2328=CARTESIAN_POINT('Ctrl Pts',(5.08681476769019,-23.1083518678407,3.24109735483545));
#2329=CARTESIAN_POINT('Ctrl Pts',(5.09005073036575,-23.0840728273286,3.12238395326815));
#2330=CARTESIAN_POINT('Ctrl Pts',(5.09005073036575,-23.0840728273286,3.));
#2331=CARTESIAN_POINT('',(-4.81490456480242,-25.0857285936356,3.));
#2332=CARTESIAN_POINT('Ctrl Pts',(5.09005073009526,-23.0840728277157,3.));
#2333=CARTESIAN_POINT('Ctrl Pts',(4.38792466248781,-24.0887933450057,3.));
#2334=CARTESIAN_POINT('Ctrl Pts',(3.1313456777333,-25.3949499426131,3.));
#2335=CARTESIAN_POINT('Ctrl Pts',(0.670142836892033,-26.6797567610433,3.));
#2336=CARTESIAN_POINT('Ctrl Pts',(-1.98670997846899,-26.886215632219,3.));
#2337=CARTESIAN_POINT('Ctrl Pts',(-3.9538313508346,-25.8361844339831,3.));
#2338=CARTESIAN_POINT('Ctrl Pts',(-4.81490456480242,-25.0857285936356,3.));
#2339=CARTESIAN_POINT('Ctrl Pts',(-3.81627863491298,-28.0705800916053,5.));
#2340=CARTESIAN_POINT('Ctrl Pts',(-3.81749671229714,-28.0677698881504,5.));
#2341=CARTESIAN_POINT('Ctrl Pts',(-3.81871412358825,-28.0649593943621,4.9999967089992));
#2342=CARTESIAN_POINT('Ctrl Pts',(-3.96760479146335,-27.721009240087,4.99919173476583));
#2343=CARTESIAN_POINT('Ctrl Pts',(-4.1064473451287,-27.3722888875641,4.94998662912971));
#2344=CARTESIAN_POINT('Ctrl Pts',(-4.3483816153207,-26.7081375432867,4.76554383500905));
#2345=CARTESIAN_POINT('Ctrl Pts',(-4.45562358646565,-26.3828908434902,4.63071706676703));
#2346=CARTESIAN_POINT('Ctrl Pts',(-4.62032453958838,-25.8373151105327,4.29636718956066));
#2347=CARTESIAN_POINT('Ctrl Pts',(-4.67906946047895,-25.6223806425771,4.11781747052125));
#2348=CARTESIAN_POINT('Ctrl Pts',(-4.75348574699183,-25.3374718246713,3.77999202751695));
#2349=CARTESIAN_POINT('Ctrl Pts',(-4.77830759191257,-25.2371564804865,3.62210805567541));
#2350=CARTESIAN_POINT('Ctrl Pts',(-4.80783688655558,-25.1157252070356,3.30494575484596));
#2351=CARTESIAN_POINT('Ctrl Pts',(-4.81490456471155,-25.0857285937148,3.15460233253087));
#2352=CARTESIAN_POINT('Ctrl Pts',(-4.81490456471155,-25.0857285937148,3.));
#2353=CARTESIAN_POINT('Origin',(7.75000000000003,-46.2861031923649,3.));
#2354=CARTESIAN_POINT('',(9.75000000000001,-50.9055011851613,3.));
#2355=CARTESIAN_POINT('',(7.75000000000001,-50.8948636723832,5.));
#2356=CARTESIAN_POINT('Ctrl Pts',(9.75000000000001,-50.9055011851613,3.00000000000001));
#2357=CARTESIAN_POINT('Ctrl Pts',(9.75000000000001,-50.9052486903045,3.0745696859694));
#2358=CARTESIAN_POINT('Ctrl Pts',(9.74582517866622,-50.9049961954476,3.1491391775073));
#2359=CARTESIAN_POINT('Ctrl Pts',(9.73750160358192,-50.9047437005907,3.22324286272869));
#2360=CARTESIAN_POINT('Ctrl Pts',(9.72917830403013,-50.9044912140921,3.29734409492075));
#2361=CARTESIAN_POINT('Ctrl Pts',(9.71670656907864,-50.9042387275936,3.37097916527856));
#2362=CARTESIAN_POINT('Ctrl Pts',(9.7001642670912,-50.9039862410949,3.44368832682486));
#2363=CARTESIAN_POINT('Ctrl Pts',(9.68362247223091,-50.9037337623367,3.51639525937131));
#2364=CARTESIAN_POINT('Ctrl Pts',(9.66301044641128,-50.9034812835784,3.58817596086446));
#2365=CARTESIAN_POINT('Ctrl Pts',(9.63845687473573,-50.9032288048201,3.65858228966726));
#2366=CARTESIAN_POINT('Ctrl Pts',(9.6139039957327,-50.9029763331844,3.7289866322609));
#2367=CARTESIAN_POINT('Ctrl Pts',(9.58540992148452,-50.9027238615487,3.79801631276533));
#2368=CARTESIAN_POINT('Ctrl Pts',(9.55315253632097,-50.9024713899131,3.86524038900139));
#2369=CARTESIAN_POINT('Ctrl Pts',(9.52089598228368,-50.9022189247824,3.9324627331784));
#2370=CARTESIAN_POINT('Ctrl Pts',(9.48487647959428,-50.9019664596518,3.99787921583004));
#2371=CARTESIAN_POINT('Ctrl Pts',(9.44531888116381,-50.9017139945211,4.06108147244662));
#2372=CARTESIAN_POINT('Ctrl Pts',(9.40576220524514,-50.9014615352782,4.12428225514088));
#2373=CARTESIAN_POINT('Ctrl Pts',(9.36266780494621,-50.9012090760352,4.1852685857783));
#2374=CARTESIAN_POINT('Ctrl Pts',(9.31630468593157,-50.9009566167922,4.24365977293986));
#2375=CARTESIAN_POINT('Ctrl Pts',(9.2696819942409,-50.9007027441085,4.3023778741881));
#2376=CARTESIAN_POINT('Ctrl Pts',(9.21975408816204,-50.9004488714248,4.35847135086673));
#2377=CARTESIAN_POINT('Ctrl Pts',(9.16683612269464,-50.9001949987411,4.41158612965261));
#2378=CARTESIAN_POINT('Ctrl Pts',(9.1142052954614,-50.8999425035963,4.46441270227536));
#2379=CARTESIAN_POINT('Ctrl Pts',(9.05861707986798,-50.8996900084514,4.51429257048568));
#2380=CARTESIAN_POINT('Ctrl Pts',(9.00041856950783,-50.8994375133066,4.56091428369081));
#2381=CARTESIAN_POINT('Ctrl Pts',(8.94222377927683,-50.8991850343016,4.60753301677166));
#2382=CARTESIAN_POINT('Ctrl Pts',(8.88141933174708,-50.8989325552965,4.65089376873047));
#2383=CARTESIAN_POINT('Ctrl Pts',(8.81838484229219,-50.8986800762915,4.69072582897414));
#2384=CARTESIAN_POINT('Ctrl Pts',(8.75535376541277,-50.8984276109553,4.73055573278072));
#2385=CARTESIAN_POINT('Ctrl Pts',(8.6900932168784,-50.898175145619,4.76685711970975));
#2386=CARTESIAN_POINT('Ctrl Pts',(8.62301058843731,-50.8979226802828,4.79940337681031));
#2387=CARTESIAN_POINT('Ctrl Pts',(8.55527644145008,-50.8976677629578,4.83226572901032));
#2388=CARTESIAN_POINT('Ctrl Pts',(8.48568497401647,-50.8974128456329,4.86129940306943));
#2389=CARTESIAN_POINT('Ctrl Pts',(8.41467907709868,-50.8971579283079,4.88631962415367));
#2390=CARTESIAN_POINT('Ctrl Pts',(8.34435228100615,-50.8969054490138,4.91110055169296));
#2391=CARTESIAN_POINT('Ctrl Pts',(8.27263838124799,-50.8966529697196,4.93194437680406));
#2392=CARTESIAN_POINT('Ctrl Pts',(8.19998510430128,-50.8964004904255,4.94872096666171));
#2393=CARTESIAN_POINT('Ctrl Pts',(8.12627947811344,-50.8961443540851,4.96574055769354));
#2394=CARTESIAN_POINT('Ctrl Pts',(8.05160743388275,-50.8958882177447,4.97857401722485));
#2395=CARTESIAN_POINT('Ctrl Pts',(7.97644874329148,-50.8956320814043,4.98713888962541));
#2396=CARTESIAN_POINT('Ctrl Pts',(7.9012900527002,-50.8953759450639,4.99570376202597));
#2397=CARTESIAN_POINT('Ctrl Pts',(7.82564513077942,-50.8951198087235,5.));
#2398=CARTESIAN_POINT('Ctrl Pts',(7.75000000000001,-50.8948636723832,5.));
#2399=CARTESIAN_POINT('',(7.75,-51.8725660760113,5.));
#2400=CARTESIAN_POINT('',(7.75000000000003,-46.2861031923649,5.));
#2401=CARTESIAN_POINT('',(9.75,-52.5640475287709,3.));
#2402=CARTESIAN_POINT('Ctrl Pts',(7.75,-51.8725660760113,5.));
#2403=CARTESIAN_POINT('Ctrl Pts',(7.75216892696708,-51.873362203372,5.));
#2404=CARTESIAN_POINT('Ctrl Pts',(7.75433790798032,-51.8741581810051,4.99999647181688));
#2405=CARTESIAN_POINT('Ctrl Pts',(7.90160526001629,-51.92819119266,4.99951733977802));
#2406=CARTESIAN_POINT('Ctrl Pts',(8.04664796719224,-51.9806425573228,4.98325537721352));
#2407=CARTESIAN_POINT('Ctrl Pts',(8.33041875538653,-52.0819329510651,4.91940461839475));
#2408=CARTESIAN_POINT('Ctrl Pts',(8.46861771075383,-52.1305945584581,4.87216549172637));
#2409=CARTESIAN_POINT('Ctrl Pts',(8.83254553672273,-52.2573048339541,4.70103978351383));
#2410=CARTESIAN_POINT('Ctrl Pts',(9.04351917166713,-52.3290956388834,4.54760271697844));
#2411=CARTESIAN_POINT('Ctrl Pts',(9.38884893813381,-52.4451692270125,4.17294629869124));
#2412=CARTESIAN_POINT('Ctrl Pts',(9.52316696345759,-52.4895585182007,3.95901327725808));
#2413=CARTESIAN_POINT('Ctrl Pts',(9.70376789111332,-52.5489910729779,3.49356818849552));
#2414=CARTESIAN_POINT('Ctrl Pts',(9.75,-52.5640475287709,3.24828511277227));
#2415=CARTESIAN_POINT('Ctrl Pts',(9.75,-52.5640475287709,3.));
#2416=CARTESIAN_POINT('',(9.75000000000003,-46.2861031923649,3.));
#2417=CARTESIAN_POINT('Origin',(1.14152353354151,-46.2657150065775,3.));
#2418=CARTESIAN_POINT('',(-9.03194736949611,-49.47123359469,3.));
#2419=CARTESIAN_POINT('Origin',(1.14152353354151,-46.2657150065775,3.));
#2420=CARTESIAN_POINT('',(-7.04541621830506,-49.108734109957,5.));
#2421=CARTESIAN_POINT('Origin',(1.14152353354151,-46.2657150065775,5.));
#2422=CARTESIAN_POINT('Ctrl Pts',(-7.04541621830506,-49.108734109957,5.));
#2423=CARTESIAN_POINT('Ctrl Pts',(-7.04789102825601,-49.1092020626569,5.));
#2424=CARTESIAN_POINT('Ctrl Pts',(-7.05036584887125,-49.1096699480785,4.99999534481273));
#2425=CARTESIAN_POINT('Ctrl Pts',(-7.18699871203722,-49.1354977074089,4.99948131879283));
#2426=CARTESIAN_POINT('Ctrl Pts',(-7.32082475860101,-49.1605898825289,4.98529753527873));
#2427=CARTESIAN_POINT('Ctrl Pts',(-7.58354919338952,-49.209493580655,4.92995943319723));
#2428=CARTESIAN_POINT('Ctrl Pts',(-7.71181707169604,-49.2331886813512,4.88897072350205));
#2429=CARTESIAN_POINT('Ctrl Pts',(-8.07177418069011,-49.2992684243684,4.73198867305909));
#2430=CARTESIAN_POINT('Ctrl Pts',(-8.28667433652761,-49.3381740646182,4.58314518333372));
#2431=CARTESIAN_POINT('Ctrl Pts',(-8.64661555761278,-49.40286494717,4.21165122278464));
#2432=CARTESIAN_POINT('Ctrl Pts',(-8.78879174858018,-49.428151913581,3.99322627402393));
#2433=CARTESIAN_POINT('Ctrl Pts',(-8.98222915903377,-49.4624696741978,3.5141208486952));
#2434=CARTESIAN_POINT('Ctrl Pts',(-9.03194736949608,-49.4712335946901,3.25835276488865));
#2435=CARTESIAN_POINT('Ctrl Pts',(-9.03194736949608,-49.4712335946901,3.));
#2436=CARTESIAN_POINT('Origin',(-70.5325221599162,-50.0514465074616,3.));
#2437=CARTESIAN_POINT('Origin',(-70.5325221599162,-50.0514465074616,5.));
#2438=CARTESIAN_POINT('Origin',(-70.5325221599162,-50.0514465074616,3.));
#2439=CARTESIAN_POINT('Origin',(48.7312411057336,-46.9029737312342,3.));
#2440=CARTESIAN_POINT('Origin',(48.7312411057336,-46.9029737312342,3.));
#2441=CARTESIAN_POINT('Origin',(48.7312411057336,-46.9029737312342,5.));
#2442=CARTESIAN_POINT('Ctrl Pts',(-4.81490456480242,-25.0857285936356,2.5));
#2443=CARTESIAN_POINT('Ctrl Pts',(0.471524898245172,-29.6930393319381,2.5));
#2444=CARTESIAN_POINT('Ctrl Pts',(5.09005073012817,-23.0840728276686,2.5));
#2445=CARTESIAN_POINT('Ctrl Pts',(-4.81490456480242,-25.0857285936356,3.));
#2446=CARTESIAN_POINT('Ctrl Pts',(0.471524898245172,-29.6930393319381,3.));
#2447=CARTESIAN_POINT('Ctrl Pts',(5.09005073012817,-23.0840728276686,3.));
#2448=CARTESIAN_POINT('',(5.09005073012817,-23.0840728276686,2.5));
#2449=CARTESIAN_POINT('',(5.09005073012817,-23.0840728276686,0.));
#2450=CARTESIAN_POINT('',(-4.81490456480242,-25.0857285936356,2.5));
#2451=CARTESIAN_POINT('Origin',(-0.501625978082534,-13.3506666924735,2.5));
#2452=CARTESIAN_POINT('',(-4.81490456480242,-25.0857285936356,0.));
#2453=CARTESIAN_POINT('Origin',(-70.5325221599162,-50.0514465074616,0.));
#2454=CARTESIAN_POINT('',(9.75000000000001,-50.9055011851613,2.5));
#2455=CARTESIAN_POINT('',(9.75000000000001,-50.9055011851613,0.));
#2456=CARTESIAN_POINT('Origin',(-70.5325221599162,-50.0514465074616,2.5));
#2457=CARTESIAN_POINT('Origin',(9.75,-52.5640475287709,0.));
#2458=CARTESIAN_POINT('',(9.75,-52.5640475287709,2.5));
#2459=CARTESIAN_POINT('',(9.75,-52.5640475287709,0.));
#2460=CARTESIAN_POINT('',(9.75000000000001,-50.9055011851613,2.5));
#2461=CARTESIAN_POINT('Origin',(0.332764314063363,-40.008158855959,5.));
#2462=CARTESIAN_POINT('Ctrl Pts',(-8.69772310816488,-17.2912367569916,3.));
#2463=CARTESIAN_POINT('Ctrl Pts',(-9.24644344164759,-14.1343350185696,3.));
#2464=CARTESIAN_POINT('Ctrl Pts',(-9.03868089406394,-10.7815631166684,3.));
#2465=CARTESIAN_POINT('Ctrl Pts',(-8.07700501259149,-7.74249905855362,3.));
#2466=CARTESIAN_POINT('Ctrl Pts',(-8.69772310816488,-17.2912367569916,3.59839860068377));
#2467=CARTESIAN_POINT('Ctrl Pts',(-9.24625727392052,-14.1354060800655,3.59839860068377));
#2468=CARTESIAN_POINT('Ctrl Pts',(-9.0383358686081,-10.7804727758559,3.59839860068377));
#2469=CARTESIAN_POINT('Ctrl Pts',(-8.07700501259149,-7.74249905855362,3.59839860068377));
#2470=CARTESIAN_POINT('Ctrl Pts',(-9.19192669837955,-17.377137295336,4.63482014962228));
#2471=CARTESIAN_POINT('Ctrl Pts',(-9.75506863421755,-14.1372650913268,4.63482014962228));
#2472=CARTESIAN_POINT('Ctrl Pts',(-9.54364927044511,-10.7146934345806,4.63482014962228));
#2473=CARTESIAN_POINT('Ctrl Pts',(-8.55524577079244,-7.59116542625623,4.63482014962228));
#2474=CARTESIAN_POINT('Ctrl Pts',(-10.226009620707,-17.5568775511325,5.));
#2475=CARTESIAN_POINT('Ctrl Pts',(-10.8191638477301,-14.1443384193011,5.));
#2476=CARTESIAN_POINT('Ctrl Pts',(-10.5999531064945,-10.5738144391945,5.));
#2477=CARTESIAN_POINT('Ctrl Pts',(-9.55592769744888,-7.27451146454677,5.));
#2478=CARTESIAN_POINT('Ctrl Pts',(-10.6681788566927,-17.6337336812023,5.));
#2479=CARTESIAN_POINT('Ctrl Pts',(-11.2741476453086,-14.1474697221659,5.));
#2480=CARTESIAN_POINT('Ctrl Pts',(-11.0515895085763,-10.5134665089081,5.));
#2481=CARTESIAN_POINT('Ctrl Pts',(-9.98381481696381,-7.13911164573364,5.));
#2482=CARTESIAN_POINT('',(-10.9924227429083,-13.761949510742,5.));
#2483=CARTESIAN_POINT('',(-10.7732684808221,-16.9667437340348,5.));
#2484=CARTESIAN_POINT('Ctrl Pts',(-10.9997519401555,-13.7619310254765,5.));
#2485=CARTESIAN_POINT('Ctrl Pts',(-11.0007978192967,-14.8338543556039,5.));
#2486=CARTESIAN_POINT('Ctrl Pts',(-10.9253084260157,-15.9059186004235,5.));
#2487=CARTESIAN_POINT('Ctrl Pts',(-10.7737471949555,-16.9668114939201,5.));
#2488=CARTESIAN_POINT('',(-8.6977231087212,-17.2912367558512,3.));
#2489=CARTESIAN_POINT('Ctrl Pts',(-10.7732684808221,-16.9667437340348,5.));
#2490=CARTESIAN_POINT('Ctrl Pts',(-10.7710746674719,-16.967103947403,5.));
#2491=CARTESIAN_POINT('Ctrl Pts',(-10.7688808467448,-16.9674641101738,4.99999662377294));
#2492=CARTESIAN_POINT('Ctrl Pts',(-10.6172185457183,-16.9923591494275,4.99952982637906));
#2493=CARTESIAN_POINT('Ctrl Pts',(-10.4680421043268,-17.0166026815648,4.98339926127933));
#2494=CARTESIAN_POINT('Ctrl Pts',(-10.1759834803175,-17.0635950516706,4.92035492701004));
#2495=CARTESIAN_POINT('Ctrl Pts',(-10.0336474524862,-17.086257622856,4.87365878903497));
#2496=CARTESIAN_POINT('Ctrl Pts',(-9.65479965142215,-17.146001767929,4.70317145205647));
#2497=CARTESIAN_POINT('Ctrl Pts',(-9.43413292279965,-17.1801055342064,4.54887356406711));
#2498=CARTESIAN_POINT('Ctrl Pts',(-9.0737743113334,-17.2350970935681,4.17312938989758));
#2499=CARTESIAN_POINT('Ctrl Pts',(-8.93371511066797,-17.2561028145939,3.95870405535436));
#2500=CARTESIAN_POINT('Ctrl Pts',(-8.74579193650293,-17.284146549868,3.49304354591292));
#2501=CARTESIAN_POINT('Ctrl Pts',(-8.69772310816488,-17.2912367569916,3.24806219931041));
#2502=CARTESIAN_POINT('Ctrl Pts',(-8.69772310816488,-17.2912367569916,3.));
#2503=CARTESIAN_POINT('',(-8.07700501259252,-7.74249905855687,3.));
#2504=CARTESIAN_POINT('Ctrl Pts',(-8.69772310837359,-17.2912367557908,3.));
#2505=CARTESIAN_POINT('Ctrl Pts',(-9.2464434415949,-14.1343350177194,3.));
#2506=CARTESIAN_POINT('Ctrl Pts',(-9.03868089394201,-10.7815631162831,3.));
#2507=CARTESIAN_POINT('Ctrl Pts',(-8.07700501259149,-7.74249905855362,3.));
#2508=CARTESIAN_POINT('Ctrl Pts',(-10.9924227429083,-13.761949510742,5.));
#2509=CARTESIAN_POINT('Ctrl Pts',(-10.9903381551421,-13.7564945928447,5.));
#2510=CARTESIAN_POINT('Ctrl Pts',(-10.9882524012253,-13.7510401124193,4.99999678492967));
#2511=CARTESIAN_POINT('Ctrl Pts',(-10.2961547667816,-11.9422838986369,4.99786671561937));
#2512=CARTESIAN_POINT('Ctrl Pts',(-9.47633064707924,-10.2455911124497,4.65411548232742));
#2513=CARTESIAN_POINT('Ctrl Pts',(-8.66637086741385,-8.7510474788157,4.05181054123601));
#2514=CARTESIAN_POINT('Ctrl Pts',(-8.47921559381984,-8.42343859221859,3.87783618190577));
#2515=CARTESIAN_POINT('Ctrl Pts',(-8.27614721921675,-8.07565578667082,3.60884949416518));
#2516=CARTESIAN_POINT('Ctrl Pts',(-8.21092669444664,-7.96558454040521,3.50756224288857));
#2517=CARTESIAN_POINT('Ctrl Pts',(-8.13438456538234,-7.83762436709611,3.3292871132746));
#2518=CARTESIAN_POINT('Ctrl Pts',(-8.11074936337233,-7.79837385541576,3.25929993366236));
#2519=CARTESIAN_POINT('Ctrl Pts',(-8.08358580494031,-7.75336524203307,3.12421307322431));
#2520=CARTESIAN_POINT('Ctrl Pts',(-8.07700501259249,-7.7424990585568,3.06314431073728));
#2521=CARTESIAN_POINT('Ctrl Pts',(-8.07700501259249,-7.7424990585568,3.));
#2522=CARTESIAN_POINT('Origin',(-34.6864243916609,-64.5065464294101,3.));
#2523=CARTESIAN_POINT('',(-39.1100641231375,-73.3008252278225,5.));
#2524=CARTESIAN_POINT('',(-34.6864243916609,-64.5065464294101,5.));
#2525=CARTESIAN_POINT('',(-42.2865929751556,-84.0665403677381,3.));
#2526=CARTESIAN_POINT('Ctrl Pts',(-39.1100641231375,-73.3008252278225,5.));
#2527=CARTESIAN_POINT('Ctrl Pts',(-39.1138806088243,-73.3127187585443,5.));
#2528=CARTESIAN_POINT('Ctrl Pts',(-39.1176961562327,-73.3246126101957,4.99999719154806));
#2529=CARTESIAN_POINT('Ctrl Pts',(-40.5355492874032,-77.7455608463755,4.99790625511829));
#2530=CARTESIAN_POINT('Ctrl Pts',(-41.447673024485,-81.0115582196063,4.60670526078804));
#2531=CARTESIAN_POINT('Ctrl Pts',(-42.0053540125069,-83.0324940808418,3.90700928956512));
#2532=CARTESIAN_POINT('Ctrl Pts',(-42.1001770874953,-83.3790313894162,3.76453735050913));
#2533=CARTESIAN_POINT('Ctrl Pts',(-42.2003030090249,-83.7474909202,3.51576672497517));
#2534=CARTESIAN_POINT('Ctrl Pts',(-42.2286672633648,-83.8521816796235,3.43134711562196));
#2535=CARTESIAN_POINT('Ctrl Pts',(-42.2618529921007,-83.9748994143991,3.280831005527));
#2536=CARTESIAN_POINT('Ctrl Pts',(-42.2720448775659,-84.0126388689597,3.22138806314115));
#2537=CARTESIAN_POINT('Ctrl Pts',(-42.2837646858964,-84.056055466962,3.10620090688185));
#2538=CARTESIAN_POINT('Ctrl Pts',(-42.2865929751556,-84.0665403677381,3.05397136758695));
#2539=CARTESIAN_POINT('Ctrl Pts',(-42.2865929751556,-84.0665403677381,3.));
#2540=CARTESIAN_POINT('',(-32.8997287782091,-65.4052781941054,3.));
#2541=CARTESIAN_POINT('Origin',(76.091577024205,-91.2967762777831,3.));
#2542=CARTESIAN_POINT('Origin',(76.091577024205,-91.2967762777831,3.));
#2543=CARTESIAN_POINT('Origin',(76.091577024205,-91.2967762777831,5.));
#2544=CARTESIAN_POINT('Origin',(76.091577024205,-91.2967762777831,0.));
#2545=CARTESIAN_POINT('',(-8.07700501259252,-7.74249905855687,2.5));
#2546=CARTESIAN_POINT('',(-8.07700501259252,-7.74249905855687,0.));
#2547=CARTESIAN_POINT('',(-42.2865929751556,-84.0665403677381,2.5));
#2548=CARTESIAN_POINT('Origin',(76.091577024205,-91.2967762777831,2.5));
#2549=CARTESIAN_POINT('',(-42.2865929751556,-84.0665403677381,0.));
#2550=CARTESIAN_POINT('Ctrl Pts',(-8.07700501259252,-7.74249905855686,2.5));
#2551=CARTESIAN_POINT('Ctrl Pts',(-9.54893309852531,-12.3940493659658,2.5));
#2552=CARTESIAN_POINT('Ctrl Pts',(-8.69772310816488,-17.2912367569916,2.5));
#2553=CARTESIAN_POINT('Ctrl Pts',(-8.07700501259252,-7.74249905855686,3.));
#2554=CARTESIAN_POINT('Ctrl Pts',(-9.54893309852531,-12.3940493659658,3.));
#2555=CARTESIAN_POINT('Ctrl Pts',(-8.69772310816488,-17.2912367569916,3.));
#2556=CARTESIAN_POINT('',(-8.69772310816488,-17.2912367569916,2.5));
#2557=CARTESIAN_POINT('',(-8.69772310816488,-17.2912367569916,0.));
#2558=CARTESIAN_POINT('Origin',(-0.501625978082534,-13.3506666924735,2.5));
#2559=CARTESIAN_POINT('Origin',(-25.181798993874,-45.9045197131475,5.));
#2560=CARTESIAN_POINT('Ctrl Pts',(-5.01233696993892,-24.9079209981153,3.));
#2561=CARTESIAN_POINT('Ctrl Pts',(-5.80999014669207,-24.1659843461706,3.));
#2562=CARTESIAN_POINT('Ctrl Pts',(-7.40453473845482,-21.9970930198717,3.));
#2563=CARTESIAN_POINT('Ctrl Pts',(-8.30922597696656,-19.2933206235059,3.));
#2564=CARTESIAN_POINT('Ctrl Pts',(-8.62246850025137,-17.6979687058026,3.));
#2565=CARTESIAN_POINT('Ctrl Pts',(-5.01233696993892,-24.9079209981153,3.59839860068377));
#2566=CARTESIAN_POINT('Ctrl Pts',(-5.80937018138095,-24.1665610065547,3.59839860068377));
#2567=CARTESIAN_POINT('Ctrl Pts',(-7.4040216407039,-21.9975678614461,3.59839860068377));
#2568=CARTESIAN_POINT('Ctrl Pts',(-8.30933432243703,-19.2927688173454,3.59839860068377));
#2569=CARTESIAN_POINT('Ctrl Pts',(-8.62246850025137,-17.6979687058026,3.59839860068377));
#2570=CARTESIAN_POINT('Ctrl Pts',(-5.35401437136533,-25.2752570287025,4.63476774731435));
#2571=CARTESIAN_POINT('Ctrl Pts',(-6.19969355848983,-24.4886490103299,4.63476774731435));
#2572=CARTESIAN_POINT('Ctrl Pts',(-7.86445816003529,-22.216896079693,4.63476774731436));
#2573=CARTESIAN_POINT('Ctrl Pts',(-8.7931098926914,-19.4327237349751,4.63476774731436));
#2574=CARTESIAN_POINT('Ctrl Pts',(-9.11474546732171,-17.7946257992056,4.63476774731436));
#2575=CARTESIAN_POINT('Ctrl Pts',(-6.06881550512703,-26.0437369165708,4.99999999999999));
#2576=CARTESIAN_POINT('Ctrl Pts',(-7.01443993912568,-25.1641648832544,4.99999999999999));
#2577=CARTESIAN_POINT('Ctrl Pts',(-8.82619808687715,-22.6771353337449,5.));
#2578=CARTESIAN_POINT('Ctrl Pts',(-9.80550412638341,-19.7238910118272,5.));
#2579=CARTESIAN_POINT('Ctrl Pts',(-10.1446061859927,-17.9968358361064,5.));
#2580=CARTESIAN_POINT('Ctrl Pts',(-6.37447959553524,-26.3723551781089,4.99999999999999));
#2581=CARTESIAN_POINT('Ctrl Pts',(-7.36277836299601,-25.4530896376197,4.99999999999999));
#2582=CARTESIAN_POINT('Ctrl Pts',(-9.23740515728948,-22.8739926789816,5.));
#2583=CARTESIAN_POINT('Ctrl Pts',(-10.2384365727278,-19.8483430084234,5.));
#2584=CARTESIAN_POINT('Ctrl Pts',(-10.584996421754,-18.0833051267682,5.));
#2585=CARTESIAN_POINT('',(-8.97397416362101,-22.8474847334806,5.));
#2586=CARTESIAN_POINT('',(-7.33938267896616,-25.3502314935787,5.));
#2587=CARTESIAN_POINT('Ctrl Pts',(-8.97395062868298,-22.8474726828058,5.));
#2588=CARTESIAN_POINT('Ctrl Pts',(-8.92022813603318,-22.9523919247574,5.));
#2589=CARTESIAN_POINT('Ctrl Pts',(-8.45505920105401,-23.8358591229917,5.));
#2590=CARTESIAN_POINT('Ctrl Pts',(-7.90211792532274,-24.6744600390283,5.));
#2591=CARTESIAN_POINT('Ctrl Pts',(-7.33942397172865,-25.3502659148379,4.99999999999999));
#2592=CARTESIAN_POINT('',(-5.01233697002668,-24.9079209980668,3.));
#2593=CARTESIAN_POINT('Ctrl Pts',(-7.33938267896616,-25.3502314935787,5.));
#2594=CARTESIAN_POINT('Ctrl Pts',(-7.33697116884108,-25.3498330865688,5.));
#2595=CARTESIAN_POINT('Ctrl Pts',(-7.33455968392863,-25.349434527617,4.99999666725128));
#2596=CARTESIAN_POINT('Ctrl Pts',(-7.13156884926355,-25.3158719921743,4.99943567256522));
#2597=CARTESIAN_POINT('Ctrl Pts',(-6.93120446365037,-25.2816436675917,4.97582847302529));
#2598=CARTESIAN_POINT('Ctrl Pts',(-6.54289611148581,-25.2130274794072,4.88417652947043));
#2599=CARTESIAN_POINT('Ctrl Pts',(-6.35472390445414,-25.1786148833899,4.81647822675508));
#2600=CARTESIAN_POINT('Ctrl Pts',(-5.92592664273428,-25.0976599868213,4.60123818786126));
#2601=CARTESIAN_POINT('Ctrl Pts',(-5.69591403254155,-25.05194110463,4.43215066456426));
#2602=CARTESIAN_POINT('Ctrl Pts',(-5.34797342022573,-24.9804047792399,4.04967745071352));
#2603=CARTESIAN_POINT('Ctrl Pts',(-5.21942011613262,-24.9529355584447,3.84975174075357));
#2604=CARTESIAN_POINT('Ctrl Pts',(-5.05401368596619,-24.9171577267347,3.42873872282435));
#2605=CARTESIAN_POINT('Ctrl Pts',(-5.01233696993894,-24.9079209981153,3.21643151226994));
#2606=CARTESIAN_POINT('Ctrl Pts',(-5.01233696993894,-24.9079209981153,3.));
#2607=CARTESIAN_POINT('',(-8.62246850024572,-17.6979687058314,3.));
#2608=CARTESIAN_POINT('Ctrl Pts',(-5.01233696993892,-24.9079209981153,3.));
#2609=CARTESIAN_POINT('Ctrl Pts',(-5.80999014669207,-24.1659843461706,3.));
#2610=CARTESIAN_POINT('Ctrl Pts',(-7.40453473845482,-21.9970930198717,3.));
#2611=CARTESIAN_POINT('Ctrl Pts',(-8.30922597696656,-19.2933206235059,3.));
#2612=CARTESIAN_POINT('Ctrl Pts',(-8.62246850025137,-17.6979687058026,3.));
#2613=CARTESIAN_POINT('Ctrl Pts',(-8.97397416362101,-22.8474847334806,5.));
#2614=CARTESIAN_POINT('Ctrl Pts',(-8.97398885130176,-22.8428818381256,5.));
#2615=CARTESIAN_POINT('Ctrl Pts',(-8.97400261705052,-22.838278933742,4.9999967505023));
#2616=CARTESIAN_POINT('Ctrl Pts',(-8.9771623593275,-21.7059333875211,4.99839983845127));
#2617=CARTESIAN_POINT('Ctrl Pts',(-8.918952852363,-20.5752520703069,4.80470758795495));
#2618=CARTESIAN_POINT('Ctrl Pts',(-8.79804283830008,-19.1573436937211,4.34542896208781));
#2619=CARTESIAN_POINT('Ctrl Pts',(-8.74935275730683,-18.7110145098558,4.14605998196718));
#2620=CARTESIAN_POINT('Ctrl Pts',(-8.6894533960794,-18.2093357414936,3.81590450833895));
#2621=CARTESIAN_POINT('Ctrl Pts',(-8.66859387540955,-18.0446809962809,3.68534116167085));
#2622=CARTESIAN_POINT('Ctrl Pts',(-8.64277751396491,-17.8479306745454,3.4497938197287));
#2623=CARTESIAN_POINT('Ctrl Pts',(-8.63450415520174,-17.7864514328474,3.35504859501481));
#2624=CARTESIAN_POINT('Ctrl Pts',(-8.6248417442533,-17.7152359188833,3.17078612431054));
#2625=CARTESIAN_POINT('Ctrl Pts',(-8.62246850024572,-17.6979687058314,3.08678063887457));
#2626=CARTESIAN_POINT('Ctrl Pts',(-8.62246850024572,-17.6979687058314,3.));
#2627=CARTESIAN_POINT('Origin',(48.7312411057335,-46.9029737312341,3.));
#2628=CARTESIAN_POINT('',(-11.3204413943996,-48.3966197640506,5.));
#2629=CARTESIAN_POINT('Origin',(48.7312411057335,-46.9029737312341,5.));
#2630=CARTESIAN_POINT('',(-9.29486335595436,-49.16698126432,3.));
#2631=CARTESIAN_POINT('Ctrl Pts',(-11.3204413943997,-48.3966197640506,5.));
#2632=CARTESIAN_POINT('Ctrl Pts',(-11.318311210186,-48.3974384606707,5.));
#2633=CARTESIAN_POINT('Ctrl Pts',(-11.3161810176218,-48.3982571339007,4.99999666355548));
#2634=CARTESIAN_POINT('Ctrl Pts',(-11.1610874118855,-48.4578605985207,4.9995108354208));
#2635=CARTESIAN_POINT('Ctrl Pts',(-11.0083343841876,-48.5164256212516,4.98182917766734));
#2636=CARTESIAN_POINT('Ctrl Pts',(-10.7101654319095,-48.6304807412479,4.91264928423556));
#2637=CARTESIAN_POINT('Ctrl Pts',(-10.5651484043736,-48.6858201327085,4.86147493576456));
#2638=CARTESIAN_POINT('Ctrl Pts',(-10.1945864886576,-48.8269322679131,4.68116274873701));
#2639=CARTESIAN_POINT('Ctrl Pts',(-9.98308710233403,-48.9071423930158,4.52375622849143));
#2640=CARTESIAN_POINT('Ctrl Pts',(-9.64335767192057,-49.0356687065914,4.1462240368355));
#2641=CARTESIAN_POINT('Ctrl Pts',(-9.51281816614841,-49.0848961295654,3.93500665226829));
#2642=CARTESIAN_POINT('Ctrl Pts',(-9.33914126854605,-49.1503326679161,3.47895581920046));
#2643=CARTESIAN_POINT('Ctrl Pts',(-9.29486335595435,-49.1669812643199,3.24114285658555));
#2644=CARTESIAN_POINT('Ctrl Pts',(-9.29486335595435,-49.1669812643199,3.));
#2645=CARTESIAN_POINT('Origin',(48.7312411057335,-46.9029737312341,3.));
#2646=CARTESIAN_POINT('Origin',(-30.5287281866854,-68.6581244783387,3.));
#2647=CARTESIAN_POINT('',(-33.6999931203801,-72.0032744180052,5.));
#2648=CARTESIAN_POINT('',(-30.5287281866854,-68.6581244783387,5.));
#2649=CARTESIAN_POINT('',(-41.5844990681302,-83.2271040269417,3.));
#2650=CARTESIAN_POINT('Origin',(-33.6999931203801,-72.0032744180052,3.));
#2651=CARTESIAN_POINT('',(-29.0772941849031,-70.0341111564974,3.));
#2652=CARTESIAN_POINT('Origin',(-14.8940323379596,-34.6166714774869,3.));
#2653=CARTESIAN_POINT('',(-16.6807279514113,-33.7179397127916,3.));
#2654=CARTESIAN_POINT('',(-14.8940323379596,-34.6166714774869,5.));
#2655=CARTESIAN_POINT('Origin',(-8.62246850024572,-17.6979687058314,0.));
#2656=CARTESIAN_POINT('',(-8.62246850024572,-17.6979687058314,2.5));
#2657=CARTESIAN_POINT('',(-8.62246850024572,-17.6979687058314,0.));
#2658=CARTESIAN_POINT('',(-41.5844990681302,-83.2271040269417,2.5));
#2659=CARTESIAN_POINT('',(-8.62246850024572,-17.6979687058314,2.5));
#2660=CARTESIAN_POINT('',(-41.5844990681302,-83.2271040269417,0.));
#2661=CARTESIAN_POINT('Ctrl Pts',(-8.62246850024572,-17.6979687058314,2.5));
#2662=CARTESIAN_POINT('Ctrl Pts',(-7.69714880774732,-22.4106447832154,2.5));
#2663=CARTESIAN_POINT('Ctrl Pts',(-5.01233696993892,-24.9079209981153,2.5));
#2664=CARTESIAN_POINT('Ctrl Pts',(-8.62246850024572,-17.6979687058314,3.));
#2665=CARTESIAN_POINT('Ctrl Pts',(-7.69714880774732,-22.4106447832154,3.));
#2666=CARTESIAN_POINT('Ctrl Pts',(-5.01233696993892,-24.9079209981153,3.));
#2667=CARTESIAN_POINT('',(-5.01233696993892,-24.9079209981153,2.5));
#2668=CARTESIAN_POINT('',(-5.01233696993892,-24.9079209981153,0.));
#2669=CARTESIAN_POINT('Origin',(-0.501625978082534,-13.3506666924735,2.5));
#2670=CARTESIAN_POINT('Origin',(-23.2984180190346,-50.4625363663865,5.));
#2671=CARTESIAN_POINT('Origin',(0.,0.,0.));
#2672=CARTESIAN_POINT('Origin',(0.,0.,2.5));
#2673=CARTESIAN_POINT('Origin',(0.,0.,5.));
#2674=CARTESIAN_POINT('Origin',(10.,-24.2597511791459,0.));
#2675=CARTESIAN_POINT('',(10.,-24.2597511791459,2.5));
#2676=CARTESIAN_POINT('',(10.,-24.2597511791459,0.));
#2677=CARTESIAN_POINT('',(36.2560510946393,-87.9562778294352,2.5));
#2678=CARTESIAN_POINT('',(7.37597294694268,-17.8939268396941,2.5));
#2679=CARTESIAN_POINT('',(36.2560510946393,-87.9562778294352,0.));
#2680=CARTESIAN_POINT('Origin',(-75.6371952538931,-82.9473779085281,0.));
#2681=CARTESIAN_POINT('Origin',(-75.6371952538931,-82.9473779085281,2.5));
#2682=CARTESIAN_POINT('Origin',(10.,-24.2157230834728,0.));
#2683=CARTESIAN_POINT('',(10.,-24.2597511791459,0.));
#2684=CARTESIAN_POINT('',(10.,-24.2157230834728,0.));
#2685=CARTESIAN_POINT('',(10.,-24.259751179146,0.));
#2686=CARTESIAN_POINT('Origin',(36.2560510946393,-87.9562778294352,0.));
#2687=CARTESIAN_POINT('',(7.37597294694268,-17.8939268396941,0.));
#2688=CARTESIAN_POINT('',(7.37597294694268,-17.8939268396941,2.5));
#2689=CARTESIAN_POINT('Origin',(10.0040420097033,-50.3354146417567,0.));
#2690=CARTESIAN_POINT('',(10.0040420097033,-50.3354146417567,2.5));
#2691=CARTESIAN_POINT('',(10.0040420097033,-50.3354146417567,0.));
#2692=CARTESIAN_POINT('',(10.2285987106246,-50.8056240015103,2.5));
#2693=CARTESIAN_POINT('',(10.2285987106246,-50.8056240015103,2.5));
#2694=CARTESIAN_POINT('',(10.2285987106246,-50.8056240015103,0.));
#2695=CARTESIAN_POINT('Origin',(117.48200997652,-3.32208615337613,0.));
#2696=CARTESIAN_POINT('',(35.7963844178447,-87.4971369216078,2.5));
#2697=CARTESIAN_POINT('Origin',(117.48200997652,-3.32208615337613,2.5));
#2698=CARTESIAN_POINT('',(35.7963844178447,-87.4971369216078,0.));
#2699=CARTESIAN_POINT('Origin',(-70.5325221599162,-50.0514465074616,0.));
#2700=CARTESIAN_POINT('',(5.26405556358433,-22.828338463855,2.5));
#2701=CARTESIAN_POINT('',(5.26405556358433,-22.828338463855,0.));
#2702=CARTESIAN_POINT('Origin',(-70.5325221599162,-50.0514465074616,2.5));
#2703=CARTESIAN_POINT('Ctrl Pts',(5.26405556358433,-22.828338463855,2.5));
#2704=CARTESIAN_POINT('Ctrl Pts',(6.5597187779879,-20.8726673655804,2.5));
#2705=CARTESIAN_POINT('Ctrl Pts',(7.27043212339197,-18.2938864404466,2.5));
#2706=CARTESIAN_POINT('Ctrl Pts',(5.26405556358433,-22.828338463855,3.));
#2707=CARTESIAN_POINT('Ctrl Pts',(6.5597187779879,-20.8726673655804,3.));
#2708=CARTESIAN_POINT('Ctrl Pts',(7.27043212339197,-18.2938864404466,3.));
#2709=CARTESIAN_POINT('',(7.27043212339197,-18.2938864404467,2.5));
#2710=CARTESIAN_POINT('',(7.27043212339197,-18.2938864404467,0.));
#2711=CARTESIAN_POINT('Origin',(-0.501625978082534,-13.3506666924735,2.5));
#2712=CARTESIAN_POINT('Origin',(35.7963844178447,-87.4971369216078,0.));
#2713=CARTESIAN_POINT('',(7.27043212339197,-18.2938864404467,2.5));
#2714=CARTESIAN_POINT('Origin',(-42.2865929751556,-84.0665403677381,0.));
#2715=CARTESIAN_POINT('',(-8.69772310816488,-17.2912367569916,2.5));
#2716=CARTESIAN_POINT('Origin',(48.7312411057336,-46.9029737312342,0.));
#2717=CARTESIAN_POINT('',(-9.03194736949611,-49.47123359469,2.5));
#2718=CARTESIAN_POINT('Origin',(48.7312411057336,-46.9029737312342,2.5));
#2719=CARTESIAN_POINT('',(-9.03194736949611,-49.47123359469,0.));
#2720=CARTESIAN_POINT('Origin',(1.14152353354151,-46.2657150065775,0.));
#2721=CARTESIAN_POINT('Origin',(1.14152353354151,-46.2657150065775,2.5));
#2722=CARTESIAN_POINT('Origin',(0.,4.45799661501736,5.));
#2723=CARTESIAN_POINT('Origin',(48.7312411057335,-46.9029737312341,0.));
#2724=CARTESIAN_POINT('',(-9.29486335595436,-49.16698126432,2.5));
#2725=CARTESIAN_POINT('',(-9.29486335595436,-49.16698126432,0.));
#2726=CARTESIAN_POINT('Origin',(48.7312411057335,-46.9029737312341,2.5));
#2727=CARTESIAN_POINT('Origin',(-41.5844990681302,-83.2271040269417,0.));
#2728=CARTESIAN_POINT('',(-41.5844990681302,-83.2271040269417,2.5));
#2729=CARTESIAN_POINT('Origin',(10.,-52.6452149294384,0.));
#2730=CARTESIAN_POINT('',(10.,-50.9068298783198,0.));
#2731=CARTESIAN_POINT('',(10.,-52.6452149294384,0.));
#2732=CARTESIAN_POINT('',(10.,-50.9068298783198,0.));
#2733=CARTESIAN_POINT('',(10.,-50.9068298783198,2.5));
#2734=CARTESIAN_POINT('',(10.,-50.9068298783198,0.));
#2735=CARTESIAN_POINT('',(10.,-52.6452149294384,2.5));
#2736=CARTESIAN_POINT('',(10.,-50.9068298783198,2.5));
#2737=CARTESIAN_POINT('',(10.,-52.6452149294384,0.));
#2738=CARTESIAN_POINT('Origin',(1.14152353354151,-46.2657150065775,0.));
#2739=CARTESIAN_POINT('',(-9.28024217716343,-49.5149339963896,0.));
#2740=CARTESIAN_POINT('Origin',(1.14152353354151,-46.2657150065775,0.));
#2741=CARTESIAN_POINT('',(-9.28024217716343,-49.5149339963896,2.5));
#2742=CARTESIAN_POINT('Origin',(1.14152353354151,-46.2657150065775,2.5));
#2743=CARTESIAN_POINT('',(-9.28024217716343,-49.5149339963896,0.));
#2744=CARTESIAN_POINT('Origin',(-42.5700623115985,-84.6300827280582,0.));
#2745=CARTESIAN_POINT('',(-42.5700623115979,-84.6300827280589,0.));
#2746=CARTESIAN_POINT('',(-42.570062311599,-84.6300827280588,0.));
#2747=CARTESIAN_POINT('',(-42.5700623115979,-84.6300827280589,2.5));
#2748=CARTESIAN_POINT('',(-42.570062311599,-84.6300827280588,2.5));
#2749=CARTESIAN_POINT('',(-42.5700623115979,-84.6300827280589,0.));
#2750=CARTESIAN_POINT('Origin',(76.091577024205,-91.2967762777831,0.));
#2751=CARTESIAN_POINT('',(-30.8156843051508,-39.3750377879855,0.));
#2752=CARTESIAN_POINT('Origin',(76.091577024205,-91.2967762777831,0.));
#2753=CARTESIAN_POINT('',(-30.8156843051508,-39.3750377879855,2.5));
#2754=CARTESIAN_POINT('Origin',(76.091577024205,-91.2967762777831,2.5));
#2755=CARTESIAN_POINT('',(-30.8156843051508,-39.3750377879855,0.));
#2756=CARTESIAN_POINT('Origin',(0.,0.,0.));
#2757=CARTESIAN_POINT('',(28.5150415300233,-41.0717957550223,0.));
#2758=CARTESIAN_POINT('Origin',(0.,0.,0.));
#2759=CARTESIAN_POINT('',(28.5150415300233,-41.0717957550223,2.5));
#2760=CARTESIAN_POINT('Origin',(0.,0.,2.5));
#2761=CARTESIAN_POINT('',(28.5150415300233,-41.0717957550223,0.));
#2762=CARTESIAN_POINT('Origin',(-75.6371952538931,-82.9473779085281,0.));
#2763=CARTESIAN_POINT('',(36.4806388846312,-88.5011222197429,0.));
#2764=CARTESIAN_POINT('Origin',(-75.6371952538931,-82.9473779085281,0.));
#2765=CARTESIAN_POINT('',(36.4806388846312,-88.5011222197429,2.5));
#2766=CARTESIAN_POINT('Origin',(-75.6371952538931,-82.9473779085281,2.5));
#2767=CARTESIAN_POINT('',(36.4806388846312,-88.5011222197429,0.));
#2768=CARTESIAN_POINT('Origin',(117.48200997652,-3.32208615337613,0.));
#2769=CARTESIAN_POINT('Origin',(117.48200997652,-3.32208615337613,0.));
#2770=CARTESIAN_POINT('Origin',(117.48200997652,-3.32208615337613,2.5));
#2771=CARTESIAN_POINT('Origin',(0.,-19.2505611098715,2.5));
#2772=CARTESIAN_POINT('Origin',(0.,-19.2505611098715,0.));
#2773=UNCERTAINTY_MEASURE_WITH_UNIT(LENGTH_MEASURE(0.01),#2777,
'DISTANCE_ACCURACY_VALUE',
'Maximum model space distance between geometric entities at asserted c
onnectivities');
#2774=UNCERTAINTY_MEASURE_WITH_UNIT(LENGTH_MEASURE(0.01),#2777,
'DISTANCE_ACCURACY_VALUE',
'Maximum model space distance between geometric entities at asserted c
onnectivities');
#2775=(
GEOMETRIC_REPRESENTATION_CONTEXT(3)
GLOBAL_UNCERTAINTY_ASSIGNED_CONTEXT((#2773))
GLOBAL_UNIT_ASSIGNED_CONTEXT((#2777,#2779,#2780))
REPRESENTATION_CONTEXT('','3D')
);
#2776=(
GEOMETRIC_REPRESENTATION_CONTEXT(3)
GLOBAL_UNCERTAINTY_ASSIGNED_CONTEXT((#2774))
GLOBAL_UNIT_ASSIGNED_CONTEXT((#2777,#2779,#2780))
REPRESENTATION_CONTEXT('','3D')
);
#2777=(
LENGTH_UNIT()
NAMED_UNIT(*)
SI_UNIT(.MILLI.,.METRE.)
);
#2778=(
LENGTH_UNIT()
NAMED_UNIT(*)
SI_UNIT($,.METRE.)
);
#2779=(
NAMED_UNIT(*)
PLANE_ANGLE_UNIT()
SI_UNIT($,.RADIAN.)
);
#2780=(
NAMED_UNIT(*)
SI_UNIT($,.STERADIAN.)
SOLID_ANGLE_UNIT()
);
#2781=SHAPE_DEFINITION_REPRESENTATION(#2782,#2783);
#2782=PRODUCT_DEFINITION_SHAPE('',$,#2785);
#2783=SHAPE_REPRESENTATION('',(#1141),#2775);
#2784=PRODUCT_DEFINITION_CONTEXT('part definition',#2789,'design');
#2785=PRODUCT_DEFINITION('2025-12-05-17-47-32-944','Happy',#2786,#2784);
#2786=PRODUCT_DEFINITION_FORMATION('',$,#2791);
#2787=PRODUCT_RELATED_PRODUCT_CATEGORY('Happy','Happy',(#2791));
#2788=APPLICATION_PROTOCOL_DEFINITION('international standard',
'automotive_design',2009,#2789);
#2789=APPLICATION_CONTEXT(
'Core Data for Automotive Mechanical Design Process');
#2790=PRODUCT_CONTEXT('part definition',#2789,'mechanical');
#2791=PRODUCT('2025-12-05-17-47-32-944','Happy',$,(#2790));
#2792=PRESENTATION_STYLE_ASSIGNMENT((#2793));
#2793=SURFACE_STYLE_USAGE(.BOTH.,#2794);
#2794=SURFACE_SIDE_STYLE('',(#2795));
#2795=SURFACE_STYLE_FILL_AREA(#2796);
#2796=FILL_AREA_STYLE('Steel - Satin',(#2797));
#2797=FILL_AREA_STYLE_COLOUR('Steel - Satin',#2798);
#2798=COLOUR_RGB('Steel - Satin',0.627450980392157,0.627450980392157,0.627450980392157);
ENDSEC;
END-ISO-10303-21;
