ISO-10303-21;
HEADER;
/* Generated by software containing ST-Developer
 * from STEP Tools, Inc. (www.steptools.com) 
 */

FILE_DESCRIPTION(
/* description */ (''),
/* implementation_level */ '2;1');

FILE_NAME(
/* name */ 'Happy_Assembly.step',
/* time_stamp */ '2025-12-07T12:20:06-05:00',
/* author */ (''),
/* organization */ (''),
/* preprocessor_version */ 'ST-DEVELOPER v20.1',
/* originating_system */ 'Autodesk Translation Framework v14.21.0.0',
/* authorisation */ '');

FILE_SCHEMA (('AUTOMOTIVE_DESIGN { 1 0 10303 214 3 1 1 }'));
ENDSEC;

DATA;
#10=MECHANICAL_DESIGN_GEOMETRIC_PRESENTATION_REPRESENTATION('',(#23,#24,
#25),#8514);
#11=ITEM_DEFINED_TRANSFORMATION($,$,#3229,#3535);
#12=ITEM_DEFINED_TRANSFORMATION($,$,#3339,#3536);
#13=(
REPRESENTATION_RELATIONSHIP($,$,#8528,#8527)
REPRESENTATION_RELATIONSHIP_WITH_TRANSFORMATION(#11)
SHAPE_REPRESENTATION_RELATIONSHIP()
);
#14=(
REPRESENTATION_RELATIONSHIP($,$,#8529,#8527)
REPRESENTATION_RELATIONSHIP_WITH_TRANSFORMATION(#12)
SHAPE_REPRESENTATION_RELATIONSHIP()
);
#15=CONTEXT_DEPENDENT_SHAPE_REPRESENTATION(#13,#8525);
#16=CONTEXT_DEPENDENT_SHAPE_REPRESENTATION(#14,#8526);
#17=NEXT_ASSEMBLY_USAGE_OCCURRENCE('Happy:1','Happy:1','Happy:1',#8531,
#8532,'Happy:1');
#18=NEXT_ASSEMBLY_USAGE_OCCURRENCE('Happy_Head:1','Happy_Head:1',
'Happy_Head:1',#8531,#8533,'Happy_Head:1');
#19=SHAPE_REPRESENTATION_RELATIONSHIP('SRR','None',#8528,#21);
#20=SHAPE_REPRESENTATION_RELATIONSHIP('SRR','None',#8529,#22);
#21=ADVANCED_BREP_SHAPE_REPRESENTATION('',(#26),#8512);
#22=ADVANCED_BREP_SHAPE_REPRESENTATION('',(#27,#28),#8513);
#23=STYLED_ITEM('',(#8546),#26);
#24=STYLED_ITEM('',(#8546),#27);
#25=STYLED_ITEM('',(#8546),#28);
#26=MANIFOLD_SOLID_BREP('Body2',#3202);
#27=MANIFOLD_SOLID_BREP('Body1',#3203);
#28=MANIFOLD_SOLID_BREP('Body1',#3204);
#29=FACE_BOUND('',#749,.T.);
#30=FACE_BOUND('',#750,.T.);
#31=FACE_BOUND('',#751,.T.);
#32=FACE_BOUND('',#752,.T.);
#33=FACE_BOUND('',#753,.T.);
#34=FACE_BOUND('',#754,.T.);
#35=FACE_BOUND('',#755,.T.);
#36=FACE_BOUND('',#757,.T.);
#37=FACE_BOUND('',#804,.T.);
#38=FACE_BOUND('',#810,.T.);
#39=FACE_BOUND('',#813,.T.);
#40=FACE_BOUND('',#814,.T.);
#41=FACE_BOUND('',#828,.T.);
#42=FACE_BOUND('',#829,.T.);
#43=PLANE('',#3247);
#44=PLANE('',#3258);
#45=PLANE('',#3259);
#46=PLANE('',#3261);
#47=PLANE('',#3263);
#48=PLANE('',#3277);
#49=PLANE('',#3278);
#50=PLANE('',#3286);
#51=PLANE('',#3293);
#52=PLANE('',#3295);
#53=PLANE('',#3299);
#54=PLANE('',#3302);
#55=PLANE('',#3303);
#56=PLANE('',#3304);
#57=PLANE('',#3310);
#58=PLANE('',#3311);
#59=PLANE('',#3316);
#60=PLANE('',#3319);
#61=PLANE('',#3320);
#62=PLANE('',#3324);
#63=PLANE('',#3337);
#64=PLANE('',#3338);
#65=PLANE('',#3344);
#66=PLANE('',#3346);
#67=PLANE('',#3348);
#68=PLANE('',#3360);
#69=PLANE('',#3364);
#70=PLANE('',#3437);
#71=PLANE('',#3441);
#72=PLANE('',#3460);
#73=PLANE('',#3465);
#74=PLANE('',#3471);
#75=PLANE('',#3483);
#76=PLANE('',#3489);
#77=PLANE('',#3495);
#78=PLANE('',#3497);
#79=PLANE('',#3510);
#80=PLANE('',#3514);
#81=PLANE('',#3520);
#82=PLANE('',#3526);
#83=PLANE('',#3529);
#84=PLANE('',#3530);
#85=PLANE('',#3531);
#86=ELLIPSE('',#3240,13.3600871911604,8.48202420701862);
#87=ELLIPSE('',#3256,2.16325058824072,2.);
#88=ELLIPSE('',#3257,5.2479921008861,2.);
#89=ELLIPSE('',#3260,13.3600871911604,8.48202420701862);
#90=ELLIPSE('',#3274,13.3600871911604,8.48202420701862);
#91=ELLIPSE('',#3285,13.3600871911604,8.48202420701862);
#92=ELLIPSE('',#3291,13.716405692839,2.);
#93=ELLIPSE('',#3294,13.3600871911604,8.48202420701862);
#94=ELLIPSE('',#3309,13.3600871911604,8.48202420701862);
#95=ELLIPSE('',#3345,33.4293301060971,13.5137805193425);
#96=ELLIPSE('',#3347,33.4293301060971,13.5137805193425);
#97=ELLIPSE('',#3349,33.4293301060971,13.5137805193425);
#98=ELLIPSE('',#3503,3.04378072804384,3.);
#99=ELLIPSE('',#3527,3.04378072804384,3.);
#100=(
BOUNDED_SURFACE()
B_SPLINE_SURFACE(1,2,((#4513,#4514,#4515,#4516,#4517),(#4518,#4519,#4520,
#4521,#4522)),.UNSPECIFIED.,.F.,.F.,.F.)
B_SPLINE_SURFACE_WITH_KNOTS((2,2),(3,2,3),(0.1871245272751,0.22454943273012),
(-1.06254341020427,0.0271626839235823,1.11686877805143),.UNSPECIFIED.)
GEOMETRIC_REPRESENTATION_ITEM()
RATIONAL_B_SPLINE_SURFACE(((1.,0.855203464607463,1.,0.855203464607463,1.),
(1.,0.855203464607463,1.,0.855203464607463,1.)))
REPRESENTATION_ITEM('')
SURFACE()
);
#101=(
BOUNDED_SURFACE()
B_SPLINE_SURFACE(1,2,((#4753,#4754,#4755),(#4756,#4757,#4758)),
 .UNSPECIFIED.,.F.,.F.,.F.)
B_SPLINE_SURFACE_WITH_KNOTS((2,2),(3,3),(0.1871245272751,0.22454943273012),
(-1.89408176868145,-1.10832446166046),.UNSPECIFIED.)
GEOMETRIC_REPRESENTATION_ITEM()
RATIONAL_B_SPLINE_SURFACE(((1.,0.923810798458644,1.),(1.,0.923810798458644,
1.)))
REPRESENTATION_ITEM('')
SURFACE()
);
#102=(
BOUNDED_SURFACE()
B_SPLINE_SURFACE(1,2,((#5191,#5192,#5193),(#5194,#5195,#5196)),
 .UNSPECIFIED.,.F.,.F.,.F.)
B_SPLINE_SURFACE_WITH_KNOTS((2,2),(3,3),(0.1871245272751,0.22454943273012),
(2.66785571552804,3.91959747448955),.UNSPECIFIED.)
GEOMETRIC_REPRESENTATION_ITEM()
RATIONAL_B_SPLINE_SURFACE(((1.,0.810453262830586,1.),(1.,0.810453262830586,
1.)))
REPRESENTATION_ITEM('')
SURFACE()
);
#103=(
BOUNDED_SURFACE()
B_SPLINE_SURFACE(1,2,((#5299,#5300,#5301),(#5302,#5303,#5304)),
 .UNSPECIFIED.,.F.,.F.,.F.)
B_SPLINE_SURFACE_WITH_KNOTS((2,2),(3,3),(0.1871245272751,0.22454943273012),
(1.16125919332405,1.89418026092657),.UNSPECIFIED.)
GEOMETRIC_REPRESENTATION_ITEM()
RATIONAL_B_SPLINE_SURFACE(((1.,0.933601428523034,1.),(1.,0.933601428523034,
1.)))
REPRESENTATION_ITEM('')
SURFACE()
);
#104=(
BOUNDED_SURFACE()
B_SPLINE_SURFACE(1,2,((#5410,#5411,#5412),(#5413,#5414,#5415)),
 .UNSPECIFIED.,.F.,.F.,.F.)
B_SPLINE_SURFACE_WITH_KNOTS((2,2),(3,3),(0.1871245272751,0.22454943273012),
(1.92622017536366,2.64063915998144),.UNSPECIFIED.)
GEOMETRIC_REPRESENTATION_ITEM()
RATIONAL_B_SPLINE_SURFACE(((1.,0.936876202478833,1.),(1.,0.936876202478833,
1.)))
REPRESENTATION_ITEM('')
SURFACE()
);
#105=(
BOUNDED_SURFACE()
B_SPLINE_SURFACE(1,2,((#5452,#5453,#5454),(#5455,#5456,#5457)),
 .UNSPECIFIED.,.F.,.F.,.F.)
B_SPLINE_SURFACE_WITH_KNOTS((2,2),(3,3),(0.1871245272751,0.22454943273012),
(-2.3360196785588,-1.92612221396277),.UNSPECIFIED.)
GEOMETRIC_REPRESENTATION_ITEM()
RATIONAL_B_SPLINE_SURFACE(((1.,0.979071419653318,1.),(1.,0.979071419653318,
1.)))
REPRESENTATION_ITEM('')
SURFACE()
);
#106=(
BOUNDED_SURFACE()
B_SPLINE_SURFACE(1,2,((#5605,#5606,#5607,#5608,#5609),(#5610,#5611,#5612,
#5613,#5614)),.UNSPECIFIED.,.F.,.F.,.F.)
B_SPLINE_SURFACE_WITH_KNOTS((2,2),(3,2,3),(-1.16009632455949E-17,0.744727026966685),
(-1.05822032900279,-0.00421858425740651,1.04978316048797),.UNSPECIFIED.)
GEOMETRIC_REPRESENTATION_ITEM()
RATIONAL_B_SPLINE_SURFACE(((1.,0.864319346880811,1.,0.864319346880811,1.),
(1.,0.864319346880811,1.,0.864319346880811,1.)))
REPRESENTATION_ITEM('')
SURFACE()
);
#107=(
BOUNDED_SURFACE()
B_SPLINE_SURFACE(2,2,((#5904,#5905,#5906,#5907,#5908,#5909,#5910,#5911,
#5912),(#5913,#5914,#5915,#5916,#5917,#5918,#5919,#5920,#5921),(#5922,#5923,
#5924,#5925,#5926,#5927,#5928,#5929,#5930)),.UNSPECIFIED.,.F.,.T.,.F.)
B_SPLINE_SURFACE_WITH_KNOTS((3,3),(3,2,2,2,3),(0.647475296026791,1.5707963267949),
(-3.14159265358979,-1.5707963267949,0.,1.5707963267949,3.14159265358979),
 .UNSPECIFIED.)
GEOMETRIC_REPRESENTATION_ITEM()
RATIONAL_B_SPLINE_SURFACE(((1.,0.707106781186548,1.,0.707106781186548,1.,
0.707106781186548,1.,0.707106781186548,1.),(0.895314079855382,0.633082657157535,
0.895314079855382,0.633082657157535,0.895314079855382,0.633082657157535,
0.895314079855382,0.633082657157535,0.895314079855382),(1.,0.707106781186548,
1.,0.707106781186548,1.,0.707106781186548,1.,0.707106781186548,1.)))
REPRESENTATION_ITEM('')
SURFACE()
);
#108=(
BOUNDED_SURFACE()
B_SPLINE_SURFACE(2,2,((#5937,#5938,#5939,#5940,#5941,#5942,#5943,#5944,
#5945),(#5946,#5947,#5948,#5949,#5950,#5951,#5952,#5953,#5954),(#5955,#5956,
#5957,#5958,#5959,#5960,#5961,#5962,#5963)),.UNSPECIFIED.,.F.,.T.,.F.)
B_SPLINE_SURFACE_WITH_KNOTS((3,3),(3,2,2,2,3),(0.647475296026791,1.5707963267949),
(-3.14159265358979,-1.5707963267949,0.,1.5707963267949,3.14159265358979),
 .UNSPECIFIED.)
GEOMETRIC_REPRESENTATION_ITEM()
RATIONAL_B_SPLINE_SURFACE(((1.,0.707106781186548,1.,0.707106781186548,1.,
0.707106781186548,1.,0.707106781186548,1.),(0.895314079855382,0.633082657157535,
0.895314079855382,0.633082657157535,0.895314079855382,0.633082657157535,
0.895314079855382,0.633082657157535,0.895314079855382),(1.,0.707106781186548,
1.,0.707106781186548,1.,0.707106781186548,1.,0.707106781186548,1.)))
REPRESENTATION_ITEM('')
SURFACE()
);
#109=(
BOUNDED_SURFACE()
B_SPLINE_SURFACE(2,2,((#6608,#6609,#6610,#6611,#6612),(#6613,#6614,#6615,
#6616,#6617),(#6618,#6619,#6620,#6621,#6622),(#6623,#6624,#6625,#6626,#6627),
(#6628,#6629,#6630,#6631,#6632)),.UNSPECIFIED.,.F.,.F.,.F.)
B_SPLINE_SURFACE_WITH_KNOTS((3,2,3),(3,2,3),(-0.893506233786254,0.0812819877106296,
1.05607020920751),(-1.47523796692739,-2.22044604925031E-16,1.47523796692739),
 .UNSPECIFIED.)
GEOMETRIC_REPRESENTATION_ITEM()
RATIONAL_B_SPLINE_SURFACE(((1.,0.740071954603757,1.,0.740071954603757,1.),
(0.883556260356608,0.653895208604501,0.883556260356608,0.653895208604501,
0.883556260356608),(1.,0.740071954603757,1.,0.740071954603757,1.),(0.883556260356606,
0.6538952086045,0.883556260356606,0.6538952086045,0.883556260356606),(1.,
0.740071954603757,1.,0.740071954603757,1.)))
REPRESENTATION_ITEM('')
SURFACE()
);
#110=(
BOUNDED_SURFACE()
B_SPLINE_SURFACE(2,2,((#7211,#7212,#7213,#7214,#7215),(#7216,#7217,#7218,
#7219,#7220),(#7221,#7222,#7223,#7224,#7225),(#7226,#7227,#7228,#7229,#7230),
(#7231,#7232,#7233,#7234,#7235)),.UNSPECIFIED.,.F.,.F.,.F.)
B_SPLINE_SURFACE_WITH_KNOTS((3,2,3),(3,2,3),(-0.893506233786254,0.0812819877106297,
1.05607020920751),(-1.41922309920919,0.0560148677189338,1.53125283464706),
 .UNSPECIFIED.)
GEOMETRIC_REPRESENTATION_ITEM()
RATIONAL_B_SPLINE_SURFACE(((1.,0.740071954603509,1.,0.740071954603509,1.),
(0.883556260356607,0.653895208604281,0.883556260356607,0.653895208604281,
0.883556260356607),(1.,0.740071954603509,1.,0.740071954603509,1.),(0.883556260356605,
0.653895208604279,0.883556260356605,0.653895208604279,0.883556260356605),
(1.,0.740071954603509,1.,0.740071954603509,1.)))
REPRESENTATION_ITEM('')
SURFACE()
);
#111=(
BOUNDED_SURFACE()
B_SPLINE_SURFACE(2,2,((#7544,#7545,#7546),(#7547,#7548,#7549),(#7550,#7551,
#7552)),.UNSPECIFIED.,.F.,.F.,.F.)
B_SPLINE_SURFACE_WITH_KNOTS((3,3),(3,3),(-0.893506233786254,-0.861448999284122),
(-1.71564729497848,-1.42594535861132),.UNSPECIFIED.)
GEOMETRIC_REPRESENTATION_ITEM()
RATIONAL_B_SPLINE_SURFACE(((1.,0.989527428852872,1.),(0.999871544464741,
0.989400318577345,0.999871544464741),(1.,0.989527428852872,1.)))
REPRESENTATION_ITEM('')
SURFACE()
);
#112=(
BOUNDED_SURFACE()
B_SPLINE_SURFACE(2,2,((#8489,#8490,#8491),(#8492,#8493,#8494),(#8495,#8496,
#8497)),.UNSPECIFIED.,.F.,.F.,.F.)
B_SPLINE_SURFACE_WITH_KNOTS((3,3),(3,3),(1.05427845943076,1.05607020920751),
(1.53125264267498,1.61034001091479),.UNSPECIFIED.)
GEOMETRIC_REPRESENTATION_ITEM()
RATIONAL_B_SPLINE_SURFACE(((1.,0.999218250399758,1.),(0.999999598704119,
0.99921784941759,0.999999598704119),(1.,0.999218250399758,1.)))
REPRESENTATION_ITEM('')
SURFACE()
);
#113=LINE('',#4511,#243);
#114=LINE('',#4524,#244);
#115=LINE('',#4572,#245);
#116=LINE('',#4589,#246);
#117=LINE('',#4604,#247);
#118=LINE('',#4608,#248);
#119=LINE('',#4734,#249);
#120=LINE('',#4739,#250);
#121=LINE('',#4740,#251);
#122=LINE('',#4743,#252);
#123=LINE('',#4745,#253);
#124=LINE('',#4747,#254);
#125=LINE('',#4748,#255);
#126=LINE('',#4751,#256);
#127=LINE('',#4752,#257);
#128=LINE('',#4760,#258);
#129=LINE('',#4991,#259);
#130=LINE('',#5149,#260);
#131=LINE('',#5165,#261);
#132=LINE('',#5198,#262);
#133=LINE('',#5201,#263);
#134=LINE('',#5204,#264);
#135=LINE('',#5208,#265);
#136=LINE('',#5209,#266);
#137=LINE('',#5273,#267);
#138=LINE('',#5289,#268);
#139=LINE('',#5295,#269);
#140=LINE('',#5298,#270);
#141=LINE('',#5306,#271);
#142=LINE('',#5397,#272);
#143=LINE('',#5400,#273);
#144=LINE('',#5402,#274);
#145=LINE('',#5403,#275);
#146=LINE('',#5406,#276);
#147=LINE('',#5408,#277);
#148=LINE('',#5409,#278);
#149=LINE('',#5417,#279);
#150=LINE('',#5425,#280);
#151=LINE('',#5427,#281);
#152=LINE('',#5428,#282);
#153=LINE('',#5433,#283);
#154=LINE('',#5434,#284);
#155=LINE('',#5436,#285);
#156=LINE('',#5437,#286);
#157=LINE('',#5440,#287);
#158=LINE('',#5442,#288);
#159=LINE('',#5443,#289);
#160=LINE('',#5447,#290);
#161=LINE('',#5450,#291);
#162=LINE('',#5459,#292);
#163=LINE('',#5462,#293);
#164=LINE('',#5464,#294);
#165=LINE('',#5468,#295);
#166=LINE('',#5474,#296);
#167=LINE('',#5477,#297);
#168=LINE('',#5481,#298);
#169=LINE('',#5483,#299);
#170=LINE('',#5485,#300);
#171=LINE('',#5486,#301);
#172=LINE('',#5492,#302);
#173=LINE('',#5495,#303);
#174=LINE('',#5497,#304);
#175=LINE('',#5498,#305);
#176=LINE('',#5504,#306);
#177=LINE('',#5510,#307);
#178=LINE('',#5516,#308);
#179=LINE('',#5538,#309);
#180=LINE('',#5553,#310);
#181=LINE('',#5566,#311);
#182=LINE('',#5594,#312);
#183=LINE('',#5599,#313);
#184=LINE('',#5603,#314);
#185=LINE('',#5671,#315);
#186=LINE('',#5673,#316);
#187=LINE('',#5837,#317);
#188=LINE('',#6110,#318);
#189=LINE('',#6131,#319);
#190=LINE('',#6146,#320);
#191=LINE('',#6169,#321);
#192=LINE('',#6180,#322);
#193=LINE('',#6353,#323);
#194=LINE('',#6372,#324);
#195=LINE('',#6388,#325);
#196=LINE('',#6399,#326);
#197=LINE('',#6435,#327);
#198=LINE('',#6455,#328);
#199=LINE('',#6465,#329);
#200=LINE('',#6473,#330);
#201=LINE('',#6474,#331);
#202=LINE('',#6601,#332);
#203=LINE('',#7168,#333);
#204=LINE('',#7169,#334);
#205=LINE('',#7171,#335);
#206=LINE('',#7174,#336);
#207=LINE('',#7188,#337);
#208=LINE('',#7536,#338);
#209=LINE('',#7539,#339);
#210=LINE('',#7540,#340);
#211=LINE('',#7542,#341);
#212=LINE('',#7626,#342);
#213=LINE('',#7628,#343);
#214=LINE('',#7631,#344);
#215=LINE('',#7633,#345);
#216=LINE('',#7744,#346);
#217=LINE('',#7745,#347);
#218=LINE('',#7862,#348);
#219=LINE('',#7863,#349);
#220=LINE('',#7940,#350);
#221=LINE('',#7941,#351);
#222=LINE('',#8054,#352);
#223=LINE('',#8055,#353);
#224=LINE('',#8058,#354);
#225=LINE('',#8060,#355);
#226=LINE('',#8064,#356);
#227=LINE('',#8065,#357);
#228=LINE('',#8071,#358);
#229=LINE('',#8097,#359);
#230=LINE('',#8173,#360);
#231=LINE('',#8174,#361);
#232=LINE('',#8259,#362);
#233=LINE('',#8260,#363);
#234=LINE('',#8264,#364);
#235=LINE('',#8266,#365);
#236=LINE('',#8267,#366);
#237=LINE('',#8271,#367);
#238=LINE('',#8273,#368);
#239=LINE('',#8275,#369);
#240=LINE('',#8362,#370);
#241=LINE('',#8472,#371);
#242=LINE('',#8474,#372);
#243=VECTOR('',#3559,10.);
#244=VECTOR('',#3562,10.);
#245=VECTOR('',#3577,10.);
#246=VECTOR('',#3578,10.);
#247=VECTOR('',#3581,10.);
#248=VECTOR('',#3586,10.);
#249=VECTOR('',#3599,10.);
#250=VECTOR('',#3604,10.);
#251=VECTOR('',#3605,10.);
#252=VECTOR('',#3608,10.);
#253=VECTOR('',#3609,10.);
#254=VECTOR('',#3610,10.);
#255=VECTOR('',#3611,10.);
#256=VECTOR('',#3614,10.);
#257=VECTOR('',#3615,10.);
#258=VECTOR('',#3616,10.);
#259=VECTOR('',#3623,10.);
#260=VECTOR('',#3628,10.);
#261=VECTOR('',#3629,10.);
#262=VECTOR('',#3648,10.);
#263=VECTOR('',#3651,10.);
#264=VECTOR('',#3654,10.);
#265=VECTOR('',#3659,10.);
#266=VECTOR('',#3660,10.);
#267=VECTOR('',#3665,10.);
#268=VECTOR('',#3666,10.);
#269=VECTOR('',#3675,10.);
#270=VECTOR('',#3678,10.);
#271=VECTOR('',#3679,10.);
#272=VECTOR('',#3692,10.);
#273=VECTOR('',#3695,10.);
#274=VECTOR('',#3698,10.);
#275=VECTOR('',#3699,10.);
#276=VECTOR('',#3702,10.);
#277=VECTOR('',#3703,10.);
#278=VECTOR('',#3704,10.);
#279=VECTOR('',#3705,10.);
#280=VECTOR('',#3718,10.);
#281=VECTOR('',#3719,10.);
#282=VECTOR('',#3720,10.);
#283=VECTOR('',#3727,10.);
#284=VECTOR('',#3728,10.);
#285=VECTOR('',#3731,10.);
#286=VECTOR('',#3732,10.);
#287=VECTOR('',#3735,10.);
#288=VECTOR('',#3736,10.);
#289=VECTOR('',#3737,10.);
#290=VECTOR('',#3742,10.);
#291=VECTOR('',#3745,10.);
#292=VECTOR('',#3748,10.);
#293=VECTOR('',#3753,10.);
#294=VECTOR('',#3756,10.);
#295=VECTOR('',#3761,10.);
#296=VECTOR('',#3770,10.);
#297=VECTOR('',#3775,10.);
#298=VECTOR('',#3778,10.);
#299=VECTOR('',#3779,10.);
#300=VECTOR('',#3780,10.);
#301=VECTOR('',#3781,10.);
#302=VECTOR('',#3788,10.);
#303=VECTOR('',#3791,10.);
#304=VECTOR('',#3792,10.);
#305=VECTOR('',#3793,10.);
#306=VECTOR('',#3800,10.);
#307=VECTOR('',#3807,10.);
#308=VECTOR('',#3814,10.);
#309=VECTOR('',#3829,10.);
#310=VECTOR('',#3832,10.);
#311=VECTOR('',#3835,10.);
#312=VECTOR('',#3840,10.);
#313=VECTOR('',#3845,10.);
#314=VECTOR('',#3850,10.);
#315=VECTOR('',#3853,10.);
#316=VECTOR('',#3854,10.);
#317=VECTOR('',#3861,31.624721667197);
#318=VECTOR('',#3946,10.);
#319=VECTOR('',#3951,10.);
#320=VECTOR('',#3954,10.);
#321=VECTOR('',#3957,10.);
#322=VECTOR('',#3960,10.);
#323=VECTOR('',#4023,10.);
#324=VECTOR('',#4026,10.);
#325=VECTOR('',#4029,10.);
#326=VECTOR('',#4032,10.);
#327=VECTOR('',#4037,10.);
#328=VECTOR('',#4042,10.);
#329=VECTOR('',#4045,10.);
#330=VECTOR('',#4048,10.);
#331=VECTOR('',#4049,10.);
#332=VECTOR('',#4056,10.);
#333=VECTOR('',#4087,10.);
#334=VECTOR('',#4088,10.);
#335=VECTOR('',#4091,10.);
#336=VECTOR('',#4094,10.);
#337=VECTOR('',#4099,10.);
#338=VECTOR('',#4106,10.);
#339=VECTOR('',#4109,10.);
#340=VECTOR('',#4110,10.);
#341=VECTOR('',#4111,10.);
#342=VECTOR('',#4126,10.);
#343=VECTOR('',#4129,10.);
#344=VECTOR('',#4134,10.);
#345=VECTOR('',#4137,10.);
#346=VECTOR('',#4144,10.);
#347=VECTOR('',#4145,10.);
#348=VECTOR('',#4164,10.);
#349=VECTOR('',#4165,10.);
#350=VECTOR('',#4172,10.);
#351=VECTOR('',#4173,10.);
#352=VECTOR('',#4180,10.);
#353=VECTOR('',#4181,10.);
#354=VECTOR('',#4184,10.);
#355=VECTOR('',#4185,10.);
#356=VECTOR('',#4190,10.);
#357=VECTOR('',#4191,10.);
#358=VECTOR('',#4202,10.);
#359=VECTOR('',#4207,10.);
#360=VECTOR('',#4212,10.);
#361=VECTOR('',#4213,10.);
#362=VECTOR('',#4220,10.);
#363=VECTOR('',#4221,10.);
#364=VECTOR('',#4226,10.);
#365=VECTOR('',#4227,10.);
#366=VECTOR('',#4228,10.);
#367=VECTOR('',#4233,10.);
#368=VECTOR('',#4236,10.);
#369=VECTOR('',#4239,10.);
#370=VECTOR('',#4258,10.);
#371=VECTOR('',#4265,10.);
#372=VECTOR('',#4268,10.);
#373=CYLINDRICAL_SURFACE('',#3238,112.255301913932);
#374=CYLINDRICAL_SURFACE('',#3241,118.848766714606);
#375=CYLINDRICAL_SURFACE('',#3246,2.);
#376=CYLINDRICAL_SURFACE('',#3249,2.);
#377=CYLINDRICAL_SURFACE('',#3255,2.);
#378=CYLINDRICAL_SURFACE('',#3264,2.);
#379=CYLINDRICAL_SURFACE('',#3275,80.2870647972009);
#380=CYLINDRICAL_SURFACE('',#3279,2.);
#381=CYLINDRICAL_SURFACE('',#3283,118.598766619693);
#382=CYLINDRICAL_SURFACE('',#3290,2.);
#383=CYLINDRICAL_SURFACE('',#3292,2.);
#384=CYLINDRICAL_SURFACE('',#3300,112.005301913932);
#385=CYLINDRICAL_SURFACE('',#3305,117.294418429636);
#386=CYLINDRICAL_SURFACE('',#3307,80.5370647972009);
#387=CYLINDRICAL_SURFACE('',#3312,57.8202551148916);
#388=CYLINDRICAL_SURFACE('',#3314,10.6665298777854);
#389=CYLINDRICAL_SURFACE('',#3317,58.0702551148915);
#390=CYLINDRICAL_SURFACE('',#3321,10.9165298777854);
#391=CYLINDRICAL_SURFACE('',#3325,118.848767148617);
#392=CYLINDRICAL_SURFACE('',#3328,50.);
#393=CYLINDRICAL_SURFACE('',#3331,112.255301913932);
#394=CYLINDRICAL_SURFACE('',#3334,117.544418429636);
#395=CYLINDRICAL_SURFACE('',#3340,19.2987017548196);
#396=CYLINDRICAL_SURFACE('',#3342,19.7736579801953);
#397=CYLINDRICAL_SURFACE('',#3350,74.3117307999584);
#398=CYLINDRICAL_SURFACE('',#3351,31.624721667197);
#399=CYLINDRICAL_SURFACE('',#3394,27.3998252373895);
#400=CYLINDRICAL_SURFACE('',#3395,6.99999999999994);
#401=CYLINDRICAL_SURFACE('',#3396,31.7478308062457);
#402=CYLINDRICAL_SURFACE('',#3397,6.99999999999996);
#403=CYLINDRICAL_SURFACE('',#3398,33.5051211164802);
#404=CYLINDRICAL_SURFACE('',#3399,6.99999999999998);
#405=CYLINDRICAL_SURFACE('',#3400,27.3998252373895);
#406=CYLINDRICAL_SURFACE('',#3430,27.3998252373896);
#407=CYLINDRICAL_SURFACE('',#3431,6.99999999999998);
#408=CYLINDRICAL_SURFACE('',#3432,33.5051211164802);
#409=CYLINDRICAL_SURFACE('',#3433,6.99999999999994);
#410=CYLINDRICAL_SURFACE('',#3434,31.7478308062457);
#411=CYLINDRICAL_SURFACE('',#3435,6.99999999999994);
#412=CYLINDRICAL_SURFACE('',#3436,27.3998252373896);
#413=CYLINDRICAL_SURFACE('',#3438,12.);
#414=CYLINDRICAL_SURFACE('',#3439,12.);
#415=CYLINDRICAL_SURFACE('',#3440,66.232066789472);
#416=CYLINDRICAL_SURFACE('',#3442,12.);
#417=CYLINDRICAL_SURFACE('',#3457,2.);
#418=CYLINDRICAL_SURFACE('',#3458,22.8035088417815);
#419=CYLINDRICAL_SURFACE('',#3459,1.99999999999999);
#420=CYLINDRICAL_SURFACE('',#3461,15.0993116817598);
#421=CYLINDRICAL_SURFACE('',#3462,15.4569085489085);
#422=CYLINDRICAL_SURFACE('',#3464,74.3117307999584);
#423=CYLINDRICAL_SURFACE('',#3467,18.7591201615813);
#424=CYLINDRICAL_SURFACE('',#3468,18.7591201615813);
#425=CYLINDRICAL_SURFACE('',#3469,57.6305584254121);
#426=CYLINDRICAL_SURFACE('',#3470,85.5444304484525);
#427=CYLINDRICAL_SURFACE('',#3472,37.7305082021962);
#428=CYLINDRICAL_SURFACE('',#3473,50.1457741734514);
#429=CYLINDRICAL_SURFACE('',#3474,56.1713201541172);
#430=CYLINDRICAL_SURFACE('',#3475,37.7305082021962);
#431=CYLINDRICAL_SURFACE('',#3476,56.1713201541213);
#432=CYLINDRICAL_SURFACE('',#3477,50.145774173457);
#433=CYLINDRICAL_SURFACE('',#3479,5.);
#434=CYLINDRICAL_SURFACE('',#3488,5.);
#435=CYLINDRICAL_SURFACE('',#3491,1.);
#436=CYLINDRICAL_SURFACE('',#3493,1.);
#437=CYLINDRICAL_SURFACE('',#3498,56.9356407983774);
#438=CYLINDRICAL_SURFACE('',#3502,3.);
#439=CYLINDRICAL_SURFACE('',#3504,2.);
#440=CYLINDRICAL_SURFACE('',#3506,1.);
#441=CYLINDRICAL_SURFACE('',#3508,1.);
#442=CYLINDRICAL_SURFACE('',#3512,51.9356407983774);
#443=CYLINDRICAL_SURFACE('',#3515,2.);
#444=CYLINDRICAL_SURFACE('',#3521,56.9356407983774);
#445=CYLINDRICAL_SURFACE('',#3524,51.9356407983774);
#446=CYLINDRICAL_SURFACE('',#3528,3.);
#447=CYLINDRICAL_SURFACE('',#3532,31.624721667197);
#448=CYLINDRICAL_SURFACE('',#3534,58.5725887909513);
#449=B_SPLINE_SURFACE_WITH_KNOTS('',3,3,((#4309,#4310,#4311,#4312,#4313),
(#4314,#4315,#4316,#4317,#4318),(#4319,#4320,#4321,#4322,#4323),(#4324,
#4325,#4326,#4327,#4328),(#4329,#4330,#4331,#4332,#4333),(#4334,#4335,#4336,
#4337,#4338)),.UNSPECIFIED.,.F.,.F.,.F.,(4,1,1,4),(4,1,4),(0.,0.285714285714286,
0.571428571428571,1.),(1.91398744822832,2.05259124335306,2.23739630351937),
 .UNSPECIFIED.);
#450=B_SPLINE_SURFACE_WITH_KNOTS('',3,3,((#4363,#4364,#4365,#4366,#4367,
#4368,#4369,#4370,#4371,#4372),(#4373,#4374,#4375,#4376,#4377,#4378,#4379,
#4380,#4381,#4382),(#4383,#4384,#4385,#4386,#4387,#4388,#4389,#4390,#4391,
#4392),(#4393,#4394,#4395,#4396,#4397,#4398,#4399,#4400,#4401,#4402),(#4403,
#4404,#4405,#4406,#4407,#4408,#4409,#4410,#4411,#4412)),.UNSPECIFIED.,.F.,
 .F.,.F.,(4,1,4),(4,1,1,1,1,1,1,4),(0.,0.571428571428571,1.),(6.83950256051663,
7.22775091543675,7.61599927035687,8.00424762527699,8.39249598019712,8.78074433511724,
9.16899269003736,9.55724104495748),.UNSPECIFIED.);
#451=B_SPLINE_SURFACE_WITH_KNOTS('',3,3,((#4449,#4450,#4451,#4452,#4453),
(#4454,#4455,#4456,#4457,#4458),(#4459,#4460,#4461,#4462,#4463),(#4464,
#4465,#4466,#4467,#4468),(#4469,#4470,#4471,#4472,#4473),(#4474,#4475,#4476,
#4477,#4478)),.UNSPECIFIED.,.F.,.F.,.F.,(4,1,1,4),(4,1,4),(0.,0.285714285714286,
0.571428571428571,1.),(-0.00183388587359718,0.182406977974903,0.320587625861279),
 .UNSPECIFIED.);
#452=B_SPLINE_SURFACE_WITH_KNOTS('',3,3,((#4621,#4622,#4623,#4624),(#4625,
#4626,#4627,#4628),(#4629,#4630,#4631,#4632),(#4633,#4634,#4635,#4636),
(#4637,#4638,#4639,#4640)),.UNSPECIFIED.,.F.,.F.,.F.,(4,1,4),(4,4),(0.,
0.537746167312957,0.941055792797675),(0.258931181655952,0.820119259104375),
 .UNSPECIFIED.);
#453=B_SPLINE_SURFACE_WITH_KNOTS('',3,3,((#4647,#4648,#4649,#4650,#4651),
(#4652,#4653,#4654,#4655,#4656),(#4657,#4658,#4659,#4660,#4661),(#4662,
#4663,#4664,#4665,#4666),(#4667,#4668,#4669,#4670,#4671)),.UNSPECIFIED.,
 .F.,.F.,.F.,(4,1,4),(4,1,4),(0.,0.571428571428571,1.),(0.154210777355676,
0.64102995175223,1.29012218428097),.UNSPECIFIED.);
#454=B_SPLINE_SURFACE_WITH_KNOTS('',3,3,((#4763,#4764,#4765,#4766,#4767,
#4768,#4769,#4770,#4771,#4772,#4773,#4774,#4775,#4776,#4777,#4778,#4779,
#4780,#4781,#4782,#4783,#4784,#4785,#4786),(#4787,#4788,#4789,#4790,#4791,
#4792,#4793,#4794,#4795,#4796,#4797,#4798,#4799,#4800,#4801,#4802,#4803,
#4804,#4805,#4806,#4807,#4808,#4809,#4810),(#4811,#4812,#4813,#4814,#4815,
#4816,#4817,#4818,#4819,#4820,#4821,#4822,#4823,#4824,#4825,#4826,#4827,
#4828,#4829,#4830,#4831,#4832,#4833,#4834),(#4835,#4836,#4837,#4838,#4839,
#4840,#4841,#4842,#4843,#4844,#4845,#4846,#4847,#4848,#4849,#4850,#4851,
#4852,#4853,#4854,#4855,#4856,#4857,#4858),(#4859,#4860,#4861,#4862,#4863,
#4864,#4865,#4866,#4867,#4868,#4869,#4870,#4871,#4872,#4873,#4874,#4875,
#4876,#4877,#4878,#4879,#4880,#4881,#4882)),.UNSPECIFIED.,.F.,.T.,.F.,(4,
1,4),(4,1,1,1,1,1,1,1,1,1,1,1,1,1,1,1,1,1,1,1,1,4),(0.,0.571428571428571,
1.),(-3.14159265358979,-3.02939291596159,-2.91719317833338,-2.69279370307697,
-2.24399475256414,-1.34639685153848,-1.0471975511966,-0.747998250854713,
-0.448798950512828,-0.299199300341885,-0.149599650170943,2.77555756156289E-17,
0.149599650170943,0.299199300341885,0.448798950512828,0.897597901025655,
1.34639685153848,2.24399475256414,2.69279370307697,2.91719317833338,3.02939291596159,
3.14159265358979),.UNSPECIFIED.);
#455=B_SPLINE_SURFACE_WITH_KNOTS('',3,1,((#4934,#4935),(#4936,#4937),(#4938,
#4939),(#4940,#4941),(#4942,#4943),(#4944,#4945),(#4946,#4947),(#4948,#4949),
(#4950,#4951),(#4952,#4953),(#4954,#4955),(#4956,#4957),(#4958,#4959),(#4960,
#4961),(#4962,#4963),(#4964,#4965),(#4966,#4967),(#4968,#4969),(#4970,#4971),
(#4972,#4973),(#4974,#4975),(#4976,#4977),(#4978,#4979),(#4980,#4981),(#4982,
#4983),(#4984,#4985),(#4986,#4987),(#4988,#4989)),.UNSPECIFIED.,.T.,.F.,
 .F.,(4,3,3,3,3,3,3,3,3,4),(2,2),(-3.14159265358979,-2.44172724473557,-1.67187862340132,
-0.931866478737455,-0.221767527735273,0.519329255694138,1.27099384228553,
2.03768296854747,2.74467002840528,3.14159265358979),(0.,0.5),
 .UNSPECIFIED.);
#456=B_SPLINE_SURFACE_WITH_KNOTS('',3,3,((#5021,#5022,#5023,#5024,#5025,
#5026,#5027),(#5028,#5029,#5030,#5031,#5032,#5033,#5034),(#5035,#5036,#5037,
#5038,#5039,#5040,#5041),(#5042,#5043,#5044,#5045,#5046,#5047,#5048),(#5049,
#5050,#5051,#5052,#5053,#5054,#5055)),.UNSPECIFIED.,.F.,.F.,.F.,(4,1,4),
(4,1,1,1,4),(0.,0.571428571428571,1.),(0.35826818451995,0.785968499535003,
0.99981865704253,1.42751897205758,1.85521928707264),.UNSPECIFIED.);
#457=B_SPLINE_SURFACE_WITH_KNOTS('',3,3,((#5211,#5212,#5213,#5214),(#5215,
#5216,#5217,#5218),(#5219,#5220,#5221,#5222),(#5223,#5224,#5225,#5226),
(#5227,#5228,#5229,#5230)),.UNSPECIFIED.,.F.,.F.,.F.,(4,1,4),(4,4),(0.,
0.571428571428571,1.),(1.03036985874276,2.09202173935189),.UNSPECIFIED.);
#458=B_SPLINE_SURFACE_WITH_KNOTS('',3,3,((#5309,#5310,#5311,#5312,#5313),
(#5314,#5315,#5316,#5317,#5318),(#5319,#5320,#5321,#5322,#5323),(#5324,
#5325,#5326,#5327,#5328),(#5329,#5330,#5331,#5332,#5333)),.UNSPECIFIED.,
 .F.,.F.,.F.,(4,1,4),(4,1,4),(0.,0.571428571428571,1.),(0.394303122082545,
0.799190874882155,1.3390412119483),.UNSPECIFIED.);
#459=B_SPLINE_SURFACE_WITH_KNOTS('',3,3,((#5680,#5681,#5682,#5683,#5684,
#5685,#5686,#5687),(#5688,#5689,#5690,#5691,#5692,#5693,#5694,#5695),(#5696,
#5697,#5698,#5699,#5700,#5701,#5702,#5703),(#5704,#5705,#5706,#5707,#5708,
#5709,#5710,#5711)),.UNSPECIFIED.,.F.,.F.,.F.,(4,4),(4,1,1,1,1,4),(0.,1.),
(9.56166930197456,10.0760904435728,10.590511585171,11.1049327267692,12.1337750099657,
13.1626172931621),.UNSPECIFIED.);
#460=B_SPLINE_SURFACE_WITH_KNOTS('',3,3,((#6000,#6001,#6002,#6003),(#6004,
#6005,#6006,#6007),(#6008,#6009,#6010,#6011),(#6012,#6013,#6014,#6015),
(#6016,#6017,#6018,#6019)),.UNSPECIFIED.,.F.,.F.,.F.,(4,1,4),(4,4),(0.,
0.571428571428571,1.),(-0.505944236244635,-0.407429700244466),
 .UNSPECIFIED.);
#461=B_SPLINE_SURFACE_WITH_KNOTS('',3,3,((#6080,#6081,#6082,#6083),(#6084,
#6085,#6086,#6087),(#6088,#6089,#6090,#6091),(#6092,#6093,#6094,#6095),
(#6096,#6097,#6098,#6099)),.UNSPECIFIED.,.F.,.F.,.F.,(4,1,4),(4,4),(0.,
0.571428571428571,1.),(-0.0890547836136376,0.),.UNSPECIFIED.);
#462=B_SPLINE_SURFACE_WITH_KNOTS('',3,3,((#6262,#6263,#6264,#6265),(#6266,
#6267,#6268,#6269),(#6270,#6271,#6272,#6273),(#6274,#6275,#6276,#6277),
(#6278,#6279,#6280,#6281)),.UNSPECIFIED.,.F.,.F.,.F.,(4,1,4),(4,4),(0.,
0.571428571428571,1.),(-3.78370291647646,-3.69467584225697),
 .UNSPECIFIED.);
#463=B_SPLINE_SURFACE_WITH_KNOTS('',3,3,((#6323,#6324,#6325,#6326),(#6327,
#6328,#6329,#6330),(#6331,#6332,#6333,#6334),(#6335,#6336,#6337,#6338),
(#6339,#6340,#6341,#6342)),.UNSPECIFIED.,.F.,.F.,.F.,(4,1,4),(4,4),(0.,
0.571428571428571,1.),(-0.0980357775209295,0.),.UNSPECIFIED.);
#464=B_SPLINE_SURFACE_WITH_KNOTS('',3,3,((#6554,#6555,#6556,#6557,#6558,
#6559,#6560),(#6561,#6562,#6563,#6564,#6565,#6566,#6567),(#6568,#6569,#6570,
#6571,#6572,#6573,#6574),(#6575,#6576,#6577,#6578,#6579,#6580,#6581)),
 .UNSPECIFIED.,.F.,.F.,.F.,(4,4),(4,1,1,1,4),(0.,1.),(29.4066756574562,
30.3228968020212,30.7810073743037,31.6972285188687,32.6134496634337),
 .UNSPECIFIED.);
#465=B_SPLINE_SURFACE_WITH_KNOTS('',3,3,((#6959,#6960,#6961,#6962),(#6963,
#6964,#6965,#6966),(#6967,#6968,#6969,#6970),(#6971,#6972,#6973,#6974)),
 .UNSPECIFIED.,.F.,.F.,.F.,(4,4),(4,4),(0.502561261847331,1.),(29.7269384645807,
30.0245964245555),.UNSPECIFIED.);
#466=B_SPLINE_SURFACE_WITH_KNOTS('',3,3,((#6979,#6980,#6981,#6982,#6983,
#6984,#6985,#6986,#6987,#6988,#6989,#6990),(#6991,#6992,#6993,#6994,#6995,
#6996,#6997,#6998,#6999,#7000,#7001,#7002),(#7003,#7004,#7005,#7006,#7007,
#7008,#7009,#7010,#7011,#7012,#7013,#7014),(#7015,#7016,#7017,#7018,#7019,
#7020,#7021,#7022,#7023,#7024,#7025,#7026),(#7027,#7028,#7029,#7030,#7031,
#7032,#7033,#7034,#7035,#7036,#7037,#7038)),.UNSPECIFIED.,.F.,.F.,.F.,(4,
1,4),(4,1,1,1,1,1,1,2,4),(0.,0.571428571428571,1.),(0.,0.0586478428133455,
0.117295685626691,0.175943528440037,0.205267449846709,0.234591371253382,
0.263915292660055,0.293239214066728,0.294077957862958),.UNSPECIFIED.);
#467=B_SPLINE_SURFACE_WITH_KNOTS('',3,3,((#7067,#7068,#7069,#7070,#7071,
#7072,#7073,#7074,#7075,#7076,#7077,#7078),(#7079,#7080,#7081,#7082,#7083,
#7084,#7085,#7086,#7087,#7088,#7089,#7090),(#7091,#7092,#7093,#7094,#7095,
#7096,#7097,#7098,#7099,#7100,#7101,#7102),(#7103,#7104,#7105,#7106,#7107,
#7108,#7109,#7110,#7111,#7112,#7113,#7114),(#7115,#7116,#7117,#7118,#7119,
#7120,#7121,#7122,#7123,#7124,#7125,#7126)),.UNSPECIFIED.,.F.,.F.,.F.,(4,
1,4),(4,1,1,1,1,1,1,2,4),(0.,0.571428571428571,1.),(4.48656504234841E-17,
0.0585476150110474,0.087821422516571,0.117095230022095,0.146369037527618,
0.175642845033142,0.234190460044189,0.292738075055237,0.293584515570439),
 .UNSPECIFIED.);
#468=B_SPLINE_SURFACE_WITH_KNOTS('',3,3,((#7480,#7481,#7482,#7483,#7484,
#7485,#7486,#7487,#7488),(#7489,#7490,#7491,#7492,#7493,#7494,#7495,#7496,
#7497),(#7498,#7499,#7500,#7501,#7502,#7503,#7504,#7505,#7506),(#7507,#7508,
#7509,#7510,#7511,#7512,#7513,#7514,#7515)),.UNSPECIFIED.,.F.,.F.,.F.,(4,
4),(4,1,1,1,1,1,4),(0.,1.),(9.45659240712,9.9707565982222,10.9990849804266,
12.027413362631,12.5415775537332,12.7986596492843,13.0557417448354),
 .UNSPECIFIED.);
#469=B_SPLINE_SURFACE_WITH_KNOTS('',3,3,((#7582,#7583,#7584,#7585),(#7586,
#7587,#7588,#7589),(#7590,#7591,#7592,#7593),(#7594,#7595,#7596,#7597)),
 .UNSPECIFIED.,.F.,.F.,.F.,(4,4),(4,4),(0.502561265165116,1.),(35.2201187638297,
35.517748365107),.UNSPECIFIED.);
#470=B_SPLINE_SURFACE_WITH_KNOTS('',3,3,((#7598,#7599,#7600,#7601,#7602,
#7603),(#7604,#7605,#7606,#7607,#7608,#7609),(#7610,#7611,#7612,#7613,#7614,
#7615),(#7616,#7617,#7618,#7619,#7620,#7621)),.UNSPECIFIED.,.F.,.F.,.F.,
(4,4),(4,1,1,4),(0.,1.),(32.631341269408,34.0057307229973,34.9219903587235,
35.8382499944496),.UNSPECIFIED.);
#471=B_SPLINE_SURFACE_WITH_KNOTS('',3,3,((#7635,#7636,#7637,#7638,#7639,
#7640,#7641,#7642,#7643,#7644,#7645,#7646,#7647),(#7648,#7649,#7650,#7651,
#7652,#7653,#7654,#7655,#7656,#7657,#7658,#7659,#7660),(#7661,#7662,#7663,
#7664,#7665,#7666,#7667,#7668,#7669,#7670,#7671,#7672,#7673),(#7674,#7675,
#7676,#7677,#7678,#7679,#7680,#7681,#7682,#7683,#7684,#7685,#7686),(#7687,
#7688,#7689,#7690,#7691,#7692,#7693,#7694,#7695,#7696,#7697,#7698,#7699),
(#7700,#7701,#7702,#7703,#7704,#7705,#7706,#7707,#7708,#7709,#7710,#7711,
#7712)),.UNSPECIFIED.,.F.,.F.,.F.,(4,1,1,4),(4,1,1,1,1,1,1,1,2,4),(0.,0.285714285714286,
0.571428571428571,1.),(-1.04018929298155,-0.936170363683397,-0.832151434385242,
-0.624113575788931,-0.416075717192621,-0.312056787894466,-0.208037858596311,
-0.104018929298155,0.,0.00163858187875715),.UNSPECIFIED.);
#472=B_SPLINE_SURFACE_WITH_KNOTS('',3,3,((#7750,#7751,#7752,#7753,#7754,
#7755,#7756,#7757,#7758,#7759,#7760,#7761,#7762),(#7763,#7764,#7765,#7766,
#7767,#7768,#7769,#7770,#7771,#7772,#7773,#7774,#7775),(#7776,#7777,#7778,
#7779,#7780,#7781,#7782,#7783,#7784,#7785,#7786,#7787,#7788),(#7789,#7790,
#7791,#7792,#7793,#7794,#7795,#7796,#7797,#7798,#7799,#7800,#7801),(#7802,
#7803,#7804,#7805,#7806,#7807,#7808,#7809,#7810,#7811,#7812,#7813,#7814),
(#7815,#7816,#7817,#7818,#7819,#7820,#7821,#7822,#7823,#7824,#7825,#7826,
#7827)),.UNSPECIFIED.,.F.,.F.,.F.,(4,1,1,4),(4,1,1,1,1,1,1,1,2,4),(0.,0.285714285714286,
0.571428571428571,1.),(0.,0.104020309387041,0.208040618774083,0.312060928161124,
0.416081237548165,0.520101546935207,0.624121856322248,0.832162475096331,
1.04020309387041,1.04182464439388),.UNSPECIFIED.);
#473=B_SPLINE_SURFACE_WITH_KNOTS('',3,3,((#7865,#7866,#7867,#7868,#7869,
#7870,#7871,#7872,#7873,#7874),(#7875,#7876,#7877,#7878,#7879,#7880,#7881,
#7882,#7883,#7884),(#7885,#7886,#7887,#7888,#7889,#7890,#7891,#7892,#7893,
#7894),(#7895,#7896,#7897,#7898,#7899,#7900,#7901,#7902,#7903,#7904),(#7905,
#7906,#7907,#7908,#7909,#7910,#7911,#7912,#7913,#7914)),.UNSPECIFIED.,.F.,
 .F.,.F.,(4,1,4),(4,2,1,1,1,1,4),(0.,0.571428571428571,1.),(-0.249575804979649,
-0.248631922305258,-0.198905537844207,-0.0994527689221034,-0.0497263844610517,
-0.0248631922305259,0.),.UNSPECIFIED.);
#474=B_SPLINE_SURFACE_WITH_KNOTS('',3,3,((#7942,#7943,#7944,#7945,#7946,
#7947,#7948,#7949,#7950,#7951,#7952,#7953,#7954,#7955,#7956),(#7957,#7958,
#7959,#7960,#7961,#7962,#7963,#7964,#7965,#7966,#7967,#7968,#7969,#7970,
#7971),(#7972,#7973,#7974,#7975,#7976,#7977,#7978,#7979,#7980,#7981,#7982,
#7983,#7984,#7985,#7986),(#7987,#7988,#7989,#7990,#7991,#7992,#7993,#7994,
#7995,#7996,#7997,#7998,#7999,#8000,#8001),(#8002,#8003,#8004,#8005,#8006,
#8007,#8008,#8009,#8010,#8011,#8012,#8013,#8014,#8015,#8016)),
 .UNSPECIFIED.,.F.,.F.,.F.,(4,1,4),(4,2,1,1,1,1,1,1,1,1,1,4),(0.,0.571428571428571,
1.),(-1.06434191030561,-1.06259492825995,-0.956335435433958,-0.850075942607963,
-0.743816449781967,-0.637556956955972,-0.531297464129977,-0.425037971303981,
-0.318778478477986,-0.212518985651991,-0.106259492825995,0.),
 .UNSPECIFIED.);
#475=B_SPLINE_SURFACE_WITH_KNOTS('',3,3,((#8098,#8099,#8100,#8101,#8102,
#8103,#8104,#8105,#8106,#8107),(#8108,#8109,#8110,#8111,#8112,#8113,#8114,
#8115,#8116,#8117),(#8118,#8119,#8120,#8121,#8122,#8123,#8124,#8125,#8126,
#8127),(#8128,#8129,#8130,#8131,#8132,#8133,#8134,#8135,#8136,#8137),(#8138,
#8139,#8140,#8141,#8142,#8143,#8144,#8145,#8146,#8147)),.UNSPECIFIED.,.F.,
 .F.,.F.,(4,1,4),(4,2,1,1,1,1,4),(0.,0.571428571428571,1.),(-0.000943603560982906,
0.,0.0497264408959721,0.149179322687916,0.198905763583888,0.223768984031874,
0.248632204479861),.UNSPECIFIED.);
#476=B_SPLINE_SURFACE_WITH_KNOTS('',3,3,((#8175,#8176,#8177,#8178,#8179,
#8180,#8181,#8182,#8183,#8184,#8185),(#8186,#8187,#8188,#8189,#8190,#8191,
#8192,#8193,#8194,#8195,#8196),(#8197,#8198,#8199,#8200,#8201,#8202,#8203,
#8204,#8205,#8206,#8207),(#8208,#8209,#8210,#8211,#8212,#8213,#8214,#8215,
#8216,#8217,#8218),(#8219,#8220,#8221,#8222,#8223,#8224,#8225,#8226,#8227,
#8228,#8229)),.UNSPECIFIED.,.F.,.F.,.F.,(4,1,4),(4,2,1,1,1,1,1,4),(0.,0.571428571428571,
1.),(-0.00173854950903944,0.,0.212519941069958,0.637559823209873,0.743819793744852,
0.850079764279831,0.95633973481481,1.06259970534979),.UNSPECIFIED.);
#477=B_SPLINE_SURFACE_WITH_KNOTS('',3,3,((#8305,#8306,#8307,#8308,#8309),
(#8310,#8311,#8312,#8313,#8314),(#8315,#8316,#8317,#8318,#8319),(#8320,
#8321,#8322,#8323,#8324),(#8325,#8326,#8327,#8328,#8329)),.UNSPECIFIED.,
 .F.,.F.,.F.,(4,1,4),(4,1,4),(0.,0.571428571428571,1.),(-2.57553725505551,
-1.57948203797797,-0.251408415207921),.UNSPECIFIED.);
#478=B_SPLINE_SURFACE_WITH_KNOTS('',3,3,((#8363,#8364,#8365,#8366,#8367,
#8368,#8369,#8370,#8371,#8372),(#8373,#8374,#8375,#8376,#8377,#8378,#8379,
#8380,#8381,#8382),(#8383,#8384,#8385,#8386,#8387,#8388,#8389,#8390,#8391,
#8392),(#8393,#8394,#8395,#8396,#8397,#8398,#8399,#8400,#8401,#8402)),
 .UNSPECIFIED.,.F.,.F.,.F.,(4,4),(4,1,1,1,1,1,1,4),(0.,1.),(-2.36938376395918,
-1.91471443657487,-1.61160155165199,-1.46004510919055,-1.38426688795983,
-1.34637777734447,-1.32743322203679,-1.30848866672911),.UNSPECIFIED.);
#479=B_SPLINE_SURFACE_WITH_KNOTS('',3,3,((#8409,#8410,#8411,#8412),(#8413,
#8414,#8415,#8416),(#8417,#8418,#8419,#8420),(#8421,#8422,#8423,#8424)),
 .UNSPECIFIED.,.F.,.F.,.F.,(4,4),(4,4),(0.,1.),(-0.903815936995221,-0.200160450574505),
 .UNSPECIFIED.);
#480=B_SPLINE_SURFACE_WITH_KNOTS('',3,3,((#8445,#8446,#8447,#8448,#8449,
#8450),(#8451,#8452,#8453,#8454,#8455,#8456),(#8457,#8458,#8459,#8460,#8461,
#8462),(#8463,#8464,#8465,#8466,#8467,#8468)),.UNSPECIFIED.,.F.,.F.,.F.,
(4,4),(4,2,4),(0.,1.),(-0.00133861501460381,0.,0.220187959167651),
 .UNSPECIFIED.);
#481=FACE_OUTER_BOUND('',#679,.T.);
#482=FACE_OUTER_BOUND('',#680,.T.);
#483=FACE_OUTER_BOUND('',#681,.T.);
#484=FACE_OUTER_BOUND('',#682,.T.);
#485=FACE_OUTER_BOUND('',#683,.T.);
#486=FACE_OUTER_BOUND('',#684,.T.);
#487=FACE_OUTER_BOUND('',#685,.T.);
#488=FACE_OUTER_BOUND('',#686,.T.);
#489=FACE_OUTER_BOUND('',#687,.T.);
#490=FACE_OUTER_BOUND('',#688,.T.);
#491=FACE_OUTER_BOUND('',#689,.T.);
#492=FACE_OUTER_BOUND('',#690,.T.);
#493=FACE_OUTER_BOUND('',#691,.T.);
#494=FACE_OUTER_BOUND('',#692,.T.);
#495=FACE_OUTER_BOUND('',#693,.T.);
#496=FACE_OUTER_BOUND('',#694,.T.);
#497=FACE_OUTER_BOUND('',#695,.T.);
#498=FACE_OUTER_BOUND('',#696,.T.);
#499=FACE_OUTER_BOUND('',#697,.T.);
#500=FACE_OUTER_BOUND('',#698,.T.);
#501=FACE_OUTER_BOUND('',#699,.T.);
#502=FACE_OUTER_BOUND('',#700,.T.);
#503=FACE_OUTER_BOUND('',#701,.T.);
#504=FACE_OUTER_BOUND('',#702,.T.);
#505=FACE_OUTER_BOUND('',#703,.T.);
#506=FACE_OUTER_BOUND('',#704,.T.);
#507=FACE_OUTER_BOUND('',#705,.T.);
#508=FACE_OUTER_BOUND('',#706,.T.);
#509=FACE_OUTER_BOUND('',#707,.T.);
#510=FACE_OUTER_BOUND('',#708,.T.);
#511=FACE_OUTER_BOUND('',#709,.T.);
#512=FACE_OUTER_BOUND('',#710,.T.);
#513=FACE_OUTER_BOUND('',#711,.T.);
#514=FACE_OUTER_BOUND('',#712,.T.);
#515=FACE_OUTER_BOUND('',#713,.T.);
#516=FACE_OUTER_BOUND('',#714,.T.);
#517=FACE_OUTER_BOUND('',#715,.T.);
#518=FACE_OUTER_BOUND('',#716,.T.);
#519=FACE_OUTER_BOUND('',#717,.T.);
#520=FACE_OUTER_BOUND('',#718,.T.);
#521=FACE_OUTER_BOUND('',#719,.T.);
#522=FACE_OUTER_BOUND('',#720,.T.);
#523=FACE_OUTER_BOUND('',#721,.T.);
#524=FACE_OUTER_BOUND('',#722,.T.);
#525=FACE_OUTER_BOUND('',#723,.T.);
#526=FACE_OUTER_BOUND('',#724,.T.);
#527=FACE_OUTER_BOUND('',#725,.T.);
#528=FACE_OUTER_BOUND('',#726,.T.);
#529=FACE_OUTER_BOUND('',#727,.T.);
#530=FACE_OUTER_BOUND('',#728,.T.);
#531=FACE_OUTER_BOUND('',#729,.T.);
#532=FACE_OUTER_BOUND('',#730,.T.);
#533=FACE_OUTER_BOUND('',#731,.T.);
#534=FACE_OUTER_BOUND('',#732,.T.);
#535=FACE_OUTER_BOUND('',#733,.T.);
#536=FACE_OUTER_BOUND('',#734,.T.);
#537=FACE_OUTER_BOUND('',#735,.T.);
#538=FACE_OUTER_BOUND('',#736,.T.);
#539=FACE_OUTER_BOUND('',#737,.T.);
#540=FACE_OUTER_BOUND('',#738,.T.);
#541=FACE_OUTER_BOUND('',#739,.T.);
#542=FACE_OUTER_BOUND('',#740,.T.);
#543=FACE_OUTER_BOUND('',#741,.T.);
#544=FACE_OUTER_BOUND('',#742,.T.);
#545=FACE_OUTER_BOUND('',#743,.T.);
#546=FACE_OUTER_BOUND('',#744,.T.);
#547=FACE_OUTER_BOUND('',#745,.T.);
#548=FACE_OUTER_BOUND('',#746,.T.);
#549=FACE_OUTER_BOUND('',#747,.T.);
#550=FACE_OUTER_BOUND('',#748,.T.);
#551=FACE_OUTER_BOUND('',#756,.T.);
#552=FACE_OUTER_BOUND('',#758,.T.);
#553=FACE_OUTER_BOUND('',#759,.T.);
#554=FACE_OUTER_BOUND('',#760,.T.);
#555=FACE_OUTER_BOUND('',#761,.T.);
#556=FACE_OUTER_BOUND('',#762,.T.);
#557=FACE_OUTER_BOUND('',#763,.T.);
#558=FACE_OUTER_BOUND('',#764,.T.);
#559=FACE_OUTER_BOUND('',#765,.T.);
#560=FACE_OUTER_BOUND('',#766,.T.);
#561=FACE_OUTER_BOUND('',#767,.T.);
#562=FACE_OUTER_BOUND('',#768,.T.);
#563=FACE_OUTER_BOUND('',#769,.T.);
#564=FACE_OUTER_BOUND('',#770,.T.);
#565=FACE_OUTER_BOUND('',#771,.T.);
#566=FACE_OUTER_BOUND('',#772,.T.);
#567=FACE_OUTER_BOUND('',#773,.T.);
#568=FACE_OUTER_BOUND('',#774,.T.);
#569=FACE_OUTER_BOUND('',#775,.T.);
#570=FACE_OUTER_BOUND('',#776,.T.);
#571=FACE_OUTER_BOUND('',#777,.T.);
#572=FACE_OUTER_BOUND('',#778,.T.);
#573=FACE_OUTER_BOUND('',#779,.T.);
#574=FACE_OUTER_BOUND('',#780,.T.);
#575=FACE_OUTER_BOUND('',#781,.T.);
#576=FACE_OUTER_BOUND('',#782,.T.);
#577=FACE_OUTER_BOUND('',#783,.T.);
#578=FACE_OUTER_BOUND('',#784,.T.);
#579=FACE_OUTER_BOUND('',#785,.T.);
#580=FACE_OUTER_BOUND('',#786,.T.);
#581=FACE_OUTER_BOUND('',#787,.T.);
#582=FACE_OUTER_BOUND('',#788,.T.);
#583=FACE_OUTER_BOUND('',#789,.T.);
#584=FACE_OUTER_BOUND('',#790,.T.);
#585=FACE_OUTER_BOUND('',#791,.T.);
#586=FACE_OUTER_BOUND('',#792,.T.);
#587=FACE_OUTER_BOUND('',#793,.T.);
#588=FACE_OUTER_BOUND('',#794,.T.);
#589=FACE_OUTER_BOUND('',#795,.T.);
#590=FACE_OUTER_BOUND('',#796,.T.);
#591=FACE_OUTER_BOUND('',#797,.T.);
#592=FACE_OUTER_BOUND('',#798,.T.);
#593=FACE_OUTER_BOUND('',#799,.T.);
#594=FACE_OUTER_BOUND('',#800,.T.);
#595=FACE_OUTER_BOUND('',#801,.T.);
#596=FACE_OUTER_BOUND('',#802,.T.);
#597=FACE_OUTER_BOUND('',#803,.T.);
#598=FACE_OUTER_BOUND('',#805,.T.);
#599=FACE_OUTER_BOUND('',#806,.T.);
#600=FACE_OUTER_BOUND('',#807,.T.);
#601=FACE_OUTER_BOUND('',#808,.T.);
#602=FACE_OUTER_BOUND('',#809,.T.);
#603=FACE_OUTER_BOUND('',#811,.T.);
#604=FACE_OUTER_BOUND('',#812,.T.);
#605=FACE_OUTER_BOUND('',#815,.T.);
#606=FACE_OUTER_BOUND('',#816,.T.);
#607=FACE_OUTER_BOUND('',#817,.T.);
#608=FACE_OUTER_BOUND('',#818,.T.);
#609=FACE_OUTER_BOUND('',#819,.T.);
#610=FACE_OUTER_BOUND('',#820,.T.);
#611=FACE_OUTER_BOUND('',#821,.T.);
#612=FACE_OUTER_BOUND('',#822,.T.);
#613=FACE_OUTER_BOUND('',#823,.T.);
#614=FACE_OUTER_BOUND('',#824,.T.);
#615=FACE_OUTER_BOUND('',#825,.T.);
#616=FACE_OUTER_BOUND('',#826,.T.);
#617=FACE_OUTER_BOUND('',#827,.T.);
#618=FACE_OUTER_BOUND('',#830,.T.);
#619=FACE_OUTER_BOUND('',#831,.T.);
#620=FACE_OUTER_BOUND('',#832,.T.);
#621=FACE_OUTER_BOUND('',#833,.T.);
#622=FACE_OUTER_BOUND('',#834,.T.);
#623=FACE_OUTER_BOUND('',#835,.T.);
#624=FACE_OUTER_BOUND('',#836,.T.);
#625=FACE_OUTER_BOUND('',#837,.T.);
#626=FACE_OUTER_BOUND('',#838,.T.);
#627=FACE_OUTER_BOUND('',#839,.T.);
#628=FACE_OUTER_BOUND('',#840,.T.);
#629=FACE_OUTER_BOUND('',#841,.T.);
#630=FACE_OUTER_BOUND('',#842,.T.);
#631=FACE_OUTER_BOUND('',#843,.T.);
#632=FACE_OUTER_BOUND('',#844,.T.);
#633=FACE_OUTER_BOUND('',#845,.T.);
#634=FACE_OUTER_BOUND('',#846,.T.);
#635=FACE_OUTER_BOUND('',#847,.T.);
#636=FACE_OUTER_BOUND('',#848,.T.);
#637=FACE_OUTER_BOUND('',#849,.T.);
#638=FACE_OUTER_BOUND('',#850,.T.);
#639=FACE_OUTER_BOUND('',#851,.T.);
#640=FACE_OUTER_BOUND('',#852,.T.);
#641=FACE_OUTER_BOUND('',#853,.T.);
#642=FACE_OUTER_BOUND('',#854,.T.);
#643=FACE_OUTER_BOUND('',#855,.T.);
#644=FACE_OUTER_BOUND('',#856,.T.);
#645=FACE_OUTER_BOUND('',#857,.T.);
#646=FACE_OUTER_BOUND('',#858,.T.);
#647=FACE_OUTER_BOUND('',#859,.T.);
#648=FACE_OUTER_BOUND('',#860,.T.);
#649=FACE_OUTER_BOUND('',#861,.T.);
#650=FACE_OUTER_BOUND('',#862,.T.);
#651=FACE_OUTER_BOUND('',#863,.T.);
#652=FACE_OUTER_BOUND('',#864,.T.);
#653=FACE_OUTER_BOUND('',#865,.T.);
#654=FACE_OUTER_BOUND('',#866,.T.);
#655=FACE_OUTER_BOUND('',#867,.T.);
#656=FACE_OUTER_BOUND('',#868,.T.);
#657=FACE_OUTER_BOUND('',#869,.T.);
#658=FACE_OUTER_BOUND('',#870,.T.);
#659=FACE_OUTER_BOUND('',#871,.T.);
#660=FACE_OUTER_BOUND('',#872,.T.);
#661=FACE_OUTER_BOUND('',#873,.T.);
#662=FACE_OUTER_BOUND('',#874,.T.);
#663=FACE_OUTER_BOUND('',#875,.T.);
#664=FACE_OUTER_BOUND('',#876,.T.);
#665=FACE_OUTER_BOUND('',#877,.T.);
#666=FACE_OUTER_BOUND('',#878,.T.);
#667=FACE_OUTER_BOUND('',#879,.T.);
#668=FACE_OUTER_BOUND('',#880,.T.);
#669=FACE_OUTER_BOUND('',#881,.T.);
#670=FACE_OUTER_BOUND('',#882,.T.);
#671=FACE_OUTER_BOUND('',#883,.T.);
#672=FACE_OUTER_BOUND('',#884,.T.);
#673=FACE_OUTER_BOUND('',#885,.T.);
#674=FACE_OUTER_BOUND('',#886,.T.);
#675=FACE_OUTER_BOUND('',#887,.T.);
#676=FACE_OUTER_BOUND('',#888,.T.);
#677=FACE_OUTER_BOUND('',#889,.T.);
#678=FACE_OUTER_BOUND('',#890,.T.);
#679=EDGE_LOOP('',(#2008,#2009,#2010,#2011));
#680=EDGE_LOOP('',(#2012,#2013,#2014,#2015));
#681=EDGE_LOOP('',(#2016,#2017,#2018,#2019));
#682=EDGE_LOOP('',(#2020,#2021,#2022,#2023));
#683=EDGE_LOOP('',(#2024,#2025,#2026,#2027));
#684=EDGE_LOOP('',(#2028,#2029,#2030,#2031));
#685=EDGE_LOOP('',(#2032,#2033,#2034,#2035));
#686=EDGE_LOOP('',(#2036,#2037,#2038,#2039));
#687=EDGE_LOOP('',(#2040,#2041,#2042,#2043,#2044));
#688=EDGE_LOOP('',(#2045,#2046,#2047,#2048,#2049));
#689=EDGE_LOOP('',(#2050,#2051,#2052,#2053));
#690=EDGE_LOOP('',(#2054,#2055,#2056,#2057));
#691=EDGE_LOOP('',(#2058,#2059,#2060));
#692=EDGE_LOOP('',(#2061,#2062,#2063,#2064));
#693=EDGE_LOOP('',(#2065,#2066,#2067,#2068));
#694=EDGE_LOOP('',(#2069,#2070,#2071,#2072));
#695=EDGE_LOOP('',(#2073,#2074,#2075,#2076,#2077,#2078,#2079));
#696=EDGE_LOOP('',(#2080,#2081,#2082,#2083,#2084));
#697=EDGE_LOOP('',(#2085,#2086,#2087,#2088));
#698=EDGE_LOOP('',(#2089,#2090,#2091,#2092));
#699=EDGE_LOOP('',(#2093,#2094,#2095));
#700=EDGE_LOOP('',(#2096,#2097,#2098,#2099));
#701=EDGE_LOOP('',(#2100,#2101,#2102,#2103));
#702=EDGE_LOOP('',(#2104));
#703=EDGE_LOOP('',(#2105,#2106,#2107,#2108));
#704=EDGE_LOOP('',(#2109,#2110,#2111,#2112));
#705=EDGE_LOOP('',(#2113,#2114,#2115,#2116));
#706=EDGE_LOOP('',(#2117,#2118,#2119,#2120));
#707=EDGE_LOOP('',(#2121,#2122,#2123,#2124));
#708=EDGE_LOOP('',(#2125,#2126,#2127,#2128));
#709=EDGE_LOOP('',(#2129,#2130,#2131,#2132));
#710=EDGE_LOOP('',(#2133,#2134,#2135,#2136));
#711=EDGE_LOOP('',(#2137,#2138,#2139,#2140,#2141));
#712=EDGE_LOOP('',(#2142,#2143,#2144,#2145));
#713=EDGE_LOOP('',(#2146,#2147,#2148,#2149));
#714=EDGE_LOOP('',(#2150,#2151,#2152,#2153));
#715=EDGE_LOOP('',(#2154,#2155,#2156,#2157));
#716=EDGE_LOOP('',(#2158,#2159,#2160,#2161));
#717=EDGE_LOOP('',(#2162,#2163,#2164));
#718=EDGE_LOOP('',(#2165,#2166,#2167,#2168));
#719=EDGE_LOOP('',(#2169,#2170,#2171,#2172));
#720=EDGE_LOOP('',(#2173,#2174,#2175,#2176));
#721=EDGE_LOOP('',(#2177,#2178,#2179,#2180));
#722=EDGE_LOOP('',(#2181,#2182,#2183,#2184));
#723=EDGE_LOOP('',(#2185,#2186,#2187,#2188));
#724=EDGE_LOOP('',(#2189,#2190,#2191,#2192));
#725=EDGE_LOOP('',(#2193,#2194,#2195,#2196));
#726=EDGE_LOOP('',(#2197,#2198,#2199,#2200));
#727=EDGE_LOOP('',(#2201,#2202,#2203,#2204));
#728=EDGE_LOOP('',(#2205,#2206,#2207,#2208,#2209));
#729=EDGE_LOOP('',(#2210,#2211,#2212,#2213));
#730=EDGE_LOOP('',(#2214,#2215,#2216,#2217));
#731=EDGE_LOOP('',(#2218,#2219,#2220,#2221));
#732=EDGE_LOOP('',(#2222,#2223,#2224,#2225));
#733=EDGE_LOOP('',(#2226,#2227,#2228,#2229));
#734=EDGE_LOOP('',(#2230,#2231,#2232,#2233));
#735=EDGE_LOOP('',(#2234,#2235,#2236,#2237));
#736=EDGE_LOOP('',(#2238,#2239,#2240,#2241));
#737=EDGE_LOOP('',(#2242,#2243,#2244,#2245));
#738=EDGE_LOOP('',(#2246,#2247,#2248,#2249));
#739=EDGE_LOOP('',(#2250,#2251,#2252,#2253));
#740=EDGE_LOOP('',(#2254,#2255,#2256,#2257));
#741=EDGE_LOOP('',(#2258,#2259,#2260,#2261));
#742=EDGE_LOOP('',(#2262,#2263,#2264,#2265));
#743=EDGE_LOOP('',(#2266,#2267,#2268,#2269));
#744=EDGE_LOOP('',(#2270,#2271,#2272,#2273));
#745=EDGE_LOOP('',(#2274,#2275,#2276,#2277));
#746=EDGE_LOOP('',(#2278,#2279,#2280,#2281));
#747=EDGE_LOOP('',(#2282,#2283,#2284,#2285));
#748=EDGE_LOOP('',(#2286,#2287,#2288,#2289,#2290,#2291,#2292));
#749=EDGE_LOOP('',(#2293));
#750=EDGE_LOOP('',(#2294,#2295,#2296,#2297,#2298));
#751=EDGE_LOOP('',(#2299,#2300,#2301,#2302,#2303,#2304));
#752=EDGE_LOOP('',(#2305,#2306,#2307,#2308));
#753=EDGE_LOOP('',(#2309,#2310,#2311,#2312,#2313));
#754=EDGE_LOOP('',(#2314,#2315,#2316,#2317,#2318));
#755=EDGE_LOOP('',(#2319,#2320,#2321));
#756=EDGE_LOOP('',(#2322,#2323,#2324,#2325,#2326,#2327,#2328));
#757=EDGE_LOOP('',(#2329,#2330,#2331));
#758=EDGE_LOOP('',(#2332,#2333,#2334,#2335,#2336,#2337));
#759=EDGE_LOOP('',(#2338,#2339,#2340,#2341,#2342,#2343));
#760=EDGE_LOOP('',(#2344,#2345,#2346));
#761=EDGE_LOOP('',(#2347,#2348));
#762=EDGE_LOOP('',(#2349,#2350,#2351));
#763=EDGE_LOOP('',(#2352,#2353,#2354,#2355,#2356,#2357,#2358,#2359,#2360,
#2361,#2362,#2363));
#764=EDGE_LOOP('',(#2364,#2365,#2366,#2367,#2368,#2369,#2370,#2371));
#765=EDGE_LOOP('',(#2372,#2373,#2374,#2375,#2376));
#766=EDGE_LOOP('',(#2377,#2378,#2379,#2380,#2381,#2382,#2383,#2384,#2385,
#2386,#2387,#2388,#2389,#2390,#2391,#2392,#2393));
#767=EDGE_LOOP('',(#2394,#2395,#2396,#2397));
#768=EDGE_LOOP('',(#2398));
#769=EDGE_LOOP('',(#2399,#2400,#2401,#2402));
#770=EDGE_LOOP('',(#2403));
#771=EDGE_LOOP('',(#2404,#2405,#2406,#2407));
#772=EDGE_LOOP('',(#2408,#2409,#2410,#2411));
#773=EDGE_LOOP('',(#2412,#2413,#2414,#2415));
#774=EDGE_LOOP('',(#2416,#2417,#2418,#2419,#2420));
#775=EDGE_LOOP('',(#2421,#2422,#2423,#2424));
#776=EDGE_LOOP('',(#2425,#2426,#2427,#2428));
#777=EDGE_LOOP('',(#2429,#2430,#2431,#2432));
#778=EDGE_LOOP('',(#2433,#2434,#2435,#2436));
#779=EDGE_LOOP('',(#2437,#2438,#2439,#2440));
#780=EDGE_LOOP('',(#2441,#2442,#2443,#2444));
#781=EDGE_LOOP('',(#2445,#2446,#2447));
#782=EDGE_LOOP('',(#2448,#2449,#2450));
#783=EDGE_LOOP('',(#2451,#2452,#2453,#2454,#2455,#2456));
#784=EDGE_LOOP('',(#2457,#2458,#2459,#2460));
#785=EDGE_LOOP('',(#2461,#2462,#2463,#2464,#2465));
#786=EDGE_LOOP('',(#2466,#2467,#2468,#2469,#2470));
#787=EDGE_LOOP('',(#2471,#2472,#2473,#2474));
#788=EDGE_LOOP('',(#2475,#2476,#2477,#2478));
#789=EDGE_LOOP('',(#2479,#2480,#2481,#2482));
#790=EDGE_LOOP('',(#2483,#2484,#2485,#2486));
#791=EDGE_LOOP('',(#2487,#2488,#2489,#2490,#2491));
#792=EDGE_LOOP('',(#2492,#2493,#2494,#2495));
#793=EDGE_LOOP('',(#2496,#2497,#2498,#2499));
#794=EDGE_LOOP('',(#2500,#2501,#2502,#2503));
#795=EDGE_LOOP('',(#2504,#2505,#2506,#2507));
#796=EDGE_LOOP('',(#2508,#2509,#2510,#2511,#2512));
#797=EDGE_LOOP('',(#2513,#2514,#2515,#2516,#2517));
#798=EDGE_LOOP('',(#2518,#2519,#2520,#2521));
#799=EDGE_LOOP('',(#2522,#2523,#2524,#2525,#2526,#2527));
#800=EDGE_LOOP('',(#2528,#2529,#2530));
#801=EDGE_LOOP('',(#2531,#2532,#2533));
#802=EDGE_LOOP('',(#2534,#2535,#2536,#2537));
#803=EDGE_LOOP('',(#2538,#2539,#2540,#2541,#2542,#2543,#2544,#2545,#2546,
#2547));
#804=EDGE_LOOP('',(#2548));
#805=EDGE_LOOP('',(#2549,#2550,#2551,#2552));
#806=EDGE_LOOP('',(#2553,#2554,#2555,#2556,#2557,#2558,#2559,#2560,#2561,
#2562,#2563,#2564,#2565,#2566,#2567,#2568));
#807=EDGE_LOOP('',(#2569,#2570,#2571,#2572,#2573,#2574,#2575,#2576,#2577,
#2578,#2579,#2580,#2581,#2582,#2583,#2584));
#808=EDGE_LOOP('',(#2585,#2586,#2587,#2588));
#809=EDGE_LOOP('',(#2589,#2590,#2591,#2592,#2593,#2594,#2595,#2596,#2597,
#2598));
#810=EDGE_LOOP('',(#2599));
#811=EDGE_LOOP('',(#2600,#2601,#2602,#2603));
#812=EDGE_LOOP('',(#2604,#2605,#2606,#2607,#2608,#2609,#2610,#2611,#2612,
#2613,#2614,#2615,#2616,#2617,#2618,#2619,#2620));
#813=EDGE_LOOP('',(#2621,#2622,#2623,#2624));
#814=EDGE_LOOP('',(#2625,#2626,#2627,#2628,#2629,#2630,#2631,#2632,#2633,
#2634,#2635,#2636,#2637,#2638,#2639,#2640,#2641));
#815=EDGE_LOOP('',(#2642,#2643,#2644,#2645,#2646));
#816=EDGE_LOOP('',(#2647,#2648,#2649));
#817=EDGE_LOOP('',(#2650,#2651,#2652));
#818=EDGE_LOOP('',(#2653,#2654,#2655,#2656));
#819=EDGE_LOOP('',(#2657,#2658,#2659,#2660));
#820=EDGE_LOOP('',(#2661,#2662,#2663,#2664));
#821=EDGE_LOOP('',(#2665,#2666,#2667,#2668,#2669));
#822=EDGE_LOOP('',(#2670,#2671,#2672,#2673));
#823=EDGE_LOOP('',(#2674,#2675,#2676,#2677,#2678));
#824=EDGE_LOOP('',(#2679,#2680,#2681));
#825=EDGE_LOOP('',(#2682,#2683,#2684,#2685,#2686));
#826=EDGE_LOOP('',(#2687,#2688,#2689,#2690,#2691,#2692,#2693));
#827=EDGE_LOOP('',(#2694,#2695,#2696,#2697,#2698,#2699,#2700,#2701,#2702,
#2703,#2704,#2705,#2706,#2707,#2708,#2709,#2710,#2711));
#828=EDGE_LOOP('',(#2712,#2713,#2714,#2715,#2716,#2717,#2718,#2719));
#829=EDGE_LOOP('',(#2720,#2721,#2722,#2723));
#830=EDGE_LOOP('',(#2724,#2725,#2726,#2727,#2728,#2729,#2730,#2731,#2732));
#831=EDGE_LOOP('',(#2733,#2734,#2735,#2736));
#832=EDGE_LOOP('',(#2737,#2738,#2739,#2740,#2741,#2742,#2743,#2744));
#833=EDGE_LOOP('',(#2745,#2746,#2747,#2748));
#834=EDGE_LOOP('',(#2749,#2750,#2751));
#835=EDGE_LOOP('',(#2752,#2753,#2754));
#836=EDGE_LOOP('',(#2755,#2756,#2757,#2758,#2759));
#837=EDGE_LOOP('',(#2760,#2761,#2762,#2763));
#838=EDGE_LOOP('',(#2764,#2765,#2766,#2767,#2768,#2769,#2770,#2771));
#839=EDGE_LOOP('',(#2772,#2773,#2774,#2775));
#840=EDGE_LOOP('',(#2776,#2777,#2778,#2779,#2780));
#841=EDGE_LOOP('',(#2781,#2782));
#842=EDGE_LOOP('',(#2783,#2784,#2785,#2786));
#843=EDGE_LOOP('',(#2787,#2788));
#844=EDGE_LOOP('',(#2789,#2790));
#845=EDGE_LOOP('',(#2791,#2792));
#846=EDGE_LOOP('',(#2793,#2794,#2795,#2796));
#847=EDGE_LOOP('',(#2797,#2798,#2799));
#848=EDGE_LOOP('',(#2800,#2801,#2802,#2803));
#849=EDGE_LOOP('',(#2804,#2805,#2806,#2807));
#850=EDGE_LOOP('',(#2808,#2809,#2810));
#851=EDGE_LOOP('',(#2811,#2812,#2813));
#852=EDGE_LOOP('',(#2814,#2815,#2816,#2817));
#853=EDGE_LOOP('',(#2818,#2819,#2820,#2821));
#854=EDGE_LOOP('',(#2822,#2823,#2824,#2825,#2826));
#855=EDGE_LOOP('',(#2827,#2828,#2829));
#856=EDGE_LOOP('',(#2830,#2831,#2832,#2833));
#857=EDGE_LOOP('',(#2834,#2835,#2836));
#858=EDGE_LOOP('',(#2837,#2838,#2839,#2840));
#859=EDGE_LOOP('',(#2841,#2842,#2843,#2844));
#860=EDGE_LOOP('',(#2845,#2846,#2847,#2848));
#861=EDGE_LOOP('',(#2849,#2850,#2851,#2852));
#862=EDGE_LOOP('',(#2853,#2854,#2855,#2856));
#863=EDGE_LOOP('',(#2857,#2858,#2859,#2860,#2861));
#864=EDGE_LOOP('',(#2862,#2863,#2864,#2865));
#865=EDGE_LOOP('',(#2866,#2867,#2868));
#866=EDGE_LOOP('',(#2869,#2870,#2871,#2872));
#867=EDGE_LOOP('',(#2873,#2874,#2875));
#868=EDGE_LOOP('',(#2876,#2877,#2878,#2879));
#869=EDGE_LOOP('',(#2880,#2881,#2882,#2883,#2884,#2885));
#870=EDGE_LOOP('',(#2886,#2887,#2888,#2889));
#871=EDGE_LOOP('',(#2890,#2891,#2892,#2893));
#872=EDGE_LOOP('',(#2894,#2895,#2896,#2897));
#873=EDGE_LOOP('',(#2898,#2899,#2900,#2901,#2902));
#874=EDGE_LOOP('',(#2903,#2904,#2905,#2906));
#875=EDGE_LOOP('',(#2907,#2908,#2909,#2910));
#876=EDGE_LOOP('',(#2911,#2912,#2913,#2914));
#877=EDGE_LOOP('',(#2915,#2916,#2917,#2918));
#878=EDGE_LOOP('',(#2919,#2920,#2921,#2922,#2923));
#879=EDGE_LOOP('',(#2924,#2925,#2926,#2927));
#880=EDGE_LOOP('',(#2928,#2929,#2930,#2931));
#881=EDGE_LOOP('',(#2932,#2933,#2934,#2935));
#882=EDGE_LOOP('',(#2936,#2937,#2938));
#883=EDGE_LOOP('',(#2939,#2940,#2941,#2942,#2943));
#884=EDGE_LOOP('',(#2944,#2945,#2946,#2947,#2948));
#885=EDGE_LOOP('',(#2949,#2950,#2951,#2952));
#886=EDGE_LOOP('',(#2953,#2954,#2955,#2956,#2957,#2958));
#887=EDGE_LOOP('',(#2959,#2960,#2961,#2962,#2963));
#888=EDGE_LOOP('',(#2964,#2965));
#889=EDGE_LOOP('',(#2966,#2967));
#890=EDGE_LOOP('',(#2968,#2969));
#891=B_SPLINE_CURVE_WITH_KNOTS('',3,(#4295,#4296,#4297,#4298,#4299,#4300,
#4301,#4302,#4303,#4304,#4305,#4306,#4307,#4308),.UNSPECIFIED.,.F.,.F.,
(4,2,2,2,2,2,4),(-0.318419571932832,-0.317771607109336,-0.275372726991552,
-0.233025206609355,-0.153731609339121,-0.0763696867018092,0.),
 .UNSPECIFIED.);
#892=B_SPLINE_CURVE_WITH_KNOTS('',3,(#4341,#4342,#4343,#4344,#4345,#4346,
#4347,#4348,#4349,#4350,#4351,#4352),.UNSPECIFIED.,.F.,.F.,(4,2,2,2,2,4),
(0.,0.0683955033926147,0.137190833335075,0.211636580564372,0.280627657726772,
0.360223535190138),.UNSPECIFIED.);
#893=B_SPLINE_CURVE_WITH_KNOTS('',3,(#4353,#4354,#4355,#4356,#4357),
 .UNSPECIFIED.,.F.,.F.,(4,1,4),(-2.23522936593228,-2.05259124335306,-1.91398744822832),
 .UNSPECIFIED.);
#894=B_SPLINE_CURVE_WITH_KNOTS('',3,(#4358,#4359,#4360,#4361,#4362),
 .UNSPECIFIED.,.F.,.F.,(4,1,4),(1.91398744822832,2.05259124335306,2.0946351187381),
 .UNSPECIFIED.);
#895=B_SPLINE_CURVE_WITH_KNOTS('',3,(#4414,#4415,#4416,#4417,#4418,#4419,
#4420,#4421,#4422,#4423),.UNSPECIFIED.,.F.,.F.,(4,1,1,1,1,1,1,4),(6.83950256141992,
7.22775091543675,7.61599927035687,8.00424762527699,8.39249598019712,8.78074433511724,
9.16899269003736,9.55724104495748),.UNSPECIFIED.);
#896=B_SPLINE_CURVE_WITH_KNOTS('',3,(#4425,#4426,#4427,#4428,#4429,#4430,
#4431,#4432,#4433,#4434),.UNSPECIFIED.,.F.,.F.,(4,1,1,1,1,1,1,4),(-9.51161372548057,
-9.16899269003736,-8.78074433511724,-8.39249598019712,-8.00424762527699,
-7.61599927035687,-7.22775091543675,-6.88604482409574),.UNSPECIFIED.);
#897=B_SPLINE_CURVE_WITH_KNOTS('',3,(#4435,#4436,#4437,#4438,#4439,#4440,
#4441,#4442,#4443,#4444,#4445,#4446,#4447,#4448),.UNSPECIFIED.,.F.,.F.,
(4,2,2,2,2,2,4),(-0.000649008092154183,0.,0.0425447540334122,0.0850344199527958,
0.164439366355009,0.241831030549179,0.31819162348873),.UNSPECIFIED.);
#898=B_SPLINE_CURVE_WITH_KNOTS('',3,(#4483,#4484,#4485,#4486,#4487),
 .UNSPECIFIED.,.F.,.F.,(4,1,4),(-0.320587625861279,-0.182406977974903,-9.63237169107418E-8),
 .UNSPECIFIED.);
#899=B_SPLINE_CURVE_WITH_KNOTS('',3,(#4489,#4490,#4491,#4492,#4493,#4494,
#4495,#4496,#4497,#4498,#4499,#4500),.UNSPECIFIED.,.F.,.F.,(4,2,2,2,2,4),
(0.,0.126800873986892,0.212509001097812,0.292956784532302,0.353467776397604,
0.413254303710169),.UNSPECIFIED.);
#900=B_SPLINE_CURVE_WITH_KNOTS('',3,(#4501,#4502,#4503,#4504,#4505),
 .UNSPECIFIED.,.F.,.F.,(4,1,4),(0.140394291607315,0.182406977974903,0.320587625861279),
 .UNSPECIFIED.);
#901=B_SPLINE_CURVE_WITH_KNOTS('',3,(#4531,#4532,#4533,#4534,#4535,#4536,
#4537,#4538,#4539,#4540,#4541,#4542,#4543,#4544),.UNSPECIFIED.,.F.,.F.,
(4,2,2,2,2,2,4),(0.000418022929879556,0.0761963695258659,0.153096363245816,
0.231951758359109,0.275077588838826,0.318188154312071,0.319238311235575),
 .UNSPECIFIED.);
#902=B_SPLINE_CURVE_WITH_KNOTS('',3,(#4548,#4549,#4550,#4551,#4552,#4553,
#4554,#4555),.UNSPECIFIED.,.F.,.F.,(4,2,2,4),(-0.00719115261191569,0.,0.248044142864015,
0.434702474387873),.UNSPECIFIED.);
#903=B_SPLINE_CURVE_WITH_KNOTS('',3,(#4557,#4558,#4559,#4560,#4561,#4562,
#4563,#4564,#4565,#4566,#4567,#4568),.UNSPECIFIED.,.F.,.F.,(4,2,2,2,2,4),
(-0.310952965450427,-0.278447833469181,-0.226671715783052,-0.144231514359957,
-0.0702208826353335,0.),.UNSPECIFIED.);
#904=B_SPLINE_CURVE_WITH_KNOTS('',3,(#4574,#4575,#4576,#4577,#4578,#4579,
#4580,#4581,#4582,#4583,#4584,#4585,#4586,#4587),.UNSPECIFIED.,.F.,.F.,
(4,2,2,2,2,2,4),(-0.73882465473095,-0.737270617749008,-0.175685596354718,
-0.0760788919059161,-0.0374845491146871,-0.0163635994642616,0.),
 .UNSPECIFIED.);
#905=B_SPLINE_CURVE_WITH_KNOTS('',3,(#4590,#4591,#4592,#4593,#4594,#4595,
#4596,#4597,#4598,#4599,#4600,#4601),.UNSPECIFIED.,.F.,.F.,(4,2,2,2,2,4),
(0.0400218249630726,0.33805850724942,0.527964668733175,0.619866237593486,
0.67162570954836,0.712091689166722),.UNSPECIFIED.);
#906=B_SPLINE_CURVE_WITH_KNOTS('',3,(#4609,#4610,#4611,#4612,#4613,#4614,
#4615,#4616,#4617,#4618,#4619,#4620),.UNSPECIFIED.,.F.,.F.,(4,2,2,2,2,4),
(-0.315170786853163,-0.314085616844582,-0.234380884213467,-0.156246906716985,
-0.0781213325789208,0.),.UNSPECIFIED.);
#907=B_SPLINE_CURVE_WITH_KNOTS('',3,(#4641,#4642,#4643,#4644),
 .UNSPECIFIED.,.F.,.F.,(4,4),(0.258931181655952,0.820119259104375),
 .UNSPECIFIED.);
#908=B_SPLINE_CURVE_WITH_KNOTS('',3,(#4674,#4675,#4676,#4677,#4678),
 .UNSPECIFIED.,.F.,.F.,(4,1,4),(0.154210802892788,0.64102995175223,1.29012218428097),
 .UNSPECIFIED.);
#909=B_SPLINE_CURVE_WITH_KNOTS('',3,(#4680,#4681,#4682,#4683,#4684,#4685,
#4686,#4687,#4688,#4689,#4690,#4691,#4692,#4693),.UNSPECIFIED.,.F.,.F.,
(4,2,2,2,2,2,4),(0.,0.0744189819067132,0.150843066376293,0.231336051659384,
0.276558476065475,0.321922607515899,0.322588415811644),.UNSPECIFIED.);
#910=B_SPLINE_CURVE_WITH_KNOTS('',3,(#4695,#4696,#4697,#4698),
 .UNSPECIFIED.,.F.,.F.,(4,4),(-1.2225912971882,-0.832349447588744),
 .UNSPECIFIED.);
#911=B_SPLINE_CURVE_WITH_KNOTS('',3,(#4699,#4700,#4701,#4702,#4703,#4704,
#4705,#4706,#4707,#4708,#4709,#4710,#4711,#4712),.UNSPECIFIED.,.F.,.F.,
(4,2,2,2,2,2,4),(-0.00175926832835531,0.,0.588333764983282,0.791945029733807,
0.883390099054553,0.932933658861783,0.971145538748052),.UNSPECIFIED.);
#912=B_SPLINE_CURVE_WITH_KNOTS('',3,(#4718,#4719,#4720,#4721,#4722,#4723,
#4724,#4725,#4726,#4727,#4728,#4729,#4730,#4731),.UNSPECIFIED.,.F.,.F.,
(4,2,2,2,2,2,4),(-0.0034746482717095,0.,1.20389700733847,1.43557146032471,
1.52622929849171,1.57605345650902,1.61471446601688),.UNSPECIFIED.);
#913=B_SPLINE_CURVE_WITH_KNOTS('',3,(#4886,#4887,#4888,#4889,#4890,#4891,
#4892,#4893,#4894,#4895,#4896,#4897,#4898,#4899,#4900,#4901,#4902,#4903,
#4904,#4905,#4906,#4907,#4908,#4909),.UNSPECIFIED.,.T.,.F.,(4,1,1,1,1,1,
1,1,1,1,1,1,1,1,1,1,1,1,1,1,1,4),(-3.14159265358979,-3.02939291596159,-2.91719317833338,
-2.69279370307697,-2.24399475256414,-1.34639685153848,-1.0471975511966,
-0.747998250854713,-0.448798950512828,-0.299199300341885,-0.149599650170943,
2.77555756156289E-17,0.149599650170943,0.299199300341885,0.448798950512828,
0.897597901025655,1.34639685153848,2.24399475256414,2.69279370307697,2.91719317833338,
3.02939291596159,3.14159265358979),.UNSPECIFIED.);
#914=B_SPLINE_CURVE_WITH_KNOTS('',3,(#4910,#4911,#4912,#4913,#4914,#4915,
#4916,#4917,#4918,#4919,#4920,#4921,#4922,#4923,#4924,#4925,#4926,#4927,
#4928,#4929,#4930,#4931,#4932,#4933),.UNSPECIFIED.,.T.,.F.,(4,1,1,1,1,1,
1,1,1,1,1,1,1,1,1,1,1,1,1,1,1,4),(-3.14159265358979,-3.02939291596159,-2.91719317833338,
-2.69279370307697,-2.24399475256414,-1.34639685153848,-0.897597901025655,
-0.448798950512828,-0.299199300341885,-0.149599650170943,-2.77555756156289E-17,
0.149599650170943,0.299199300341885,0.448798950512828,0.747998250854713,
1.0471975511966,1.34639685153848,2.24399475256414,2.69279370307697,2.91719317833338,
3.02939291596159,3.14159265358979),.UNSPECIFIED.);
#915=B_SPLINE_CURVE_WITH_KNOTS('',3,(#4992,#4993,#4994,#4995,#4996,#4997,
#4998,#4999,#5000,#5001,#5002,#5003,#5004,#5005,#5006,#5007,#5008,#5009,
#5010,#5011,#5012,#5013,#5014,#5015,#5016,#5017,#5018,#5019),
 .UNSPECIFIED.,.T.,.F.,(4,3,3,3,3,3,3,3,3,4),(-3.14159265358979,-2.74467002840528,
-2.03768296854747,-1.27099384228553,-0.519329255694138,0.221767527735273,
0.931866478737455,1.67187862340132,2.44172724473557,3.14159265358979),
 .UNSPECIFIED.);
#916=B_SPLINE_CURVE_WITH_KNOTS('',3,(#5058,#5059,#5060,#5061,#5062,#5063,
#5064),.UNSPECIFIED.,.F.,.F.,(4,1,1,1,4),(-1.58046449549563,-1.42751897205758,
-0.99981865704253,-0.785968499535003,-0.722686278118141),.UNSPECIFIED.);
#917=B_SPLINE_CURVE_WITH_KNOTS('',3,(#5066,#5067,#5068,#5069,#5070,#5071,
#5072,#5073,#5074,#5075,#5076,#5077,#5078,#5079),.UNSPECIFIED.,.F.,.F.,
(4,2,2,2,2,2,4),(-0.0010972573875581,0.,0.162618363433357,0.325041754177284,
0.417228801052026,0.473397308652595,0.51855988856767),.UNSPECIFIED.);
#918=B_SPLINE_CURVE_WITH_KNOTS('',3,(#5081,#5082,#5083,#5084,#5085,#5086,
#5087),.UNSPECIFIED.,.F.,.F.,(4,1,1,1,4),(0.35826818451995,0.785968499535003,
0.99981865704253,1.42751897205758,1.8552192868723),.UNSPECIFIED.);
#919=B_SPLINE_CURVE_WITH_KNOTS('',3,(#5088,#5089,#5090,#5091,#5092,#5093,
#5094,#5095,#5096,#5097,#5098,#5099,#5100,#5101),.UNSPECIFIED.,.F.,.F.,
(4,2,2,2,2,2,4),(-0.368800310108145,-0.368015215889426,-0.272729547264535,
-0.180574092191969,-0.10222671231477,-0.0463806997592616,0.),
 .UNSPECIFIED.);
#920=B_SPLINE_CURVE_WITH_KNOTS('',3,(#5105,#5106,#5107,#5108,#5109,#5110,
#5111,#5112,#5113,#5114,#5115,#5116,#5117,#5118,#5119,#5120,#5121,#5122,
#5123,#5124,#5125,#5126,#5127,#5128,#5129,#5130,#5131,#5132,#5133,#5134,
#5135,#5136,#5137,#5138,#5139,#5140,#5141,#5142,#5143,#5144,#5145,#5146,
#5147),.UNSPECIFIED.,.F.,.F.,(4,3,3,3,3,3,3,3,3,3,3,3,3,3,4),(0.,0.111855170167766,
0.223706637631522,0.335554676133914,0.447399559329088,0.559241560789747,
0.671080954014074,0.783546501198741,0.895401798946633,1.00724994674944,
1.1190920392919,1.23202036234178,1.34386863823067,1.45733698486104,1.57080533149141),
 .UNSPECIFIED.);
#921=B_SPLINE_CURVE_WITH_KNOTS('',3,(#5151,#5152,#5153,#5154,#5155,#5156,
#5157,#5158,#5159,#5160,#5161,#5162,#5163,#5164),.UNSPECIFIED.,.F.,.F.,
(4,2,2,2,2,2,4),(-0.324004248150492,-0.323312570091415,-0.277042351777881,
-0.231101170168359,-0.150791422249005,-0.074485533831682,0.),
 .UNSPECIFIED.);
#922=B_SPLINE_CURVE_WITH_KNOTS('',3,(#5171,#5172,#5173,#5174,#5175,#5176,
#5177,#5178,#5179,#5180,#5181,#5182,#5183,#5184),.UNSPECIFIED.,.F.,.F.,
(4,2,2,2,2,2,4),(-0.000755598942588246,0.,0.0409604519305949,0.081872644132518,
0.160429372140857,0.238290768749604,0.315826150994769),.UNSPECIFIED.);
#923=B_SPLINE_CURVE_WITH_KNOTS('',3,(#5233,#5234,#5235,#5236),
 .UNSPECIFIED.,.F.,.F.,(4,4),(-1.41938297141664,-1.09789647701118),
 .UNSPECIFIED.);
#924=B_SPLINE_CURVE_WITH_KNOTS('',3,(#5238,#5239,#5240,#5241,#5242,#5243,
#5244,#5245,#5246,#5247,#5248,#5249,#5250,#5251),.UNSPECIFIED.,.F.,.F.,
(4,2,2,2,2,2,4),(-0.000666956791544861,0.,0.0454408418858166,0.090739729124333,
0.171368101943277,0.247920399180328,0.322464083788042),.UNSPECIFIED.);
#925=B_SPLINE_CURVE_WITH_KNOTS('',3,(#5253,#5254,#5255,#5256),
 .UNSPECIFIED.,.F.,.F.,(4,4),(1.03036985887737,2.09202173935189),
 .UNSPECIFIED.);
#926=B_SPLINE_CURVE_WITH_KNOTS('',3,(#5257,#5258,#5259,#5260,#5261,#5262,
#5263,#5264,#5265,#5266,#5267,#5268,#5269,#5270),.UNSPECIFIED.,.F.,.F.,
(4,2,2,2,2,2,4),(-0.475926512079998,-0.475061468971528,-0.189046243497558,
-0.0887016126475674,-0.0434873061322981,-0.0189432932211838,0.),
 .UNSPECIFIED.);
#927=B_SPLINE_CURVE_WITH_KNOTS('',3,(#5275,#5276,#5277,#5278,#5279,#5280,
#5281,#5282,#5283,#5284,#5285,#5286,#5287,#5288),.UNSPECIFIED.,.F.,.F.,
(4,2,2,2,2,2,4),(-0.740247479623186,-0.738723807484297,-0.173911589273824,
-0.0752952199677201,-0.0370922975653199,-0.0161914102760853,0.),
 .UNSPECIFIED.);
#928=B_SPLINE_CURVE_WITH_KNOTS('',3,(#5336,#5337,#5338,#5339,#5340),
 .UNSPECIFIED.,.F.,.F.,(4,1,4),(-0.83455238485974,-0.799190874882155,-0.535094948858126),
 .UNSPECIFIED.);
#929=B_SPLINE_CURVE_WITH_KNOTS('',3,(#5342,#5343,#5344,#5345,#5346,#5347,
#5348,#5349,#5350,#5351,#5352,#5353,#5354,#5355),.UNSPECIFIED.,.F.,.F.,
(4,2,2,2,2,2,4),(-0.000733259729288508,0.,0.0609909929697644,0.121464413081905,
0.207049715763408,0.278541437836141,0.34379899682784),.UNSPECIFIED.);
#930=B_SPLINE_CURVE_WITH_KNOTS('',3,(#5357,#5358,#5359,#5360,#5361),
 .UNSPECIFIED.,.F.,.F.,(4,1,4),(0.394303122082545,0.799190874882155,1.3390412119483),
 .UNSPECIFIED.);
#931=B_SPLINE_CURVE_WITH_KNOTS('',3,(#5362,#5363,#5364,#5365,#5366,#5367,
#5368,#5369,#5370,#5371,#5372,#5373,#5374,#5375),.UNSPECIFIED.,.F.,.F.,
(4,2,2,2,2,2,4),(-0.458440221828891,-0.457553261137846,-0.240241521574197,
-0.118420308993255,-0.0593283950884049,-0.0260341916623724,0.),
 .UNSPECIFIED.);
#932=B_SPLINE_CURVE_WITH_KNOTS('',3,(#5380,#5381,#5382,#5383,#5384,#5385,
#5386,#5387,#5388,#5389,#5390,#5391,#5392,#5393),.UNSPECIFIED.,.F.,.F.,
(4,2,2,2,2,2,4),(-0.000684627931508183,0.,0.0491612866529266,0.0979996349083067,
0.179865818939766,0.255381712568718,0.327919757442131),.UNSPECIFIED.);
#933=B_SPLINE_CURVE_WITH_KNOTS('',3,(#5526,#5527,#5528,#5529,#5530,#5531,
#5532,#5533,#5534,#5535,#5536),.UNSPECIFIED.,.F.,.F.,(4,2,2,3,4),(-1.00012436258466,
-0.732848324727017,-0.36642416236351,0.,0.100790737537146),
 .UNSPECIFIED.);
#934=B_SPLINE_CURVE_WITH_KNOTS('',3,(#5540,#5541,#5542,#5543,#5544,#5545,
#5546,#5547,#5548,#5549),.UNSPECIFIED.,.F.,.F.,(4,2,2,2,4),(1.83297453587194,
1.95929098925184,2.23309492377406,2.50689885829628,2.82431697419605),
 .UNSPECIFIED.);
#935=B_SPLINE_CURVE_WITH_KNOTS('',3,(#5554,#5555,#5556,#5557),
 .UNSPECIFIED.,.F.,.F.,(4,4),(-0.07682542954442,-0.024316898770918),
 .UNSPECIFIED.);
#936=B_SPLINE_CURVE_WITH_KNOTS('',3,(#5561,#5562,#5563,#5564),
 .UNSPECIFIED.,.F.,.F.,(4,4),(-0.0711576512438897,0.),.UNSPECIFIED.);
#937=B_SPLINE_CURVE_WITH_KNOTS('',3,(#5569,#5570,#5571,#5572,#5573,#5574,
#5575,#5576,#5577,#5578,#5579,#5580),.UNSPECIFIED.,.F.,.F.,(4,2,2,2,2,4),
(6.89491241335512,6.91430288782227,7.20120796586392,7.48457716086264,7.76794635586136,
7.93438978933571),.UNSPECIFIED.);
#938=B_SPLINE_CURVE_WITH_KNOTS('',3,(#5581,#5582,#5583,#5584,#5585,#5586,
#5587,#5588,#5589,#5590,#5591),.UNSPECIFIED.,.F.,.F.,(4,3,2,2,4),(-0.175220115206272,
0.,0.375543031412679,0.751086062825358,0.975431323577927),.UNSPECIFIED.);
#939=B_SPLINE_CURVE_WITH_KNOTS('',3,(#5616,#5617,#5618,#5619,#5620,#5621,
#5622,#5623,#5624,#5625),.UNSPECIFIED.,.F.,.F.,(4,3,3,4),(-0.38262657714301,
-0.224903989501334,-0.0584203343543068,0.),.UNSPECIFIED.);
#940=B_SPLINE_CURVE_WITH_KNOTS('',3,(#5627,#5628,#5629,#5630,#5631,#5632,
#5633,#5634,#5635,#5636,#5637,#5638,#5639,#5640,#5641,#5642,#5643,#5644,
#5645,#5646,#5647,#5648,#5649,#5650,#5651,#5652,#5653),.UNSPECIFIED.,.F.,
 .F.,(4,2,2,2,2,2,3,2,2,2,2,2,4),(-2.12480623524081,-1.85419510338404,-1.10929111297455,
-0.732845564845482,-0.35640001671641,-0.178200008358205,0.,0.178166373003366,
0.356332746006732,0.73248279910009,1.10863285219345,1.85324563496251,2.05723355421446),
 .UNSPECIFIED.);
#941=B_SPLINE_CURVE_WITH_KNOTS('',3,(#5654,#5655,#5656,#5657,#5658,#5659,
#5660,#5661,#5662,#5663),.UNSPECIFIED.,.F.,.F.,(4,3,3,4),(-0.280469547712164,
-0.11033613461492,-0.0484270548728391,-2.01707593532104E-9),
 .UNSPECIFIED.);
#942=B_SPLINE_CURVE_WITH_KNOTS('',3,(#5665,#5666,#5667,#5668,#5669,#5670),
 .UNSPECIFIED.,.F.,.F.,(4,2,4),(4.3985280351902,4.66962968796437,5.19814920208773),
 .UNSPECIFIED.);
#943=B_SPLINE_CURVE_WITH_KNOTS('',3,(#5674,#5675,#5676,#5677,#5678,#5679),
 .UNSPECIFIED.,.F.,.F.,(4,2,4),(2.17087470513442,2.67355628762572,2.93203294981755),
 .UNSPECIFIED.);
#944=B_SPLINE_CURVE_WITH_KNOTS('',3,(#5713,#5714,#5715,#5716,#5717),
 .UNSPECIFIED.,.F.,.F.,(4,1,4),(11.8276849816587,12.1337750099657,13.0559323973091),
 .UNSPECIFIED.);
#945=B_SPLINE_CURVE_WITH_KNOTS('',3,(#5719,#5720,#5721,#5722,#5723,#5724,
#5725,#5726,#5727,#5728,#5729,#5730,#5731),.UNSPECIFIED.,.F.,.F.,(4,3,3,
3,4),(-0.271232532657561,-0.189111041559086,-0.136054150439702,-0.0514077835005089,
0.),.UNSPECIFIED.);
#946=B_SPLINE_CURVE_WITH_KNOTS('',3,(#5733,#5734,#5735,#5736,#5737,#5738,
#5739,#5740),.UNSPECIFIED.,.F.,.F.,(4,1,1,1,1,4),(-13.1626172931621,-12.1337750099657,
-11.1049327267692,-10.590511585171,-10.0760904435728,-9.6490334401412),
 .UNSPECIFIED.);
#947=B_SPLINE_CURVE_WITH_KNOTS('',3,(#5742,#5743,#5744,#5745),
 .UNSPECIFIED.,.F.,.F.,(4,4),(0.,0.0287327122918841),.UNSPECIFIED.);
#948=B_SPLINE_CURVE_WITH_KNOTS('',3,(#5747,#5748,#5749,#5750,#5751,#5752,
#5753,#5754),.UNSPECIFIED.,.F.,.F.,(4,2,2,4),(0.,0.0171665559489577,0.102258889020292,
0.155024232478472),.UNSPECIFIED.);
#949=B_SPLINE_CURVE_WITH_KNOTS('',3,(#5755,#5756,#5757,#5758,#5759,#5760,
#5761),.UNSPECIFIED.,.F.,.F.,(4,1,1,1,4),(9.56166930197456,10.0760904435728,
10.590511585171,11.1049327267692,11.5205892799547),.UNSPECIFIED.);
#950=B_SPLINE_CURVE_WITH_KNOTS('',3,(#5764,#5765,#5766,#5767,#5768),
 .UNSPECIFIED.,.F.,.F.,(4,1,4),(9.56302504285129,9.9707565982222,10.8121688121691),
 .UNSPECIFIED.);
#951=B_SPLINE_CURVE_WITH_KNOTS('',3,(#5769,#5770,#5771,#5772,#5773,#5774,
#5775,#5776,#5777,#5778,#5779,#5780,#5781,#5782,#5783,#5784,#5785,#5786,
#5787),.UNSPECIFIED.,.F.,.F.,(4,2,2,2,3,2,2,2,4),(-1.01221107923588,-0.877042980335091,
-0.584695320223394,-0.292347660111698,0.,0.292347660111697,0.584695320223394,
0.877042980335091,1.01513190050338),.UNSPECIFIED.);
#952=B_SPLINE_CURVE_WITH_KNOTS('',3,(#5791,#5792,#5793,#5794,#5795,#5796,
#5797,#5798,#5799,#5800,#5801,#5802,#5803,#5804,#5805,#5806,#5807,#5808,
#5809,#5810,#5811,#5812,#5813,#5814,#5815,#5816,#5817,#5818,#5819,#5820,
#5821,#5822,#5823,#5824,#5825,#5826,#5827,#5828,#5829,#5830,#5831,#5832,
#5833),.UNSPECIFIED.,.F.,.F.,(4,3,3,3,3,3,3,3,3,3,3,3,3,3,4),(0.,0.0770896494200762,
0.152477848196343,0.225540576299185,0.297346833203039,0.367378889203877,
0.399064447469196,0.464193302042126,0.529534772157602,0.595102070660364,
0.660900838363472,0.727042018104296,0.79334076854959,0.859817804075782,
0.899325508984727),.UNSPECIFIED.);
#953=B_SPLINE_CURVE_WITH_KNOTS('',3,(#5843,#5844,#5845,#5846,#5847,#5848),
 .UNSPECIFIED.,.F.,.F.,(4,2,4),(2.62925730911754,2.75445452055182,2.8796517319861),
 .UNSPECIFIED.);
#954=B_SPLINE_CURVE_WITH_KNOTS('',3,(#5852,#5853,#5854,#5855,#5856,#5857,
#5858,#5859,#5860,#5861,#5862,#5863,#5864,#5865,#5866,#5867,#5868,#5869,
#5870,#5871,#5872,#5873,#5874,#5875,#5876,#5877,#5878,#5879,#5880,#5881,
#5882,#5883,#5884,#5885,#5886,#5887,#5888,#5889,#5890,#5891,#5892,#5893,
#5894,#5895,#5896,#5897),.UNSPECIFIED.,.F.,.F.,(4,3,3,3,3,3,3,3,3,3,3,3,
3,3,3,4),(0.,0.0298522517353488,0.0896073227162084,0.149163052595978,0.208483444075504,
0.267550754220182,0.326253823966622,0.384747984829957,0.442976995049782,
0.464213332160683,0.526378415813311,0.589776327157635,0.65507483331111,
0.721565427888825,0.78979422366223,0.797995109329727),.UNSPECIFIED.);
#955=B_SPLINE_CURVE_WITH_KNOTS('',3,(#5898,#5899,#5900,#5901,#5902,#5903),
 .UNSPECIFIED.,.F.,.F.,(4,2,4),(2.6993205980915,3.11867160737513,3.53802261665876),
 .UNSPECIFIED.);
#956=B_SPLINE_CURVE_WITH_KNOTS('',3,(#5982,#5983,#5984,#5985,#5986,#5987,
#5988,#5989,#5990,#5991,#5992,#5993,#5994,#5995,#5996,#5997),
 .UNSPECIFIED.,.F.,.F.,(4,2,2,2,2,2,2,4),(1.62009672926269,1.82502079303062,
2.13923759484393,2.51197662633227,2.60547480428314,2.65262198705649,2.68466725684569,
2.71388958584244),.UNSPECIFIED.);
#957=B_SPLINE_CURVE_WITH_KNOTS('',3,(#6021,#6022,#6023,#6024),
 .UNSPECIFIED.,.F.,.F.,(4,4),(0.407429700244466,0.505944236244635),
 .UNSPECIFIED.);
#958=B_SPLINE_CURVE_WITH_KNOTS('',3,(#6027,#6028,#6029,#6030),
 .UNSPECIFIED.,.F.,.F.,(4,4),(0.92115517667949,1.06444133964179),
 .UNSPECIFIED.);
#959=B_SPLINE_CURVE_WITH_KNOTS('',3,(#6034,#6035,#6036,#6037,#6038,#6039,
#6040,#6041),.UNSPECIFIED.,.F.,.F.,(4,2,2,4),(0.,0.183413872992428,0.320017226475962,
0.400958418663808),.UNSPECIFIED.);
#960=B_SPLINE_CURVE_WITH_KNOTS('',3,(#6048,#6049,#6050,#6051,#6052,#6053,
#6054,#6055),.UNSPECIFIED.,.F.,.F.,(4,2,2,4),(2.99535948591556,3.04714762214459,
3.39824607315479,3.4206981881219),.UNSPECIFIED.);
#961=B_SPLINE_CURVE_WITH_KNOTS('',3,(#6100,#6101,#6102,#6103),
 .UNSPECIFIED.,.F.,.F.,(4,4),(4.91434755489135,5.00956590453981),
 .UNSPECIFIED.);
#962=B_SPLINE_CURVE_WITH_KNOTS('',3,(#6104,#6105,#6106,#6107),
 .UNSPECIFIED.,.F.,.F.,(4,4),(0.,0.0890547836136376),.UNSPECIFIED.);
#963=B_SPLINE_CURVE_WITH_KNOTS('',3,(#6112,#6113,#6114,#6115),
 .UNSPECIFIED.,.F.,.F.,(4,4),(1.07624207645573,1.32387715196314),
 .UNSPECIFIED.);
#964=B_SPLINE_CURVE_WITH_KNOTS('',3,(#6116,#6117,#6118,#6119),
 .UNSPECIFIED.,.F.,.F.,(4,4),(0.149331930443596,0.187462169160476),
 .UNSPECIFIED.);
#965=B_SPLINE_CURVE_WITH_KNOTS('',3,(#6121,#6122,#6123,#6124,#6125,#6126,
#6127,#6128),.UNSPECIFIED.,.F.,.F.,(4,2,2,4),(0.337990087046333,0.52778012492579,
0.791646221764026,0.92115517667949),.UNSPECIFIED.);
#966=B_SPLINE_CURVE_WITH_KNOTS('',3,(#6132,#6133,#6134,#6135,#6136,#6137,
#6138,#6139,#6140,#6141,#6142,#6143),.UNSPECIFIED.,.F.,.F.,(4,2,2,2,2,4),
(5.00956590453981,5.48191918819903,6.0899993602757,6.69807953235238,7.30615970442906,
7.63153050001784),.UNSPECIFIED.);
#967=B_SPLINE_CURVE_WITH_KNOTS('',3,(#6148,#6149,#6150,#6151),
 .UNSPECIFIED.,.F.,.F.,(4,4),(-0.0832122260242752,0.),.UNSPECIFIED.);
#968=B_SPLINE_CURVE_WITH_KNOTS('',3,(#6153,#6154,#6155,#6156,#6157,#6158,
#6159,#6160,#6161,#6162),.UNSPECIFIED.,.F.,.F.,(4,2,2,2,4),(-0.864814026216243,
-0.672203916312102,-0.476007824840673,-0.203635542326081,0.),
 .UNSPECIFIED.);
#969=B_SPLINE_CURVE_WITH_KNOTS('',3,(#6163,#6164,#6165,#6166),
 .UNSPECIFIED.,.F.,.F.,(4,4),(1.6945387895602,1.75366312915927),
 .UNSPECIFIED.);
#970=B_SPLINE_CURVE_WITH_KNOTS('',3,(#6170,#6171,#6172,#6173,#6174,#6175,
#6176,#6177),.UNSPECIFIED.,.F.,.F.,(4,2,2,4),(-2.84005657228904,-2.11000181083487,
-1.28614457888015,0.),.UNSPECIFIED.);
#971=B_SPLINE_CURVE_WITH_KNOTS('',3,(#6182,#6183,#6184,#6185),
 .UNSPECIFIED.,.F.,.F.,(4,4),(-0.359766595112471,0.),.UNSPECIFIED.);
#972=B_SPLINE_CURVE_WITH_KNOTS('',3,(#6186,#6187,#6188,#6189,#6190,#6191,
#6192,#6193,#6194,#6195),.UNSPECIFIED.,.F.,.F.,(4,2,2,2,4),(-1.02922317759373,
-0.897145613026071,-0.75723268385591,-0.433836129667822,-0.404278592103533),
 .UNSPECIFIED.);
#973=B_SPLINE_CURVE_WITH_KNOTS('',3,(#6198,#6199,#6200,#6201),
 .UNSPECIFIED.,.F.,.F.,(4,4),(-0.479443835169201,-0.374053700063286),
 .UNSPECIFIED.);
#974=B_SPLINE_CURVE_WITH_KNOTS('',3,(#6203,#6204,#6205,#6206,#6207,#6208),
 .UNSPECIFIED.,.F.,.F.,(4,2,4),(2.56287920642177,2.60641077277123,2.64345537072465),
 .UNSPECIFIED.);
#975=B_SPLINE_CURVE_WITH_KNOTS('',3,(#6209,#6210,#6211,#6212),
 .UNSPECIFIED.,.F.,.F.,(4,4),(-0.65446364254725,-0.501440229621627),
 .UNSPECIFIED.);
#976=B_SPLINE_CURVE_WITH_KNOTS('',3,(#6243,#6244,#6245,#6246,#6247,#6248),
 .UNSPECIFIED.,.F.,.F.,(4,2,4),(1.30962777959581,1.50644440956347,1.6833558781886),
 .UNSPECIFIED.);
#977=B_SPLINE_CURVE_WITH_KNOTS('',3,(#6252,#6253,#6254,#6255,#6256,#6257,
#6258,#6259,#6260,#6261),.UNSPECIFIED.,.F.,.F.,(4,2,2,2,4),(1.77305057485494,
1.85001578352892,1.9576739743574,2.05093357430929,2.14823094641842),
 .UNSPECIFIED.);
#978=B_SPLINE_CURVE_WITH_KNOTS('',3,(#6283,#6284,#6285,#6286),
 .UNSPECIFIED.,.F.,.F.,(4,4),(3.69467584225697,3.78370291647646),
 .UNSPECIFIED.);
#979=B_SPLINE_CURVE_WITH_KNOTS('',3,(#6289,#6290,#6291,#6292),
 .UNSPECIFIED.,.F.,.F.,(4,4),(14.4801263726944,14.5753447223428),
 .UNSPECIFIED.);
#980=B_SPLINE_CURVE_WITH_KNOTS('',3,(#6300,#6301,#6302,#6303,#6304,#6305,
#6306,#6307,#6308,#6309,#6310,#6311,#6312,#6313,#6314,#6315),
 .UNSPECIFIED.,.F.,.F.,(4,2,2,2,2,2,2,4),(0.,0.0326652259984268,0.0652806073077819,
0.10959478873559,0.190639024323877,0.402753495068202,0.960751265384523,
1.08771136084653),.UNSPECIFIED.);
#981=B_SPLINE_CURVE_WITH_KNOTS('',3,(#6343,#6344,#6345,#6346),
 .UNSPECIFIED.,.F.,.F.,(4,4),(3.15784184994961,3.3011280129119),
 .UNSPECIFIED.);
#982=B_SPLINE_CURVE_WITH_KNOTS('',3,(#6347,#6348,#6349,#6350),
 .UNSPECIFIED.,.F.,.F.,(4,4),(0.,0.0980357775209295),.UNSPECIFIED.);
#983=B_SPLINE_CURVE_WITH_KNOTS('',3,(#6355,#6356,#6357,#6358),
 .UNSPECIFIED.,.F.,.F.,(4,4),(-0.193165688424789,-0.0402236944084395),
 .UNSPECIFIED.);
#984=B_SPLINE_CURVE_WITH_KNOTS('',3,(#6360,#6361,#6362,#6363,#6364,#6365),
 .UNSPECIFIED.,.F.,.F.,(4,2,4),(0.218606510516231,0.255651108470436,0.299182675210405),
 .UNSPECIFIED.);
#985=B_SPLINE_CURVE_WITH_KNOTS('',3,(#6366,#6367,#6368,#6369),
 .UNSPECIFIED.,.F.,.F.,(4,4),(-0.280565264912251,-0.175118142470875),
 .UNSPECIFIED.);
#986=B_SPLINE_CURVE_WITH_KNOTS('',3,(#6374,#6375,#6376,#6377,#6378,#6379,
#6380,#6381),.UNSPECIFIED.,.F.,.F.,(4,2,2,4),(-0.574113384377444,-0.503113075663567,
-0.214030892444361,0.),.UNSPECIFIED.);
#987=B_SPLINE_CURVE_WITH_KNOTS('',3,(#6382,#6383,#6384,#6385),
 .UNSPECIFIED.,.F.,.F.,(4,4),(-0.360907465722836,0.),.UNSPECIFIED.);
#988=B_SPLINE_CURVE_WITH_KNOTS('',3,(#6389,#6390,#6391,#6392,#6393,#6394,
#6395,#6396),.UNSPECIFIED.,.F.,.F.,(4,2,2,4),(-2.83816181486735,-1.85367093863264,
-0.914788701322754,0.),.UNSPECIFIED.);
#989=B_SPLINE_CURVE_WITH_KNOTS('',3,(#6401,#6402,#6403,#6404),
 .UNSPECIFIED.,.F.,.F.,(4,4),(2.56357312923552,2.62269746883403),
 .UNSPECIFIED.);
#990=B_SPLINE_CURVE_WITH_KNOTS('',3,(#6406,#6407,#6408,#6409,#6410,#6411,
#6412,#6413,#6414,#6415),.UNSPECIFIED.,.F.,.F.,(4,2,2,2,4),(-0.872565181120415,
-0.693527532303076,-0.54221547283645,-0.272173679283431,0.),
 .UNSPECIFIED.);
#991=B_SPLINE_CURVE_WITH_KNOTS('',3,(#6416,#6417,#6418,#6419),
 .UNSPECIFIED.,.F.,.F.,(4,4),(-1.17566260303919,-1.09226168245453),
 .UNSPECIFIED.);
#992=B_SPLINE_CURVE_WITH_KNOTS('',3,(#6421,#6422,#6423,#6424,#6425,#6426,
#6427,#6428,#6429,#6430,#6431,#6432),.UNSPECIFIED.,.F.,.F.,(4,2,2,2,2,4),
(11.8581617772163,12.1835325728051,12.7916127448818,13.3996929169585,14.0077730890351,
14.4801263726944),.UNSPECIFIED.);
#993=B_SPLINE_CURVE_WITH_KNOTS('',3,(#6436,#6437,#6438,#6439,#6440,#6441,
#6442,#6443),.UNSPECIFIED.,.F.,.F.,(4,2,2,4),(3.3011280129119,3.43063696782736,
3.6945030646656,3.88429310254506),.UNSPECIFIED.);
#994=B_SPLINE_CURVE_WITH_KNOTS('',3,(#6446,#6447,#6448,#6449),
 .UNSPECIFIED.,.F.,.F.,(4,4),(2.6745997120812,2.71272995079808),
 .UNSPECIFIED.);
#995=B_SPLINE_CURVE_WITH_KNOTS('',3,(#6450,#6451,#6452,#6453),
 .UNSPECIFIED.,.F.,.F.,(4,4),(15.855581433822,16.1032165093294),
 .UNSPECIFIED.);
#996=B_SPLINE_CURVE_WITH_KNOTS('',3,(#6458,#6459,#6460,#6461,#6462,#6463),
 .UNSPECIFIED.,.F.,.F.,(4,2,4),(-0.710770313986823,-0.455805066268403,-0.291912841861351),
 .UNSPECIFIED.);
#997=B_SPLINE_CURVE_WITH_KNOTS('',3,(#6466,#6467,#6468,#6469,#6470,#6471),
 .UNSPECIFIED.,.F.,.F.,(4,2,4),(-0.550361801629291,-0.378869954317,-0.134906467807916),
 .UNSPECIFIED.);
#998=B_SPLINE_CURVE_WITH_KNOTS('',3,(#6476,#6477,#6478,#6479,#6480,#6481),
 .UNSPECIFIED.,.F.,.F.,(4,2,4),(1.62255480849672,1.64769410372065,1.65992175495643),
 .UNSPECIFIED.);
#999=B_SPLINE_CURVE_WITH_KNOTS('',3,(#6483,#6484,#6485,#6486,#6487,#6488,
#6489,#6490,#6491,#6492,#6493,#6494,#6495),.UNSPECIFIED.,.F.,.F.,(4,2,3,
2,2,4),(-1.20222582603827,-0.846914469264865,0.,0.800874215908046,1.56745990598811,
2.08657947367981),.UNSPECIFIED.);
#1000=B_SPLINE_CURVE_WITH_KNOTS('',3,(#6497,#6498,#6499,#6500),
 .UNSPECIFIED.,.F.,.F.,(4,4),(0.454475238340722,0.492983688446191),
 .UNSPECIFIED.);
#1001=B_SPLINE_CURVE_WITH_KNOTS('',3,(#6502,#6503,#6504,#6505,#6506,#6507,
#6508,#6509,#6510,#6511,#6512,#6513,#6514,#6515,#6516,#6517,#6518,#6519),
 .UNSPECIFIED.,.F.,.F.,(4,2,2,2,2,2,2,2,4),(9.35268188312117,9.38232067620199,
9.79720404284791,10.2120874094938,10.6269707761397,11.0418541427856,11.4567375094316,
11.8716208760775,11.9025275265781),.UNSPECIFIED.);
#1002=B_SPLINE_CURVE_WITH_KNOTS('',3,(#6521,#6522,#6523,#6524),
 .UNSPECIFIED.,.F.,.F.,(4,4),(0.714959419385666,0.752206849146112),
 .UNSPECIFIED.);
#1003=B_SPLINE_CURVE_WITH_KNOTS('',3,(#6526,#6527,#6528,#6529,#6530,#6531,
#6532,#6533,#6534,#6535),.UNSPECIFIED.,.F.,.F.,(4,2,2,2,4),(-4.0585166499873,
-3.86733901968751,-2.57733141626851,-1.60298638231073,-1.14496224635335),
 .UNSPECIFIED.);
#1004=B_SPLINE_CURVE_WITH_KNOTS('',3,(#6536,#6537,#6538,#6539),
 .UNSPECIFIED.,.F.,.F.,(4,4),(1.322850580328,1.35446121122884),
 .UNSPECIFIED.);
#1005=B_SPLINE_CURVE_WITH_KNOTS('',3,(#6541,#6542,#6543,#6544,#6545,#6546,
#6547),.UNSPECIFIED.,.F.,.F.,(4,1,1,1,4),(29.4066756574562,30.3228968020212,
30.7810073743037,31.6972285188687,32.357202542204),.UNSPECIFIED.);
#1006=B_SPLINE_CURVE_WITH_KNOTS('',3,(#6548,#6549,#6550,#6551,#6552,#6553),
 .UNSPECIFIED.,.F.,.F.,(4,1,1,4),(32.8875398031164,34.0057307229973,34.9219903587235,
35.8382499944496),.UNSPECIFIED.);
#1007=B_SPLINE_CURVE_WITH_KNOTS('',3,(#6582,#6583,#6584,#6585,#6586,#6587,
#6588),.UNSPECIFIED.,.F.,.F.,(4,1,1,1,4),(-32.6134496634337,-31.6972285188687,
-30.7810073743037,-30.3228968020212,-30.0418110058988),.UNSPECIFIED.);
#1008=B_SPLINE_CURVE_WITH_KNOTS('',3,(#6592,#6593,#6594,#6595,#6596,#6597,
#6598,#6599),.UNSPECIFIED.,.F.,.F.,(4,2,2,4),(-0.927241313599123,-0.787084962212412,
-0.53288083251541,-0.510720653813269),.UNSPECIFIED.);
#1009=B_SPLINE_CURVE_WITH_KNOTS('',3,(#6602,#6603,#6604,#6605,#6606,#6607),
 .UNSPECIFIED.,.F.,.F.,(4,2,4),(-2.13007843564181,-2.06586007061932,-1.68039029822926),
 .UNSPECIFIED.);
#1010=B_SPLINE_CURVE_WITH_KNOTS('',3,(#6634,#6635,#6636,#6637,#6638,#6639),
 .UNSPECIFIED.,.F.,.F.,(4,2,4),(-6.80236062294506,-6.70339972842792,-6.6663996793792),
 .UNSPECIFIED.);
#1011=B_SPLINE_CURVE_WITH_KNOTS('',3,(#6640,#6641,#6642,#6643),
 .UNSPECIFIED.,.F.,.F.,(4,4),(-30.0245964245555,-29.7269384645807),
 .UNSPECIFIED.);
#1012=B_SPLINE_CURVE_WITH_KNOTS('',3,(#6644,#6645,#6646,#6647,#6648,#6649),
 .UNSPECIFIED.,.F.,.F.,(4,1,1,4),(-35.2031937684609,-34.9219903587235,-34.0057307229973,
-32.631341269408),.UNSPECIFIED.);
#1013=B_SPLINE_CURVE_WITH_KNOTS('',3,(#6651,#6652,#6653,#6654,#6655,#6656,
#6657,#6658,#6659,#6660,#6661,#6662,#6663,#6664,#6665,#6666,#6667,#6668,
#6669,#6670),.UNSPECIFIED.,.F.,.F.,(4,2,2,2,2,2,2,2,2,4),(-13.1507545347352,
-12.6179278554461,-11.7614400954471,-10.8660038496337,-9.03076087927665,
-6.70990592856977,-4.42299208436472,-2.39558740403925,-0.907979981491168,
0.),.UNSPECIFIED.);
#1014=B_SPLINE_CURVE_WITH_KNOTS('',3,(#6673,#6674,#6675,#6676),
 .UNSPECIFIED.,.F.,.F.,(4,4),(-0.243317307695391,0.),.UNSPECIFIED.);
#1015=B_SPLINE_CURVE_WITH_KNOTS('',3,(#6677,#6678,#6679,#6680,#6681,#6682,
#6683,#6684,#6685,#6686,#6687,#6688),.UNSPECIFIED.,.F.,.F.,(4,2,2,2,2,4),
(-0.312710616553848,-0.267920109031431,-0.225858275079725,-0.147211187588683,
-0.0715476809242416,-0.0374282675969965),.UNSPECIFIED.);
#1016=B_SPLINE_CURVE_WITH_KNOTS('',3,(#6691,#6692,#6693,#6694,#6695,#6696,
#6697,#6698),.UNSPECIFIED.,.F.,.F.,(4,2,2,4),(-3.19563722848035,-2.31448128703042,
-1.45175379163367,0.),.UNSPECIFIED.);
#1017=B_SPLINE_CURVE_WITH_KNOTS('',3,(#6700,#6701,#6702,#6703,#6704,#6705,
#6706,#6707,#6708,#6709,#6710,#6711),.UNSPECIFIED.,.F.,.F.,(4,2,2,2,2,4),
(-1.63803511093565,-1.25112870751992,-0.948288247141267,-0.747794574098045,
-0.501048348414037,0.),.UNSPECIFIED.);
#1018=B_SPLINE_CURVE_WITH_KNOTS('',3,(#6713,#6714,#6715,#6716,#6717,#6718),
 .UNSPECIFIED.,.F.,.F.,(4,2,4),(-5.16135980707811,-2.20571595387348,0.),
 .UNSPECIFIED.);
#1019=B_SPLINE_CURVE_WITH_KNOTS('',3,(#6719,#6720,#6721,#6722,#6723,#6724,
#6725,#6726,#6727,#6728,#6729,#6730,#6731,#6732,#6733,#6734,#6735,#6736,
#6737,#6738),.UNSPECIFIED.,.F.,.F.,(4,2,2,2,2,2,2,2,2,4),(-10.8653817430866,
-8.208060015477,-6.53368933621875,-5.64886602082817,-5.27505524740324,-5.02696110494162,
-4.76701654146703,-4.32265642552169,-2.48628737704795,0.),.UNSPECIFIED.);
#1020=B_SPLINE_CURVE_WITH_KNOTS('',3,(#6741,#6742,#6743,#6744,#6745,#6746),
 .UNSPECIFIED.,.F.,.F.,(4,2,4),(13.0727182337039,13.0727365103833,13.2724347812995),
 .UNSPECIFIED.);
#1021=B_SPLINE_CURVE_WITH_KNOTS('',3,(#6748,#6749,#6750,#6751,#6752,#6753,
#6754,#6755),.UNSPECIFIED.,.F.,.F.,(4,2,2,4),(13.2724347812995,13.6206229515641,
14.1711379609774,14.4927704414839),.UNSPECIFIED.);
#1022=B_SPLINE_CURVE_WITH_KNOTS('',3,(#6757,#6758,#6759,#6760),
 .UNSPECIFIED.,.F.,.F.,(4,4),(14.4927704414839,14.6504396933713),
 .UNSPECIFIED.);
#1023=B_SPLINE_CURVE_WITH_KNOTS('',3,(#6762,#6763,#6764,#6765,#6766,#6767,
#6768,#6769,#6770,#6771,#6772,#6773,#6774,#6775,#6776,#6777,#6778,#6779,
#6780,#6781),.UNSPECIFIED.,.F.,.F.,(4,2,2,2,2,2,2,2,2,4),(-0.787011302395639,
-0.763755800959621,-0.733892834061113,-0.704547092835241,-0.665054390623057,
-0.578690623787786,-0.494318568240816,-0.373518788617759,-0.198218428081994,
0.),.UNSPECIFIED.);
#1024=B_SPLINE_CURVE_WITH_KNOTS('',3,(#6783,#6784,#6785,#6786),
 .UNSPECIFIED.,.F.,.F.,(4,4),(18.5770719759346,19.1604052058258),
 .UNSPECIFIED.);
#1025=B_SPLINE_CURVE_WITH_KNOTS('',3,(#6788,#6789,#6790,#6791,#6792,#6793,
#6794,#6795,#6796,#6797,#6798,#6799,#6800,#6801,#6802,#6803,#6804,#6805,
#6806,#6807,#6808,#6809),.UNSPECIFIED.,.F.,.F.,(4,2,2,2,2,2,2,2,2,2,4),
(-0.31523504582653,-0.292681030838931,-0.222081024774569,-0.157770420886104,
-0.101465238175202,-0.0672751277816299,-0.0503783162383109,-0.0403742802153487,
-0.0315806620364782,-0.0207223478596602,0.),.UNSPECIFIED.);
#1026=B_SPLINE_CURVE_WITH_KNOTS('',3,(#6811,#6812,#6813,#6814),
 .UNSPECIFIED.,.F.,.F.,(4,4),(21.9376340759385,22.5927936174078),
 .UNSPECIFIED.);
#1027=B_SPLINE_CURVE_WITH_KNOTS('',3,(#6816,#6817,#6818,#6819),
 .UNSPECIFIED.,.F.,.F.,(4,4),(22.5927936174078,22.8055178167372),
 .UNSPECIFIED.);
#1028=B_SPLINE_CURVE_WITH_KNOTS('',3,(#6821,#6822,#6823,#6824,#6825,#6826),
 .UNSPECIFIED.,.F.,.F.,(4,2,4),(1.3546314743018,1.44543699664119,1.5632514209661),
 .UNSPECIFIED.);
#1029=B_SPLINE_CURVE_WITH_KNOTS('',3,(#6828,#6829,#6830,#6831,#6832,#6833,
#6834,#6835,#6836,#6837,#6838,#6839,#6840,#6841),.UNSPECIFIED.,.F.,.F.,
(4,2,2,2,2,2,4),(1.5632514209661,1.64194943342228,1.76038693921837,1.87882444501446,
2.03578117710173,2.21830792043808,2.40083466377444),.UNSPECIFIED.);
#1030=B_SPLINE_CURVE_WITH_KNOTS('',3,(#6845,#6846,#6847,#6848,#6849,#6850,
#6851,#6852,#6853,#6854,#6855,#6856,#6857,#6858,#6859,#6860),
 .UNSPECIFIED.,.F.,.F.,(4,2,2,2,2,2,2,4),(0.,0.14535973296793,0.29071946593586,
0.412136364819892,0.499581046530466,0.587025728241041,0.715953382688841,
0.834064840799546),.UNSPECIFIED.);
#1031=B_SPLINE_CURVE_WITH_KNOTS('',3,(#6862,#6863,#6864,#6865,#6866,#6867,
#6868,#6869,#6870,#6871,#6872,#6873,#6874,#6875,#6876,#6877,#6878,#6879,
#6880,#6881,#6882,#6883,#6884,#6885,#6886,#6887,#6888,#6889,#6890,#6891,
#6892,#6893,#6894,#6895,#6896,#6897,#6898,#6899,#6900,#6901,#6902,#6903,
#6904,#6905,#6906,#6907,#6908,#6909,#6910,#6911,#6912,#6913,#6914,#6915,
#6916,#6917,#6918,#6919),.UNSPECIFIED.,.F.,.F.,(4,2,2,2,2,2,2,2,2,2,2,2,
2,2,2,2,2,2,2,2,2,2,2,2,2,2,2,2,4),(0.,0.0996513663214975,0.12902624436674,
0.140327148929683,0.145517325461856,0.148314404368281,0.148699305814267,
0.148912247699411,0.149023357732733,0.149077681099803,0.149109879535646,
0.149129681980879,0.149144520028227,0.149149910083683,0.149152706962623,
0.14915565276718,0.149158050818734,0.149160056519122,0.149161703327057,
0.149162004088815,0.149162303468859,0.1491625614412,0.149162794709009,0.149163030021832,
0.14916342556376,0.149163674382387,0.149188101390552,0.150488978800999,
0.150512748579445),.UNSPECIFIED.);
#1032=B_SPLINE_CURVE_WITH_KNOTS('',3,(#6921,#6922,#6923,#6924,#6925,#6926),
 .UNSPECIFIED.,.F.,.F.,(4,2,4),(23.1157992555469,23.3470967819239,24.1358406649357),
 .UNSPECIFIED.);
#1033=B_SPLINE_CURVE_WITH_KNOTS('',3,(#6928,#6929,#6930,#6931,#6932,#6933,
#6934,#6935,#6936,#6937,#6938,#6939),.UNSPECIFIED.,.F.,.F.,(4,2,2,2,2,4),
(1.05832485188842,1.13685820093916,1.23014268229049,1.30557994307889,1.35328245914147,
1.4007178823564),.UNSPECIFIED.);
#1034=B_SPLINE_CURVE_WITH_KNOTS('',3,(#6941,#6942,#6943,#6944,#6945,#6946),
 .UNSPECIFIED.,.F.,.F.,(4,2,4),(-0.601602642272127,-0.410353281821698,0.),
 .UNSPECIFIED.);
#1035=B_SPLINE_CURVE_WITH_KNOTS('',3,(#6947,#6948,#6949,#6950,#6951,#6952,
#6953,#6954,#6955,#6956,#6957,#6958),.UNSPECIFIED.,.F.,.F.,(4,2,2,2,2,4),
(0.,0.166586035698898,0.345775864505581,0.555136189198948,0.804908452438039,
0.862774219921741),.UNSPECIFIED.);
#1036=B_SPLINE_CURVE_WITH_KNOTS('',3,(#6975,#6976,#6977,#6978),
 .UNSPECIFIED.,.F.,.F.,(4,4),(0.929924015906034,1.06336017571392),
 .UNSPECIFIED.);
#1037=B_SPLINE_CURVE_WITH_KNOTS('',3,(#7041,#7042,#7043,#7044,#7045,#7046,
#7047,#7048,#7049,#7050,#7051,#7052),.UNSPECIFIED.,.F.,.F.,(4,1,1,1,1,1,
1,2,4),(0.,0.0586478428133455,0.117295685626691,0.175943528440037,0.205267449846709,
0.234591371253382,0.263915292660055,0.293239214066728,0.294077957862958),
 .UNSPECIFIED.);
#1038=B_SPLINE_CURVE_WITH_KNOTS('',3,(#7054,#7055,#7056,#7057,#7058,#7059,
#7060,#7061,#7062,#7063,#7064,#7065),.UNSPECIFIED.,.F.,.F.,(4,2,1,1,1,1,
1,1,4),(-0.294077957862958,-0.293239214066728,-0.263915292660055,-0.234591371253382,
-0.205267449846709,-0.175943528440037,-0.117295685626691,-0.0586478428133455,
0.),.UNSPECIFIED.);
#1039=B_SPLINE_CURVE_WITH_KNOTS('',3,(#7129,#7130,#7131,#7132,#7133,#7134,
#7135,#7136,#7137,#7138,#7139,#7140),.UNSPECIFIED.,.F.,.F.,(4,1,1,1,1,1,
1,2,4),(4.48656504234841E-17,0.0585476150110474,0.087821422516571,0.117095230022095,
0.146369037527618,0.175642845033142,0.234190460044189,0.292738075055237,
0.293584515570439),.UNSPECIFIED.);
#1040=B_SPLINE_CURVE_WITH_KNOTS('',3,(#7142,#7143,#7144,#7145,#7146,#7147,
#7148,#7149,#7150,#7151,#7152,#7153),.UNSPECIFIED.,.F.,.F.,(4,2,1,1,1,1,
1,1,4),(-0.293584515570439,-0.292738075055237,-0.234190460044189,-0.175642845033142,
-0.146369037527618,-0.117095230022095,-0.087821422516571,-0.0585476150110474,
-4.48656504234841E-17),.UNSPECIFIED.);
#1041=B_SPLINE_CURVE_WITH_KNOTS('',3,(#7175,#7176,#7177,#7178,#7179,#7180,
#7181,#7182,#7183,#7184),.UNSPECIFIED.,.F.,.F.,(4,2,2,2,4),(-0.275289324853985,
-0.230347134916829,-0.148299628589419,-0.0711789083109373,0.),
 .UNSPECIFIED.);
#1042=B_SPLINE_CURVE_WITH_KNOTS('',3,(#7190,#7191,#7192,#7193,#7194,#7195,
#7196),.UNSPECIFIED.,.F.,.F.,(4,3,4),(-0.138908902766587,-0.0543273330831295,
0.),.UNSPECIFIED.);
#1043=B_SPLINE_CURVE_WITH_KNOTS('',3,(#7197,#7198,#7199,#7200,#7201,#7202),
 .UNSPECIFIED.,.F.,.F.,(4,2,4),(-0.384116467731061,-0.183378069868816,-0.138591729775921),
 .UNSPECIFIED.);
#1044=B_SPLINE_CURVE_WITH_KNOTS('',3,(#7204,#7205,#7206,#7207,#7208,#7209,
#7210),.UNSPECIFIED.,.F.,.F.,(4,3,4),(-0.132272698182979,-0.05008244629014,
0.),.UNSPECIFIED.);
#1045=B_SPLINE_CURVE_WITH_KNOTS('',3,(#7237,#7238,#7239,#7240,#7241,#7242,
#7243,#7244,#7245,#7246,#7247,#7248,#7249,#7250,#7251,#7252,#7253,#7254,
#7255,#7256,#7257,#7258,#7259,#7260,#7261,#7262,#7263,#7264,#7265,#7266,
#7267,#7268,#7269,#7270,#7271,#7272,#7273,#7274,#7275,#7276,#7277,#7278,
#7279,#7280,#7281,#7282,#7283,#7284,#7285,#7286,#7287,#7288,#7289,#7290,
#7291),.UNSPECIFIED.,.F.,.F.,(4,3,3,3,3,3,3,3,3,3,3,3,3,3,3,3,3,3,4),(-12.96854350924,
-12.8263018850401,-12.7987258508651,-12.6295105819083,-12.5416087757104,
-12.3619027055023,-12.1455160592473,-12.0274894842714,-11.7788554867129,
-11.5070341235794,-11.2563216310581,-10.9990954016585,-10.7113140934636,
-10.4411944435225,-10.3371497461546,-10.0098046617986,-9.97078907149875,
-9.65055197293486,-9.45659240712044),.UNSPECIFIED.);
#1046=B_SPLINE_CURVE_WITH_KNOTS('',3,(#7294,#7295,#7296,#7297,#7298,#7299,
#7300,#7301,#7302,#7303,#7304,#7305,#7306,#7307,#7308,#7309,#7310,#7311,
#7312,#7313,#7314,#7315,#7316,#7317,#7318,#7319,#7320,#7321),
 .UNSPECIFIED.,.F.,.F.,(4,3,3,3,3,3,3,3,3,4),(-13.1801472656987,-11.7000248606262,
-9.93181701167132,-7.93405530123351,-5.65318479770904,-3.75396774608713,
-2.22097159856994,-1.15402199309172,-0.193333479702474,0.),
 .UNSPECIFIED.);
#1047=B_SPLINE_CURVE_WITH_KNOTS('',3,(#7323,#7324,#7325,#7326),
 .UNSPECIFIED.,.F.,.F.,(4,4),(-35.5177483623944,-35.2201187638297),
 .UNSPECIFIED.);
#1048=B_SPLINE_CURVE_WITH_KNOTS('',3,(#7327,#7328,#7329,#7330),
 .UNSPECIFIED.,.F.,.F.,(4,4),(-15.6532639672983,-15.4212729977882),
 .UNSPECIFIED.);
#1049=B_SPLINE_CURVE_WITH_KNOTS('',3,(#7333,#7334,#7335,#7336,#7337,#7338),
 .UNSPECIFIED.,.F.,.F.,(4,2,4),(-0.80354804868532,-0.410458981633287,-0.201966069312197),
 .UNSPECIFIED.);
#1050=B_SPLINE_CURVE_WITH_KNOTS('',3,(#7340,#7341,#7342,#7343,#7344,#7345,
#7346,#7347,#7348,#7349,#7350,#7351),.UNSPECIFIED.,.F.,.F.,(4,2,2,2,2,4),
(2.02883075054906E-9,0.0653818816976931,0.131793376540265,0.207985376920409,
0.301221905760943,0.342560773410593),.UNSPECIFIED.);
#1051=B_SPLINE_CURVE_WITH_KNOTS('',3,(#7353,#7354,#7355,#7356,#7357,#7358,
#7359),.UNSPECIFIED.,.F.,.F.,(4,3,4),(12.5238361798443,13.7998004283453,
14.7567736147211),.UNSPECIFIED.);
#1052=B_SPLINE_CURVE_WITH_KNOTS('',3,(#7361,#7362,#7363,#7364,#7365,#7366,
#7367,#7368,#7369,#7370,#7371,#7372,#7373,#7374,#7375,#7376,#7377,#7378,
#7379,#7380),.UNSPECIFIED.,.F.,.F.,(4,2,2,2,2,2,2,2,2,4),(-0.531546706265901,
-0.513928158493462,-0.50260808939369,-0.494012886219814,-0.484798991980778,
-0.470441130863352,-0.431557019803359,-0.353054701950301,-0.289748315409966,
-0.215990217372111),.UNSPECIFIED.);
#1053=B_SPLINE_CURVE_WITH_KNOTS('',3,(#7382,#7383,#7384,#7385),
 .UNSPECIFIED.,.F.,.F.,(4,4),(18.0225472069882,18.6063272493004),
 .UNSPECIFIED.);
#1054=B_SPLINE_CURVE_WITH_KNOTS('',3,(#7387,#7388,#7389,#7390,#7391,#7392,
#7393,#7394,#7395,#7396,#7397,#7398,#7399,#7400,#7401,#7402,#7403,#7404,
#7405,#7406),.UNSPECIFIED.,.F.,.F.,(4,2,2,2,2,2,2,2,2,4),(-0.786956147153491,
-0.676196877190753,-0.55716514213953,-0.393513068520131,-0.247065241040199,
-0.145135645115847,-0.0935876319896116,-0.0623963043789137,-0.0346338226651975,
0.),.UNSPECIFIED.);
#1055=B_SPLINE_CURVE_WITH_KNOTS('',3,(#7408,#7409,#7410,#7411,#7412,#7413,
#7414,#7415,#7416,#7417),.UNSPECIFIED.,.F.,.F.,(4,2,2,2,4),(22.4029013478921,
22.7899634429475,23.3404784523609,23.8883648935416,24.017994638712),
 .UNSPECIFIED.);
#1056=B_SPLINE_CURVE_WITH_KNOTS('',3,(#7418,#7419,#7420,#7421,#7422,#7423,
#7424,#7425,#7426,#7427,#7428,#7429),.UNSPECIFIED.,.F.,.F.,(4,2,2,2,2,4),
(2.60730934063055,2.76495294915428,3.01583675203383,3.22290853760132,3.3476651298311,
3.47002600632646),.UNSPECIFIED.);
#1057=B_SPLINE_CURVE_WITH_KNOTS('',3,(#7432,#7433,#7434,#7435,#7436,#7437,
#7438,#7439,#7440,#7441,#7442,#7443),.UNSPECIFIED.,.F.,.F.,(4,2,2,2,2,4),
(-1.63803511092444,-1.25112870751949,-0.948288247137853,-0.747794574094027,
-0.501048348410748,0.),.UNSPECIFIED.);
#1058=B_SPLINE_CURVE_WITH_KNOTS('',3,(#7445,#7446,#7447,#7448,#7449,#7450),
 .UNSPECIFIED.,.F.,.F.,(4,2,4),(-5.16135980708919,-2.20571595387386,0.),
 .UNSPECIFIED.);
#1059=B_SPLINE_CURVE_WITH_KNOTS('',3,(#7452,#7453,#7454,#7455,#7456,#7457,
#7458,#7459,#7460,#7461,#7462,#7463,#7464,#7465,#7466,#7467,#7468,#7469,
#7470,#7471),.UNSPECIFIED.,.F.,.F.,(4,2,2,2,2,2,2,2,2,4),(-10.86538174317,
-8.20806001551363,-6.5336893362261,-5.64886602082874,-5.275055247403,-5.02696110494142,
-4.76701654146704,-4.32265642552159,-2.48628737704794,0.),.UNSPECIFIED.);
#1060=B_SPLINE_CURVE_WITH_KNOTS('',3,(#7472,#7473,#7474,#7475,#7476,#7477,
#7478,#7479),.UNSPECIFIED.,.F.,.F.,(4,2,2,4),(-3.19563722846917,-2.31448128701069,
-1.45175379160558,0.),.UNSPECIFIED.);
#1061=B_SPLINE_CURVE_WITH_KNOTS('',3,(#7517,#7518,#7519,#7520,#7521,#7522,
#7523),.UNSPECIFIED.,.F.,.F.,(4,1,1,1,4),(11.0390541295405,12.027413362631,
12.5415775537332,12.7986596492843,13.0557417448354),.UNSPECIFIED.);
#1062=B_SPLINE_CURVE_WITH_KNOTS('',3,(#7525,#7526,#7527,#7528,#7529,#7530),
 .UNSPECIFIED.,.F.,.F.,(4,2,4),(0.02308958231,0.0805045191781121,0.177987541430939),
 .UNSPECIFIED.);
#1063=B_SPLINE_CURVE_WITH_KNOTS('',3,(#7531,#7532,#7533,#7534),
 .UNSPECIFIED.,.F.,.F.,(4,4),(0.177036071708535,0.205878161285242),
 .UNSPECIFIED.);
#1064=B_SPLINE_CURVE_WITH_KNOTS('',3,(#7554,#7555,#7556,#7557),
 .UNSPECIFIED.,.F.,.F.,(4,4),(-2.22542331603222,-2.15240093380193),
 .UNSPECIFIED.);
#1065=B_SPLINE_CURVE_WITH_KNOTS('',3,(#7559,#7560,#7561,#7562),
 .UNSPECIFIED.,.F.,.F.,(4,4),(-0.700914844521667,-0.627191810174655),
 .UNSPECIFIED.);
#1066=B_SPLINE_CURVE_WITH_KNOTS('',3,(#7563,#7564,#7565,#7566,#7567,#7568,
#7569,#7570,#7571,#7572),.UNSPECIFIED.,.F.,.F.,(4,2,2,2,4),(-1.14505830888712,
-0.907113569152889,-0.673121666635036,-0.373327293171468,0.),
 .UNSPECIFIED.);
#1067=B_SPLINE_CURVE_WITH_KNOTS('',3,(#7575,#7576,#7577,#7578,#7579,#7580,
#7581),.UNSPECIFIED.,.F.,.F.,(4,3,4),(0.,0.0797365954666722,0.133824633046642),
 .UNSPECIFIED.);
#1068=B_SPLINE_CURVE_WITH_KNOTS('',3,(#7715,#7716,#7717,#7718,#7719,#7720,
#7721,#7722,#7723,#7724,#7725,#7726,#7727),.UNSPECIFIED.,.F.,.F.,(4,1,1,
1,1,1,1,1,2,4),(-1.04018929298155,-0.936170363683397,-0.832151434385242,
-0.624113575788931,-0.416075717192621,-0.312056787894466,-0.208037858596311,
-0.104018929298155,0.,0.00163858187875715),.UNSPECIFIED.);
#1069=B_SPLINE_CURVE_WITH_KNOTS('',3,(#7729,#7730,#7731,#7732,#7733,#7734,
#7735,#7736,#7737,#7738,#7739,#7740,#7741),.UNSPECIFIED.,.F.,.F.,(4,2,1,
1,1,1,1,1,1,4),(-0.00163858187875715,0.,0.104018929298155,0.208037858596311,
0.312056787894466,0.416075717192621,0.624113575788931,0.832151434385242,
0.936170363683397,1.04018929298155),.UNSPECIFIED.);
#1070=B_SPLINE_CURVE_WITH_KNOTS('',3,(#7830,#7831,#7832,#7833,#7834,#7835,
#7836,#7837,#7838,#7839,#7840,#7841,#7842),.UNSPECIFIED.,.F.,.F.,(4,1,1,
1,1,1,1,1,2,4),(0.,0.104020309387041,0.208040618774083,0.312060928161124,
0.416081237548165,0.520101546935207,0.624121856322248,0.832162475096331,
1.04020309387041,1.04182464439388),.UNSPECIFIED.);
#1071=B_SPLINE_CURVE_WITH_KNOTS('',3,(#7844,#7845,#7846,#7847,#7848,#7849,
#7850,#7851,#7852,#7853,#7854,#7855,#7856),.UNSPECIFIED.,.F.,.F.,(4,2,1,
1,1,1,1,1,1,4),(-1.04182464439388,-1.04020309387041,-0.832162475096331,
-0.624121856322248,-0.520101546935207,-0.416081237548165,-0.312060928161124,
-0.208040618774083,-0.104020309387041,0.),.UNSPECIFIED.);
#1072=B_SPLINE_CURVE_WITH_KNOTS('',3,(#7919,#7920,#7921,#7922,#7923,#7924,
#7925,#7926,#7927,#7928),.UNSPECIFIED.,.F.,.F.,(4,1,1,1,1,2,4),(0.,0.0248631922305259,
0.0497263844610517,0.0994527689221034,0.198905537844207,0.248631922305258,
0.249575804979649),.UNSPECIFIED.);
#1073=B_SPLINE_CURVE_WITH_KNOTS('',3,(#7929,#7930,#7931,#7932,#7933,#7934,
#7935,#7936,#7937,#7938),.UNSPECIFIED.,.F.,.F.,(4,2,1,1,1,1,4),(-0.249575804979649,
-0.248631922305258,-0.198905537844207,-0.0994527689221034,-0.0497263844610517,
-0.0248631922305259,0.),.UNSPECIFIED.);
#1074=B_SPLINE_CURVE_WITH_KNOTS('',3,(#8020,#8021,#8022,#8023,#8024,#8025,
#8026,#8027,#8028,#8029,#8030,#8031,#8032,#8033,#8034),.UNSPECIFIED.,.F.,
 .F.,(4,1,1,1,1,1,1,1,1,1,2,4),(0.,0.106259492825995,0.212518985651991,
0.318778478477986,0.425037971303981,0.531297464129977,0.637556956955972,
0.743816449781967,0.850075942607963,0.956335435433958,1.06259492825995,
1.06434191030561),.UNSPECIFIED.);
#1075=B_SPLINE_CURVE_WITH_KNOTS('',3,(#8035,#8036,#8037,#8038,#8039,#8040,
#8041,#8042,#8043,#8044,#8045,#8046,#8047,#8048,#8049),.UNSPECIFIED.,.F.,
 .F.,(4,2,1,1,1,1,1,1,1,1,1,4),(-1.06434191030561,-1.06259492825995,-0.956335435433958,
-0.850075942607963,-0.743816449781967,-0.637556956955972,-0.531297464129977,
-0.425037971303981,-0.318778478477986,-0.212518985651991,-0.106259492825995,
0.),.UNSPECIFIED.);
#1076=B_SPLINE_CURVE_WITH_KNOTS('',3,(#8073,#8074,#8075,#8076,#8077,#8078,
#8079,#8080,#8081,#8082,#8083,#8084,#8085,#8086,#8087,#8088,#8089,#8090,
#8091,#8092,#8093,#8094),.UNSPECIFIED.,.F.,.F.,(4,2,2,2,2,2,2,2,2,2,4),
(0.584179086793447,0.588919535688793,0.600652053602664,0.621753909612903,
0.667129849417451,0.756642362000419,0.879213142293028,0.978500854710481,
1.14572551142594,1.26925951034143,1.38428094336289),.UNSPECIFIED.);
#1077=B_SPLINE_CURVE_WITH_KNOTS('',3,(#8152,#8153,#8154,#8155,#8156,#8157,
#8158,#8159,#8160,#8161),.UNSPECIFIED.,.F.,.F.,(4,1,1,1,1,2,4),(-0.248632204479861,
-0.223768984031874,-0.198905763583888,-0.149179322687916,-0.0497264408959721,
0.,0.000943603560982906),.UNSPECIFIED.);
#1078=B_SPLINE_CURVE_WITH_KNOTS('',3,(#8162,#8163,#8164,#8165,#8166,#8167,
#8168,#8169,#8170,#8171),.UNSPECIFIED.,.F.,.F.,(4,2,1,1,1,1,4),(-0.000943603560982906,
0.,0.0497264408959721,0.149179322687916,0.198905763583888,0.223768984031874,
0.248632204479861),.UNSPECIFIED.);
#1079=B_SPLINE_CURVE_WITH_KNOTS('',3,(#8233,#8234,#8235,#8236,#8237,#8238,
#8239,#8240,#8241,#8242,#8243),.UNSPECIFIED.,.F.,.F.,(4,1,1,1,1,1,2,4),
(-1.06259970534979,-0.95633973481481,-0.850079764279831,-0.743819793744852,
-0.637559823209873,-0.212519941069958,0.,0.00173854950903944),
 .UNSPECIFIED.);
#1080=B_SPLINE_CURVE_WITH_KNOTS('',3,(#8244,#8245,#8246,#8247,#8248,#8249,
#8250,#8251,#8252,#8253,#8254),.UNSPECIFIED.,.F.,.F.,(4,2,1,1,1,1,1,4),
(-0.00173854950903944,0.,0.212519941069958,0.637559823209873,0.743819793744852,
0.850079764279831,0.95633973481481,1.06259970534979),.UNSPECIFIED.);
#1081=B_SPLINE_CURVE_WITH_KNOTS('',3,(#8279,#8280,#8281,#8282,#8283,#8284,
#8285,#8286,#8287,#8288,#8289,#8290,#8291,#8292,#8293,#8294),
 .UNSPECIFIED.,.F.,.F.,(4,2,2,2,2,2,2,4),(0.515246216958922,0.518399195461349,
0.547111448756413,0.595467217109221,0.695862342283225,0.842484936992043,
0.957641961934015,1.04419749804541),.UNSPECIFIED.);
#1082=B_SPLINE_CURVE_WITH_KNOTS('',3,(#8295,#8296,#8297,#8298,#8299,#8300),
 .UNSPECIFIED.,.F.,.F.,(4,2,4),(0.934729647701802,1.04205050101128,1.05058712258613),
 .UNSPECIFIED.);
#1083=B_SPLINE_CURVE_WITH_KNOTS('',3,(#8331,#8332,#8333,#8334,#8335,#8336,
#8337,#8338,#8339,#8340,#8341,#8342,#8343,#8344,#8345,#8346,#8347,#8348),
 .UNSPECIFIED.,.F.,.F.,(4,2,2,2,2,2,2,2,4),(0.,0.0645480597166176,0.1491340542149,
0.28142181078053,0.457134732180133,0.56647636498581,0.58596124871271,0.595394922331365,
0.597838836931334),.UNSPECIFIED.);
#1084=B_SPLINE_CURVE_WITH_KNOTS('',3,(#8349,#8350,#8351,#8352,#8353),
 .UNSPECIFIED.,.F.,.F.,(4,1,4),(0.669917262418401,1.57948203797797,2.32628187231247),
 .UNSPECIFIED.);
#1085=B_SPLINE_CURVE_WITH_KNOTS('',3,(#8357,#8358,#8359,#8360),
 .UNSPECIFIED.,.F.,.F.,(4,4),(0.898720485316687,0.934729647701803),
 .UNSPECIFIED.);
#1086=B_SPLINE_CURVE_WITH_KNOTS('',3,(#8403,#8404,#8405,#8406,#8407,#8408),
 .UNSPECIFIED.,.F.,.F.,(4,1,1,4),(1.54071963717277,1.61160155165199,1.91471443657487,
2.04130895886739),.UNSPECIFIED.);
#1087=B_SPLINE_CURVE_WITH_KNOTS('',3,(#8427,#8428,#8429,#8430,#8431,#8432,
#8433,#8434,#8435,#8436,#8437,#8438,#8439,#8440),.UNSPECIFIED.,.F.,.F.,
(4,2,2,2,2,2,4),(0.,0.099770086705321,0.218896616260282,0.305501147591381,
0.335133387306628,0.353653919549421,0.359560557515938),.UNSPECIFIED.);
#1088=B_SPLINE_CURVE_WITH_KNOTS('',3,(#8441,#8442,#8443,#8444),
 .UNSPECIFIED.,.F.,.F.,(4,4),(0.427803583002719,0.903815936995221),
 .UNSPECIFIED.);
#1089=B_SPLINE_CURVE_WITH_KNOTS('',3,(#8481,#8482,#8483,#8484,#8485,#8486,
#8487),.UNSPECIFIED.,.F.,.F.,(4,3,4),(-0.124342117223112,0.,0.124342117235641),
 .UNSPECIFIED.);
#1090=B_SPLINE_CURVE_WITH_KNOTS('',3,(#8498,#8499,#8500,#8501,#8502,#8503),
 .UNSPECIFIED.,.F.,.F.,(4,2,4),(-0.25284721294594,-0.126284281413931,-1.66231490294765E-5),
 .UNSPECIFIED.);
#1091=CIRCLE('',#3231,112.255301913932);
#1092=CIRCLE('',#3232,2.);
#1093=CIRCLE('',#3233,114.255301913932);
#1094=CIRCLE('',#3234,1.99999999999999);
#1095=CIRCLE('',#3236,120.848766714606);
#1096=CIRCLE('',#3237,118.848766714606);
#1097=CIRCLE('',#3239,112.255301913932);
#1098=CIRCLE('',#3242,118.848766714606);
#1099=CIRCLE('',#3244,82.5370647972009);
#1100=CIRCLE('',#3245,80.5370647972009);
#1101=CIRCLE('',#3248,115.294418429636);
#1102=CIRCLE('',#3251,117.294418429636);
#1103=CIRCLE('',#3253,112.005301913932);
#1104=CIRCLE('',#3254,110.005301913932);
#1105=CIRCLE('',#3262,2.);
#1106=CIRCLE('',#3266,10.6665298777854);
#1107=CIRCLE('',#3267,8.66652987778536);
#1108=CIRCLE('',#3269,78.2870647972009);
#1109=CIRCLE('',#3270,80.2870647972009);
#1110=CIRCLE('',#3272,57.8202551148916);
#1111=CIRCLE('',#3273,55.8202551148916);
#1112=CIRCLE('',#3276,80.2870647972009);
#1113=CIRCLE('',#3281,118.598766619693);
#1114=CIRCLE('',#3282,116.598766619693);
#1115=CIRCLE('',#3284,118.598766619693);
#1116=CIRCLE('',#3288,60.0702551148915);
#1117=CIRCLE('',#3289,58.0702551148914);
#1118=CIRCLE('',#3297,49.75);
#1119=CIRCLE('',#3298,45.4198729810778);
#1120=CIRCLE('',#3301,112.005301913932);
#1121=CIRCLE('',#3306,117.294418429636);
#1122=CIRCLE('',#3308,80.5370647972009);
#1123=CIRCLE('',#3313,57.8202551148916);
#1124=CIRCLE('',#3315,10.6665298777854);
#1125=CIRCLE('',#3318,58.0702551148915);
#1126=CIRCLE('',#3322,10.9165298777854);
#1127=CIRCLE('',#3323,10.9165298777854);
#1128=CIRCLE('',#3326,118.848767148617);
#1129=CIRCLE('',#3327,118.848767148617);
#1130=CIRCLE('',#3329,50.);
#1131=CIRCLE('',#3330,50.);
#1132=CIRCLE('',#3332,112.255301913932);
#1133=CIRCLE('',#3333,112.255301913932);
#1134=CIRCLE('',#3335,117.544418429636);
#1135=CIRCLE('',#3336,117.544418429636);
#1136=CIRCLE('',#3341,19.2987017548196);
#1137=CIRCLE('',#3343,19.7736579801953);
#1138=CIRCLE('',#3352,31.624721667197);
#1139=CIRCLE('',#3353,31.624721667197);
#1140=CIRCLE('',#3354,31.624721667197);
#1141=CIRCLE('',#3355,31.624721667197);
#1142=CIRCLE('',#3356,31.624721667197);
#1143=CIRCLE('',#3357,1.30006218943956);
#1144=CIRCLE('',#3358,6.3);
#1145=CIRCLE('',#3359,6.325);
#1146=CIRCLE('',#3361,1.30006218943955);
#1147=CIRCLE('',#3362,6.3);
#1148=CIRCLE('',#3363,6.325);
#1149=CIRCLE('',#3366,2.3);
#1150=CIRCLE('',#3367,6.99999999999994);
#1151=CIRCLE('',#3368,2.3);
#1152=CIRCLE('',#3369,4.69999999999994);
#1153=CIRCLE('',#3371,25.0998252373895);
#1154=CIRCLE('',#3372,27.3998252373895);
#1155=CIRCLE('',#3373,2.3);
#1156=CIRCLE('',#3375,27.3998252373895);
#1157=CIRCLE('',#3376,2.3);
#1158=CIRCLE('',#3377,25.0998252373895);
#1159=CIRCLE('',#3379,2.29999999999999);
#1160=CIRCLE('',#3380,4.69999999999998);
#1161=CIRCLE('',#3381,6.99999999999998);
#1162=CIRCLE('',#3383,2.30000000000003);
#1163=CIRCLE('',#3384,31.2051211164802);
#1164=CIRCLE('',#3385,33.5051211164802);
#1165=CIRCLE('',#3387,2.30000000000001);
#1166=CIRCLE('',#3388,4.69999999999996);
#1167=CIRCLE('',#3389,6.99999999999996);
#1168=CIRCLE('',#3391,2.3);
#1169=CIRCLE('',#3392,29.4478308062457);
#1170=CIRCLE('',#3393,31.7478308062457);
#1171=CIRCLE('',#3402,2.3);
#1172=CIRCLE('',#3403,31.7478308062457);
#1173=CIRCLE('',#3404,2.29999999999997);
#1174=CIRCLE('',#3405,29.4478308062457);
#1175=CIRCLE('',#3407,2.29999999999999);
#1176=CIRCLE('',#3408,4.69999999999995);
#1177=CIRCLE('',#3409,6.99999999999994);
#1178=CIRCLE('',#3411,2.29999999999999);
#1179=CIRCLE('',#3412,31.2051211164802);
#1180=CIRCLE('',#3413,33.5051211164802);
#1181=CIRCLE('',#3415,2.3);
#1182=CIRCLE('',#3416,4.69999999999998);
#1183=CIRCLE('',#3417,6.99999999999998);
#1184=CIRCLE('',#3419,25.0998252373896);
#1185=CIRCLE('',#3420,27.3998252373896);
#1186=CIRCLE('',#3421,2.3);
#1187=CIRCLE('',#3423,2.30000000000001);
#1188=CIRCLE('',#3424,25.0998252373896);
#1189=CIRCLE('',#3425,27.3998252373896);
#1190=CIRCLE('',#3427,2.3);
#1191=CIRCLE('',#3428,4.69999999999994);
#1192=CIRCLE('',#3429,6.99999999999994);
#1193=CIRCLE('',#3443,39.9337912824499);
#1194=CIRCLE('',#3444,61.8293712895452);
#1195=CIRCLE('',#3445,2.00000000000001);
#1196=CIRCLE('',#3446,2.);
#1197=CIRCLE('',#3448,15.4569085489085);
#1198=CIRCLE('',#3449,3.49999999999956);
#1199=CIRCLE('',#3450,11.9569085489085);
#1200=CIRCLE('',#3452,11.5993116817598);
#1201=CIRCLE('',#3453,15.0993116817598);
#1202=CIRCLE('',#3455,19.3035088417815);
#1203=CIRCLE('',#3456,22.8035088417815);
#1204=CIRCLE('',#3463,39.9337912824499);
#1205=CIRCLE('',#3466,39.9337912824499);
#1206=CIRCLE('',#3478,1.);
#1207=CIRCLE('',#3481,56.9356407983774);
#1208=CIRCLE('',#3482,51.9356407983774);
#1209=CIRCLE('',#3484,0.999999999999999);
#1210=CIRCLE('',#3486,51.9356407983774);
#1211=CIRCLE('',#3487,56.9356407983774);
#1212=CIRCLE('',#3490,0.999999999999998);
#1213=CIRCLE('',#3492,0.999999999999996);
#1214=CIRCLE('',#3494,1.);
#1215=CIRCLE('',#3496,51.9356407983774);
#1216=CIRCLE('',#3499,56.9356407983774);
#1217=CIRCLE('',#3501,54.9356407983774);
#1218=CIRCLE('',#3505,0.999999999999981);
#1219=CIRCLE('',#3507,1.);
#1220=CIRCLE('',#3509,1.);
#1221=CIRCLE('',#3511,51.9356407983774);
#1222=CIRCLE('',#3513,51.9356407983774);
#1223=CIRCLE('',#3517,54.9356407983774);
#1224=CIRCLE('',#3519,56.9356407983774);
#1225=CIRCLE('',#3523,51.9356407983774);
#1226=CIRCLE('',#3525,2.99999999999999);
#1227=CIRCLE('',#3533,31.624721667197);
#1228=VERTEX_POINT('',#4288);
#1229=VERTEX_POINT('',#4289);
#1230=VERTEX_POINT('',#4291);
#1231=VERTEX_POINT('',#4293);
#1232=VERTEX_POINT('',#4339);
#1233=VERTEX_POINT('',#4340);
#1234=VERTEX_POINT('',#4413);
#1235=VERTEX_POINT('',#4424);
#1236=VERTEX_POINT('',#4479);
#1237=VERTEX_POINT('',#4480);
#1238=VERTEX_POINT('',#4482);
#1239=VERTEX_POINT('',#4488);
#1240=VERTEX_POINT('',#4510);
#1241=VERTEX_POINT('',#4523);
#1242=VERTEX_POINT('',#4529);
#1243=VERTEX_POINT('',#4530);
#1244=VERTEX_POINT('',#4545);
#1245=VERTEX_POINT('',#4547);
#1246=VERTEX_POINT('',#4556);
#1247=VERTEX_POINT('',#4571);
#1248=VERTEX_POINT('',#4573);
#1249=VERTEX_POINT('',#4588);
#1250=VERTEX_POINT('',#4603);
#1251=VERTEX_POINT('',#4607);
#1252=VERTEX_POINT('',#4672);
#1253=VERTEX_POINT('',#4673);
#1254=VERTEX_POINT('',#4679);
#1255=VERTEX_POINT('',#4694);
#1256=VERTEX_POINT('',#4714);
#1257=VERTEX_POINT('',#4716);
#1258=VERTEX_POINT('',#4733);
#1259=VERTEX_POINT('',#4735);
#1260=VERTEX_POINT('',#4737);
#1261=VERTEX_POINT('',#4742);
#1262=VERTEX_POINT('',#4744);
#1263=VERTEX_POINT('',#4746);
#1264=VERTEX_POINT('',#4750);
#1265=VERTEX_POINT('',#4759);
#1266=VERTEX_POINT('',#4883);
#1267=VERTEX_POINT('',#4884);
#1268=VERTEX_POINT('',#4990);
#1269=VERTEX_POINT('',#5056);
#1270=VERTEX_POINT('',#5057);
#1271=VERTEX_POINT('',#5065);
#1272=VERTEX_POINT('',#5080);
#1273=VERTEX_POINT('',#5103);
#1274=VERTEX_POINT('',#5104);
#1275=VERTEX_POINT('',#5148);
#1276=VERTEX_POINT('',#5150);
#1277=VERTEX_POINT('',#5167);
#1278=VERTEX_POINT('',#5169);
#1279=VERTEX_POINT('',#5197);
#1280=VERTEX_POINT('',#5199);
#1281=VERTEX_POINT('',#5203);
#1282=VERTEX_POINT('',#5207);
#1283=VERTEX_POINT('',#5231);
#1284=VERTEX_POINT('',#5232);
#1285=VERTEX_POINT('',#5237);
#1286=VERTEX_POINT('',#5252);
#1287=VERTEX_POINT('',#5272);
#1288=VERTEX_POINT('',#5274);
#1289=VERTEX_POINT('',#5294);
#1290=VERTEX_POINT('',#5296);
#1291=VERTEX_POINT('',#5305);
#1292=VERTEX_POINT('',#5334);
#1293=VERTEX_POINT('',#5335);
#1294=VERTEX_POINT('',#5341);
#1295=VERTEX_POINT('',#5356);
#1296=VERTEX_POINT('',#5377);
#1297=VERTEX_POINT('',#5379);
#1298=VERTEX_POINT('',#5396);
#1299=VERTEX_POINT('',#5398);
#1300=VERTEX_POINT('',#5405);
#1301=VERTEX_POINT('',#5407);
#1302=VERTEX_POINT('',#5416);
#1303=VERTEX_POINT('',#5424);
#1304=VERTEX_POINT('',#5426);
#1305=VERTEX_POINT('',#5432);
#1306=VERTEX_POINT('',#5439);
#1307=VERTEX_POINT('',#5441);
#1308=VERTEX_POINT('',#5445);
#1309=VERTEX_POINT('',#5449);
#1310=VERTEX_POINT('',#5458);
#1311=VERTEX_POINT('',#5466);
#1312=VERTEX_POINT('',#5473);
#1313=VERTEX_POINT('',#5479);
#1314=VERTEX_POINT('',#5480);
#1315=VERTEX_POINT('',#5482);
#1316=VERTEX_POINT('',#5484);
#1317=VERTEX_POINT('',#5488);
#1318=VERTEX_POINT('',#5490);
#1319=VERTEX_POINT('',#5494);
#1320=VERTEX_POINT('',#5496);
#1321=VERTEX_POINT('',#5500);
#1322=VERTEX_POINT('',#5502);
#1323=VERTEX_POINT('',#5506);
#1324=VERTEX_POINT('',#5508);
#1325=VERTEX_POINT('',#5512);
#1326=VERTEX_POINT('',#5514);
#1327=VERTEX_POINT('',#5524);
#1328=VERTEX_POINT('',#5525);
#1329=VERTEX_POINT('',#5537);
#1330=VERTEX_POINT('',#5539);
#1331=VERTEX_POINT('',#5550);
#1332=VERTEX_POINT('',#5552);
#1333=VERTEX_POINT('',#5559);
#1334=VERTEX_POINT('',#5560);
#1335=VERTEX_POINT('',#5565);
#1336=VERTEX_POINT('',#5567);
#1337=VERTEX_POINT('',#5593);
#1338=VERTEX_POINT('',#5597);
#1339=VERTEX_POINT('',#5598);
#1340=VERTEX_POINT('',#5602);
#1341=VERTEX_POINT('',#5615);
#1342=VERTEX_POINT('',#5626);
#1343=VERTEX_POINT('',#5664);
#1344=VERTEX_POINT('',#5672);
#1345=VERTEX_POINT('',#5712);
#1346=VERTEX_POINT('',#5718);
#1347=VERTEX_POINT('',#5732);
#1348=VERTEX_POINT('',#5741);
#1349=VERTEX_POINT('',#5746);
#1350=VERTEX_POINT('',#5763);
#1351=VERTEX_POINT('',#5789);
#1352=VERTEX_POINT('',#5790);
#1353=VERTEX_POINT('',#5834);
#1354=VERTEX_POINT('',#5836);
#1355=VERTEX_POINT('',#5840);
#1356=VERTEX_POINT('',#5842);
#1357=VERTEX_POINT('',#5849);
#1358=VERTEX_POINT('',#5851);
#1359=VERTEX_POINT('',#5931);
#1360=VERTEX_POINT('',#5933);
#1361=VERTEX_POINT('',#5964);
#1362=VERTEX_POINT('',#5966);
#1363=VERTEX_POINT('',#5971);
#1364=VERTEX_POINT('',#5972);
#1365=VERTEX_POINT('',#5974);
#1366=VERTEX_POINT('',#5976);
#1367=VERTEX_POINT('',#5980);
#1368=VERTEX_POINT('',#5981);
#1369=VERTEX_POINT('',#6020);
#1370=VERTEX_POINT('',#6025);
#1371=VERTEX_POINT('',#6032);
#1372=VERTEX_POINT('',#6033);
#1373=VERTEX_POINT('',#6042);
#1374=VERTEX_POINT('',#6044);
#1375=VERTEX_POINT('',#6046);
#1376=VERTEX_POINT('',#6057);
#1377=VERTEX_POINT('',#6058);
#1378=VERTEX_POINT('',#6063);
#1379=VERTEX_POINT('',#6064);
#1380=VERTEX_POINT('',#6069);
#1381=VERTEX_POINT('',#6070);
#1382=VERTEX_POINT('',#6075);
#1383=VERTEX_POINT('',#6076);
#1384=VERTEX_POINT('',#6109);
#1385=VERTEX_POINT('',#6111);
#1386=VERTEX_POINT('',#6130);
#1387=VERTEX_POINT('',#6145);
#1388=VERTEX_POINT('',#6147);
#1389=VERTEX_POINT('',#6152);
#1390=VERTEX_POINT('',#6168);
#1391=VERTEX_POINT('',#6179);
#1392=VERTEX_POINT('',#6181);
#1393=VERTEX_POINT('',#6197);
#1394=VERTEX_POINT('',#6202);
#1395=VERTEX_POINT('',#6214);
#1396=VERTEX_POINT('',#6215);
#1397=VERTEX_POINT('',#6217);
#1398=VERTEX_POINT('',#6219);
#1399=VERTEX_POINT('',#6223);
#1400=VERTEX_POINT('',#6224);
#1401=VERTEX_POINT('',#6229);
#1402=VERTEX_POINT('',#6230);
#1403=VERTEX_POINT('',#6235);
#1404=VERTEX_POINT('',#6236);
#1405=VERTEX_POINT('',#6241);
#1406=VERTEX_POINT('',#6242);
#1407=VERTEX_POINT('',#6250);
#1408=VERTEX_POINT('',#6282);
#1409=VERTEX_POINT('',#6287);
#1410=VERTEX_POINT('',#6294);
#1411=VERTEX_POINT('',#6295);
#1412=VERTEX_POINT('',#6297);
#1413=VERTEX_POINT('',#6299);
#1414=VERTEX_POINT('',#6318);
#1415=VERTEX_POINT('',#6319);
#1416=VERTEX_POINT('',#6352);
#1417=VERTEX_POINT('',#6354);
#1418=VERTEX_POINT('',#6359);
#1419=VERTEX_POINT('',#6371);
#1420=VERTEX_POINT('',#6373);
#1421=VERTEX_POINT('',#6387);
#1422=VERTEX_POINT('',#6398);
#1423=VERTEX_POINT('',#6400);
#1424=VERTEX_POINT('',#6405);
#1425=VERTEX_POINT('',#6434);
#1426=VERTEX_POINT('',#6445);
#1427=VERTEX_POINT('',#6457);
#1428=VERTEX_POINT('',#6464);
#1429=VERTEX_POINT('',#6475);
#1430=VERTEX_POINT('',#6482);
#1431=VERTEX_POINT('',#6496);
#1432=VERTEX_POINT('',#6501);
#1433=VERTEX_POINT('',#6520);
#1434=VERTEX_POINT('',#6525);
#1435=VERTEX_POINT('',#6591);
#1436=VERTEX_POINT('',#6600);
#1437=VERTEX_POINT('',#6633);
#1438=VERTEX_POINT('',#6650);
#1439=VERTEX_POINT('',#6672);
#1440=VERTEX_POINT('',#6689);
#1441=VERTEX_POINT('',#6690);
#1442=VERTEX_POINT('',#6699);
#1443=VERTEX_POINT('',#6712);
#1444=VERTEX_POINT('',#6739);
#1445=VERTEX_POINT('',#6740);
#1446=VERTEX_POINT('',#6747);
#1447=VERTEX_POINT('',#6756);
#1448=VERTEX_POINT('',#6761);
#1449=VERTEX_POINT('',#6782);
#1450=VERTEX_POINT('',#6787);
#1451=VERTEX_POINT('',#6810);
#1452=VERTEX_POINT('',#6815);
#1453=VERTEX_POINT('',#6820);
#1454=VERTEX_POINT('',#6827);
#1455=VERTEX_POINT('',#6842);
#1456=VERTEX_POINT('',#6844);
#1457=VERTEX_POINT('',#6861);
#1458=VERTEX_POINT('',#6920);
#1459=VERTEX_POINT('',#6927);
#1460=VERTEX_POINT('',#6940);
#1461=VERTEX_POINT('',#7039);
#1462=VERTEX_POINT('',#7040);
#1463=VERTEX_POINT('',#7053);
#1464=VERTEX_POINT('',#7127);
#1465=VERTEX_POINT('',#7128);
#1466=VERTEX_POINT('',#7141);
#1467=VERTEX_POINT('',#7156);
#1468=VERTEX_POINT('',#7158);
#1469=VERTEX_POINT('',#7173);
#1470=VERTEX_POINT('',#7187);
#1471=VERTEX_POINT('',#7189);
#1472=VERTEX_POINT('',#7236);
#1473=VERTEX_POINT('',#7292);
#1474=VERTEX_POINT('',#7322);
#1475=VERTEX_POINT('',#7331);
#1476=VERTEX_POINT('',#7332);
#1477=VERTEX_POINT('',#7339);
#1478=VERTEX_POINT('',#7352);
#1479=VERTEX_POINT('',#7360);
#1480=VERTEX_POINT('',#7381);
#1481=VERTEX_POINT('',#7386);
#1482=VERTEX_POINT('',#7407);
#1483=VERTEX_POINT('',#7430);
#1484=VERTEX_POINT('',#7431);
#1485=VERTEX_POINT('',#7444);
#1486=VERTEX_POINT('',#7451);
#1487=VERTEX_POINT('',#7516);
#1488=VERTEX_POINT('',#7524);
#1489=VERTEX_POINT('',#7538);
#1490=VERTEX_POINT('',#7541);
#1491=VERTEX_POINT('',#7553);
#1492=VERTEX_POINT('',#7558);
#1493=VERTEX_POINT('',#7713);
#1494=VERTEX_POINT('',#7714);
#1495=VERTEX_POINT('',#7728);
#1496=VERTEX_POINT('',#7828);
#1497=VERTEX_POINT('',#7829);
#1498=VERTEX_POINT('',#7843);
#1499=VERTEX_POINT('',#7915);
#1500=VERTEX_POINT('',#7916);
#1501=VERTEX_POINT('',#7918);
#1502=VERTEX_POINT('',#8017);
#1503=VERTEX_POINT('',#8018);
#1504=VERTEX_POINT('',#8051);
#1505=VERTEX_POINT('',#8052);
#1506=VERTEX_POINT('',#8057);
#1507=VERTEX_POINT('',#8059);
#1508=VERTEX_POINT('',#8063);
#1509=VERTEX_POINT('',#8072);
#1510=VERTEX_POINT('',#8148);
#1511=VERTEX_POINT('',#8149);
#1512=VERTEX_POINT('',#8151);
#1513=VERTEX_POINT('',#8230);
#1514=VERTEX_POINT('',#8231);
#1515=VERTEX_POINT('',#8256);
#1516=VERTEX_POINT('',#8257);
#1517=VERTEX_POINT('',#8262);
#1518=VERTEX_POINT('',#8265);
#1519=VERTEX_POINT('',#8269);
#1520=VERTEX_POINT('',#8278);
#1521=VERTEX_POINT('',#8330);
#1522=VERTEX_POINT('',#8355);
#1523=VERTEX_POINT('',#8426);
#1524=VERTEX_POINT('',#8470);
#1525=VERTEX_POINT('',#8479);
#1526=VERTEX_POINT('',#8480);
#1527=EDGE_CURVE('',#1228,#1229,#1091,.T.);
#1528=EDGE_CURVE('',#1229,#1230,#1092,.T.);
#1529=EDGE_CURVE('',#1230,#1231,#1093,.T.);
#1530=EDGE_CURVE('',#1231,#1228,#891,.T.);
#1531=EDGE_CURVE('',#1232,#1233,#892,.F.);
#1532=EDGE_CURVE('',#1233,#1230,#893,.T.);
#1533=EDGE_CURVE('',#1229,#1232,#894,.T.);
#1534=EDGE_CURVE('',#1234,#1228,#895,.T.);
#1535=EDGE_CURVE('',#1231,#1235,#896,.T.);
#1536=EDGE_CURVE('',#1235,#1234,#897,.T.);
#1537=EDGE_CURVE('',#1236,#1237,#1094,.T.);
#1538=EDGE_CURVE('',#1237,#1238,#898,.T.);
#1539=EDGE_CURVE('',#1238,#1239,#899,.F.);
#1540=EDGE_CURVE('',#1239,#1236,#900,.T.);
#1541=EDGE_CURVE('',#1235,#1237,#1095,.T.);
#1542=EDGE_CURVE('',#1236,#1234,#1096,.T.);
#1543=EDGE_CURVE('',#1240,#1228,#113,.T.);
#1544=EDGE_CURVE('',#1232,#1240,#1097,.T.);
#1545=EDGE_CURVE('',#1241,#1234,#114,.T.);
#1546=EDGE_CURVE('',#1240,#1241,#86,.T.);
#1547=EDGE_CURVE('',#1241,#1239,#1098,.T.);
#1548=EDGE_CURVE('',#1242,#1243,#901,.T.);
#1549=EDGE_CURVE('',#1243,#1244,#1099,.T.);
#1550=EDGE_CURVE('',#1244,#1245,#902,.T.);
#1551=EDGE_CURVE('',#1245,#1246,#903,.T.);
#1552=EDGE_CURVE('',#1246,#1242,#1100,.T.);
#1553=EDGE_CURVE('',#1244,#1247,#115,.T.);
#1554=EDGE_CURVE('',#1247,#1248,#904,.T.);
#1555=EDGE_CURVE('',#1248,#1249,#116,.T.);
#1556=EDGE_CURVE('',#1245,#1249,#905,.T.);
#1557=EDGE_CURVE('',#1250,#1243,#117,.T.);
#1558=EDGE_CURVE('',#1247,#1250,#1101,.T.);
#1559=EDGE_CURVE('',#1242,#1251,#118,.T.);
#1560=EDGE_CURVE('',#1250,#1251,#906,.T.);
#1561=EDGE_CURVE('',#1249,#1246,#907,.T.);
#1562=EDGE_CURVE('',#1251,#1248,#1102,.T.);
#1563=EDGE_CURVE('',#1252,#1253,#908,.T.);
#1564=EDGE_CURVE('',#1253,#1254,#909,.T.);
#1565=EDGE_CURVE('',#1254,#1255,#910,.T.);
#1566=EDGE_CURVE('',#1255,#1252,#911,.T.);
#1567=EDGE_CURVE('',#1256,#1252,#1103,.T.);
#1568=EDGE_CURVE('',#1255,#1257,#1104,.T.);
#1569=EDGE_CURVE('',#1257,#1256,#912,.T.);
#1570=EDGE_CURVE('',#1253,#1258,#119,.T.);
#1571=EDGE_CURVE('',#1258,#1259,#87,.T.);
#1572=EDGE_CURVE('',#1259,#1260,#88,.T.);
#1573=EDGE_CURVE('',#1260,#1256,#120,.T.);
#1574=EDGE_CURVE('',#1257,#1254,#121,.T.);
#1575=EDGE_CURVE('',#1261,#1258,#122,.T.);
#1576=EDGE_CURVE('',#1262,#1261,#123,.T.);
#1577=EDGE_CURVE('',#1262,#1263,#124,.T.);
#1578=EDGE_CURVE('',#1263,#1259,#125,.T.);
#1579=EDGE_CURVE('',#1264,#1253,#126,.T.);
#1580=EDGE_CURVE('',#1261,#1264,#127,.T.);
#1581=EDGE_CURVE('',#1265,#1252,#128,.T.);
#1582=EDGE_CURVE('',#1264,#1265,#89,.T.);
#1583=EDGE_CURVE('',#1266,#1267,#1105,.T.);
#1584=EDGE_CURVE('',#1267,#1267,#913,.T.);
#1585=EDGE_CURVE('',#1266,#1266,#914,.T.);
#1586=EDGE_CURVE('',#1268,#1267,#129,.T.);
#1587=EDGE_CURVE('',#1268,#1268,#915,.T.);
#1588=EDGE_CURVE('',#1269,#1270,#916,.T.);
#1589=EDGE_CURVE('',#1270,#1271,#917,.T.);
#1590=EDGE_CURVE('',#1271,#1272,#918,.T.);
#1591=EDGE_CURVE('',#1269,#1272,#919,.T.);
#1592=EDGE_CURVE('',#1273,#1274,#920,.T.);
#1593=EDGE_CURVE('',#1274,#1275,#130,.T.);
#1594=EDGE_CURVE('',#1275,#1276,#921,.T.);
#1595=EDGE_CURVE('',#1276,#1273,#131,.T.);
#1596=EDGE_CURVE('',#1277,#1276,#1106,.T.);
#1597=EDGE_CURVE('',#1275,#1278,#1107,.T.);
#1598=EDGE_CURVE('',#1278,#1277,#922,.T.);
#1599=EDGE_CURVE('',#1270,#1274,#1108,.T.);
#1600=EDGE_CURVE('',#1273,#1271,#1109,.T.);
#1601=EDGE_CURVE('',#1272,#1277,#1110,.T.);
#1602=EDGE_CURVE('',#1278,#1269,#1111,.T.);
#1603=EDGE_CURVE('',#1279,#1271,#132,.T.);
#1604=EDGE_CURVE('',#1280,#1279,#90,.T.);
#1605=EDGE_CURVE('',#1280,#1272,#133,.T.);
#1606=EDGE_CURVE('',#1281,#1273,#134,.T.);
#1607=EDGE_CURVE('',#1279,#1281,#1112,.T.);
#1608=EDGE_CURVE('',#1282,#1276,#135,.T.);
#1609=EDGE_CURVE('',#1281,#1282,#136,.T.);
#1610=EDGE_CURVE('',#1283,#1284,#923,.T.);
#1611=EDGE_CURVE('',#1284,#1285,#924,.T.);
#1612=EDGE_CURVE('',#1285,#1286,#925,.T.);
#1613=EDGE_CURVE('',#1283,#1286,#926,.T.);
#1614=EDGE_CURVE('',#1284,#1287,#137,.T.);
#1615=EDGE_CURVE('',#1287,#1288,#927,.T.);
#1616=EDGE_CURVE('',#1288,#1285,#138,.T.);
#1617=EDGE_CURVE('',#1286,#1288,#1113,.T.);
#1618=EDGE_CURVE('',#1287,#1283,#1114,.T.);
#1619=EDGE_CURVE('',#1289,#1286,#139,.T.);
#1620=EDGE_CURVE('',#1290,#1289,#1115,.T.);
#1621=EDGE_CURVE('',#1290,#1288,#140,.T.);
#1622=EDGE_CURVE('',#1291,#1285,#141,.T.);
#1623=EDGE_CURVE('',#1289,#1291,#91,.T.);
#1624=EDGE_CURVE('',#1292,#1293,#928,.T.);
#1625=EDGE_CURVE('',#1293,#1294,#929,.T.);
#1626=EDGE_CURVE('',#1294,#1295,#930,.T.);
#1627=EDGE_CURVE('',#1292,#1295,#931,.T.);
#1628=EDGE_CURVE('',#1293,#1296,#1116,.T.);
#1629=EDGE_CURVE('',#1296,#1297,#932,.T.);
#1630=EDGE_CURVE('',#1297,#1294,#1117,.T.);
#1631=EDGE_CURVE('',#1296,#1298,#142,.T.);
#1632=EDGE_CURVE('',#1298,#1299,#92,.T.);
#1633=EDGE_CURVE('',#1299,#1297,#143,.T.);
#1634=EDGE_CURVE('',#1295,#1299,#144,.T.);
#1635=EDGE_CURVE('',#1298,#1292,#145,.T.);
#1636=EDGE_CURVE('',#1300,#1295,#146,.T.);
#1637=EDGE_CURVE('',#1301,#1300,#147,.T.);
#1638=EDGE_CURVE('',#1301,#1299,#148,.T.);
#1639=EDGE_CURVE('',#1302,#1294,#149,.T.);
#1640=EDGE_CURVE('',#1300,#1302,#93,.T.);
#1641=EDGE_CURVE('',#1238,#1233,#1118,.T.);
#1642=EDGE_CURVE('',#1237,#1230,#1119,.T.);
#1643=EDGE_CURVE('',#1303,#1260,#150,.T.);
#1644=EDGE_CURVE('',#1304,#1303,#151,.T.);
#1645=EDGE_CURVE('',#1304,#1256,#152,.T.);
#1646=EDGE_CURVE('',#1265,#1304,#1120,.T.);
#1647=EDGE_CURVE('',#1263,#1305,#153,.T.);
#1648=EDGE_CURVE('',#1303,#1305,#154,.T.);
#1649=EDGE_CURVE('',#1305,#1262,#155,.T.);
#1650=EDGE_CURVE('',#1303,#1261,#156,.T.);
#1651=EDGE_CURVE('',#1306,#1242,#157,.T.);
#1652=EDGE_CURVE('',#1307,#1306,#158,.T.);
#1653=EDGE_CURVE('',#1307,#1251,#159,.T.);
#1654=EDGE_CURVE('',#1308,#1307,#1121,.T.);
#1655=EDGE_CURVE('',#1308,#1248,#160,.T.);
#1656=EDGE_CURVE('',#1309,#1246,#161,.T.);
#1657=EDGE_CURVE('',#1306,#1309,#1122,.T.);
#1658=EDGE_CURVE('',#1310,#1249,#162,.T.);
#1659=EDGE_CURVE('',#1309,#1310,#94,.T.);
#1660=EDGE_CURVE('',#1310,#1308,#163,.T.);
#1661=EDGE_CURVE('',#1291,#1290,#164,.T.);
#1662=EDGE_CURVE('',#1311,#1280,#1123,.T.);
#1663=EDGE_CURVE('',#1311,#1277,#165,.T.);
#1664=EDGE_CURVE('',#1282,#1311,#1124,.T.);
#1665=EDGE_CURVE('',#1312,#1297,#166,.T.);
#1666=EDGE_CURVE('',#1302,#1312,#1125,.T.);
#1667=EDGE_CURVE('',#1312,#1301,#167,.T.);
#1668=EDGE_CURVE('',#1313,#1314,#168,.T.);
#1669=EDGE_CURVE('',#1313,#1315,#169,.T.);
#1670=EDGE_CURVE('',#1316,#1315,#170,.T.);
#1671=EDGE_CURVE('',#1314,#1316,#171,.T.);
#1672=EDGE_CURVE('',#1317,#1314,#1126,.T.);
#1673=EDGE_CURVE('',#1318,#1316,#1127,.T.);
#1674=EDGE_CURVE('',#1317,#1318,#172,.T.);
#1675=EDGE_CURVE('',#1319,#1317,#173,.T.);
#1676=EDGE_CURVE('',#1320,#1318,#174,.T.);
#1677=EDGE_CURVE('',#1319,#1320,#175,.T.);
#1678=EDGE_CURVE('',#1321,#1319,#1128,.T.);
#1679=EDGE_CURVE('',#1322,#1320,#1129,.T.);
#1680=EDGE_CURVE('',#1321,#1322,#176,.T.);
#1681=EDGE_CURVE('',#1323,#1321,#1130,.T.);
#1682=EDGE_CURVE('',#1324,#1322,#1131,.T.);
#1683=EDGE_CURVE('',#1323,#1324,#177,.T.);
#1684=EDGE_CURVE('',#1325,#1323,#1132,.T.);
#1685=EDGE_CURVE('',#1326,#1324,#1133,.T.);
#1686=EDGE_CURVE('',#1325,#1326,#178,.T.);
#1687=EDGE_CURVE('',#1313,#1325,#1134,.T.);
#1688=EDGE_CURVE('',#1315,#1326,#1135,.T.);
#1689=EDGE_CURVE('',#1327,#1328,#933,.T.);
#1690=EDGE_CURVE('',#1329,#1327,#179,.T.);
#1691=EDGE_CURVE('',#1330,#1329,#934,.T.);
#1692=EDGE_CURVE('',#1331,#1330,#1136,.T.);
#1693=EDGE_CURVE('',#1331,#1332,#180,.T.);
#1694=EDGE_CURVE('',#1328,#1332,#935,.T.);
#1695=EDGE_CURVE('',#1333,#1334,#936,.T.);
#1696=EDGE_CURVE('',#1335,#1333,#181,.T.);
#1697=EDGE_CURVE('',#1336,#1335,#1137,.T.);
#1698=EDGE_CURVE('',#1329,#1336,#937,.T.);
#1699=EDGE_CURVE('',#1334,#1327,#938,.T.);
#1700=EDGE_CURVE('',#1336,#1337,#182,.T.);
#1701=EDGE_CURVE('',#1337,#1335,#95,.T.);
#1702=EDGE_CURVE('',#1338,#1339,#183,.T.);
#1703=EDGE_CURVE('',#1339,#1338,#96,.T.);
#1704=EDGE_CURVE('',#1340,#1330,#184,.T.);
#1705=EDGE_CURVE('',#1331,#1340,#97,.T.);
#1706=EDGE_CURVE('',#1341,#1333,#939,.T.);
#1707=EDGE_CURVE('',#1342,#1341,#940,.T.);
#1708=EDGE_CURVE('',#1332,#1342,#941,.T.);
#1709=EDGE_CURVE('',#1343,#1340,#942,.T.);
#1710=EDGE_CURVE('',#1339,#1343,#185,.T.);
#1711=EDGE_CURVE('',#1344,#1338,#186,.T.);
#1712=EDGE_CURVE('',#1337,#1344,#943,.T.);
#1713=EDGE_CURVE('',#1334,#1345,#944,.T.);
#1714=EDGE_CURVE('',#1345,#1346,#945,.T.);
#1715=EDGE_CURVE('',#1346,#1347,#946,.T.);
#1716=EDGE_CURVE('',#1347,#1348,#947,.T.);
#1717=EDGE_CURVE('',#1349,#1348,#948,.T.);
#1718=EDGE_CURVE('',#1349,#1341,#949,.T.);
#1719=EDGE_CURVE('',#1350,#1328,#950,.T.);
#1720=EDGE_CURVE('',#1350,#1345,#951,.T.);
#1721=EDGE_CURVE('',#1351,#1352,#952,.T.);
#1722=EDGE_CURVE('',#1353,#1351,#1138,.T.);
#1723=EDGE_CURVE('',#1353,#1354,#187,.T.);
#1724=EDGE_CURVE('',#1354,#1343,#1139,.T.);
#1725=EDGE_CURVE('',#1344,#1354,#1140,.T.);
#1726=EDGE_CURVE('',#1355,#1353,#1141,.T.);
#1727=EDGE_CURVE('',#1355,#1356,#953,.T.);
#1728=EDGE_CURVE('',#1357,#1356,#1142,.T.);
#1729=EDGE_CURVE('',#1358,#1357,#954,.T.);
#1730=EDGE_CURVE('',#1358,#1352,#955,.T.);
#1731=EDGE_CURVE('',#1359,#1359,#1143,.T.);
#1732=EDGE_CURVE('',#1359,#1360,#1144,.T.);
#1733=EDGE_CURVE('',#1360,#1360,#1145,.T.);
#1734=EDGE_CURVE('',#1361,#1361,#1146,.T.);
#1735=EDGE_CURVE('',#1361,#1362,#1147,.T.);
#1736=EDGE_CURVE('',#1362,#1362,#1148,.T.);
#1737=EDGE_CURVE('',#1363,#1364,#1149,.T.);
#1738=EDGE_CURVE('',#1364,#1365,#1150,.T.);
#1739=EDGE_CURVE('',#1365,#1366,#1151,.T.);
#1740=EDGE_CURVE('',#1366,#1363,#1152,.T.);
#1741=EDGE_CURVE('',#1367,#1368,#956,.F.);
#1742=EDGE_CURVE('',#1368,#1366,#1153,.T.);
#1743=EDGE_CURVE('',#1365,#1367,#1154,.T.);
#1744=EDGE_CURVE('',#1363,#1369,#957,.T.);
#1745=EDGE_CURVE('',#1369,#1370,#1155,.T.);
#1746=EDGE_CURVE('',#1364,#1370,#958,.T.);
#1747=EDGE_CURVE('',#1371,#1372,#959,.F.);
#1748=EDGE_CURVE('',#1372,#1373,#1156,.T.);
#1749=EDGE_CURVE('',#1373,#1374,#1157,.T.);
#1750=EDGE_CURVE('',#1374,#1375,#1158,.T.);
#1751=EDGE_CURVE('',#1375,#1371,#960,.F.);
#1752=EDGE_CURVE('',#1376,#1377,#1159,.T.);
#1753=EDGE_CURVE('',#1377,#1374,#1160,.T.);
#1754=EDGE_CURVE('',#1373,#1376,#1161,.T.);
#1755=EDGE_CURVE('',#1378,#1379,#1162,.T.);
#1756=EDGE_CURVE('',#1379,#1377,#1163,.T.);
#1757=EDGE_CURVE('',#1376,#1378,#1164,.T.);
#1758=EDGE_CURVE('',#1380,#1381,#1165,.T.);
#1759=EDGE_CURVE('',#1381,#1379,#1166,.T.);
#1760=EDGE_CURVE('',#1378,#1380,#1167,.T.);
#1761=EDGE_CURVE('',#1382,#1383,#1168,.T.);
#1762=EDGE_CURVE('',#1383,#1381,#1169,.T.);
#1763=EDGE_CURVE('',#1380,#1382,#1170,.T.);
#1764=EDGE_CURVE('',#1370,#1382,#961,.T.);
#1765=EDGE_CURVE('',#1369,#1383,#962,.T.);
#1766=EDGE_CURVE('',#1384,#1365,#188,.T.);
#1767=EDGE_CURVE('',#1385,#1384,#963,.T.);
#1768=EDGE_CURVE('',#1367,#1385,#964,.T.);
#1769=EDGE_CURVE('',#1384,#1364,#965,.T.);
#1770=EDGE_CURVE('',#1386,#1380,#189,.T.);
#1771=EDGE_CURVE('',#1382,#1386,#966,.T.);
#1772=EDGE_CURVE('',#1387,#1378,#190,.T.);
#1773=EDGE_CURVE('',#1388,#1387,#967,.T.);
#1774=EDGE_CURVE('',#1389,#1388,#968,.T.);
#1775=EDGE_CURVE('',#1386,#1389,#969,.T.);
#1776=EDGE_CURVE('',#1390,#1376,#191,.T.);
#1777=EDGE_CURVE('',#1387,#1390,#970,.T.);
#1778=EDGE_CURVE('',#1391,#1373,#192,.T.);
#1779=EDGE_CURVE('',#1392,#1391,#971,.T.);
#1780=EDGE_CURVE('',#1390,#1392,#972,.T.);
#1781=EDGE_CURVE('',#1393,#1372,#973,.T.);
#1782=EDGE_CURVE('',#1394,#1393,#974,.T.);
#1783=EDGE_CURVE('',#1391,#1394,#975,.T.);
#1784=EDGE_CURVE('',#1395,#1396,#1171,.T.);
#1785=EDGE_CURVE('',#1396,#1397,#1172,.T.);
#1786=EDGE_CURVE('',#1397,#1398,#1173,.T.);
#1787=EDGE_CURVE('',#1398,#1395,#1174,.T.);
#1788=EDGE_CURVE('',#1399,#1400,#1175,.T.);
#1789=EDGE_CURVE('',#1400,#1398,#1176,.T.);
#1790=EDGE_CURVE('',#1397,#1399,#1177,.T.);
#1791=EDGE_CURVE('',#1401,#1402,#1178,.T.);
#1792=EDGE_CURVE('',#1402,#1400,#1179,.T.);
#1793=EDGE_CURVE('',#1399,#1401,#1180,.T.);
#1794=EDGE_CURVE('',#1403,#1404,#1181,.T.);
#1795=EDGE_CURVE('',#1404,#1402,#1182,.T.);
#1796=EDGE_CURVE('',#1401,#1403,#1183,.T.);
#1797=EDGE_CURVE('',#1405,#1406,#976,.T.);
#1798=EDGE_CURVE('',#1405,#1404,#1184,.T.);
#1799=EDGE_CURVE('',#1403,#1407,#1185,.T.);
#1800=EDGE_CURVE('',#1406,#1407,#977,.T.);
#1801=EDGE_CURVE('',#1395,#1408,#978,.T.);
#1802=EDGE_CURVE('',#1408,#1409,#1186,.T.);
#1803=EDGE_CURVE('',#1396,#1409,#979,.T.);
#1804=EDGE_CURVE('',#1410,#1411,#1187,.T.);
#1805=EDGE_CURVE('',#1411,#1412,#1188,.T.);
#1806=EDGE_CURVE('',#1412,#1413,#980,.F.);
#1807=EDGE_CURVE('',#1413,#1410,#1189,.T.);
#1808=EDGE_CURVE('',#1414,#1415,#1190,.T.);
#1809=EDGE_CURVE('',#1415,#1411,#1191,.T.);
#1810=EDGE_CURVE('',#1410,#1414,#1192,.T.);
#1811=EDGE_CURVE('',#1409,#1414,#981,.T.);
#1812=EDGE_CURVE('',#1408,#1415,#982,.T.);
#1813=EDGE_CURVE('',#1416,#1403,#193,.T.);
#1814=EDGE_CURVE('',#1417,#1416,#983,.T.);
#1815=EDGE_CURVE('',#1418,#1417,#984,.T.);
#1816=EDGE_CURVE('',#1407,#1418,#985,.T.);
#1817=EDGE_CURVE('',#1419,#1401,#194,.T.);
#1818=EDGE_CURVE('',#1420,#1419,#986,.T.);
#1819=EDGE_CURVE('',#1416,#1420,#987,.T.);
#1820=EDGE_CURVE('',#1421,#1399,#195,.T.);
#1821=EDGE_CURVE('',#1419,#1421,#988,.T.);
#1822=EDGE_CURVE('',#1422,#1397,#196,.T.);
#1823=EDGE_CURVE('',#1423,#1422,#989,.T.);
#1824=EDGE_CURVE('',#1424,#1423,#990,.T.);
#1825=EDGE_CURVE('',#1421,#1424,#991,.T.);
#1826=EDGE_CURVE('',#1422,#1396,#992,.T.);
#1827=EDGE_CURVE('',#1425,#1410,#197,.T.);
#1828=EDGE_CURVE('',#1414,#1425,#993,.T.);
#1829=EDGE_CURVE('',#1426,#1413,#994,.T.);
#1830=EDGE_CURVE('',#1425,#1426,#995,.T.);
#1831=EDGE_CURVE('',#1375,#1368,#198,.T.);
#1832=EDGE_CURVE('',#1393,#1427,#996,.T.);
#1833=EDGE_CURVE('',#1427,#1428,#199,.T.);
#1834=EDGE_CURVE('',#1428,#1394,#997,.F.);
#1835=EDGE_CURVE('',#1426,#1385,#200,.T.);
#1836=EDGE_CURVE('',#1412,#1405,#201,.T.);
#1837=EDGE_CURVE('',#1406,#1429,#998,.F.);
#1838=EDGE_CURVE('',#1429,#1430,#999,.T.);
#1839=EDGE_CURVE('',#1430,#1431,#1000,.T.);
#1840=EDGE_CURVE('',#1431,#1432,#1001,.T.);
#1841=EDGE_CURVE('',#1432,#1433,#1002,.T.);
#1842=EDGE_CURVE('',#1433,#1434,#1003,.T.);
#1843=EDGE_CURVE('',#1371,#1434,#1004,.T.);
#1844=EDGE_CURVE('',#1352,#1389,#1005,.T.);
#1845=EDGE_CURVE('',#1423,#1358,#1006,.T.);
#1846=EDGE_CURVE('',#1388,#1351,#1007,.T.);
#1847=EDGE_CURVE('',#1435,#1417,#1008,.T.);
#1848=EDGE_CURVE('',#1435,#1436,#202,.T.);
#1849=EDGE_CURVE('',#1436,#1418,#1009,.T.);
#1850=EDGE_CURVE('',#1437,#1436,#1010,.T.);
#1851=EDGE_CURVE('',#1420,#1437,#1011,.T.);
#1852=EDGE_CURVE('',#1357,#1424,#1012,.T.);
#1853=EDGE_CURVE('',#1356,#1438,#1013,.T.);
#1854=EDGE_CURVE('',#1438,#1347,#1193,.T.);
#1855=EDGE_CURVE('',#1346,#1439,#1014,.T.);
#1856=EDGE_CURVE('',#1439,#1430,#1015,.T.);
#1857=EDGE_CURVE('',#1440,#1441,#1016,.T.);
#1858=EDGE_CURVE('',#1441,#1442,#1017,.T.);
#1859=EDGE_CURVE('',#1442,#1443,#1018,.T.);
#1860=EDGE_CURVE('',#1443,#1440,#1019,.T.);
#1861=EDGE_CURVE('',#1444,#1445,#1020,.T.);
#1862=EDGE_CURVE('',#1445,#1446,#1021,.T.);
#1863=EDGE_CURVE('',#1446,#1447,#1022,.T.);
#1864=EDGE_CURVE('',#1448,#1447,#1023,.F.);
#1865=EDGE_CURVE('',#1448,#1449,#1024,.T.);
#1866=EDGE_CURVE('',#1450,#1449,#1025,.F.);
#1867=EDGE_CURVE('',#1450,#1451,#1026,.T.);
#1868=EDGE_CURVE('',#1451,#1452,#1027,.T.);
#1869=EDGE_CURVE('',#1452,#1453,#1028,.T.);
#1870=EDGE_CURVE('',#1453,#1454,#1029,.T.);
#1871=EDGE_CURVE('',#1454,#1455,#1194,.T.);
#1872=EDGE_CURVE('',#1455,#1456,#1030,.T.);
#1873=EDGE_CURVE('',#1456,#1457,#1031,.T.);
#1874=EDGE_CURVE('',#1457,#1458,#1032,.T.);
#1875=EDGE_CURVE('',#1459,#1458,#1033,.F.);
#1876=EDGE_CURVE('',#1459,#1460,#1034,.T.);
#1877=EDGE_CURVE('',#1444,#1460,#1035,.F.);
#1878=EDGE_CURVE('',#1437,#1435,#1036,.F.);
#1879=EDGE_CURVE('',#1461,#1462,#1037,.T.);
#1880=EDGE_CURVE('',#1462,#1463,#1038,.T.);
#1881=EDGE_CURVE('',#1463,#1461,#1195,.T.);
#1882=EDGE_CURVE('',#1464,#1465,#1039,.T.);
#1883=EDGE_CURVE('',#1465,#1466,#1040,.T.);
#1884=EDGE_CURVE('',#1466,#1464,#1196,.T.);
#1885=EDGE_CURVE('',#1461,#1467,#1197,.T.);
#1886=EDGE_CURVE('',#1467,#1468,#1198,.T.);
#1887=EDGE_CURVE('',#1468,#1462,#1199,.T.);
#1888=EDGE_CURVE('',#1465,#1468,#1200,.T.);
#1889=EDGE_CURVE('',#1467,#1466,#1201,.T.);
#1890=EDGE_CURVE('',#1462,#1465,#1202,.T.);
#1891=EDGE_CURVE('',#1464,#1463,#1203,.T.);
#1892=EDGE_CURVE('',#1431,#1463,#203,.T.);
#1893=EDGE_CURVE('',#1439,#1461,#204,.T.);
#1894=EDGE_CURVE('',#1432,#1464,#205,.T.);
#1895=EDGE_CURVE('',#1469,#1466,#206,.T.);
#1896=EDGE_CURVE('',#1433,#1469,#1041,.T.);
#1897=EDGE_CURVE('',#1470,#1467,#207,.T.);
#1898=EDGE_CURVE('',#1471,#1470,#1042,.T.);
#1899=EDGE_CURVE('',#1469,#1471,#1043,.T.);
#1900=EDGE_CURVE('',#1470,#1350,#1044,.T.);
#1901=EDGE_CURVE('',#1472,#1471,#1045,.T.);
#1902=EDGE_CURVE('',#1472,#1473,#1204,.T.);
#1903=EDGE_CURVE('',#1473,#1355,#1046,.T.);
#1904=EDGE_CURVE('',#1474,#1392,#1047,.T.);
#1905=EDGE_CURVE('',#1427,#1474,#1048,.T.);
#1906=EDGE_CURVE('',#1475,#1476,#1049,.T.);
#1907=EDGE_CURVE('',#1477,#1476,#1050,.F.);
#1908=EDGE_CURVE('',#1477,#1478,#1051,.T.);
#1909=EDGE_CURVE('',#1479,#1478,#1052,.F.);
#1910=EDGE_CURVE('',#1479,#1480,#1053,.T.);
#1911=EDGE_CURVE('',#1481,#1480,#1054,.F.);
#1912=EDGE_CURVE('',#1481,#1482,#1055,.T.);
#1913=EDGE_CURVE('',#1475,#1482,#1056,.F.);
#1914=EDGE_CURVE('',#1483,#1484,#1057,.T.);
#1915=EDGE_CURVE('',#1484,#1485,#1058,.T.);
#1916=EDGE_CURVE('',#1485,#1486,#1059,.T.);
#1917=EDGE_CURVE('',#1486,#1483,#1060,.T.);
#1918=EDGE_CURVE('',#1342,#1487,#1061,.T.);
#1919=EDGE_CURVE('',#1487,#1488,#1062,.F.);
#1920=EDGE_CURVE('',#1488,#1472,#1063,.T.);
#1921=EDGE_CURVE('',#1349,#1487,#208,.T.);
#1922=EDGE_CURVE('',#1348,#1489,#209,.T.);
#1923=EDGE_CURVE('',#1438,#1473,#210,.T.);
#1924=EDGE_CURVE('',#1490,#1488,#211,.T.);
#1925=EDGE_CURVE('',#1489,#1490,#1205,.T.);
#1926=EDGE_CURVE('',#1489,#1491,#1064,.T.);
#1927=EDGE_CURVE('',#1492,#1490,#1065,.T.);
#1928=EDGE_CURVE('',#1492,#1491,#1066,.T.);
#1929=EDGE_CURVE('',#1428,#1474,#1067,.F.);
#1930=EDGE_CURVE('',#1440,#1443,#212,.T.);
#1931=EDGE_CURVE('',#1442,#1441,#213,.T.);
#1932=EDGE_CURVE('',#1485,#1486,#214,.T.);
#1933=EDGE_CURVE('',#1483,#1484,#215,.T.);
#1934=EDGE_CURVE('',#1493,#1494,#1068,.T.);
#1935=EDGE_CURVE('',#1494,#1495,#1069,.T.);
#1936=EDGE_CURVE('',#1495,#1493,#1206,.T.);
#1937=EDGE_CURVE('',#1494,#1481,#216,.T.);
#1938=EDGE_CURVE('',#1480,#1495,#217,.T.);
#1939=EDGE_CURVE('',#1493,#1475,#1207,.T.);
#1940=EDGE_CURVE('',#1482,#1494,#1208,.T.);
#1941=EDGE_CURVE('',#1496,#1497,#1070,.T.);
#1942=EDGE_CURVE('',#1497,#1498,#1071,.T.);
#1943=EDGE_CURVE('',#1498,#1496,#1209,.T.);
#1944=EDGE_CURVE('',#1497,#1444,#1210,.T.);
#1945=EDGE_CURVE('',#1460,#1498,#1211,.T.);
#1946=EDGE_CURVE('',#1496,#1448,#218,.T.);
#1947=EDGE_CURVE('',#1447,#1497,#219,.T.);
#1948=EDGE_CURVE('',#1499,#1500,#1212,.T.);
#1949=EDGE_CURVE('',#1500,#1501,#1072,.T.);
#1950=EDGE_CURVE('',#1501,#1499,#1073,.T.);
#1951=EDGE_CURVE('',#1495,#1500,#220,.T.);
#1952=EDGE_CURVE('',#1499,#1493,#221,.T.);
#1953=EDGE_CURVE('',#1502,#1503,#1213,.T.);
#1954=EDGE_CURVE('',#1503,#1501,#1074,.T.);
#1955=EDGE_CURVE('',#1501,#1502,#1075,.T.);
#1956=EDGE_CURVE('',#1504,#1505,#1214,.T.);
#1957=EDGE_CURVE('',#1504,#1503,#222,.T.);
#1958=EDGE_CURVE('',#1502,#1505,#223,.T.);
#1959=EDGE_CURVE('',#1505,#1506,#224,.T.);
#1960=EDGE_CURVE('',#1506,#1507,#225,.T.);
#1961=EDGE_CURVE('',#1504,#1507,#1215,.T.);
#1962=EDGE_CURVE('',#1508,#1502,#226,.T.);
#1963=EDGE_CURVE('',#1506,#1508,#227,.T.);
#1964=EDGE_CURVE('',#1476,#1499,#1216,.T.);
#1965=EDGE_CURVE('',#1477,#1501,#1217,.T.);
#1966=EDGE_CURVE('',#1478,#1501,#228,.T.);
#1967=EDGE_CURVE('',#1478,#1509,#1076,.T.);
#1968=EDGE_CURVE('',#1509,#1508,#98,.F.);
#1969=EDGE_CURVE('',#1500,#1479,#229,.T.);
#1970=EDGE_CURVE('',#1510,#1511,#1218,.T.);
#1971=EDGE_CURVE('',#1511,#1512,#1077,.T.);
#1972=EDGE_CURVE('',#1512,#1510,#1078,.T.);
#1973=EDGE_CURVE('',#1498,#1511,#230,.T.);
#1974=EDGE_CURVE('',#1510,#1496,#231,.T.);
#1975=EDGE_CURVE('',#1513,#1514,#1219,.T.);
#1976=EDGE_CURVE('',#1514,#1512,#1079,.T.);
#1977=EDGE_CURVE('',#1512,#1513,#1080,.T.);
#1978=EDGE_CURVE('',#1515,#1516,#1220,.T.);
#1979=EDGE_CURVE('',#1515,#1514,#232,.T.);
#1980=EDGE_CURVE('',#1513,#1516,#233,.T.);
#1981=EDGE_CURVE('',#1517,#1516,#1221,.T.);
#1982=EDGE_CURVE('',#1455,#1517,#234,.T.);
#1983=EDGE_CURVE('',#1518,#1454,#235,.T.);
#1984=EDGE_CURVE('',#1515,#1518,#236,.T.);
#1985=EDGE_CURVE('',#1519,#1513,#1222,.T.);
#1986=EDGE_CURVE('',#1517,#1519,#237,.T.);
#1987=EDGE_CURVE('',#1449,#1510,#238,.T.);
#1988=EDGE_CURVE('',#1512,#1450,#239,.T.);
#1989=EDGE_CURVE('',#1512,#1458,#1223,.T.);
#1990=EDGE_CURVE('',#1458,#1520,#1081,.T.);
#1991=EDGE_CURVE('',#1520,#1519,#1082,.F.);
#1992=EDGE_CURVE('',#1511,#1459,#1224,.T.);
#1993=EDGE_CURVE('',#1477,#1521,#1083,.F.);
#1994=EDGE_CURVE('',#1521,#1509,#1084,.T.);
#1995=EDGE_CURVE('',#1503,#1522,#1225,.T.);
#1996=EDGE_CURVE('',#1522,#1521,#1085,.F.);
#1997=EDGE_CURVE('',#1507,#1522,#240,.T.);
#1998=EDGE_CURVE('',#1456,#1520,#1086,.T.);
#1999=EDGE_CURVE('',#1453,#1451,#1226,.T.);
#2000=EDGE_CURVE('',#1450,#1523,#1087,.F.);
#2001=EDGE_CURVE('',#1523,#1453,#1088,.T.);
#2002=EDGE_CURVE('',#1524,#1523,#99,.F.);
#2003=EDGE_CURVE('',#1518,#1524,#241,.T.);
#2004=EDGE_CURVE('',#1514,#1524,#242,.T.);
#2005=EDGE_CURVE('',#1525,#1526,#1089,.T.);
#2006=EDGE_CURVE('',#1525,#1526,#1227,.T.);
#2007=EDGE_CURVE('',#1526,#1525,#1090,.T.);
#2008=ORIENTED_EDGE('',*,*,#1527,.T.);
#2009=ORIENTED_EDGE('',*,*,#1528,.T.);
#2010=ORIENTED_EDGE('',*,*,#1529,.T.);
#2011=ORIENTED_EDGE('',*,*,#1530,.T.);
#2012=ORIENTED_EDGE('',*,*,#1531,.T.);
#2013=ORIENTED_EDGE('',*,*,#1532,.T.);
#2014=ORIENTED_EDGE('',*,*,#1528,.F.);
#2015=ORIENTED_EDGE('',*,*,#1533,.T.);
#2016=ORIENTED_EDGE('',*,*,#1534,.T.);
#2017=ORIENTED_EDGE('',*,*,#1530,.F.);
#2018=ORIENTED_EDGE('',*,*,#1535,.T.);
#2019=ORIENTED_EDGE('',*,*,#1536,.T.);
#2020=ORIENTED_EDGE('',*,*,#1537,.T.);
#2021=ORIENTED_EDGE('',*,*,#1538,.T.);
#2022=ORIENTED_EDGE('',*,*,#1539,.T.);
#2023=ORIENTED_EDGE('',*,*,#1540,.T.);
#2024=ORIENTED_EDGE('',*,*,#1541,.T.);
#2025=ORIENTED_EDGE('',*,*,#1537,.F.);
#2026=ORIENTED_EDGE('',*,*,#1542,.T.);
#2027=ORIENTED_EDGE('',*,*,#1536,.F.);
#2028=ORIENTED_EDGE('',*,*,#1533,.F.);
#2029=ORIENTED_EDGE('',*,*,#1527,.F.);
#2030=ORIENTED_EDGE('',*,*,#1543,.F.);
#2031=ORIENTED_EDGE('',*,*,#1544,.F.);
#2032=ORIENTED_EDGE('',*,*,#1534,.F.);
#2033=ORIENTED_EDGE('',*,*,#1545,.F.);
#2034=ORIENTED_EDGE('',*,*,#1546,.F.);
#2035=ORIENTED_EDGE('',*,*,#1543,.T.);
#2036=ORIENTED_EDGE('',*,*,#1542,.F.);
#2037=ORIENTED_EDGE('',*,*,#1540,.F.);
#2038=ORIENTED_EDGE('',*,*,#1547,.F.);
#2039=ORIENTED_EDGE('',*,*,#1545,.T.);
#2040=ORIENTED_EDGE('',*,*,#1548,.T.);
#2041=ORIENTED_EDGE('',*,*,#1549,.T.);
#2042=ORIENTED_EDGE('',*,*,#1550,.T.);
#2043=ORIENTED_EDGE('',*,*,#1551,.T.);
#2044=ORIENTED_EDGE('',*,*,#1552,.T.);
#2045=ORIENTED_EDGE('',*,*,#1550,.F.);
#2046=ORIENTED_EDGE('',*,*,#1553,.T.);
#2047=ORIENTED_EDGE('',*,*,#1554,.T.);
#2048=ORIENTED_EDGE('',*,*,#1555,.T.);
#2049=ORIENTED_EDGE('',*,*,#1556,.F.);
#2050=ORIENTED_EDGE('',*,*,#1549,.F.);
#2051=ORIENTED_EDGE('',*,*,#1557,.F.);
#2052=ORIENTED_EDGE('',*,*,#1558,.F.);
#2053=ORIENTED_EDGE('',*,*,#1553,.F.);
#2054=ORIENTED_EDGE('',*,*,#1548,.F.);
#2055=ORIENTED_EDGE('',*,*,#1559,.T.);
#2056=ORIENTED_EDGE('',*,*,#1560,.F.);
#2057=ORIENTED_EDGE('',*,*,#1557,.T.);
#2058=ORIENTED_EDGE('',*,*,#1551,.F.);
#2059=ORIENTED_EDGE('',*,*,#1556,.T.);
#2060=ORIENTED_EDGE('',*,*,#1561,.T.);
#2061=ORIENTED_EDGE('',*,*,#1562,.T.);
#2062=ORIENTED_EDGE('',*,*,#1554,.F.);
#2063=ORIENTED_EDGE('',*,*,#1558,.T.);
#2064=ORIENTED_EDGE('',*,*,#1560,.T.);
#2065=ORIENTED_EDGE('',*,*,#1563,.T.);
#2066=ORIENTED_EDGE('',*,*,#1564,.T.);
#2067=ORIENTED_EDGE('',*,*,#1565,.T.);
#2068=ORIENTED_EDGE('',*,*,#1566,.T.);
#2069=ORIENTED_EDGE('',*,*,#1567,.T.);
#2070=ORIENTED_EDGE('',*,*,#1566,.F.);
#2071=ORIENTED_EDGE('',*,*,#1568,.T.);
#2072=ORIENTED_EDGE('',*,*,#1569,.T.);
#2073=ORIENTED_EDGE('',*,*,#1564,.F.);
#2074=ORIENTED_EDGE('',*,*,#1570,.T.);
#2075=ORIENTED_EDGE('',*,*,#1571,.T.);
#2076=ORIENTED_EDGE('',*,*,#1572,.T.);
#2077=ORIENTED_EDGE('',*,*,#1573,.T.);
#2078=ORIENTED_EDGE('',*,*,#1569,.F.);
#2079=ORIENTED_EDGE('',*,*,#1574,.T.);
#2080=ORIENTED_EDGE('',*,*,#1571,.F.);
#2081=ORIENTED_EDGE('',*,*,#1575,.F.);
#2082=ORIENTED_EDGE('',*,*,#1576,.F.);
#2083=ORIENTED_EDGE('',*,*,#1577,.T.);
#2084=ORIENTED_EDGE('',*,*,#1578,.T.);
#2085=ORIENTED_EDGE('',*,*,#1570,.F.);
#2086=ORIENTED_EDGE('',*,*,#1579,.F.);
#2087=ORIENTED_EDGE('',*,*,#1580,.F.);
#2088=ORIENTED_EDGE('',*,*,#1575,.T.);
#2089=ORIENTED_EDGE('',*,*,#1563,.F.);
#2090=ORIENTED_EDGE('',*,*,#1581,.F.);
#2091=ORIENTED_EDGE('',*,*,#1582,.F.);
#2092=ORIENTED_EDGE('',*,*,#1579,.T.);
#2093=ORIENTED_EDGE('',*,*,#1565,.F.);
#2094=ORIENTED_EDGE('',*,*,#1574,.F.);
#2095=ORIENTED_EDGE('',*,*,#1568,.F.);
#2096=ORIENTED_EDGE('',*,*,#1583,.T.);
#2097=ORIENTED_EDGE('',*,*,#1584,.T.);
#2098=ORIENTED_EDGE('',*,*,#1583,.F.);
#2099=ORIENTED_EDGE('',*,*,#1585,.T.);
#2100=ORIENTED_EDGE('',*,*,#1584,.F.);
#2101=ORIENTED_EDGE('',*,*,#1586,.F.);
#2102=ORIENTED_EDGE('',*,*,#1587,.F.);
#2103=ORIENTED_EDGE('',*,*,#1586,.T.);
#2104=ORIENTED_EDGE('',*,*,#1585,.F.);
#2105=ORIENTED_EDGE('',*,*,#1588,.T.);
#2106=ORIENTED_EDGE('',*,*,#1589,.T.);
#2107=ORIENTED_EDGE('',*,*,#1590,.T.);
#2108=ORIENTED_EDGE('',*,*,#1591,.F.);
#2109=ORIENTED_EDGE('',*,*,#1592,.T.);
#2110=ORIENTED_EDGE('',*,*,#1593,.T.);
#2111=ORIENTED_EDGE('',*,*,#1594,.T.);
#2112=ORIENTED_EDGE('',*,*,#1595,.T.);
#2113=ORIENTED_EDGE('',*,*,#1596,.T.);
#2114=ORIENTED_EDGE('',*,*,#1594,.F.);
#2115=ORIENTED_EDGE('',*,*,#1597,.T.);
#2116=ORIENTED_EDGE('',*,*,#1598,.T.);
#2117=ORIENTED_EDGE('',*,*,#1599,.T.);
#2118=ORIENTED_EDGE('',*,*,#1592,.F.);
#2119=ORIENTED_EDGE('',*,*,#1600,.T.);
#2120=ORIENTED_EDGE('',*,*,#1589,.F.);
#2121=ORIENTED_EDGE('',*,*,#1601,.T.);
#2122=ORIENTED_EDGE('',*,*,#1598,.F.);
#2123=ORIENTED_EDGE('',*,*,#1602,.T.);
#2124=ORIENTED_EDGE('',*,*,#1591,.T.);
#2125=ORIENTED_EDGE('',*,*,#1590,.F.);
#2126=ORIENTED_EDGE('',*,*,#1603,.F.);
#2127=ORIENTED_EDGE('',*,*,#1604,.F.);
#2128=ORIENTED_EDGE('',*,*,#1605,.T.);
#2129=ORIENTED_EDGE('',*,*,#1600,.F.);
#2130=ORIENTED_EDGE('',*,*,#1606,.F.);
#2131=ORIENTED_EDGE('',*,*,#1607,.F.);
#2132=ORIENTED_EDGE('',*,*,#1603,.T.);
#2133=ORIENTED_EDGE('',*,*,#1595,.F.);
#2134=ORIENTED_EDGE('',*,*,#1608,.F.);
#2135=ORIENTED_EDGE('',*,*,#1609,.F.);
#2136=ORIENTED_EDGE('',*,*,#1606,.T.);
#2137=ORIENTED_EDGE('',*,*,#1593,.F.);
#2138=ORIENTED_EDGE('',*,*,#1599,.F.);
#2139=ORIENTED_EDGE('',*,*,#1588,.F.);
#2140=ORIENTED_EDGE('',*,*,#1602,.F.);
#2141=ORIENTED_EDGE('',*,*,#1597,.F.);
#2142=ORIENTED_EDGE('',*,*,#1610,.T.);
#2143=ORIENTED_EDGE('',*,*,#1611,.T.);
#2144=ORIENTED_EDGE('',*,*,#1612,.T.);
#2145=ORIENTED_EDGE('',*,*,#1613,.F.);
#2146=ORIENTED_EDGE('',*,*,#1614,.T.);
#2147=ORIENTED_EDGE('',*,*,#1615,.T.);
#2148=ORIENTED_EDGE('',*,*,#1616,.T.);
#2149=ORIENTED_EDGE('',*,*,#1611,.F.);
#2150=ORIENTED_EDGE('',*,*,#1617,.T.);
#2151=ORIENTED_EDGE('',*,*,#1615,.F.);
#2152=ORIENTED_EDGE('',*,*,#1618,.T.);
#2153=ORIENTED_EDGE('',*,*,#1613,.T.);
#2154=ORIENTED_EDGE('',*,*,#1617,.F.);
#2155=ORIENTED_EDGE('',*,*,#1619,.F.);
#2156=ORIENTED_EDGE('',*,*,#1620,.F.);
#2157=ORIENTED_EDGE('',*,*,#1621,.T.);
#2158=ORIENTED_EDGE('',*,*,#1612,.F.);
#2159=ORIENTED_EDGE('',*,*,#1622,.F.);
#2160=ORIENTED_EDGE('',*,*,#1623,.F.);
#2161=ORIENTED_EDGE('',*,*,#1619,.T.);
#2162=ORIENTED_EDGE('',*,*,#1610,.F.);
#2163=ORIENTED_EDGE('',*,*,#1618,.F.);
#2164=ORIENTED_EDGE('',*,*,#1614,.F.);
#2165=ORIENTED_EDGE('',*,*,#1624,.T.);
#2166=ORIENTED_EDGE('',*,*,#1625,.T.);
#2167=ORIENTED_EDGE('',*,*,#1626,.T.);
#2168=ORIENTED_EDGE('',*,*,#1627,.F.);
#2169=ORIENTED_EDGE('',*,*,#1628,.T.);
#2170=ORIENTED_EDGE('',*,*,#1629,.T.);
#2171=ORIENTED_EDGE('',*,*,#1630,.T.);
#2172=ORIENTED_EDGE('',*,*,#1625,.F.);
#2173=ORIENTED_EDGE('',*,*,#1631,.T.);
#2174=ORIENTED_EDGE('',*,*,#1632,.T.);
#2175=ORIENTED_EDGE('',*,*,#1633,.T.);
#2176=ORIENTED_EDGE('',*,*,#1629,.F.);
#2177=ORIENTED_EDGE('',*,*,#1634,.T.);
#2178=ORIENTED_EDGE('',*,*,#1632,.F.);
#2179=ORIENTED_EDGE('',*,*,#1635,.T.);
#2180=ORIENTED_EDGE('',*,*,#1627,.T.);
#2181=ORIENTED_EDGE('',*,*,#1634,.F.);
#2182=ORIENTED_EDGE('',*,*,#1636,.F.);
#2183=ORIENTED_EDGE('',*,*,#1637,.F.);
#2184=ORIENTED_EDGE('',*,*,#1638,.T.);
#2185=ORIENTED_EDGE('',*,*,#1626,.F.);
#2186=ORIENTED_EDGE('',*,*,#1639,.F.);
#2187=ORIENTED_EDGE('',*,*,#1640,.F.);
#2188=ORIENTED_EDGE('',*,*,#1636,.T.);
#2189=ORIENTED_EDGE('',*,*,#1624,.F.);
#2190=ORIENTED_EDGE('',*,*,#1635,.F.);
#2191=ORIENTED_EDGE('',*,*,#1631,.F.);
#2192=ORIENTED_EDGE('',*,*,#1628,.F.);
#2193=ORIENTED_EDGE('',*,*,#1532,.F.);
#2194=ORIENTED_EDGE('',*,*,#1641,.F.);
#2195=ORIENTED_EDGE('',*,*,#1538,.F.);
#2196=ORIENTED_EDGE('',*,*,#1642,.T.);
#2197=ORIENTED_EDGE('',*,*,#1573,.F.);
#2198=ORIENTED_EDGE('',*,*,#1643,.F.);
#2199=ORIENTED_EDGE('',*,*,#1644,.F.);
#2200=ORIENTED_EDGE('',*,*,#1645,.T.);
#2201=ORIENTED_EDGE('',*,*,#1567,.F.);
#2202=ORIENTED_EDGE('',*,*,#1645,.F.);
#2203=ORIENTED_EDGE('',*,*,#1646,.F.);
#2204=ORIENTED_EDGE('',*,*,#1581,.T.);
#2205=ORIENTED_EDGE('',*,*,#1572,.F.);
#2206=ORIENTED_EDGE('',*,*,#1578,.F.);
#2207=ORIENTED_EDGE('',*,*,#1647,.T.);
#2208=ORIENTED_EDGE('',*,*,#1648,.F.);
#2209=ORIENTED_EDGE('',*,*,#1643,.T.);
#2210=ORIENTED_EDGE('',*,*,#1648,.T.);
#2211=ORIENTED_EDGE('',*,*,#1649,.T.);
#2212=ORIENTED_EDGE('',*,*,#1576,.T.);
#2213=ORIENTED_EDGE('',*,*,#1650,.F.);
#2214=ORIENTED_EDGE('',*,*,#1559,.F.);
#2215=ORIENTED_EDGE('',*,*,#1651,.F.);
#2216=ORIENTED_EDGE('',*,*,#1652,.F.);
#2217=ORIENTED_EDGE('',*,*,#1653,.T.);
#2218=ORIENTED_EDGE('',*,*,#1562,.F.);
#2219=ORIENTED_EDGE('',*,*,#1653,.F.);
#2220=ORIENTED_EDGE('',*,*,#1654,.F.);
#2221=ORIENTED_EDGE('',*,*,#1655,.T.);
#2222=ORIENTED_EDGE('',*,*,#1552,.F.);
#2223=ORIENTED_EDGE('',*,*,#1656,.F.);
#2224=ORIENTED_EDGE('',*,*,#1657,.F.);
#2225=ORIENTED_EDGE('',*,*,#1651,.T.);
#2226=ORIENTED_EDGE('',*,*,#1561,.F.);
#2227=ORIENTED_EDGE('',*,*,#1658,.F.);
#2228=ORIENTED_EDGE('',*,*,#1659,.F.);
#2229=ORIENTED_EDGE('',*,*,#1656,.T.);
#2230=ORIENTED_EDGE('',*,*,#1555,.F.);
#2231=ORIENTED_EDGE('',*,*,#1655,.F.);
#2232=ORIENTED_EDGE('',*,*,#1660,.F.);
#2233=ORIENTED_EDGE('',*,*,#1658,.T.);
#2234=ORIENTED_EDGE('',*,*,#1616,.F.);
#2235=ORIENTED_EDGE('',*,*,#1621,.F.);
#2236=ORIENTED_EDGE('',*,*,#1661,.F.);
#2237=ORIENTED_EDGE('',*,*,#1622,.T.);
#2238=ORIENTED_EDGE('',*,*,#1601,.F.);
#2239=ORIENTED_EDGE('',*,*,#1605,.F.);
#2240=ORIENTED_EDGE('',*,*,#1662,.F.);
#2241=ORIENTED_EDGE('',*,*,#1663,.T.);
#2242=ORIENTED_EDGE('',*,*,#1596,.F.);
#2243=ORIENTED_EDGE('',*,*,#1663,.F.);
#2244=ORIENTED_EDGE('',*,*,#1664,.F.);
#2245=ORIENTED_EDGE('',*,*,#1608,.T.);
#2246=ORIENTED_EDGE('',*,*,#1529,.F.);
#2247=ORIENTED_EDGE('',*,*,#1642,.F.);
#2248=ORIENTED_EDGE('',*,*,#1541,.F.);
#2249=ORIENTED_EDGE('',*,*,#1535,.F.);
#2250=ORIENTED_EDGE('',*,*,#1630,.F.);
#2251=ORIENTED_EDGE('',*,*,#1665,.F.);
#2252=ORIENTED_EDGE('',*,*,#1666,.F.);
#2253=ORIENTED_EDGE('',*,*,#1639,.T.);
#2254=ORIENTED_EDGE('',*,*,#1633,.F.);
#2255=ORIENTED_EDGE('',*,*,#1638,.F.);
#2256=ORIENTED_EDGE('',*,*,#1667,.F.);
#2257=ORIENTED_EDGE('',*,*,#1665,.T.);
#2258=ORIENTED_EDGE('',*,*,#1668,.F.);
#2259=ORIENTED_EDGE('',*,*,#1669,.T.);
#2260=ORIENTED_EDGE('',*,*,#1670,.F.);
#2261=ORIENTED_EDGE('',*,*,#1671,.F.);
#2262=ORIENTED_EDGE('',*,*,#1672,.T.);
#2263=ORIENTED_EDGE('',*,*,#1671,.T.);
#2264=ORIENTED_EDGE('',*,*,#1673,.F.);
#2265=ORIENTED_EDGE('',*,*,#1674,.F.);
#2266=ORIENTED_EDGE('',*,*,#1675,.T.);
#2267=ORIENTED_EDGE('',*,*,#1674,.T.);
#2268=ORIENTED_EDGE('',*,*,#1676,.F.);
#2269=ORIENTED_EDGE('',*,*,#1677,.F.);
#2270=ORIENTED_EDGE('',*,*,#1678,.T.);
#2271=ORIENTED_EDGE('',*,*,#1677,.T.);
#2272=ORIENTED_EDGE('',*,*,#1679,.F.);
#2273=ORIENTED_EDGE('',*,*,#1680,.F.);
#2274=ORIENTED_EDGE('',*,*,#1681,.T.);
#2275=ORIENTED_EDGE('',*,*,#1680,.T.);
#2276=ORIENTED_EDGE('',*,*,#1682,.F.);
#2277=ORIENTED_EDGE('',*,*,#1683,.F.);
#2278=ORIENTED_EDGE('',*,*,#1684,.T.);
#2279=ORIENTED_EDGE('',*,*,#1683,.T.);
#2280=ORIENTED_EDGE('',*,*,#1685,.F.);
#2281=ORIENTED_EDGE('',*,*,#1686,.F.);
#2282=ORIENTED_EDGE('',*,*,#1687,.T.);
#2283=ORIENTED_EDGE('',*,*,#1686,.T.);
#2284=ORIENTED_EDGE('',*,*,#1688,.F.);
#2285=ORIENTED_EDGE('',*,*,#1669,.F.);
#2286=ORIENTED_EDGE('',*,*,#1688,.T.);
#2287=ORIENTED_EDGE('',*,*,#1685,.T.);
#2288=ORIENTED_EDGE('',*,*,#1682,.T.);
#2289=ORIENTED_EDGE('',*,*,#1679,.T.);
#2290=ORIENTED_EDGE('',*,*,#1676,.T.);
#2291=ORIENTED_EDGE('',*,*,#1673,.T.);
#2292=ORIENTED_EDGE('',*,*,#1670,.T.);
#2293=ORIENTED_EDGE('',*,*,#1587,.T.);
#2294=ORIENTED_EDGE('',*,*,#1654,.T.);
#2295=ORIENTED_EDGE('',*,*,#1652,.T.);
#2296=ORIENTED_EDGE('',*,*,#1657,.T.);
#2297=ORIENTED_EDGE('',*,*,#1659,.T.);
#2298=ORIENTED_EDGE('',*,*,#1660,.T.);
#2299=ORIENTED_EDGE('',*,*,#1641,.T.);
#2300=ORIENTED_EDGE('',*,*,#1531,.F.);
#2301=ORIENTED_EDGE('',*,*,#1544,.T.);
#2302=ORIENTED_EDGE('',*,*,#1546,.T.);
#2303=ORIENTED_EDGE('',*,*,#1547,.T.);
#2304=ORIENTED_EDGE('',*,*,#1539,.F.);
#2305=ORIENTED_EDGE('',*,*,#1637,.T.);
#2306=ORIENTED_EDGE('',*,*,#1640,.T.);
#2307=ORIENTED_EDGE('',*,*,#1666,.T.);
#2308=ORIENTED_EDGE('',*,*,#1667,.T.);
#2309=ORIENTED_EDGE('',*,*,#1664,.T.);
#2310=ORIENTED_EDGE('',*,*,#1662,.T.);
#2311=ORIENTED_EDGE('',*,*,#1604,.T.);
#2312=ORIENTED_EDGE('',*,*,#1607,.T.);
#2313=ORIENTED_EDGE('',*,*,#1609,.T.);
#2314=ORIENTED_EDGE('',*,*,#1644,.T.);
#2315=ORIENTED_EDGE('',*,*,#1650,.T.);
#2316=ORIENTED_EDGE('',*,*,#1580,.T.);
#2317=ORIENTED_EDGE('',*,*,#1582,.T.);
#2318=ORIENTED_EDGE('',*,*,#1646,.T.);
#2319=ORIENTED_EDGE('',*,*,#1623,.T.);
#2320=ORIENTED_EDGE('',*,*,#1661,.T.);
#2321=ORIENTED_EDGE('',*,*,#1620,.T.);
#2322=ORIENTED_EDGE('',*,*,#1687,.F.);
#2323=ORIENTED_EDGE('',*,*,#1668,.T.);
#2324=ORIENTED_EDGE('',*,*,#1672,.F.);
#2325=ORIENTED_EDGE('',*,*,#1675,.F.);
#2326=ORIENTED_EDGE('',*,*,#1678,.F.);
#2327=ORIENTED_EDGE('',*,*,#1681,.F.);
#2328=ORIENTED_EDGE('',*,*,#1684,.F.);
#2329=ORIENTED_EDGE('',*,*,#1647,.F.);
#2330=ORIENTED_EDGE('',*,*,#1577,.F.);
#2331=ORIENTED_EDGE('',*,*,#1649,.F.);
#2332=ORIENTED_EDGE('',*,*,#1689,.F.);
#2333=ORIENTED_EDGE('',*,*,#1690,.F.);
#2334=ORIENTED_EDGE('',*,*,#1691,.F.);
#2335=ORIENTED_EDGE('',*,*,#1692,.F.);
#2336=ORIENTED_EDGE('',*,*,#1693,.T.);
#2337=ORIENTED_EDGE('',*,*,#1694,.F.);
#2338=ORIENTED_EDGE('',*,*,#1695,.F.);
#2339=ORIENTED_EDGE('',*,*,#1696,.F.);
#2340=ORIENTED_EDGE('',*,*,#1697,.F.);
#2341=ORIENTED_EDGE('',*,*,#1698,.F.);
#2342=ORIENTED_EDGE('',*,*,#1690,.T.);
#2343=ORIENTED_EDGE('',*,*,#1699,.F.);
#2344=ORIENTED_EDGE('',*,*,#1700,.F.);
#2345=ORIENTED_EDGE('',*,*,#1697,.T.);
#2346=ORIENTED_EDGE('',*,*,#1701,.F.);
#2347=ORIENTED_EDGE('',*,*,#1702,.F.);
#2348=ORIENTED_EDGE('',*,*,#1703,.F.);
#2349=ORIENTED_EDGE('',*,*,#1704,.F.);
#2350=ORIENTED_EDGE('',*,*,#1705,.F.);
#2351=ORIENTED_EDGE('',*,*,#1692,.T.);
#2352=ORIENTED_EDGE('',*,*,#1706,.F.);
#2353=ORIENTED_EDGE('',*,*,#1707,.F.);
#2354=ORIENTED_EDGE('',*,*,#1708,.F.);
#2355=ORIENTED_EDGE('',*,*,#1693,.F.);
#2356=ORIENTED_EDGE('',*,*,#1705,.T.);
#2357=ORIENTED_EDGE('',*,*,#1709,.F.);
#2358=ORIENTED_EDGE('',*,*,#1710,.F.);
#2359=ORIENTED_EDGE('',*,*,#1703,.T.);
#2360=ORIENTED_EDGE('',*,*,#1711,.F.);
#2361=ORIENTED_EDGE('',*,*,#1712,.F.);
#2362=ORIENTED_EDGE('',*,*,#1701,.T.);
#2363=ORIENTED_EDGE('',*,*,#1696,.T.);
#2364=ORIENTED_EDGE('',*,*,#1706,.T.);
#2365=ORIENTED_EDGE('',*,*,#1695,.T.);
#2366=ORIENTED_EDGE('',*,*,#1713,.T.);
#2367=ORIENTED_EDGE('',*,*,#1714,.T.);
#2368=ORIENTED_EDGE('',*,*,#1715,.T.);
#2369=ORIENTED_EDGE('',*,*,#1716,.T.);
#2370=ORIENTED_EDGE('',*,*,#1717,.F.);
#2371=ORIENTED_EDGE('',*,*,#1718,.T.);
#2372=ORIENTED_EDGE('',*,*,#1699,.T.);
#2373=ORIENTED_EDGE('',*,*,#1689,.T.);
#2374=ORIENTED_EDGE('',*,*,#1719,.F.);
#2375=ORIENTED_EDGE('',*,*,#1720,.T.);
#2376=ORIENTED_EDGE('',*,*,#1713,.F.);
#2377=ORIENTED_EDGE('',*,*,#1721,.F.);
#2378=ORIENTED_EDGE('',*,*,#1722,.F.);
#2379=ORIENTED_EDGE('',*,*,#1723,.T.);
#2380=ORIENTED_EDGE('',*,*,#1724,.T.);
#2381=ORIENTED_EDGE('',*,*,#1709,.T.);
#2382=ORIENTED_EDGE('',*,*,#1704,.T.);
#2383=ORIENTED_EDGE('',*,*,#1691,.T.);
#2384=ORIENTED_EDGE('',*,*,#1698,.T.);
#2385=ORIENTED_EDGE('',*,*,#1700,.T.);
#2386=ORIENTED_EDGE('',*,*,#1712,.T.);
#2387=ORIENTED_EDGE('',*,*,#1725,.T.);
#2388=ORIENTED_EDGE('',*,*,#1723,.F.);
#2389=ORIENTED_EDGE('',*,*,#1726,.F.);
#2390=ORIENTED_EDGE('',*,*,#1727,.T.);
#2391=ORIENTED_EDGE('',*,*,#1728,.F.);
#2392=ORIENTED_EDGE('',*,*,#1729,.F.);
#2393=ORIENTED_EDGE('',*,*,#1730,.T.);
#2394=ORIENTED_EDGE('',*,*,#1731,.T.);
#2395=ORIENTED_EDGE('',*,*,#1732,.T.);
#2396=ORIENTED_EDGE('',*,*,#1733,.F.);
#2397=ORIENTED_EDGE('',*,*,#1732,.F.);
#2398=ORIENTED_EDGE('',*,*,#1731,.F.);
#2399=ORIENTED_EDGE('',*,*,#1734,.T.);
#2400=ORIENTED_EDGE('',*,*,#1735,.T.);
#2401=ORIENTED_EDGE('',*,*,#1736,.F.);
#2402=ORIENTED_EDGE('',*,*,#1735,.F.);
#2403=ORIENTED_EDGE('',*,*,#1734,.F.);
#2404=ORIENTED_EDGE('',*,*,#1737,.T.);
#2405=ORIENTED_EDGE('',*,*,#1738,.T.);
#2406=ORIENTED_EDGE('',*,*,#1739,.T.);
#2407=ORIENTED_EDGE('',*,*,#1740,.T.);
#2408=ORIENTED_EDGE('',*,*,#1741,.T.);
#2409=ORIENTED_EDGE('',*,*,#1742,.T.);
#2410=ORIENTED_EDGE('',*,*,#1739,.F.);
#2411=ORIENTED_EDGE('',*,*,#1743,.T.);
#2412=ORIENTED_EDGE('',*,*,#1737,.F.);
#2413=ORIENTED_EDGE('',*,*,#1744,.T.);
#2414=ORIENTED_EDGE('',*,*,#1745,.T.);
#2415=ORIENTED_EDGE('',*,*,#1746,.F.);
#2416=ORIENTED_EDGE('',*,*,#1747,.T.);
#2417=ORIENTED_EDGE('',*,*,#1748,.T.);
#2418=ORIENTED_EDGE('',*,*,#1749,.T.);
#2419=ORIENTED_EDGE('',*,*,#1750,.T.);
#2420=ORIENTED_EDGE('',*,*,#1751,.T.);
#2421=ORIENTED_EDGE('',*,*,#1752,.T.);
#2422=ORIENTED_EDGE('',*,*,#1753,.T.);
#2423=ORIENTED_EDGE('',*,*,#1749,.F.);
#2424=ORIENTED_EDGE('',*,*,#1754,.T.);
#2425=ORIENTED_EDGE('',*,*,#1755,.T.);
#2426=ORIENTED_EDGE('',*,*,#1756,.T.);
#2427=ORIENTED_EDGE('',*,*,#1752,.F.);
#2428=ORIENTED_EDGE('',*,*,#1757,.T.);
#2429=ORIENTED_EDGE('',*,*,#1758,.T.);
#2430=ORIENTED_EDGE('',*,*,#1759,.T.);
#2431=ORIENTED_EDGE('',*,*,#1755,.F.);
#2432=ORIENTED_EDGE('',*,*,#1760,.T.);
#2433=ORIENTED_EDGE('',*,*,#1761,.T.);
#2434=ORIENTED_EDGE('',*,*,#1762,.T.);
#2435=ORIENTED_EDGE('',*,*,#1758,.F.);
#2436=ORIENTED_EDGE('',*,*,#1763,.T.);
#2437=ORIENTED_EDGE('',*,*,#1761,.F.);
#2438=ORIENTED_EDGE('',*,*,#1764,.F.);
#2439=ORIENTED_EDGE('',*,*,#1745,.F.);
#2440=ORIENTED_EDGE('',*,*,#1765,.T.);
#2441=ORIENTED_EDGE('',*,*,#1743,.F.);
#2442=ORIENTED_EDGE('',*,*,#1766,.F.);
#2443=ORIENTED_EDGE('',*,*,#1767,.F.);
#2444=ORIENTED_EDGE('',*,*,#1768,.F.);
#2445=ORIENTED_EDGE('',*,*,#1738,.F.);
#2446=ORIENTED_EDGE('',*,*,#1769,.F.);
#2447=ORIENTED_EDGE('',*,*,#1766,.T.);
#2448=ORIENTED_EDGE('',*,*,#1763,.F.);
#2449=ORIENTED_EDGE('',*,*,#1770,.F.);
#2450=ORIENTED_EDGE('',*,*,#1771,.F.);
#2451=ORIENTED_EDGE('',*,*,#1760,.F.);
#2452=ORIENTED_EDGE('',*,*,#1772,.F.);
#2453=ORIENTED_EDGE('',*,*,#1773,.F.);
#2454=ORIENTED_EDGE('',*,*,#1774,.F.);
#2455=ORIENTED_EDGE('',*,*,#1775,.F.);
#2456=ORIENTED_EDGE('',*,*,#1770,.T.);
#2457=ORIENTED_EDGE('',*,*,#1757,.F.);
#2458=ORIENTED_EDGE('',*,*,#1776,.F.);
#2459=ORIENTED_EDGE('',*,*,#1777,.F.);
#2460=ORIENTED_EDGE('',*,*,#1772,.T.);
#2461=ORIENTED_EDGE('',*,*,#1754,.F.);
#2462=ORIENTED_EDGE('',*,*,#1778,.F.);
#2463=ORIENTED_EDGE('',*,*,#1779,.F.);
#2464=ORIENTED_EDGE('',*,*,#1780,.F.);
#2465=ORIENTED_EDGE('',*,*,#1776,.T.);
#2466=ORIENTED_EDGE('',*,*,#1748,.F.);
#2467=ORIENTED_EDGE('',*,*,#1781,.F.);
#2468=ORIENTED_EDGE('',*,*,#1782,.F.);
#2469=ORIENTED_EDGE('',*,*,#1783,.F.);
#2470=ORIENTED_EDGE('',*,*,#1778,.T.);
#2471=ORIENTED_EDGE('',*,*,#1784,.T.);
#2472=ORIENTED_EDGE('',*,*,#1785,.T.);
#2473=ORIENTED_EDGE('',*,*,#1786,.T.);
#2474=ORIENTED_EDGE('',*,*,#1787,.T.);
#2475=ORIENTED_EDGE('',*,*,#1788,.T.);
#2476=ORIENTED_EDGE('',*,*,#1789,.T.);
#2477=ORIENTED_EDGE('',*,*,#1786,.F.);
#2478=ORIENTED_EDGE('',*,*,#1790,.T.);
#2479=ORIENTED_EDGE('',*,*,#1791,.T.);
#2480=ORIENTED_EDGE('',*,*,#1792,.T.);
#2481=ORIENTED_EDGE('',*,*,#1788,.F.);
#2482=ORIENTED_EDGE('',*,*,#1793,.T.);
#2483=ORIENTED_EDGE('',*,*,#1794,.T.);
#2484=ORIENTED_EDGE('',*,*,#1795,.T.);
#2485=ORIENTED_EDGE('',*,*,#1791,.F.);
#2486=ORIENTED_EDGE('',*,*,#1796,.T.);
#2487=ORIENTED_EDGE('',*,*,#1797,.F.);
#2488=ORIENTED_EDGE('',*,*,#1798,.T.);
#2489=ORIENTED_EDGE('',*,*,#1794,.F.);
#2490=ORIENTED_EDGE('',*,*,#1799,.T.);
#2491=ORIENTED_EDGE('',*,*,#1800,.F.);
#2492=ORIENTED_EDGE('',*,*,#1784,.F.);
#2493=ORIENTED_EDGE('',*,*,#1801,.T.);
#2494=ORIENTED_EDGE('',*,*,#1802,.T.);
#2495=ORIENTED_EDGE('',*,*,#1803,.F.);
#2496=ORIENTED_EDGE('',*,*,#1804,.T.);
#2497=ORIENTED_EDGE('',*,*,#1805,.T.);
#2498=ORIENTED_EDGE('',*,*,#1806,.T.);
#2499=ORIENTED_EDGE('',*,*,#1807,.T.);
#2500=ORIENTED_EDGE('',*,*,#1808,.T.);
#2501=ORIENTED_EDGE('',*,*,#1809,.T.);
#2502=ORIENTED_EDGE('',*,*,#1804,.F.);
#2503=ORIENTED_EDGE('',*,*,#1810,.T.);
#2504=ORIENTED_EDGE('',*,*,#1808,.F.);
#2505=ORIENTED_EDGE('',*,*,#1811,.F.);
#2506=ORIENTED_EDGE('',*,*,#1802,.F.);
#2507=ORIENTED_EDGE('',*,*,#1812,.T.);
#2508=ORIENTED_EDGE('',*,*,#1799,.F.);
#2509=ORIENTED_EDGE('',*,*,#1813,.F.);
#2510=ORIENTED_EDGE('',*,*,#1814,.F.);
#2511=ORIENTED_EDGE('',*,*,#1815,.F.);
#2512=ORIENTED_EDGE('',*,*,#1816,.F.);
#2513=ORIENTED_EDGE('',*,*,#1796,.F.);
#2514=ORIENTED_EDGE('',*,*,#1817,.F.);
#2515=ORIENTED_EDGE('',*,*,#1818,.F.);
#2516=ORIENTED_EDGE('',*,*,#1819,.F.);
#2517=ORIENTED_EDGE('',*,*,#1813,.T.);
#2518=ORIENTED_EDGE('',*,*,#1793,.F.);
#2519=ORIENTED_EDGE('',*,*,#1820,.F.);
#2520=ORIENTED_EDGE('',*,*,#1821,.F.);
#2521=ORIENTED_EDGE('',*,*,#1817,.T.);
#2522=ORIENTED_EDGE('',*,*,#1790,.F.);
#2523=ORIENTED_EDGE('',*,*,#1822,.F.);
#2524=ORIENTED_EDGE('',*,*,#1823,.F.);
#2525=ORIENTED_EDGE('',*,*,#1824,.F.);
#2526=ORIENTED_EDGE('',*,*,#1825,.F.);
#2527=ORIENTED_EDGE('',*,*,#1820,.T.);
#2528=ORIENTED_EDGE('',*,*,#1785,.F.);
#2529=ORIENTED_EDGE('',*,*,#1826,.F.);
#2530=ORIENTED_EDGE('',*,*,#1822,.T.);
#2531=ORIENTED_EDGE('',*,*,#1810,.F.);
#2532=ORIENTED_EDGE('',*,*,#1827,.F.);
#2533=ORIENTED_EDGE('',*,*,#1828,.F.);
#2534=ORIENTED_EDGE('',*,*,#1807,.F.);
#2535=ORIENTED_EDGE('',*,*,#1829,.F.);
#2536=ORIENTED_EDGE('',*,*,#1830,.F.);
#2537=ORIENTED_EDGE('',*,*,#1827,.T.);
#2538=ORIENTED_EDGE('',*,*,#1742,.F.);
#2539=ORIENTED_EDGE('',*,*,#1831,.F.);
#2540=ORIENTED_EDGE('',*,*,#1750,.F.);
#2541=ORIENTED_EDGE('',*,*,#1753,.F.);
#2542=ORIENTED_EDGE('',*,*,#1756,.F.);
#2543=ORIENTED_EDGE('',*,*,#1759,.F.);
#2544=ORIENTED_EDGE('',*,*,#1762,.F.);
#2545=ORIENTED_EDGE('',*,*,#1765,.F.);
#2546=ORIENTED_EDGE('',*,*,#1744,.F.);
#2547=ORIENTED_EDGE('',*,*,#1740,.F.);
#2548=ORIENTED_EDGE('',*,*,#1733,.T.);
#2549=ORIENTED_EDGE('',*,*,#1782,.T.);
#2550=ORIENTED_EDGE('',*,*,#1832,.T.);
#2551=ORIENTED_EDGE('',*,*,#1833,.T.);
#2552=ORIENTED_EDGE('',*,*,#1834,.T.);
#2553=ORIENTED_EDGE('',*,*,#1831,.T.);
#2554=ORIENTED_EDGE('',*,*,#1741,.F.);
#2555=ORIENTED_EDGE('',*,*,#1768,.T.);
#2556=ORIENTED_EDGE('',*,*,#1835,.F.);
#2557=ORIENTED_EDGE('',*,*,#1829,.T.);
#2558=ORIENTED_EDGE('',*,*,#1806,.F.);
#2559=ORIENTED_EDGE('',*,*,#1836,.T.);
#2560=ORIENTED_EDGE('',*,*,#1797,.T.);
#2561=ORIENTED_EDGE('',*,*,#1837,.T.);
#2562=ORIENTED_EDGE('',*,*,#1838,.T.);
#2563=ORIENTED_EDGE('',*,*,#1839,.T.);
#2564=ORIENTED_EDGE('',*,*,#1840,.T.);
#2565=ORIENTED_EDGE('',*,*,#1841,.T.);
#2566=ORIENTED_EDGE('',*,*,#1842,.T.);
#2567=ORIENTED_EDGE('',*,*,#1843,.F.);
#2568=ORIENTED_EDGE('',*,*,#1751,.F.);
#2569=ORIENTED_EDGE('',*,*,#1767,.T.);
#2570=ORIENTED_EDGE('',*,*,#1769,.T.);
#2571=ORIENTED_EDGE('',*,*,#1746,.T.);
#2572=ORIENTED_EDGE('',*,*,#1764,.T.);
#2573=ORIENTED_EDGE('',*,*,#1771,.T.);
#2574=ORIENTED_EDGE('',*,*,#1775,.T.);
#2575=ORIENTED_EDGE('',*,*,#1844,.F.);
#2576=ORIENTED_EDGE('',*,*,#1730,.F.);
#2577=ORIENTED_EDGE('',*,*,#1845,.F.);
#2578=ORIENTED_EDGE('',*,*,#1823,.T.);
#2579=ORIENTED_EDGE('',*,*,#1826,.T.);
#2580=ORIENTED_EDGE('',*,*,#1803,.T.);
#2581=ORIENTED_EDGE('',*,*,#1811,.T.);
#2582=ORIENTED_EDGE('',*,*,#1828,.T.);
#2583=ORIENTED_EDGE('',*,*,#1830,.T.);
#2584=ORIENTED_EDGE('',*,*,#1835,.T.);
#2585=ORIENTED_EDGE('',*,*,#1774,.T.);
#2586=ORIENTED_EDGE('',*,*,#1846,.T.);
#2587=ORIENTED_EDGE('',*,*,#1721,.T.);
#2588=ORIENTED_EDGE('',*,*,#1844,.T.);
#2589=ORIENTED_EDGE('',*,*,#1798,.F.);
#2590=ORIENTED_EDGE('',*,*,#1836,.F.);
#2591=ORIENTED_EDGE('',*,*,#1805,.F.);
#2592=ORIENTED_EDGE('',*,*,#1809,.F.);
#2593=ORIENTED_EDGE('',*,*,#1812,.F.);
#2594=ORIENTED_EDGE('',*,*,#1801,.F.);
#2595=ORIENTED_EDGE('',*,*,#1787,.F.);
#2596=ORIENTED_EDGE('',*,*,#1789,.F.);
#2597=ORIENTED_EDGE('',*,*,#1792,.F.);
#2598=ORIENTED_EDGE('',*,*,#1795,.F.);
#2599=ORIENTED_EDGE('',*,*,#1736,.T.);
#2600=ORIENTED_EDGE('',*,*,#1815,.T.);
#2601=ORIENTED_EDGE('',*,*,#1847,.F.);
#2602=ORIENTED_EDGE('',*,*,#1848,.T.);
#2603=ORIENTED_EDGE('',*,*,#1849,.T.);
#2604=ORIENTED_EDGE('',*,*,#1837,.F.);
#2605=ORIENTED_EDGE('',*,*,#1800,.T.);
#2606=ORIENTED_EDGE('',*,*,#1816,.T.);
#2607=ORIENTED_EDGE('',*,*,#1849,.F.);
#2608=ORIENTED_EDGE('',*,*,#1850,.F.);
#2609=ORIENTED_EDGE('',*,*,#1851,.F.);
#2610=ORIENTED_EDGE('',*,*,#1818,.T.);
#2611=ORIENTED_EDGE('',*,*,#1821,.T.);
#2612=ORIENTED_EDGE('',*,*,#1825,.T.);
#2613=ORIENTED_EDGE('',*,*,#1852,.F.);
#2614=ORIENTED_EDGE('',*,*,#1728,.T.);
#2615=ORIENTED_EDGE('',*,*,#1853,.T.);
#2616=ORIENTED_EDGE('',*,*,#1854,.T.);
#2617=ORIENTED_EDGE('',*,*,#1715,.F.);
#2618=ORIENTED_EDGE('',*,*,#1855,.T.);
#2619=ORIENTED_EDGE('',*,*,#1856,.T.);
#2620=ORIENTED_EDGE('',*,*,#1838,.F.);
#2621=ORIENTED_EDGE('',*,*,#1857,.T.);
#2622=ORIENTED_EDGE('',*,*,#1858,.T.);
#2623=ORIENTED_EDGE('',*,*,#1859,.T.);
#2624=ORIENTED_EDGE('',*,*,#1860,.T.);
#2625=ORIENTED_EDGE('',*,*,#1861,.T.);
#2626=ORIENTED_EDGE('',*,*,#1862,.T.);
#2627=ORIENTED_EDGE('',*,*,#1863,.T.);
#2628=ORIENTED_EDGE('',*,*,#1864,.F.);
#2629=ORIENTED_EDGE('',*,*,#1865,.T.);
#2630=ORIENTED_EDGE('',*,*,#1866,.F.);
#2631=ORIENTED_EDGE('',*,*,#1867,.T.);
#2632=ORIENTED_EDGE('',*,*,#1868,.T.);
#2633=ORIENTED_EDGE('',*,*,#1869,.T.);
#2634=ORIENTED_EDGE('',*,*,#1870,.T.);
#2635=ORIENTED_EDGE('',*,*,#1871,.T.);
#2636=ORIENTED_EDGE('',*,*,#1872,.T.);
#2637=ORIENTED_EDGE('',*,*,#1873,.T.);
#2638=ORIENTED_EDGE('',*,*,#1874,.T.);
#2639=ORIENTED_EDGE('',*,*,#1875,.F.);
#2640=ORIENTED_EDGE('',*,*,#1876,.T.);
#2641=ORIENTED_EDGE('',*,*,#1877,.F.);
#2642=ORIENTED_EDGE('',*,*,#1814,.T.);
#2643=ORIENTED_EDGE('',*,*,#1819,.T.);
#2644=ORIENTED_EDGE('',*,*,#1851,.T.);
#2645=ORIENTED_EDGE('',*,*,#1878,.T.);
#2646=ORIENTED_EDGE('',*,*,#1847,.T.);
#2647=ORIENTED_EDGE('',*,*,#1879,.T.);
#2648=ORIENTED_EDGE('',*,*,#1880,.T.);
#2649=ORIENTED_EDGE('',*,*,#1881,.T.);
#2650=ORIENTED_EDGE('',*,*,#1882,.T.);
#2651=ORIENTED_EDGE('',*,*,#1883,.T.);
#2652=ORIENTED_EDGE('',*,*,#1884,.T.);
#2653=ORIENTED_EDGE('',*,*,#1879,.F.);
#2654=ORIENTED_EDGE('',*,*,#1885,.T.);
#2655=ORIENTED_EDGE('',*,*,#1886,.T.);
#2656=ORIENTED_EDGE('',*,*,#1887,.T.);
#2657=ORIENTED_EDGE('',*,*,#1883,.F.);
#2658=ORIENTED_EDGE('',*,*,#1888,.T.);
#2659=ORIENTED_EDGE('',*,*,#1886,.F.);
#2660=ORIENTED_EDGE('',*,*,#1889,.T.);
#2661=ORIENTED_EDGE('',*,*,#1880,.F.);
#2662=ORIENTED_EDGE('',*,*,#1890,.T.);
#2663=ORIENTED_EDGE('',*,*,#1882,.F.);
#2664=ORIENTED_EDGE('',*,*,#1891,.T.);
#2665=ORIENTED_EDGE('',*,*,#1881,.F.);
#2666=ORIENTED_EDGE('',*,*,#1892,.F.);
#2667=ORIENTED_EDGE('',*,*,#1839,.F.);
#2668=ORIENTED_EDGE('',*,*,#1856,.F.);
#2669=ORIENTED_EDGE('',*,*,#1893,.T.);
#2670=ORIENTED_EDGE('',*,*,#1891,.F.);
#2671=ORIENTED_EDGE('',*,*,#1894,.F.);
#2672=ORIENTED_EDGE('',*,*,#1840,.F.);
#2673=ORIENTED_EDGE('',*,*,#1892,.T.);
#2674=ORIENTED_EDGE('',*,*,#1884,.F.);
#2675=ORIENTED_EDGE('',*,*,#1895,.F.);
#2676=ORIENTED_EDGE('',*,*,#1896,.F.);
#2677=ORIENTED_EDGE('',*,*,#1841,.F.);
#2678=ORIENTED_EDGE('',*,*,#1894,.T.);
#2679=ORIENTED_EDGE('',*,*,#1887,.F.);
#2680=ORIENTED_EDGE('',*,*,#1888,.F.);
#2681=ORIENTED_EDGE('',*,*,#1890,.F.);
#2682=ORIENTED_EDGE('',*,*,#1889,.F.);
#2683=ORIENTED_EDGE('',*,*,#1897,.F.);
#2684=ORIENTED_EDGE('',*,*,#1898,.F.);
#2685=ORIENTED_EDGE('',*,*,#1899,.F.);
#2686=ORIENTED_EDGE('',*,*,#1895,.T.);
#2687=ORIENTED_EDGE('',*,*,#1885,.F.);
#2688=ORIENTED_EDGE('',*,*,#1893,.F.);
#2689=ORIENTED_EDGE('',*,*,#1855,.F.);
#2690=ORIENTED_EDGE('',*,*,#1714,.F.);
#2691=ORIENTED_EDGE('',*,*,#1720,.F.);
#2692=ORIENTED_EDGE('',*,*,#1900,.F.);
#2693=ORIENTED_EDGE('',*,*,#1897,.T.);
#2694=ORIENTED_EDGE('',*,*,#1842,.F.);
#2695=ORIENTED_EDGE('',*,*,#1896,.T.);
#2696=ORIENTED_EDGE('',*,*,#1899,.T.);
#2697=ORIENTED_EDGE('',*,*,#1901,.F.);
#2698=ORIENTED_EDGE('',*,*,#1902,.T.);
#2699=ORIENTED_EDGE('',*,*,#1903,.T.);
#2700=ORIENTED_EDGE('',*,*,#1726,.T.);
#2701=ORIENTED_EDGE('',*,*,#1722,.T.);
#2702=ORIENTED_EDGE('',*,*,#1846,.F.);
#2703=ORIENTED_EDGE('',*,*,#1773,.T.);
#2704=ORIENTED_EDGE('',*,*,#1777,.T.);
#2705=ORIENTED_EDGE('',*,*,#1780,.T.);
#2706=ORIENTED_EDGE('',*,*,#1904,.F.);
#2707=ORIENTED_EDGE('',*,*,#1905,.F.);
#2708=ORIENTED_EDGE('',*,*,#1832,.F.);
#2709=ORIENTED_EDGE('',*,*,#1781,.T.);
#2710=ORIENTED_EDGE('',*,*,#1747,.F.);
#2711=ORIENTED_EDGE('',*,*,#1843,.T.);
#2712=ORIENTED_EDGE('',*,*,#1906,.T.);
#2713=ORIENTED_EDGE('',*,*,#1907,.F.);
#2714=ORIENTED_EDGE('',*,*,#1908,.T.);
#2715=ORIENTED_EDGE('',*,*,#1909,.F.);
#2716=ORIENTED_EDGE('',*,*,#1910,.T.);
#2717=ORIENTED_EDGE('',*,*,#1911,.F.);
#2718=ORIENTED_EDGE('',*,*,#1912,.T.);
#2719=ORIENTED_EDGE('',*,*,#1913,.F.);
#2720=ORIENTED_EDGE('',*,*,#1914,.T.);
#2721=ORIENTED_EDGE('',*,*,#1915,.T.);
#2722=ORIENTED_EDGE('',*,*,#1916,.T.);
#2723=ORIENTED_EDGE('',*,*,#1917,.T.);
#2724=ORIENTED_EDGE('',*,*,#1708,.T.);
#2725=ORIENTED_EDGE('',*,*,#1918,.T.);
#2726=ORIENTED_EDGE('',*,*,#1919,.T.);
#2727=ORIENTED_EDGE('',*,*,#1920,.T.);
#2728=ORIENTED_EDGE('',*,*,#1901,.T.);
#2729=ORIENTED_EDGE('',*,*,#1898,.T.);
#2730=ORIENTED_EDGE('',*,*,#1900,.T.);
#2731=ORIENTED_EDGE('',*,*,#1719,.T.);
#2732=ORIENTED_EDGE('',*,*,#1694,.T.);
#2733=ORIENTED_EDGE('',*,*,#1707,.T.);
#2734=ORIENTED_EDGE('',*,*,#1718,.F.);
#2735=ORIENTED_EDGE('',*,*,#1921,.T.);
#2736=ORIENTED_EDGE('',*,*,#1918,.F.);
#2737=ORIENTED_EDGE('',*,*,#1922,.F.);
#2738=ORIENTED_EDGE('',*,*,#1716,.F.);
#2739=ORIENTED_EDGE('',*,*,#1854,.F.);
#2740=ORIENTED_EDGE('',*,*,#1923,.T.);
#2741=ORIENTED_EDGE('',*,*,#1902,.F.);
#2742=ORIENTED_EDGE('',*,*,#1920,.F.);
#2743=ORIENTED_EDGE('',*,*,#1924,.F.);
#2744=ORIENTED_EDGE('',*,*,#1925,.F.);
#2745=ORIENTED_EDGE('',*,*,#1926,.F.);
#2746=ORIENTED_EDGE('',*,*,#1925,.T.);
#2747=ORIENTED_EDGE('',*,*,#1927,.F.);
#2748=ORIENTED_EDGE('',*,*,#1928,.T.);
#2749=ORIENTED_EDGE('',*,*,#1848,.F.);
#2750=ORIENTED_EDGE('',*,*,#1878,.F.);
#2751=ORIENTED_EDGE('',*,*,#1850,.T.);
#2752=ORIENTED_EDGE('',*,*,#1833,.F.);
#2753=ORIENTED_EDGE('',*,*,#1905,.T.);
#2754=ORIENTED_EDGE('',*,*,#1929,.F.);
#2755=ORIENTED_EDGE('',*,*,#1783,.T.);
#2756=ORIENTED_EDGE('',*,*,#1834,.F.);
#2757=ORIENTED_EDGE('',*,*,#1929,.T.);
#2758=ORIENTED_EDGE('',*,*,#1904,.T.);
#2759=ORIENTED_EDGE('',*,*,#1779,.T.);
#2760=ORIENTED_EDGE('',*,*,#1824,.T.);
#2761=ORIENTED_EDGE('',*,*,#1845,.T.);
#2762=ORIENTED_EDGE('',*,*,#1729,.T.);
#2763=ORIENTED_EDGE('',*,*,#1852,.T.);
#2764=ORIENTED_EDGE('',*,*,#1928,.F.);
#2765=ORIENTED_EDGE('',*,*,#1927,.T.);
#2766=ORIENTED_EDGE('',*,*,#1924,.T.);
#2767=ORIENTED_EDGE('',*,*,#1919,.F.);
#2768=ORIENTED_EDGE('',*,*,#1921,.F.);
#2769=ORIENTED_EDGE('',*,*,#1717,.T.);
#2770=ORIENTED_EDGE('',*,*,#1922,.T.);
#2771=ORIENTED_EDGE('',*,*,#1926,.T.);
#2772=ORIENTED_EDGE('',*,*,#1727,.F.);
#2773=ORIENTED_EDGE('',*,*,#1903,.F.);
#2774=ORIENTED_EDGE('',*,*,#1923,.F.);
#2775=ORIENTED_EDGE('',*,*,#1853,.F.);
#2776=ORIENTED_EDGE('',*,*,#1710,.T.);
#2777=ORIENTED_EDGE('',*,*,#1724,.F.);
#2778=ORIENTED_EDGE('',*,*,#1725,.F.);
#2779=ORIENTED_EDGE('',*,*,#1711,.T.);
#2780=ORIENTED_EDGE('',*,*,#1702,.T.);
#2781=ORIENTED_EDGE('',*,*,#1860,.F.);
#2782=ORIENTED_EDGE('',*,*,#1930,.F.);
#2783=ORIENTED_EDGE('',*,*,#1859,.F.);
#2784=ORIENTED_EDGE('',*,*,#1931,.T.);
#2785=ORIENTED_EDGE('',*,*,#1857,.F.);
#2786=ORIENTED_EDGE('',*,*,#1930,.T.);
#2787=ORIENTED_EDGE('',*,*,#1858,.F.);
#2788=ORIENTED_EDGE('',*,*,#1931,.F.);
#2789=ORIENTED_EDGE('',*,*,#1916,.F.);
#2790=ORIENTED_EDGE('',*,*,#1932,.T.);
#2791=ORIENTED_EDGE('',*,*,#1914,.F.);
#2792=ORIENTED_EDGE('',*,*,#1933,.T.);
#2793=ORIENTED_EDGE('',*,*,#1915,.F.);
#2794=ORIENTED_EDGE('',*,*,#1933,.F.);
#2795=ORIENTED_EDGE('',*,*,#1917,.F.);
#2796=ORIENTED_EDGE('',*,*,#1932,.F.);
#2797=ORIENTED_EDGE('',*,*,#1934,.T.);
#2798=ORIENTED_EDGE('',*,*,#1935,.T.);
#2799=ORIENTED_EDGE('',*,*,#1936,.T.);
#2800=ORIENTED_EDGE('',*,*,#1935,.F.);
#2801=ORIENTED_EDGE('',*,*,#1937,.T.);
#2802=ORIENTED_EDGE('',*,*,#1911,.T.);
#2803=ORIENTED_EDGE('',*,*,#1938,.T.);
#2804=ORIENTED_EDGE('',*,*,#1934,.F.);
#2805=ORIENTED_EDGE('',*,*,#1939,.T.);
#2806=ORIENTED_EDGE('',*,*,#1913,.T.);
#2807=ORIENTED_EDGE('',*,*,#1940,.T.);
#2808=ORIENTED_EDGE('',*,*,#1937,.F.);
#2809=ORIENTED_EDGE('',*,*,#1940,.F.);
#2810=ORIENTED_EDGE('',*,*,#1912,.F.);
#2811=ORIENTED_EDGE('',*,*,#1941,.T.);
#2812=ORIENTED_EDGE('',*,*,#1942,.T.);
#2813=ORIENTED_EDGE('',*,*,#1943,.T.);
#2814=ORIENTED_EDGE('',*,*,#1942,.F.);
#2815=ORIENTED_EDGE('',*,*,#1944,.T.);
#2816=ORIENTED_EDGE('',*,*,#1877,.T.);
#2817=ORIENTED_EDGE('',*,*,#1945,.T.);
#2818=ORIENTED_EDGE('',*,*,#1941,.F.);
#2819=ORIENTED_EDGE('',*,*,#1946,.T.);
#2820=ORIENTED_EDGE('',*,*,#1864,.T.);
#2821=ORIENTED_EDGE('',*,*,#1947,.T.);
#2822=ORIENTED_EDGE('',*,*,#1944,.F.);
#2823=ORIENTED_EDGE('',*,*,#1947,.F.);
#2824=ORIENTED_EDGE('',*,*,#1863,.F.);
#2825=ORIENTED_EDGE('',*,*,#1862,.F.);
#2826=ORIENTED_EDGE('',*,*,#1861,.F.);
#2827=ORIENTED_EDGE('',*,*,#1948,.T.);
#2828=ORIENTED_EDGE('',*,*,#1949,.T.);
#2829=ORIENTED_EDGE('',*,*,#1950,.T.);
#2830=ORIENTED_EDGE('',*,*,#1936,.F.);
#2831=ORIENTED_EDGE('',*,*,#1951,.T.);
#2832=ORIENTED_EDGE('',*,*,#1948,.F.);
#2833=ORIENTED_EDGE('',*,*,#1952,.T.);
#2834=ORIENTED_EDGE('',*,*,#1953,.T.);
#2835=ORIENTED_EDGE('',*,*,#1954,.T.);
#2836=ORIENTED_EDGE('',*,*,#1955,.T.);
#2837=ORIENTED_EDGE('',*,*,#1956,.F.);
#2838=ORIENTED_EDGE('',*,*,#1957,.T.);
#2839=ORIENTED_EDGE('',*,*,#1953,.F.);
#2840=ORIENTED_EDGE('',*,*,#1958,.T.);
#2841=ORIENTED_EDGE('',*,*,#1956,.T.);
#2842=ORIENTED_EDGE('',*,*,#1959,.T.);
#2843=ORIENTED_EDGE('',*,*,#1960,.T.);
#2844=ORIENTED_EDGE('',*,*,#1961,.F.);
#2845=ORIENTED_EDGE('',*,*,#1958,.F.);
#2846=ORIENTED_EDGE('',*,*,#1962,.F.);
#2847=ORIENTED_EDGE('',*,*,#1963,.F.);
#2848=ORIENTED_EDGE('',*,*,#1959,.F.);
#2849=ORIENTED_EDGE('',*,*,#1939,.F.);
#2850=ORIENTED_EDGE('',*,*,#1952,.F.);
#2851=ORIENTED_EDGE('',*,*,#1964,.F.);
#2852=ORIENTED_EDGE('',*,*,#1906,.F.);
#2853=ORIENTED_EDGE('',*,*,#1950,.F.);
#2854=ORIENTED_EDGE('',*,*,#1965,.F.);
#2855=ORIENTED_EDGE('',*,*,#1907,.T.);
#2856=ORIENTED_EDGE('',*,*,#1964,.T.);
#2857=ORIENTED_EDGE('',*,*,#1955,.F.);
#2858=ORIENTED_EDGE('',*,*,#1966,.F.);
#2859=ORIENTED_EDGE('',*,*,#1967,.T.);
#2860=ORIENTED_EDGE('',*,*,#1968,.T.);
#2861=ORIENTED_EDGE('',*,*,#1962,.T.);
#2862=ORIENTED_EDGE('',*,*,#1949,.F.);
#2863=ORIENTED_EDGE('',*,*,#1969,.T.);
#2864=ORIENTED_EDGE('',*,*,#1909,.T.);
#2865=ORIENTED_EDGE('',*,*,#1966,.T.);
#2866=ORIENTED_EDGE('',*,*,#1970,.T.);
#2867=ORIENTED_EDGE('',*,*,#1971,.T.);
#2868=ORIENTED_EDGE('',*,*,#1972,.T.);
#2869=ORIENTED_EDGE('',*,*,#1943,.F.);
#2870=ORIENTED_EDGE('',*,*,#1973,.T.);
#2871=ORIENTED_EDGE('',*,*,#1970,.F.);
#2872=ORIENTED_EDGE('',*,*,#1974,.T.);
#2873=ORIENTED_EDGE('',*,*,#1975,.T.);
#2874=ORIENTED_EDGE('',*,*,#1976,.T.);
#2875=ORIENTED_EDGE('',*,*,#1977,.T.);
#2876=ORIENTED_EDGE('',*,*,#1978,.F.);
#2877=ORIENTED_EDGE('',*,*,#1979,.T.);
#2878=ORIENTED_EDGE('',*,*,#1975,.F.);
#2879=ORIENTED_EDGE('',*,*,#1980,.T.);
#2880=ORIENTED_EDGE('',*,*,#1978,.T.);
#2881=ORIENTED_EDGE('',*,*,#1981,.F.);
#2882=ORIENTED_EDGE('',*,*,#1982,.F.);
#2883=ORIENTED_EDGE('',*,*,#1871,.F.);
#2884=ORIENTED_EDGE('',*,*,#1983,.F.);
#2885=ORIENTED_EDGE('',*,*,#1984,.F.);
#2886=ORIENTED_EDGE('',*,*,#1980,.F.);
#2887=ORIENTED_EDGE('',*,*,#1985,.F.);
#2888=ORIENTED_EDGE('',*,*,#1986,.F.);
#2889=ORIENTED_EDGE('',*,*,#1981,.T.);
#2890=ORIENTED_EDGE('',*,*,#1946,.F.);
#2891=ORIENTED_EDGE('',*,*,#1974,.F.);
#2892=ORIENTED_EDGE('',*,*,#1987,.F.);
#2893=ORIENTED_EDGE('',*,*,#1865,.F.);
#2894=ORIENTED_EDGE('',*,*,#1972,.F.);
#2895=ORIENTED_EDGE('',*,*,#1988,.T.);
#2896=ORIENTED_EDGE('',*,*,#1866,.T.);
#2897=ORIENTED_EDGE('',*,*,#1987,.T.);
#2898=ORIENTED_EDGE('',*,*,#1977,.F.);
#2899=ORIENTED_EDGE('',*,*,#1989,.T.);
#2900=ORIENTED_EDGE('',*,*,#1990,.T.);
#2901=ORIENTED_EDGE('',*,*,#1991,.T.);
#2902=ORIENTED_EDGE('',*,*,#1985,.T.);
#2903=ORIENTED_EDGE('',*,*,#1971,.F.);
#2904=ORIENTED_EDGE('',*,*,#1992,.T.);
#2905=ORIENTED_EDGE('',*,*,#1875,.T.);
#2906=ORIENTED_EDGE('',*,*,#1989,.F.);
#2907=ORIENTED_EDGE('',*,*,#1938,.F.);
#2908=ORIENTED_EDGE('',*,*,#1910,.F.);
#2909=ORIENTED_EDGE('',*,*,#1969,.F.);
#2910=ORIENTED_EDGE('',*,*,#1951,.F.);
#2911=ORIENTED_EDGE('',*,*,#1945,.F.);
#2912=ORIENTED_EDGE('',*,*,#1876,.F.);
#2913=ORIENTED_EDGE('',*,*,#1992,.F.);
#2914=ORIENTED_EDGE('',*,*,#1973,.F.);
#2915=ORIENTED_EDGE('',*,*,#1993,.T.);
#2916=ORIENTED_EDGE('',*,*,#1994,.T.);
#2917=ORIENTED_EDGE('',*,*,#1967,.F.);
#2918=ORIENTED_EDGE('',*,*,#1908,.F.);
#2919=ORIENTED_EDGE('',*,*,#1954,.F.);
#2920=ORIENTED_EDGE('',*,*,#1995,.T.);
#2921=ORIENTED_EDGE('',*,*,#1996,.T.);
#2922=ORIENTED_EDGE('',*,*,#1993,.F.);
#2923=ORIENTED_EDGE('',*,*,#1965,.T.);
#2924=ORIENTED_EDGE('',*,*,#1957,.F.);
#2925=ORIENTED_EDGE('',*,*,#1961,.T.);
#2926=ORIENTED_EDGE('',*,*,#1997,.T.);
#2927=ORIENTED_EDGE('',*,*,#1995,.F.);
#2928=ORIENTED_EDGE('',*,*,#1873,.F.);
#2929=ORIENTED_EDGE('',*,*,#1998,.T.);
#2930=ORIENTED_EDGE('',*,*,#1990,.F.);
#2931=ORIENTED_EDGE('',*,*,#1874,.F.);
#2932=ORIENTED_EDGE('',*,*,#1999,.T.);
#2933=ORIENTED_EDGE('',*,*,#1867,.F.);
#2934=ORIENTED_EDGE('',*,*,#2000,.T.);
#2935=ORIENTED_EDGE('',*,*,#2001,.T.);
#2936=ORIENTED_EDGE('',*,*,#1999,.F.);
#2937=ORIENTED_EDGE('',*,*,#1869,.F.);
#2938=ORIENTED_EDGE('',*,*,#1868,.F.);
#2939=ORIENTED_EDGE('',*,*,#2001,.F.);
#2940=ORIENTED_EDGE('',*,*,#2002,.F.);
#2941=ORIENTED_EDGE('',*,*,#2003,.F.);
#2942=ORIENTED_EDGE('',*,*,#1983,.T.);
#2943=ORIENTED_EDGE('',*,*,#1870,.F.);
#2944=ORIENTED_EDGE('',*,*,#1976,.F.);
#2945=ORIENTED_EDGE('',*,*,#2004,.T.);
#2946=ORIENTED_EDGE('',*,*,#2002,.T.);
#2947=ORIENTED_EDGE('',*,*,#2000,.F.);
#2948=ORIENTED_EDGE('',*,*,#1988,.F.);
#2949=ORIENTED_EDGE('',*,*,#1979,.F.);
#2950=ORIENTED_EDGE('',*,*,#1984,.T.);
#2951=ORIENTED_EDGE('',*,*,#2003,.T.);
#2952=ORIENTED_EDGE('',*,*,#2004,.F.);
#2953=ORIENTED_EDGE('',*,*,#1994,.F.);
#2954=ORIENTED_EDGE('',*,*,#1996,.F.);
#2955=ORIENTED_EDGE('',*,*,#1997,.F.);
#2956=ORIENTED_EDGE('',*,*,#1960,.F.);
#2957=ORIENTED_EDGE('',*,*,#1963,.T.);
#2958=ORIENTED_EDGE('',*,*,#1968,.F.);
#2959=ORIENTED_EDGE('',*,*,#1998,.F.);
#2960=ORIENTED_EDGE('',*,*,#1872,.F.);
#2961=ORIENTED_EDGE('',*,*,#1982,.T.);
#2962=ORIENTED_EDGE('',*,*,#1986,.T.);
#2963=ORIENTED_EDGE('',*,*,#1991,.F.);
#2964=ORIENTED_EDGE('',*,*,#2005,.T.);
#2965=ORIENTED_EDGE('',*,*,#2006,.F.);
#2966=ORIENTED_EDGE('',*,*,#2007,.T.);
#2967=ORIENTED_EDGE('',*,*,#2006,.T.);
#2968=ORIENTED_EDGE('',*,*,#2007,.F.);
#2969=ORIENTED_EDGE('',*,*,#2005,.F.);
#2970=TOROIDAL_SURFACE('',#3230,114.255301913932,2.);
#2971=TOROIDAL_SURFACE('',#3235,120.848766714606,2.);
#2972=TOROIDAL_SURFACE('',#3243,82.5370647972009,2.);
#2973=TOROIDAL_SURFACE('',#3250,115.294418429636,2.);
#2974=TOROIDAL_SURFACE('',#3252,110.005301913932,2.);
#2975=TOROIDAL_SURFACE('',#3265,8.66652987778537,2.);
#2976=TOROIDAL_SURFACE('',#3268,78.2870647972009,2.);
#2977=TOROIDAL_SURFACE('',#3271,55.8202551148916,2.);
#2978=TOROIDAL_SURFACE('',#3280,116.598766619693,2.);
#2979=TOROIDAL_SURFACE('',#3287,60.0702551148915,2.);
#2980=TOROIDAL_SURFACE('',#3296,45.4198729810778,5.);
#2981=TOROIDAL_SURFACE('',#3365,4.69999999999994,2.3);
#2982=TOROIDAL_SURFACE('',#3370,25.0998252373895,2.3);
#2983=TOROIDAL_SURFACE('',#3374,25.0998252373895,2.3);
#2984=TOROIDAL_SURFACE('',#3378,4.69999999999998,2.3);
#2985=TOROIDAL_SURFACE('',#3382,31.2051211164802,2.3);
#2986=TOROIDAL_SURFACE('',#3386,4.69999999999996,2.3);
#2987=TOROIDAL_SURFACE('',#3390,29.4478308062457,2.3);
#2988=TOROIDAL_SURFACE('',#3401,29.4478308062457,2.3);
#2989=TOROIDAL_SURFACE('',#3406,4.69999999999995,2.3);
#2990=TOROIDAL_SURFACE('',#3410,31.2051211164802,2.3);
#2991=TOROIDAL_SURFACE('',#3414,4.69999999999998,2.3);
#2992=TOROIDAL_SURFACE('',#3418,25.0998252373896,2.3);
#2993=TOROIDAL_SURFACE('',#3422,25.0998252373896,2.3);
#2994=TOROIDAL_SURFACE('',#3426,4.69999999999994,2.3);
#2995=TOROIDAL_SURFACE('',#3447,11.9569085489085,3.5);
#2996=TOROIDAL_SURFACE('',#3451,11.5993116817598,3.5);
#2997=TOROIDAL_SURFACE('',#3454,19.3035088417815,3.5);
#2998=TOROIDAL_SURFACE('',#3480,51.9356407983774,5.);
#2999=TOROIDAL_SURFACE('',#3485,51.9356407983774,5.);
#3000=TOROIDAL_SURFACE('',#3500,54.9356407983774,2.);
#3001=TOROIDAL_SURFACE('',#3516,54.9356407983774,3.);
#3002=TOROIDAL_SURFACE('',#3518,54.9356407983774,2.);
#3003=TOROIDAL_SURFACE('',#3522,54.9356407983774,3.);
#3004=ADVANCED_FACE('',(#481),#2970,.T.);
#3005=ADVANCED_FACE('',(#482),#449,.F.);
#3006=ADVANCED_FACE('',(#483),#450,.F.);
#3007=ADVANCED_FACE('',(#484),#451,.F.);
#3008=ADVANCED_FACE('',(#485),#2971,.T.);
#3009=ADVANCED_FACE('',(#486),#373,.F.);
#3010=ADVANCED_FACE('',(#487),#100,.T.);
#3011=ADVANCED_FACE('',(#488),#374,.F.);
#3012=ADVANCED_FACE('',(#489),#2972,.T.);
#3013=ADVANCED_FACE('',(#490),#375,.T.);
#3014=ADVANCED_FACE('',(#491),#43,.T.);
#3015=ADVANCED_FACE('',(#492),#376,.T.);
#3016=ADVANCED_FACE('',(#493),#452,.F.);
#3017=ADVANCED_FACE('',(#494),#2973,.T.);
#3018=ADVANCED_FACE('',(#495),#453,.F.);
#3019=ADVANCED_FACE('',(#496),#2974,.T.);
#3020=ADVANCED_FACE('',(#497),#377,.T.);
#3021=ADVANCED_FACE('',(#498),#44,.T.);
#3022=ADVANCED_FACE('',(#499),#45,.T.);
#3023=ADVANCED_FACE('',(#500),#101,.T.);
#3024=ADVANCED_FACE('',(#501),#46,.T.);
#3025=ADVANCED_FACE('',(#502),#454,.F.);
#3026=ADVANCED_FACE('',(#503),#455,.T.);
#3027=ADVANCED_FACE('',(#504),#47,.T.);
#3028=ADVANCED_FACE('',(#505),#456,.F.);
#3029=ADVANCED_FACE('',(#506),#378,.T.);
#3030=ADVANCED_FACE('',(#507),#2975,.T.);
#3031=ADVANCED_FACE('',(#508),#2976,.T.);
#3032=ADVANCED_FACE('',(#509),#2977,.T.);
#3033=ADVANCED_FACE('',(#510),#102,.T.);
#3034=ADVANCED_FACE('',(#511),#379,.T.);
#3035=ADVANCED_FACE('',(#512),#48,.T.);
#3036=ADVANCED_FACE('',(#513),#49,.T.);
#3037=ADVANCED_FACE('',(#514),#457,.F.);
#3038=ADVANCED_FACE('',(#515),#380,.T.);
#3039=ADVANCED_FACE('',(#516),#2978,.T.);
#3040=ADVANCED_FACE('',(#517),#381,.T.);
#3041=ADVANCED_FACE('',(#518),#103,.T.);
#3042=ADVANCED_FACE('',(#519),#50,.T.);
#3043=ADVANCED_FACE('',(#520),#458,.F.);
#3044=ADVANCED_FACE('',(#521),#2979,.T.);
#3045=ADVANCED_FACE('',(#522),#382,.T.);
#3046=ADVANCED_FACE('',(#523),#383,.T.);
#3047=ADVANCED_FACE('',(#524),#51,.T.);
#3048=ADVANCED_FACE('',(#525),#104,.T.);
#3049=ADVANCED_FACE('',(#526),#52,.T.);
#3050=ADVANCED_FACE('',(#527),#2980,.T.);
#3051=ADVANCED_FACE('',(#528),#53,.T.);
#3052=ADVANCED_FACE('',(#529),#384,.T.);
#3053=ADVANCED_FACE('',(#530),#54,.T.);
#3054=ADVANCED_FACE('',(#531),#55,.T.);
#3055=ADVANCED_FACE('',(#532),#56,.T.);
#3056=ADVANCED_FACE('',(#533),#385,.T.);
#3057=ADVANCED_FACE('',(#534),#386,.F.);
#3058=ADVANCED_FACE('',(#535),#105,.T.);
#3059=ADVANCED_FACE('',(#536),#57,.T.);
#3060=ADVANCED_FACE('',(#537),#58,.T.);
#3061=ADVANCED_FACE('',(#538),#387,.T.);
#3062=ADVANCED_FACE('',(#539),#388,.T.);
#3063=ADVANCED_FACE('',(#540),#59,.T.);
#3064=ADVANCED_FACE('',(#541),#389,.F.);
#3065=ADVANCED_FACE('',(#542),#60,.T.);
#3066=ADVANCED_FACE('',(#543),#61,.T.);
#3067=ADVANCED_FACE('',(#544),#390,.T.);
#3068=ADVANCED_FACE('',(#545),#62,.T.);
#3069=ADVANCED_FACE('',(#546),#391,.T.);
#3070=ADVANCED_FACE('',(#547),#392,.T.);
#3071=ADVANCED_FACE('',(#548),#393,.T.);
#3072=ADVANCED_FACE('',(#549),#394,.T.);
#3073=ADVANCED_FACE('',(#550,#29,#30,#31,#32,#33,#34,#35),#63,.T.);
#3074=ADVANCED_FACE('',(#551,#36),#64,.F.);
#3075=ADVANCED_FACE('',(#552),#395,.T.);
#3076=ADVANCED_FACE('',(#553),#396,.T.);
#3077=ADVANCED_FACE('',(#554),#65,.F.);
#3078=ADVANCED_FACE('',(#555),#66,.F.);
#3079=ADVANCED_FACE('',(#556),#67,.F.);
#3080=ADVANCED_FACE('',(#557),#106,.T.);
#3081=ADVANCED_FACE('',(#558),#459,.F.);
#3082=ADVANCED_FACE('',(#559),#397,.T.);
#3083=ADVANCED_FACE('',(#560),#398,.F.);
#3084=ADVANCED_FACE('',(#561),#107,.T.);
#3085=ADVANCED_FACE('',(#562),#68,.T.);
#3086=ADVANCED_FACE('',(#563),#108,.T.);
#3087=ADVANCED_FACE('',(#564),#69,.T.);
#3088=ADVANCED_FACE('',(#565),#2981,.T.);
#3089=ADVANCED_FACE('',(#566),#2982,.T.);
#3090=ADVANCED_FACE('',(#567),#460,.F.);
#3091=ADVANCED_FACE('',(#568),#2983,.T.);
#3092=ADVANCED_FACE('',(#569),#2984,.T.);
#3093=ADVANCED_FACE('',(#570),#2985,.T.);
#3094=ADVANCED_FACE('',(#571),#2986,.T.);
#3095=ADVANCED_FACE('',(#572),#2987,.T.);
#3096=ADVANCED_FACE('',(#573),#461,.F.);
#3097=ADVANCED_FACE('',(#574),#399,.T.);
#3098=ADVANCED_FACE('',(#575),#400,.T.);
#3099=ADVANCED_FACE('',(#576),#401,.T.);
#3100=ADVANCED_FACE('',(#577),#402,.T.);
#3101=ADVANCED_FACE('',(#578),#403,.T.);
#3102=ADVANCED_FACE('',(#579),#404,.T.);
#3103=ADVANCED_FACE('',(#580),#405,.T.);
#3104=ADVANCED_FACE('',(#581),#2988,.T.);
#3105=ADVANCED_FACE('',(#582),#2989,.T.);
#3106=ADVANCED_FACE('',(#583),#2990,.T.);
#3107=ADVANCED_FACE('',(#584),#2991,.T.);
#3108=ADVANCED_FACE('',(#585),#2992,.T.);
#3109=ADVANCED_FACE('',(#586),#462,.F.);
#3110=ADVANCED_FACE('',(#587),#2993,.T.);
#3111=ADVANCED_FACE('',(#588),#2994,.T.);
#3112=ADVANCED_FACE('',(#589),#463,.F.);
#3113=ADVANCED_FACE('',(#590),#406,.T.);
#3114=ADVANCED_FACE('',(#591),#407,.T.);
#3115=ADVANCED_FACE('',(#592),#408,.T.);
#3116=ADVANCED_FACE('',(#593),#409,.T.);
#3117=ADVANCED_FACE('',(#594),#410,.T.);
#3118=ADVANCED_FACE('',(#595),#411,.T.);
#3119=ADVANCED_FACE('',(#596),#412,.T.);
#3120=ADVANCED_FACE('',(#597,#37),#70,.F.);
#3121=ADVANCED_FACE('',(#598),#413,.T.);
#3122=ADVANCED_FACE('',(#599),#414,.T.);
#3123=ADVANCED_FACE('',(#600),#415,.T.);
#3124=ADVANCED_FACE('',(#601),#464,.F.);
#3125=ADVANCED_FACE('',(#602,#38),#71,.F.);
#3126=ADVANCED_FACE('',(#603),#416,.T.);
#3127=ADVANCED_FACE('',(#604,#39,#40),#109,.F.);
#3128=ADVANCED_FACE('',(#605),#465,.F.);
#3129=ADVANCED_FACE('',(#606),#466,.F.);
#3130=ADVANCED_FACE('',(#607),#467,.F.);
#3131=ADVANCED_FACE('',(#608),#2995,.T.);
#3132=ADVANCED_FACE('',(#609),#2996,.T.);
#3133=ADVANCED_FACE('',(#610),#2997,.T.);
#3134=ADVANCED_FACE('',(#611),#417,.T.);
#3135=ADVANCED_FACE('',(#612),#418,.T.);
#3136=ADVANCED_FACE('',(#613),#419,.T.);
#3137=ADVANCED_FACE('',(#614),#72,.F.);
#3138=ADVANCED_FACE('',(#615),#420,.T.);
#3139=ADVANCED_FACE('',(#616),#421,.T.);
#3140=ADVANCED_FACE('',(#617,#41,#42),#110,.F.);
#3141=ADVANCED_FACE('',(#618),#468,.F.);
#3142=ADVANCED_FACE('',(#619),#422,.T.);
#3143=ADVANCED_FACE('',(#620),#73,.T.);
#3144=ADVANCED_FACE('',(#621),#111,.F.);
#3145=ADVANCED_FACE('',(#622),#423,.T.);
#3146=ADVANCED_FACE('',(#623),#424,.T.);
#3147=ADVANCED_FACE('',(#624),#469,.F.);
#3148=ADVANCED_FACE('',(#625),#470,.F.);
#3149=ADVANCED_FACE('',(#626),#425,.F.);
#3150=ADVANCED_FACE('',(#627),#426,.T.);
#3151=ADVANCED_FACE('',(#628),#74,.T.);
#3152=ADVANCED_FACE('',(#629),#427,.T.);
#3153=ADVANCED_FACE('',(#630),#428,.T.);
#3154=ADVANCED_FACE('',(#631),#429,.F.);
#3155=ADVANCED_FACE('',(#632),#430,.T.);
#3156=ADVANCED_FACE('',(#633),#431,.F.);
#3157=ADVANCED_FACE('',(#634),#432,.T.);
#3158=ADVANCED_FACE('',(#635),#471,.F.);
#3159=ADVANCED_FACE('',(#636),#433,.T.);
#3160=ADVANCED_FACE('',(#637),#2998,.T.);
#3161=ADVANCED_FACE('',(#638),#75,.T.);
#3162=ADVANCED_FACE('',(#639),#472,.F.);
#3163=ADVANCED_FACE('',(#640),#2999,.T.);
#3164=ADVANCED_FACE('',(#641),#434,.T.);
#3165=ADVANCED_FACE('',(#642),#76,.T.);
#3166=ADVANCED_FACE('',(#643),#473,.F.);
#3167=ADVANCED_FACE('',(#644),#435,.T.);
#3168=ADVANCED_FACE('',(#645),#474,.T.);
#3169=ADVANCED_FACE('',(#646),#436,.F.);
#3170=ADVANCED_FACE('',(#647),#77,.F.);
#3171=ADVANCED_FACE('',(#648),#78,.T.);
#3172=ADVANCED_FACE('',(#649),#437,.T.);
#3173=ADVANCED_FACE('',(#650),#3000,.T.);
#3174=ADVANCED_FACE('',(#651),#438,.T.);
#3175=ADVANCED_FACE('',(#652),#439,.T.);
#3176=ADVANCED_FACE('',(#653),#475,.F.);
#3177=ADVANCED_FACE('',(#654),#440,.T.);
#3178=ADVANCED_FACE('',(#655),#476,.T.);
#3179=ADVANCED_FACE('',(#656),#441,.F.);
#3180=ADVANCED_FACE('',(#657),#79,.F.);
#3181=ADVANCED_FACE('',(#658),#442,.F.);
#3182=ADVANCED_FACE('',(#659),#80,.T.);
#3183=ADVANCED_FACE('',(#660),#443,.T.);
#3184=ADVANCED_FACE('',(#661),#3001,.T.);
#3185=ADVANCED_FACE('',(#662),#3002,.T.);
#3186=ADVANCED_FACE('',(#663),#81,.T.);
#3187=ADVANCED_FACE('',(#664),#444,.T.);
#3188=ADVANCED_FACE('',(#665),#477,.F.);
#3189=ADVANCED_FACE('',(#666),#3003,.T.);
#3190=ADVANCED_FACE('',(#667),#445,.F.);
#3191=ADVANCED_FACE('',(#668),#478,.F.);
#3192=ADVANCED_FACE('',(#669),#479,.F.);
#3193=ADVANCED_FACE('',(#670),#480,.F.);
#3194=ADVANCED_FACE('',(#671),#82,.T.);
#3195=ADVANCED_FACE('',(#672),#446,.T.);
#3196=ADVANCED_FACE('',(#673),#83,.T.);
#3197=ADVANCED_FACE('',(#674),#84,.T.);
#3198=ADVANCED_FACE('',(#675),#85,.T.);
#3199=ADVANCED_FACE('',(#676),#447,.F.);
#3200=ADVANCED_FACE('',(#677),#112,.F.);
#3201=ADVANCED_FACE('',(#678),#448,.F.);
#3202=CLOSED_SHELL('',(#3004,#3005,#3006,#3007,#3008,#3009,#3010,#3011,
#3012,#3013,#3014,#3015,#3016,#3017,#3018,#3019,#3020,#3021,#3022,#3023,
#3024,#3025,#3026,#3027,#3028,#3029,#3030,#3031,#3032,#3033,#3034,#3035,
#3036,#3037,#3038,#3039,#3040,#3041,#3042,#3043,#3044,#3045,#3046,#3047,
#3048,#3049,#3050,#3051,#3052,#3053,#3054,#3055,#3056,#3057,#3058,#3059,
#3060,#3061,#3062,#3063,#3064,#3065,#3066,#3067,#3068,#3069,#3070,#3071,
#3072,#3073,#3074));
#3203=CLOSED_SHELL('',(#3075,#3076,#3077,#3078,#3079,#3080,#3081,#3082,
#3083,#3084,#3085,#3086,#3087,#3088,#3089,#3090,#3091,#3092,#3093,#3094,
#3095,#3096,#3097,#3098,#3099,#3100,#3101,#3102,#3103,#3104,#3105,#3106,
#3107,#3108,#3109,#3110,#3111,#3112,#3113,#3114,#3115,#3116,#3117,#3118,
#3119,#3120,#3121,#3122,#3123,#3124,#3125,#3126,#3127,#3128,#3129,#3130,
#3131,#3132,#3133,#3134,#3135,#3136,#3137,#3138,#3139,#3140,#3141,#3142,
#3143,#3144,#3145,#3146,#3147,#3148,#3149,#3150,#3151,#3152,#3153,#3154,
#3155,#3156,#3157,#3158,#3159,#3160,#3161,#3162,#3163,#3164,#3165,#3166,
#3167,#3168,#3169,#3170,#3171,#3172,#3173,#3174,#3175,#3176,#3177,#3178,
#3179,#3180,#3181,#3182,#3183,#3184,#3185,#3186,#3187,#3188,#3189,#3190,
#3191,#3192,#3193,#3194,#3195,#3196,#3197,#3198));
#3204=CLOSED_SHELL('',(#3199,#3200,#3201));
#3205=DERIVED_UNIT_ELEMENT(#3209,1.);
#3206=DERIVED_UNIT_ELEMENT(#8516,-3.);
#3207=DERIVED_UNIT_ELEMENT(#3209,1.);
#3208=DERIVED_UNIT_ELEMENT(#8516,-3.);
#3209=(
MASS_UNIT()
NAMED_UNIT(*)
SI_UNIT(.KILO.,.GRAM.)
);
#3210=DERIVED_UNIT((#3205,#3206));
#3211=DERIVED_UNIT((#3207,#3208));
#3212=MEASURE_REPRESENTATION_ITEM('density measure',
POSITIVE_RATIO_MEASURE(7850.),#3210);
#3213=MEASURE_REPRESENTATION_ITEM('density measure',
POSITIVE_RATIO_MEASURE(7850.),#3211);
#3214=PROPERTY_DEFINITION_REPRESENTATION(#3224,#3218);
#3215=PROPERTY_DEFINITION_REPRESENTATION(#3225,#3219);
#3216=PROPERTY_DEFINITION_REPRESENTATION(#3226,#3220);
#3217=PROPERTY_DEFINITION_REPRESENTATION(#3227,#3221);
#3218=REPRESENTATION('material name',(#3222),#8512);
#3219=REPRESENTATION('density',(#3212),#8512);
#3220=REPRESENTATION('material name',(#3223),#8513);
#3221=REPRESENTATION('density',(#3213),#8513);
#3222=DESCRIPTIVE_REPRESENTATION_ITEM('Steel','Steel');
#3223=DESCRIPTIVE_REPRESENTATION_ITEM('Steel','Steel');
#3224=PROPERTY_DEFINITION('material property','material name',#8532);
#3225=PROPERTY_DEFINITION('material property','density of part',#8532);
#3226=PROPERTY_DEFINITION('material property','material name',#8533);
#3227=PROPERTY_DEFINITION('material property','density of part',#8533);
#3228=AXIS2_PLACEMENT_3D('',#4285,#3537,#3538);
#3229=AXIS2_PLACEMENT_3D('',#4286,#3539,#3540);
#3230=AXIS2_PLACEMENT_3D('',#4287,#3541,#3542);
#3231=AXIS2_PLACEMENT_3D('',#4290,#3543,#3544);
#3232=AXIS2_PLACEMENT_3D('',#4292,#3545,#3546);
#3233=AXIS2_PLACEMENT_3D('',#4294,#3547,#3548);
#3234=AXIS2_PLACEMENT_3D('',#4481,#3549,#3550);
#3235=AXIS2_PLACEMENT_3D('',#4506,#3551,#3552);
#3236=AXIS2_PLACEMENT_3D('',#4507,#3553,#3554);
#3237=AXIS2_PLACEMENT_3D('',#4508,#3555,#3556);
#3238=AXIS2_PLACEMENT_3D('',#4509,#3557,#3558);
#3239=AXIS2_PLACEMENT_3D('',#4512,#3560,#3561);
#3240=AXIS2_PLACEMENT_3D('',#4525,#3563,#3564);
#3241=AXIS2_PLACEMENT_3D('',#4526,#3565,#3566);
#3242=AXIS2_PLACEMENT_3D('',#4527,#3567,#3568);
#3243=AXIS2_PLACEMENT_3D('',#4528,#3569,#3570);
#3244=AXIS2_PLACEMENT_3D('',#4546,#3571,#3572);
#3245=AXIS2_PLACEMENT_3D('',#4569,#3573,#3574);
#3246=AXIS2_PLACEMENT_3D('',#4570,#3575,#3576);
#3247=AXIS2_PLACEMENT_3D('',#4602,#3579,#3580);
#3248=AXIS2_PLACEMENT_3D('',#4605,#3582,#3583);
#3249=AXIS2_PLACEMENT_3D('',#4606,#3584,#3585);
#3250=AXIS2_PLACEMENT_3D('',#4645,#3587,#3588);
#3251=AXIS2_PLACEMENT_3D('',#4646,#3589,#3590);
#3252=AXIS2_PLACEMENT_3D('',#4713,#3591,#3592);
#3253=AXIS2_PLACEMENT_3D('',#4715,#3593,#3594);
#3254=AXIS2_PLACEMENT_3D('',#4717,#3595,#3596);
#3255=AXIS2_PLACEMENT_3D('',#4732,#3597,#3598);
#3256=AXIS2_PLACEMENT_3D('',#4736,#3600,#3601);
#3257=AXIS2_PLACEMENT_3D('',#4738,#3602,#3603);
#3258=AXIS2_PLACEMENT_3D('',#4741,#3606,#3607);
#3259=AXIS2_PLACEMENT_3D('',#4749,#3612,#3613);
#3260=AXIS2_PLACEMENT_3D('',#4761,#3617,#3618);
#3261=AXIS2_PLACEMENT_3D('',#4762,#3619,#3620);
#3262=AXIS2_PLACEMENT_3D('',#4885,#3621,#3622);
#3263=AXIS2_PLACEMENT_3D('',#5020,#3624,#3625);
#3264=AXIS2_PLACEMENT_3D('',#5102,#3626,#3627);
#3265=AXIS2_PLACEMENT_3D('',#5166,#3630,#3631);
#3266=AXIS2_PLACEMENT_3D('',#5168,#3632,#3633);
#3267=AXIS2_PLACEMENT_3D('',#5170,#3634,#3635);
#3268=AXIS2_PLACEMENT_3D('',#5185,#3636,#3637);
#3269=AXIS2_PLACEMENT_3D('',#5186,#3638,#3639);
#3270=AXIS2_PLACEMENT_3D('',#5187,#3640,#3641);
#3271=AXIS2_PLACEMENT_3D('',#5188,#3642,#3643);
#3272=AXIS2_PLACEMENT_3D('',#5189,#3644,#3645);
#3273=AXIS2_PLACEMENT_3D('',#5190,#3646,#3647);
#3274=AXIS2_PLACEMENT_3D('',#5200,#3649,#3650);
#3275=AXIS2_PLACEMENT_3D('',#5202,#3652,#3653);
#3276=AXIS2_PLACEMENT_3D('',#5205,#3655,#3656);
#3277=AXIS2_PLACEMENT_3D('',#5206,#3657,#3658);
#3278=AXIS2_PLACEMENT_3D('',#5210,#3661,#3662);
#3279=AXIS2_PLACEMENT_3D('',#5271,#3663,#3664);
#3280=AXIS2_PLACEMENT_3D('',#5290,#3667,#3668);
#3281=AXIS2_PLACEMENT_3D('',#5291,#3669,#3670);
#3282=AXIS2_PLACEMENT_3D('',#5292,#3671,#3672);
#3283=AXIS2_PLACEMENT_3D('',#5293,#3673,#3674);
#3284=AXIS2_PLACEMENT_3D('',#5297,#3676,#3677);
#3285=AXIS2_PLACEMENT_3D('',#5307,#3680,#3681);
#3286=AXIS2_PLACEMENT_3D('',#5308,#3682,#3683);
#3287=AXIS2_PLACEMENT_3D('',#5376,#3684,#3685);
#3288=AXIS2_PLACEMENT_3D('',#5378,#3686,#3687);
#3289=AXIS2_PLACEMENT_3D('',#5394,#3688,#3689);
#3290=AXIS2_PLACEMENT_3D('',#5395,#3690,#3691);
#3291=AXIS2_PLACEMENT_3D('',#5399,#3693,#3694);
#3292=AXIS2_PLACEMENT_3D('',#5401,#3696,#3697);
#3293=AXIS2_PLACEMENT_3D('',#5404,#3700,#3701);
#3294=AXIS2_PLACEMENT_3D('',#5418,#3706,#3707);
#3295=AXIS2_PLACEMENT_3D('',#5419,#3708,#3709);
#3296=AXIS2_PLACEMENT_3D('',#5420,#3710,#3711);
#3297=AXIS2_PLACEMENT_3D('',#5421,#3712,#3713);
#3298=AXIS2_PLACEMENT_3D('',#5422,#3714,#3715);
#3299=AXIS2_PLACEMENT_3D('',#5423,#3716,#3717);
#3300=AXIS2_PLACEMENT_3D('',#5429,#3721,#3722);
#3301=AXIS2_PLACEMENT_3D('',#5430,#3723,#3724);
#3302=AXIS2_PLACEMENT_3D('',#5431,#3725,#3726);
#3303=AXIS2_PLACEMENT_3D('',#5435,#3729,#3730);
#3304=AXIS2_PLACEMENT_3D('',#5438,#3733,#3734);
#3305=AXIS2_PLACEMENT_3D('',#5444,#3738,#3739);
#3306=AXIS2_PLACEMENT_3D('',#5446,#3740,#3741);
#3307=AXIS2_PLACEMENT_3D('',#5448,#3743,#3744);
#3308=AXIS2_PLACEMENT_3D('',#5451,#3746,#3747);
#3309=AXIS2_PLACEMENT_3D('',#5460,#3749,#3750);
#3310=AXIS2_PLACEMENT_3D('',#5461,#3751,#3752);
#3311=AXIS2_PLACEMENT_3D('',#5463,#3754,#3755);
#3312=AXIS2_PLACEMENT_3D('',#5465,#3757,#3758);
#3313=AXIS2_PLACEMENT_3D('',#5467,#3759,#3760);
#3314=AXIS2_PLACEMENT_3D('',#5469,#3762,#3763);
#3315=AXIS2_PLACEMENT_3D('',#5470,#3764,#3765);
#3316=AXIS2_PLACEMENT_3D('',#5471,#3766,#3767);
#3317=AXIS2_PLACEMENT_3D('',#5472,#3768,#3769);
#3318=AXIS2_PLACEMENT_3D('',#5475,#3771,#3772);
#3319=AXIS2_PLACEMENT_3D('',#5476,#3773,#3774);
#3320=AXIS2_PLACEMENT_3D('',#5478,#3776,#3777);
#3321=AXIS2_PLACEMENT_3D('',#5487,#3782,#3783);
#3322=AXIS2_PLACEMENT_3D('',#5489,#3784,#3785);
#3323=AXIS2_PLACEMENT_3D('',#5491,#3786,#3787);
#3324=AXIS2_PLACEMENT_3D('',#5493,#3789,#3790);
#3325=AXIS2_PLACEMENT_3D('',#5499,#3794,#3795);
#3326=AXIS2_PLACEMENT_3D('',#5501,#3796,#3797);
#3327=AXIS2_PLACEMENT_3D('',#5503,#3798,#3799);
#3328=AXIS2_PLACEMENT_3D('',#5505,#3801,#3802);
#3329=AXIS2_PLACEMENT_3D('',#5507,#3803,#3804);
#3330=AXIS2_PLACEMENT_3D('',#5509,#3805,#3806);
#3331=AXIS2_PLACEMENT_3D('',#5511,#3808,#3809);
#3332=AXIS2_PLACEMENT_3D('',#5513,#3810,#3811);
#3333=AXIS2_PLACEMENT_3D('',#5515,#3812,#3813);
#3334=AXIS2_PLACEMENT_3D('',#5517,#3815,#3816);
#3335=AXIS2_PLACEMENT_3D('',#5518,#3817,#3818);
#3336=AXIS2_PLACEMENT_3D('',#5519,#3819,#3820);
#3337=AXIS2_PLACEMENT_3D('',#5520,#3821,#3822);
#3338=AXIS2_PLACEMENT_3D('',#5521,#3823,#3824);
#3339=AXIS2_PLACEMENT_3D('',#5522,#3825,#3826);
#3340=AXIS2_PLACEMENT_3D('',#5523,#3827,#3828);
#3341=AXIS2_PLACEMENT_3D('',#5551,#3830,#3831);
#3342=AXIS2_PLACEMENT_3D('',#5558,#3833,#3834);
#3343=AXIS2_PLACEMENT_3D('',#5568,#3836,#3837);
#3344=AXIS2_PLACEMENT_3D('',#5592,#3838,#3839);
#3345=AXIS2_PLACEMENT_3D('',#5595,#3841,#3842);
#3346=AXIS2_PLACEMENT_3D('',#5596,#3843,#3844);
#3347=AXIS2_PLACEMENT_3D('',#5600,#3846,#3847);
#3348=AXIS2_PLACEMENT_3D('',#5601,#3848,#3849);
#3349=AXIS2_PLACEMENT_3D('',#5604,#3851,#3852);
#3350=AXIS2_PLACEMENT_3D('',#5762,#3855,#3856);
#3351=AXIS2_PLACEMENT_3D('',#5788,#3857,#3858);
#3352=AXIS2_PLACEMENT_3D('',#5835,#3859,#3860);
#3353=AXIS2_PLACEMENT_3D('',#5838,#3862,#3863);
#3354=AXIS2_PLACEMENT_3D('',#5839,#3864,#3865);
#3355=AXIS2_PLACEMENT_3D('',#5841,#3866,#3867);
#3356=AXIS2_PLACEMENT_3D('',#5850,#3868,#3869);
#3357=AXIS2_PLACEMENT_3D('',#5932,#3870,#3871);
#3358=AXIS2_PLACEMENT_3D('',#5934,#3872,#3873);
#3359=AXIS2_PLACEMENT_3D('',#5935,#3874,#3875);
#3360=AXIS2_PLACEMENT_3D('',#5936,#3876,#3877);
#3361=AXIS2_PLACEMENT_3D('',#5965,#3878,#3879);
#3362=AXIS2_PLACEMENT_3D('',#5967,#3880,#3881);
#3363=AXIS2_PLACEMENT_3D('',#5968,#3882,#3883);
#3364=AXIS2_PLACEMENT_3D('',#5969,#3884,#3885);
#3365=AXIS2_PLACEMENT_3D('',#5970,#3886,#3887);
#3366=AXIS2_PLACEMENT_3D('',#5973,#3888,#3889);
#3367=AXIS2_PLACEMENT_3D('',#5975,#3890,#3891);
#3368=AXIS2_PLACEMENT_3D('',#5977,#3892,#3893);
#3369=AXIS2_PLACEMENT_3D('',#5978,#3894,#3895);
#3370=AXIS2_PLACEMENT_3D('',#5979,#3896,#3897);
#3371=AXIS2_PLACEMENT_3D('',#5998,#3898,#3899);
#3372=AXIS2_PLACEMENT_3D('',#5999,#3900,#3901);
#3373=AXIS2_PLACEMENT_3D('',#6026,#3902,#3903);
#3374=AXIS2_PLACEMENT_3D('',#6031,#3904,#3905);
#3375=AXIS2_PLACEMENT_3D('',#6043,#3906,#3907);
#3376=AXIS2_PLACEMENT_3D('',#6045,#3908,#3909);
#3377=AXIS2_PLACEMENT_3D('',#6047,#3910,#3911);
#3378=AXIS2_PLACEMENT_3D('',#6056,#3912,#3913);
#3379=AXIS2_PLACEMENT_3D('',#6059,#3914,#3915);
#3380=AXIS2_PLACEMENT_3D('',#6060,#3916,#3917);
#3381=AXIS2_PLACEMENT_3D('',#6061,#3918,#3919);
#3382=AXIS2_PLACEMENT_3D('',#6062,#3920,#3921);
#3383=AXIS2_PLACEMENT_3D('',#6065,#3922,#3923);
#3384=AXIS2_PLACEMENT_3D('',#6066,#3924,#3925);
#3385=AXIS2_PLACEMENT_3D('',#6067,#3926,#3927);
#3386=AXIS2_PLACEMENT_3D('',#6068,#3928,#3929);
#3387=AXIS2_PLACEMENT_3D('',#6071,#3930,#3931);
#3388=AXIS2_PLACEMENT_3D('',#6072,#3932,#3933);
#3389=AXIS2_PLACEMENT_3D('',#6073,#3934,#3935);
#3390=AXIS2_PLACEMENT_3D('',#6074,#3936,#3937);
#3391=AXIS2_PLACEMENT_3D('',#6077,#3938,#3939);
#3392=AXIS2_PLACEMENT_3D('',#6078,#3940,#3941);
#3393=AXIS2_PLACEMENT_3D('',#6079,#3942,#3943);
#3394=AXIS2_PLACEMENT_3D('',#6108,#3944,#3945);
#3395=AXIS2_PLACEMENT_3D('',#6120,#3947,#3948);
#3396=AXIS2_PLACEMENT_3D('',#6129,#3949,#3950);
#3397=AXIS2_PLACEMENT_3D('',#6144,#3952,#3953);
#3398=AXIS2_PLACEMENT_3D('',#6167,#3955,#3956);
#3399=AXIS2_PLACEMENT_3D('',#6178,#3958,#3959);
#3400=AXIS2_PLACEMENT_3D('',#6196,#3961,#3962);
#3401=AXIS2_PLACEMENT_3D('',#6213,#3963,#3964);
#3402=AXIS2_PLACEMENT_3D('',#6216,#3965,#3966);
#3403=AXIS2_PLACEMENT_3D('',#6218,#3967,#3968);
#3404=AXIS2_PLACEMENT_3D('',#6220,#3969,#3970);
#3405=AXIS2_PLACEMENT_3D('',#6221,#3971,#3972);
#3406=AXIS2_PLACEMENT_3D('',#6222,#3973,#3974);
#3407=AXIS2_PLACEMENT_3D('',#6225,#3975,#3976);
#3408=AXIS2_PLACEMENT_3D('',#6226,#3977,#3978);
#3409=AXIS2_PLACEMENT_3D('',#6227,#3979,#3980);
#3410=AXIS2_PLACEMENT_3D('',#6228,#3981,#3982);
#3411=AXIS2_PLACEMENT_3D('',#6231,#3983,#3984);
#3412=AXIS2_PLACEMENT_3D('',#6232,#3985,#3986);
#3413=AXIS2_PLACEMENT_3D('',#6233,#3987,#3988);
#3414=AXIS2_PLACEMENT_3D('',#6234,#3989,#3990);
#3415=AXIS2_PLACEMENT_3D('',#6237,#3991,#3992);
#3416=AXIS2_PLACEMENT_3D('',#6238,#3993,#3994);
#3417=AXIS2_PLACEMENT_3D('',#6239,#3995,#3996);
#3418=AXIS2_PLACEMENT_3D('',#6240,#3997,#3998);
#3419=AXIS2_PLACEMENT_3D('',#6249,#3999,#4000);
#3420=AXIS2_PLACEMENT_3D('',#6251,#4001,#4002);
#3421=AXIS2_PLACEMENT_3D('',#6288,#4003,#4004);
#3422=AXIS2_PLACEMENT_3D('',#6293,#4005,#4006);
#3423=AXIS2_PLACEMENT_3D('',#6296,#4007,#4008);
#3424=AXIS2_PLACEMENT_3D('',#6298,#4009,#4010);
#3425=AXIS2_PLACEMENT_3D('',#6316,#4011,#4012);
#3426=AXIS2_PLACEMENT_3D('',#6317,#4013,#4014);
#3427=AXIS2_PLACEMENT_3D('',#6320,#4015,#4016);
#3428=AXIS2_PLACEMENT_3D('',#6321,#4017,#4018);
#3429=AXIS2_PLACEMENT_3D('',#6322,#4019,#4020);
#3430=AXIS2_PLACEMENT_3D('',#6351,#4021,#4022);
#3431=AXIS2_PLACEMENT_3D('',#6370,#4024,#4025);
#3432=AXIS2_PLACEMENT_3D('',#6386,#4027,#4028);
#3433=AXIS2_PLACEMENT_3D('',#6397,#4030,#4031);
#3434=AXIS2_PLACEMENT_3D('',#6420,#4033,#4034);
#3435=AXIS2_PLACEMENT_3D('',#6433,#4035,#4036);
#3436=AXIS2_PLACEMENT_3D('',#6444,#4038,#4039);
#3437=AXIS2_PLACEMENT_3D('',#6454,#4040,#4041);
#3438=AXIS2_PLACEMENT_3D('',#6456,#4043,#4044);
#3439=AXIS2_PLACEMENT_3D('',#6472,#4046,#4047);
#3440=AXIS2_PLACEMENT_3D('',#6540,#4050,#4051);
#3441=AXIS2_PLACEMENT_3D('',#6589,#4052,#4053);
#3442=AXIS2_PLACEMENT_3D('',#6590,#4054,#4055);
#3443=AXIS2_PLACEMENT_3D('',#6671,#4057,#4058);
#3444=AXIS2_PLACEMENT_3D('',#6843,#4059,#4060);
#3445=AXIS2_PLACEMENT_3D('',#7066,#4061,#4062);
#3446=AXIS2_PLACEMENT_3D('',#7154,#4063,#4064);
#3447=AXIS2_PLACEMENT_3D('',#7155,#4065,#4066);
#3448=AXIS2_PLACEMENT_3D('',#7157,#4067,#4068);
#3449=AXIS2_PLACEMENT_3D('',#7159,#4069,#4070);
#3450=AXIS2_PLACEMENT_3D('',#7160,#4071,#4072);
#3451=AXIS2_PLACEMENT_3D('',#7161,#4073,#4074);
#3452=AXIS2_PLACEMENT_3D('',#7162,#4075,#4076);
#3453=AXIS2_PLACEMENT_3D('',#7163,#4077,#4078);
#3454=AXIS2_PLACEMENT_3D('',#7164,#4079,#4080);
#3455=AXIS2_PLACEMENT_3D('',#7165,#4081,#4082);
#3456=AXIS2_PLACEMENT_3D('',#7166,#4083,#4084);
#3457=AXIS2_PLACEMENT_3D('',#7167,#4085,#4086);
#3458=AXIS2_PLACEMENT_3D('',#7170,#4089,#4090);
#3459=AXIS2_PLACEMENT_3D('',#7172,#4092,#4093);
#3460=AXIS2_PLACEMENT_3D('',#7185,#4095,#4096);
#3461=AXIS2_PLACEMENT_3D('',#7186,#4097,#4098);
#3462=AXIS2_PLACEMENT_3D('',#7203,#4100,#4101);
#3463=AXIS2_PLACEMENT_3D('',#7293,#4102,#4103);
#3464=AXIS2_PLACEMENT_3D('',#7535,#4104,#4105);
#3465=AXIS2_PLACEMENT_3D('',#7537,#4107,#4108);
#3466=AXIS2_PLACEMENT_3D('',#7543,#4112,#4113);
#3467=AXIS2_PLACEMENT_3D('',#7573,#4114,#4115);
#3468=AXIS2_PLACEMENT_3D('',#7574,#4116,#4117);
#3469=AXIS2_PLACEMENT_3D('',#7622,#4118,#4119);
#3470=AXIS2_PLACEMENT_3D('',#7623,#4120,#4121);
#3471=AXIS2_PLACEMENT_3D('',#7624,#4122,#4123);
#3472=AXIS2_PLACEMENT_3D('',#7625,#4124,#4125);
#3473=AXIS2_PLACEMENT_3D('',#7627,#4127,#4128);
#3474=AXIS2_PLACEMENT_3D('',#7629,#4130,#4131);
#3475=AXIS2_PLACEMENT_3D('',#7630,#4132,#4133);
#3476=AXIS2_PLACEMENT_3D('',#7632,#4135,#4136);
#3477=AXIS2_PLACEMENT_3D('',#7634,#4138,#4139);
#3478=AXIS2_PLACEMENT_3D('',#7742,#4140,#4141);
#3479=AXIS2_PLACEMENT_3D('',#7743,#4142,#4143);
#3480=AXIS2_PLACEMENT_3D('',#7746,#4146,#4147);
#3481=AXIS2_PLACEMENT_3D('',#7747,#4148,#4149);
#3482=AXIS2_PLACEMENT_3D('',#7748,#4150,#4151);
#3483=AXIS2_PLACEMENT_3D('',#7749,#4152,#4153);
#3484=AXIS2_PLACEMENT_3D('',#7857,#4154,#4155);
#3485=AXIS2_PLACEMENT_3D('',#7858,#4156,#4157);
#3486=AXIS2_PLACEMENT_3D('',#7859,#4158,#4159);
#3487=AXIS2_PLACEMENT_3D('',#7860,#4160,#4161);
#3488=AXIS2_PLACEMENT_3D('',#7861,#4162,#4163);
#3489=AXIS2_PLACEMENT_3D('',#7864,#4166,#4167);
#3490=AXIS2_PLACEMENT_3D('',#7917,#4168,#4169);
#3491=AXIS2_PLACEMENT_3D('',#7939,#4170,#4171);
#3492=AXIS2_PLACEMENT_3D('',#8019,#4174,#4175);
#3493=AXIS2_PLACEMENT_3D('',#8050,#4176,#4177);
#3494=AXIS2_PLACEMENT_3D('',#8053,#4178,#4179);
#3495=AXIS2_PLACEMENT_3D('',#8056,#4182,#4183);
#3496=AXIS2_PLACEMENT_3D('',#8061,#4186,#4187);
#3497=AXIS2_PLACEMENT_3D('',#8062,#4188,#4189);
#3498=AXIS2_PLACEMENT_3D('',#8066,#4192,#4193);
#3499=AXIS2_PLACEMENT_3D('',#8067,#4194,#4195);
#3500=AXIS2_PLACEMENT_3D('',#8068,#4196,#4197);
#3501=AXIS2_PLACEMENT_3D('',#8069,#4198,#4199);
#3502=AXIS2_PLACEMENT_3D('',#8070,#4200,#4201);
#3503=AXIS2_PLACEMENT_3D('',#8095,#4203,#4204);
#3504=AXIS2_PLACEMENT_3D('',#8096,#4205,#4206);
#3505=AXIS2_PLACEMENT_3D('',#8150,#4208,#4209);
#3506=AXIS2_PLACEMENT_3D('',#8172,#4210,#4211);
#3507=AXIS2_PLACEMENT_3D('',#8232,#4214,#4215);
#3508=AXIS2_PLACEMENT_3D('',#8255,#4216,#4217);
#3509=AXIS2_PLACEMENT_3D('',#8258,#4218,#4219);
#3510=AXIS2_PLACEMENT_3D('',#8261,#4222,#4223);
#3511=AXIS2_PLACEMENT_3D('',#8263,#4224,#4225);
#3512=AXIS2_PLACEMENT_3D('',#8268,#4229,#4230);
#3513=AXIS2_PLACEMENT_3D('',#8270,#4231,#4232);
#3514=AXIS2_PLACEMENT_3D('',#8272,#4234,#4235);
#3515=AXIS2_PLACEMENT_3D('',#8274,#4237,#4238);
#3516=AXIS2_PLACEMENT_3D('',#8276,#4240,#4241);
#3517=AXIS2_PLACEMENT_3D('',#8277,#4242,#4243);
#3518=AXIS2_PLACEMENT_3D('',#8301,#4244,#4245);
#3519=AXIS2_PLACEMENT_3D('',#8302,#4246,#4247);
#3520=AXIS2_PLACEMENT_3D('',#8303,#4248,#4249);
#3521=AXIS2_PLACEMENT_3D('',#8304,#4250,#4251);
#3522=AXIS2_PLACEMENT_3D('',#8354,#4252,#4253);
#3523=AXIS2_PLACEMENT_3D('',#8356,#4254,#4255);
#3524=AXIS2_PLACEMENT_3D('',#8361,#4256,#4257);
#3525=AXIS2_PLACEMENT_3D('',#8425,#4259,#4260);
#3526=AXIS2_PLACEMENT_3D('',#8469,#4261,#4262);
#3527=AXIS2_PLACEMENT_3D('',#8471,#4263,#4264);
#3528=AXIS2_PLACEMENT_3D('',#8473,#4266,#4267);
#3529=AXIS2_PLACEMENT_3D('',#8475,#4269,#4270);
#3530=AXIS2_PLACEMENT_3D('',#8476,#4271,#4272);
#3531=AXIS2_PLACEMENT_3D('',#8477,#4273,#4274);
#3532=AXIS2_PLACEMENT_3D('',#8478,#4275,#4276);
#3533=AXIS2_PLACEMENT_3D('',#8488,#4277,#4278);
#3534=AXIS2_PLACEMENT_3D('',#8504,#4279,#4280);
#3535=AXIS2_PLACEMENT_3D('',#8505,#4281,#4282);
#3536=AXIS2_PLACEMENT_3D('',#8506,#4283,#4284);
#3537=DIRECTION('axis',(0.,0.,1.));
#3538=DIRECTION('refdir',(1.,0.,0.));
#3539=DIRECTION('axis',(0.,0.,1.));
#3540=DIRECTION('refdir',(1.,0.,0.));
#3541=DIRECTION('center_axis',(0.,0.,-1.));
#3542=DIRECTION('ref_axis',(-1.,0.,0.));
#3543=DIRECTION('center_axis',(0.,0.,-1.));
#3544=DIRECTION('ref_axis',(0.83494550086855,0.550332636302233,0.));
#3545=DIRECTION('center_axis',(-0.415112123097847,0.909770259602499,-9.21734073728525E-16));
#3546=DIRECTION('ref_axis',(-0.909770259602499,-0.415112123097847,0.));
#3547=DIRECTION('center_axis',(0.,0.,1.));
#3548=DIRECTION('ref_axis',(0.83494550086855,0.550332636302233,0.));
#3549=DIRECTION('center_axis',(-0.475090104257201,-0.879937152776766,-3.00876491950756E-15));
#3550=DIRECTION('ref_axis',(0.879937152776766,-0.475090104257201,0.));
#3551=DIRECTION('center_axis',(0.,0.,-1.));
#3552=DIRECTION('ref_axis',(-1.,0.,0.));
#3553=DIRECTION('center_axis',(0.,0.,1.));
#3554=DIRECTION('ref_axis',(-0.802864084984263,0.596162109700358,0.));
#3555=DIRECTION('center_axis',(0.,0.,-1.));
#3556=DIRECTION('ref_axis',(-0.802864084984263,0.596162109700358,0.));
#3557=DIRECTION('center_axis',(0.,0.,1.));
#3558=DIRECTION('ref_axis',(0.92696125392322,0.375157078735149,0.));
#3559=DIRECTION('',(0.,0.,1.));
#3560=DIRECTION('center_axis',(0.,0.,1.));
#3561=DIRECTION('ref_axis',(0.92696125392322,0.375157078735149,0.));
#3562=DIRECTION('',(0.,0.,1.));
#3563=DIRECTION('center_axis',(0.,0.,1.));
#3564=DIRECTION('ref_axis',(0.0375466096070415,0.999294877454606,0.));
#3565=DIRECTION('center_axis',(0.,0.,1.));
#3566=DIRECTION('ref_axis',(-0.706704266075911,0.707509067298863,0.));
#3567=DIRECTION('center_axis',(0.,0.,1.));
#3568=DIRECTION('ref_axis',(-0.706704266075911,0.707509067298863,0.));
#3569=DIRECTION('center_axis',(0.,0.,-1.));
#3570=DIRECTION('ref_axis',(0.985475785325189,0.169816007895907,0.));
#3571=DIRECTION('center_axis',(0.,0.,1.));
#3572=DIRECTION('ref_axis',(0.982725409972342,0.185069631746249,0.));
#3573=DIRECTION('center_axis',(0.,0.,-1.));
#3574=DIRECTION('ref_axis',(0.982725409972342,0.185069631746249,0.));
#3575=DIRECTION('center_axis',(-0.381098134591763,0.924534592003284,0.));
#3576=DIRECTION('ref_axis',(0.65374467944706,0.269477075267377,0.707106781186548));
#3577=DIRECTION('',(0.381098134591763,-0.924534592003284,0.));
#3578=DIRECTION('',(-0.381098134591763,0.924534592003284,0.));
#3579=DIRECTION('center_axis',(0.,0.,1.));
#3580=DIRECTION('ref_axis',(1.,0.,0.));
#3581=DIRECTION('',(-0.430946208647662,0.902377617880788,0.));
#3582=DIRECTION('center_axis',(0.,0.,-1.));
#3583=DIRECTION('ref_axis',(-0.820451522073763,-0.571716100811273,0.));
#3584=DIRECTION('center_axis',(0.430946208647663,-0.902377617880788,0.));
#3585=DIRECTION('ref_axis',(-0.638077332794467,-0.304724986461398,0.707106781186547));
#3586=DIRECTION('',(0.430946208647662,-0.902377617880788,0.));
#3587=DIRECTION('center_axis',(0.,0.,1.));
#3588=DIRECTION('ref_axis',(1.,0.,0.));
#3589=DIRECTION('center_axis',(0.,0.,1.));
#3590=DIRECTION('ref_axis',(-0.820451522073763,-0.571716100811273,0.));
#3591=DIRECTION('center_axis',(0.,0.,1.));
#3592=DIRECTION('ref_axis',(1.,0.,0.));
#3593=DIRECTION('center_axis',(0.,0.,1.));
#3594=DIRECTION('ref_axis',(0.940706370374021,0.33922194023638,0.));
#3595=DIRECTION('center_axis',(0.,0.,-1.));
#3596=DIRECTION('ref_axis',(0.940706370374021,0.33922194023638,0.));
#3597=DIRECTION('center_axis',(0.381098134591763,-0.924534592003284,0.));
#3598=DIRECTION('ref_axis',(-0.65374467944706,-0.26947707526738,0.707106781186548));
#3599=DIRECTION('',(0.381098134591763,-0.924534592003284,0.));
#3600=DIRECTION('center_axis',(0.,1.,0.));
#3601=DIRECTION('ref_axis',(-1.,0.,-3.84914846664177E-16));
#3602=DIRECTION('center_axis',(1.,0.,0.));
#3603=DIRECTION('ref_axis',(0.,-1.,-5.2887990458184E-17));
#3604=DIRECTION('',(0.381098134591763,-0.924534592003284,0.));
#3605=DIRECTION('',(-0.381098134591763,0.924534592003284,0.));
#3606=DIRECTION('center_axis',(0.,-1.,0.));
#3607=DIRECTION('ref_axis',(1.,0.,0.));
#3608=DIRECTION('',(0.,0.,1.));
#3609=DIRECTION('',(0.,0.,1.));
#3610=DIRECTION('',(1.,0.,0.));
#3611=DIRECTION('',(0.,0.,1.));
#3612=DIRECTION('center_axis',(-0.924534592003284,-0.381098134591763,0.));
#3613=DIRECTION('ref_axis',(0.381098134591763,-0.924534592003284,0.));
#3614=DIRECTION('',(0.,0.,1.));
#3615=DIRECTION('',(-0.381098134591763,0.924534592003284,0.));
#3616=DIRECTION('',(0.,0.,1.));
#3617=DIRECTION('center_axis',(0.,0.,1.));
#3618=DIRECTION('ref_axis',(0.0375466096070415,0.999294877454606,0.));
#3619=DIRECTION('center_axis',(0.,0.,1.));
#3620=DIRECTION('ref_axis',(1.,0.,0.));
#3621=DIRECTION('center_axis',(0.999294877454606,-0.0375466096070416,0.));
#3622=DIRECTION('ref_axis',(0.,0.,1.));
#3623=DIRECTION('',(0.,0.,1.));
#3624=DIRECTION('center_axis',(0.,0.,1.));
#3625=DIRECTION('ref_axis',(1.,0.,0.));
#3626=DIRECTION('center_axis',(5.35516190501585E-15,1.,0.));
#3627=DIRECTION('ref_axis',(0.707106781186547,-6.2803698347351E-15,0.707106781186548));
#3628=DIRECTION('',(-5.35516190501585E-15,-1.,0.));
#3629=DIRECTION('',(5.35516190501585E-15,1.,0.));
#3630=DIRECTION('center_axis',(0.,0.,1.));
#3631=DIRECTION('ref_axis',(1.,0.,0.));
#3632=DIRECTION('center_axis',(0.,0.,1.));
#3633=DIRECTION('ref_axis',(-0.162481312010618,-0.986711621116985,0.));
#3634=DIRECTION('center_axis',(0.,0.,-1.));
#3635=DIRECTION('ref_axis',(-0.162481312010618,-0.986711621116985,0.));
#3636=DIRECTION('center_axis',(0.,0.,1.));
#3637=DIRECTION('ref_axis',(1.,0.,0.));
#3638=DIRECTION('center_axis',(0.,0.,-1.));
#3639=DIRECTION('ref_axis',(0.986261129746922,0.165193776972154,0.));
#3640=DIRECTION('center_axis',(0.,0.,1.));
#3641=DIRECTION('ref_axis',(0.986261129746922,0.165193776972154,0.));
#3642=DIRECTION('center_axis',(0.,0.,1.));
#3643=DIRECTION('ref_axis',(-0.985374434525417,0.170403121402497,0.));
#3644=DIRECTION('center_axis',(0.,0.,1.));
#3645=DIRECTION('ref_axis',(-0.98537443453026,0.170403121374495,0.));
#3646=DIRECTION('center_axis',(0.,0.,-1.));
#3647=DIRECTION('ref_axis',(-0.98537443453026,0.170403121374495,0.));
#3648=DIRECTION('',(0.,0.,1.));
#3649=DIRECTION('center_axis',(0.,0.,1.));
#3650=DIRECTION('ref_axis',(0.0375466096070415,0.999294877454606,0.));
#3651=DIRECTION('',(0.,0.,1.));
#3652=DIRECTION('center_axis',(0.,0.,1.));
#3653=DIRECTION('ref_axis',(0.999943420060303,-0.0106375127781415,0.));
#3654=DIRECTION('',(0.,0.,1.));
#3655=DIRECTION('center_axis',(0.,0.,-1.));
#3656=DIRECTION('ref_axis',(0.999943420060303,-0.0106375127781415,0.));
#3657=DIRECTION('center_axis',(1.,-5.35516190501585E-15,0.));
#3658=DIRECTION('ref_axis',(5.35516190501585E-15,1.,0.));
#3659=DIRECTION('',(0.,0.,1.));
#3660=DIRECTION('',(-5.35516190501585E-15,-1.,0.));
#3661=DIRECTION('center_axis',(0.,0.,1.));
#3662=DIRECTION('ref_axis',(1.,0.,0.));
#3663=DIRECTION('center_axis',(0.449365882347667,0.893347806725859,0.));
#3664=DIRECTION('ref_axis',(0.631692292093984,-0.317749662641911,0.707106781186548));
#3665=DIRECTION('',(-0.449365882347667,-0.893347806725859,0.));
#3666=DIRECTION('',(0.449365882347667,0.893347806725859,0.));
#3667=DIRECTION('center_axis',(0.,0.,1.));
#3668=DIRECTION('ref_axis',(1.,0.,0.));
#3669=DIRECTION('center_axis',(0.,0.,1.));
#3670=DIRECTION('ref_axis',(-0.912530019288939,0.409009735698955,0.));
#3671=DIRECTION('center_axis',(0.,0.,-1.));
#3672=DIRECTION('ref_axis',(-0.912530019288939,0.409009735698955,0.));
#3673=DIRECTION('center_axis',(0.,0.,1.));
#3674=DIRECTION('ref_axis',(-0.709691883278165,0.704512193513421,0.));
#3675=DIRECTION('',(0.,0.,1.));
#3676=DIRECTION('center_axis',(0.,0.,-1.));
#3677=DIRECTION('ref_axis',(-0.709691883278165,0.704512193513421,0.));
#3678=DIRECTION('',(0.,0.,1.));
#3679=DIRECTION('',(0.,0.,1.));
#3680=DIRECTION('center_axis',(0.,0.,1.));
#3681=DIRECTION('ref_axis',(0.0375466096070415,0.999294877454606,0.));
#3682=DIRECTION('center_axis',(0.,0.,1.));
#3683=DIRECTION('ref_axis',(1.,0.,0.));
#3684=DIRECTION('center_axis',(0.,0.,-1.));
#3685=DIRECTION('ref_axis',(-1.,0.,0.));
#3686=DIRECTION('center_axis',(0.,0.,1.));
#3687=DIRECTION('ref_axis',(-0.984773026633763,0.173845005722274,0.));
#3688=DIRECTION('center_axis',(0.,0.,-1.));
#3689=DIRECTION('ref_axis',(-0.984773026633763,0.173845005722274,0.));
#3690=DIRECTION('center_axis',(0.68799333907934,0.72571700089116,0.));
#3691=DIRECTION('ref_axis',(0.513159412552504,-0.486484755474179,0.707106781186546));
#3692=DIRECTION('',(-0.68799333907934,-0.72571700089116,0.));
#3693=DIRECTION('center_axis',(0.818277751495506,-0.574823034861564,-2.55272707355287E-15));
#3694=DIRECTION('ref_axis',(-0.574823034861564,-0.818277751495506,-3.76236186733362E-16));
#3695=DIRECTION('',(0.68799333907934,0.72571700089116,0.));
#3696=DIRECTION('center_axis',(-0.449365882347667,-0.893347806725859,0.));
#3697=DIRECTION('ref_axis',(-0.631692292093984,0.317749662641913,0.707106781186547));
#3698=DIRECTION('',(-0.449365882347667,-0.893347806725859,0.));
#3699=DIRECTION('',(0.449365882347667,0.893347806725859,0.));
#3700=DIRECTION('center_axis',(-0.893347806725859,0.449365882347667,0.));
#3701=DIRECTION('ref_axis',(-0.449365882347667,-0.893347806725859,0.));
#3702=DIRECTION('',(0.,0.,1.));
#3703=DIRECTION('',(0.449365882347667,0.893347806725859,0.));
#3704=DIRECTION('',(0.,0.,1.));
#3705=DIRECTION('',(0.,0.,1.));
#3706=DIRECTION('center_axis',(0.,0.,1.));
#3707=DIRECTION('ref_axis',(0.0375466096070415,0.999294877454606,0.));
#3708=DIRECTION('center_axis',(0.,0.,1.));
#3709=DIRECTION('ref_axis',(1.,0.,0.));
#3710=DIRECTION('center_axis',(0.,0.,1.));
#3711=DIRECTION('ref_axis',(0.0275251899529271,0.99962111018028,0.));
#3712=DIRECTION('center_axis',(0.,0.,-1.));
#3713=DIRECTION('ref_axis',(0.571238596337184,-0.820784055677694,0.));
#3714=DIRECTION('center_axis',(0.,0.,-1.));
#3715=DIRECTION('ref_axis',(-0.0278949415000653,-0.999610860404542,0.));
#3716=DIRECTION('center_axis',(-0.924534592003284,-0.381098134591763,0.));
#3717=DIRECTION('ref_axis',(0.381098134591763,-0.924534592003284,0.));
#3718=DIRECTION('',(0.,0.,1.));
#3719=DIRECTION('',(-0.381098134591763,0.924534592003284,0.));
#3720=DIRECTION('',(0.,0.,1.));
#3721=DIRECTION('center_axis',(0.,0.,1.));
#3722=DIRECTION('ref_axis',(0.998999551240123,-0.0447202037342486,0.));
#3723=DIRECTION('center_axis',(0.,0.,-1.));
#3724=DIRECTION('ref_axis',(0.998999551240123,-0.0447202037342486,0.));
#3725=DIRECTION('center_axis',(-1.,0.,0.));
#3726=DIRECTION('ref_axis',(0.,-1.,0.));
#3727=DIRECTION('',(0.,-1.,0.));
#3728=DIRECTION('',(0.,0.,-1.));
#3729=DIRECTION('center_axis',(0.924534592003284,0.381098134591763,0.));
#3730=DIRECTION('ref_axis',(-0.381098134591763,0.924534592003284,0.));
#3731=DIRECTION('',(-0.381098134591763,0.924534592003284,0.));
#3732=DIRECTION('',(-0.381098134591763,0.924534592003284,0.));
#3733=DIRECTION('center_axis',(-0.902377617880788,-0.430946208647663,0.));
#3734=DIRECTION('ref_axis',(0.430946208647662,-0.902377617880788,0.));
#3735=DIRECTION('',(0.,0.,1.));
#3736=DIRECTION('',(-0.430946208647662,0.902377617880788,0.));
#3737=DIRECTION('',(0.,0.,1.));
#3738=DIRECTION('center_axis',(0.,0.,1.));
#3739=DIRECTION('ref_axis',(-0.91439484249829,-0.404823507238065,0.));
#3740=DIRECTION('center_axis',(0.,0.,-1.));
#3741=DIRECTION('ref_axis',(-0.91439484249829,-0.404823507238065,0.));
#3742=DIRECTION('',(0.,0.,1.));
#3743=DIRECTION('center_axis',(0.,0.,1.));
#3744=DIRECTION('ref_axis',(0.999993783885933,-0.00352593101089695,0.));
#3745=DIRECTION('',(0.,0.,1.));
#3746=DIRECTION('center_axis',(0.,0.,1.));
#3747=DIRECTION('ref_axis',(0.999993783885933,-0.00352593101089695,0.));
#3748=DIRECTION('',(0.,0.,1.));
#3749=DIRECTION('center_axis',(0.,0.,1.));
#3750=DIRECTION('ref_axis',(0.0375466096070415,0.999294877454606,0.));
#3751=DIRECTION('center_axis',(0.924534592003284,0.381098134591763,0.));
#3752=DIRECTION('ref_axis',(-0.381098134591763,0.924534592003284,0.));
#3753=DIRECTION('',(0.381098134591763,-0.924534592003284,0.));
#3754=DIRECTION('center_axis',(0.893347806725859,-0.449365882347667,0.));
#3755=DIRECTION('ref_axis',(0.449365882347667,0.893347806725859,0.));
#3756=DIRECTION('',(-0.449365882347667,-0.893347806725859,0.));
#3757=DIRECTION('center_axis',(0.,0.,1.));
#3758=DIRECTION('ref_axis',(-0.926079374179027,0.377328759466042,0.));
#3759=DIRECTION('center_axis',(0.,0.,-1.));
#3760=DIRECTION('ref_axis',(-0.926079374179027,0.377328759466042,0.));
#3761=DIRECTION('',(0.,0.,1.));
#3762=DIRECTION('center_axis',(0.,0.,1.));
#3763=DIRECTION('ref_axis',(-0.953775128331603,-0.300521221506957,0.));
#3764=DIRECTION('center_axis',(0.,0.,-1.));
#3765=DIRECTION('ref_axis',(-0.953775128331603,-0.300521221506957,0.));
#3766=DIRECTION('center_axis',(0.,0.,1.));
#3767=DIRECTION('ref_axis',(1.,0.,0.));
#3768=DIRECTION('center_axis',(0.,0.,1.));
#3769=DIRECTION('ref_axis',(-0.925492370738535,0.378766249426697,0.));
#3770=DIRECTION('',(0.,0.,1.));
#3771=DIRECTION('center_axis',(0.,0.,1.));
#3772=DIRECTION('ref_axis',(-0.925492370738535,0.378766249426697,0.));
#3773=DIRECTION('center_axis',(0.72571700089116,-0.68799333907934,0.));
#3774=DIRECTION('ref_axis',(0.68799333907934,0.72571700089116,0.));
#3775=DIRECTION('',(-0.68799333907934,-0.72571700089116,0.));
#3776=DIRECTION('center_axis',(1.,0.,0.));
#3777=DIRECTION('ref_axis',(0.,1.,0.));
#3778=DIRECTION('',(0.,-1.,0.));
#3779=DIRECTION('',(0.,0.,1.));
#3780=DIRECTION('',(0.,1.,0.));
#3781=DIRECTION('',(0.,0.,1.));
#3782=DIRECTION('center_axis',(0.,0.,1.));
#3783=DIRECTION('ref_axis',(-0.95467752366187,-0.297642110284885,0.));
#3784=DIRECTION('center_axis',(0.,0.,1.));
#3785=DIRECTION('ref_axis',(-0.95467752366187,-0.297642110284885,0.));
#3786=DIRECTION('center_axis',(0.,0.,1.));
#3787=DIRECTION('ref_axis',(-0.95467752366187,-0.297642110284885,0.));
#3788=DIRECTION('',(0.,0.,1.));
#3789=DIRECTION('center_axis',(0.72571700089116,-0.68799333907934,0.));
#3790=DIRECTION('ref_axis',(0.68799333907934,0.72571700089116,0.));
#3791=DIRECTION('',(0.68799333907934,0.72571700089116,0.));
#3792=DIRECTION('',(0.68799333907934,0.72571700089116,0.));
#3793=DIRECTION('',(0.,0.,1.));
#3794=DIRECTION('center_axis',(0.,0.,1.));
#3795=DIRECTION('ref_axis',(-0.899523519631227,0.436872335620201,0.));
#3796=DIRECTION('center_axis',(0.,0.,1.));
#3797=DIRECTION('ref_axis',(-0.899523519631227,0.436872335620201,0.));
#3798=DIRECTION('center_axis',(0.,0.,1.));
#3799=DIRECTION('ref_axis',(-0.899523519631227,0.436872335620201,0.));
#3800=DIRECTION('',(0.,0.,1.));
#3801=DIRECTION('center_axis',(0.,0.,1.));
#3802=DIRECTION('ref_axis',(0.028586613611535,0.999591319251135,0.));
#3803=DIRECTION('center_axis',(0.,0.,1.));
#3804=DIRECTION('ref_axis',(0.57030083059945,-0.821435915100854,0.));
#3805=DIRECTION('center_axis',(0.,0.,1.));
#3806=DIRECTION('ref_axis',(0.57030083059945,-0.821435915100854,0.));
#3807=DIRECTION('',(0.,0.,1.));
#3808=DIRECTION('center_axis',(0.,0.,1.));
#3809=DIRECTION('ref_axis',(0.998775400599671,-0.0494742271992904,0.));
#3810=DIRECTION('center_axis',(0.,0.,1.));
#3811=DIRECTION('ref_axis',(0.998775400599671,-0.0494742271992904,0.));
#3812=DIRECTION('center_axis',(0.,0.,1.));
#3813=DIRECTION('ref_axis',(0.998775400599671,-0.0494742271992904,0.));
#3814=DIRECTION('',(0.,0.,1.));
#3815=DIRECTION('center_axis',(0.,0.,1.));
#3816=DIRECTION('ref_axis',(-0.91439484249829,-0.404823507238065,0.));
#3817=DIRECTION('center_axis',(0.,0.,1.));
#3818=DIRECTION('ref_axis',(-0.91439484249829,-0.404823507238065,0.));
#3819=DIRECTION('center_axis',(0.,0.,1.));
#3820=DIRECTION('ref_axis',(-0.91439484249829,-0.404823507238065,0.));
#3821=DIRECTION('center_axis',(0.,0.,1.));
#3822=DIRECTION('ref_axis',(1.,0.,0.));
#3823=DIRECTION('center_axis',(0.,0.,1.));
#3824=DIRECTION('ref_axis',(1.,0.,0.));
#3825=DIRECTION('axis',(0.,0.,1.));
#3826=DIRECTION('refdir',(1.,0.,0.));
#3827=DIRECTION('center_axis',(0.,-1.,0.));
#3828=DIRECTION('ref_axis',(0.709756020756118,0.,-0.704447578603576));
#3829=DIRECTION('',(0.,-1.,0.));
#3830=DIRECTION('center_axis',(0.,1.,0.));
#3831=DIRECTION('ref_axis',(0.709756020756118,0.,-0.704447578603576));
#3832=DIRECTION('',(0.,-1.,0.));
#3833=DIRECTION('center_axis',(0.,-1.,0.));
#3834=DIRECTION('ref_axis',(0.487663561697134,0.,-0.873031643523226));
#3835=DIRECTION('',(0.,-1.,0.));
#3836=DIRECTION('center_axis',(0.,1.,0.));
#3837=DIRECTION('ref_axis',(0.487663561697134,0.,-0.873031643523226));
#3838=DIRECTION('center_axis',(0.,1.,0.));
#3839=DIRECTION('ref_axis',(1.,0.,0.));
#3840=DIRECTION('',(0.,0.,-1.));
#3841=DIRECTION('center_axis',(0.,1.,0.));
#3842=DIRECTION('ref_axis',(-0.0014679811700483,0.,-0.999998922515062));
#3843=DIRECTION('center_axis',(0.,1.,0.));
#3844=DIRECTION('ref_axis',(1.,0.,0.));
#3845=DIRECTION('',(1.,0.,0.));
#3846=DIRECTION('center_axis',(0.,1.,0.));
#3847=DIRECTION('ref_axis',(-0.0014679811700483,0.,-0.999998922515062));
#3848=DIRECTION('center_axis',(0.,1.,0.));
#3849=DIRECTION('ref_axis',(1.,0.,0.));
#3850=DIRECTION('',(0.,0.,1.));
#3851=DIRECTION('center_axis',(0.,1.,0.));
#3852=DIRECTION('ref_axis',(-0.0014679811700483,0.,-0.999998922515062));
#3853=DIRECTION('',(0.,-1.,0.));
#3854=DIRECTION('',(0.,1.,0.));
#3855=DIRECTION('center_axis',(1.,0.,0.));
#3856=DIRECTION('ref_axis',(0.,-0.995881275887889,-0.0906668866561056));
#3857=DIRECTION('center_axis',(0.,0.,-1.));
#3858=DIRECTION('ref_axis',(-1.,0.,0.));
#3859=DIRECTION('center_axis',(0.,0.,-1.));
#3860=DIRECTION('ref_axis',(1.,0.,0.));
#3861=DIRECTION('',(0.,0.,-1.));
#3862=DIRECTION('center_axis',(0.,0.,-1.));
#3863=DIRECTION('ref_axis',(-1.,0.,0.));
#3864=DIRECTION('center_axis',(0.,0.,-1.));
#3865=DIRECTION('ref_axis',(-1.,0.,0.));
#3866=DIRECTION('center_axis',(0.,0.,-1.));
#3867=DIRECTION('ref_axis',(1.,0.,0.));
#3868=DIRECTION('center_axis',(0.,0.,-1.));
#3869=DIRECTION('ref_axis',(1.,0.,0.));
#3870=DIRECTION('center_axis',(0.,1.,0.));
#3871=DIRECTION('ref_axis',(-1.,0.,0.));
#3872=DIRECTION('center_axis',(0.,0.,1.));
#3873=DIRECTION('ref_axis',(1.,0.,0.));
#3874=DIRECTION('center_axis',(0.,1.,0.));
#3875=DIRECTION('ref_axis',(1.,0.,0.));
#3876=DIRECTION('center_axis',(0.,-1.,0.));
#3877=DIRECTION('ref_axis',(1.,0.,0.));
#3878=DIRECTION('center_axis',(0.,1.,0.));
#3879=DIRECTION('ref_axis',(-1.,0.,0.));
#3880=DIRECTION('center_axis',(0.,0.,1.));
#3881=DIRECTION('ref_axis',(1.,0.,0.));
#3882=DIRECTION('center_axis',(0.,1.,0.));
#3883=DIRECTION('ref_axis',(1.,0.,0.));
#3884=DIRECTION('center_axis',(0.,-1.,0.));
#3885=DIRECTION('ref_axis',(1.,0.,0.));
#3886=DIRECTION('center_axis',(0.,-1.,0.));
#3887=DIRECTION('ref_axis',(0.,0.,-1.));
#3888=DIRECTION('center_axis',(0.195939165587623,0.,-0.98061605299364));
#3889=DIRECTION('ref_axis',(0.,-1.,0.));
#3890=DIRECTION('center_axis',(0.,-1.,0.));
#3891=DIRECTION('ref_axis',(-0.864574683069721,0.,-0.502504345647768));
#3892=DIRECTION('center_axis',(-0.875161656944786,0.,0.483830625543336));
#3893=DIRECTION('ref_axis',(-0.483830625543336,0.,-0.875161656944786));
#3894=DIRECTION('center_axis',(0.,1.,0.));
#3895=DIRECTION('ref_axis',(-0.864574683069721,0.,-0.502504345647767));
#3896=DIRECTION('center_axis',(0.,-1.,0.));
#3897=DIRECTION('ref_axis',(0.,0.,-1.));
#3898=DIRECTION('center_axis',(0.,1.,0.));
#3899=DIRECTION('ref_axis',(-0.446277074238148,0.,-0.894894839078558));
#3900=DIRECTION('center_axis',(0.,-1.,0.));
#3901=DIRECTION('ref_axis',(-0.446277074238148,0.,-0.894894839078558));
#3902=DIRECTION('center_axis',(-0.0128009757262919,0.,-0.999918064153486));
#3903=DIRECTION('ref_axis',(0.,-1.,0.));
#3904=DIRECTION('center_axis',(0.,-1.,0.));
#3905=DIRECTION('ref_axis',(0.,0.,-1.));
#3906=DIRECTION('center_axis',(0.,-1.,0.));
#3907=DIRECTION('ref_axis',(0.346526000974456,0.,-0.938040367280988));
#3908=DIRECTION('center_axis',(-0.904609621648277,0.,-0.426241049667159));
#3909=DIRECTION('ref_axis',(0.426241049667159,0.,-0.904609621648277));
#3910=DIRECTION('center_axis',(0.,1.,0.));
#3911=DIRECTION('ref_axis',(0.346526000974456,0.,-0.938040367280988));
#3912=DIRECTION('center_axis',(0.,-1.,0.));
#3913=DIRECTION('ref_axis',(0.,0.,-1.));
#3914=DIRECTION('center_axis',(0.032327837032054,0.,-0.999477318878637));
#3915=DIRECTION('ref_axis',(0.999477318878637,0.,0.032327837032054));
#3916=DIRECTION('center_axis',(0.,1.,0.));
#3917=DIRECTION('ref_axis',(0.853012993436684,0.,-0.521889675150014));
#3918=DIRECTION('center_axis',(0.,-1.,0.));
#3919=DIRECTION('ref_axis',(0.853012993436684,0.,-0.521889675150014));
#3920=DIRECTION('center_axis',(0.,-1.,0.));
#3921=DIRECTION('ref_axis',(0.,0.,-1.));
#3922=DIRECTION('center_axis',(0.766442564709572,0.,-0.642312848230061));
#3923=DIRECTION('ref_axis',(0.642312848230061,0.,0.766442564709572));
#3924=DIRECTION('center_axis',(0.,1.,0.));
#3925=DIRECTION('ref_axis',(0.899221800531972,0.,0.437493032456563));
#3926=DIRECTION('center_axis',(0.,-1.,0.));
#3927=DIRECTION('ref_axis',(0.899221800531972,0.,0.437493032456563));
#3928=DIRECTION('center_axis',(0.,-1.,0.));
#3929=DIRECTION('ref_axis',(0.00651922981667297,0.,0.999978749595509));
#3930=DIRECTION('center_axis',(0.774752008720088,0.,0.632265233097778));
#3931=DIRECTION('ref_axis',(-0.632265233097778,0.,0.774752008720088));
#3932=DIRECTION('center_axis',(0.,1.,0.));
#3933=DIRECTION('ref_axis',(0.0065192298166731,0.,0.999978749595509));
#3934=DIRECTION('center_axis',(0.,-1.,0.));
#3935=DIRECTION('ref_axis',(0.0065192298166731,0.,0.999978749595509));
#3936=DIRECTION('center_axis',(0.,-1.,0.));
#3937=DIRECTION('ref_axis',(0.,0.,-1.));
#3938=DIRECTION('center_axis',(0.0430025471861197,0.,0.999074962620676));
#3939=DIRECTION('ref_axis',(-0.999074962620676,2.62591880606993E-13,0.0430025471861197));
#3940=DIRECTION('center_axis',(0.,1.,0.));
#3941=DIRECTION('ref_axis',(-0.900641295397538,0.,0.434563294612701));
#3942=DIRECTION('center_axis',(0.,-1.,0.));
#3943=DIRECTION('ref_axis',(-0.900641295397538,0.,0.4345632946127));
#3944=DIRECTION('center_axis',(0.,-1.,0.));
#3945=DIRECTION('ref_axis',(0.42624104966716,0.,-0.904609621648276));
#3946=DIRECTION('',(0.,-1.,0.));
#3947=DIRECTION('center_axis',(0.,-1.,0.));
#3948=DIRECTION('ref_axis',(-0.483830625543336,0.,-0.875161656944786));
#3949=DIRECTION('center_axis',(0.,-1.,0.));
#3950=DIRECTION('ref_axis',(-0.999918287055635,0.,0.0127835523906757));
#3951=DIRECTION('',(0.,-1.,0.));
#3952=DIRECTION('center_axis',(0.,-1.,0.));
#3953=DIRECTION('ref_axis',(-0.632265233097781,0.,0.774752008720086));
#3954=DIRECTION('',(0.,-1.,0.));
#3955=DIRECTION('center_axis',(0.,-1.,0.));
#3956=DIRECTION('ref_axis',(0.642312848230062,0.,0.766442564709571));
#3957=DIRECTION('',(0.,-1.,0.));
#3958=DIRECTION('center_axis',(0.,-1.,0.));
#3959=DIRECTION('ref_axis',(0.999477318878637,0.,0.0323278370320551));
#3960=DIRECTION('',(0.,-1.,0.));
#3961=DIRECTION('center_axis',(0.,-1.,0.));
#3962=DIRECTION('ref_axis',(0.42624104966716,0.,-0.904609621648276));
#3963=DIRECTION('center_axis',(0.,-1.,0.));
#3964=DIRECTION('ref_axis',(0.,0.,-1.));
#3965=DIRECTION('center_axis',(-0.0430025471861237,0.,0.999074962620676));
#3966=DIRECTION('ref_axis',(0.,-1.,0.));
#3967=DIRECTION('center_axis',(0.,-1.,0.));
#3968=DIRECTION('ref_axis',(0.900641295397538,0.,0.434563294612701));
#3969=DIRECTION('center_axis',(0.774752008720086,0.,-0.632265233097781));
#3970=DIRECTION('ref_axis',(0.632265233097781,0.,0.774752008720086));
#3971=DIRECTION('center_axis',(0.,1.,0.));
#3972=DIRECTION('ref_axis',(0.900641295397538,0.,0.434563294612701));
#3973=DIRECTION('center_axis',(0.,-1.,0.));
#3974=DIRECTION('ref_axis',(-0.00651922981667349,0.,0.999978749595509));
#3975=DIRECTION('center_axis',(0.766442564709568,0.,0.642312848230066));
#3976=DIRECTION('ref_axis',(-0.642312848230066,0.,0.766442564709568));
#3977=DIRECTION('center_axis',(0.,1.,0.));
#3978=DIRECTION('ref_axis',(-0.00651922981667311,0.,0.999978749595509));
#3979=DIRECTION('center_axis',(0.,-1.,0.));
#3980=DIRECTION('ref_axis',(-0.00651922981667311,0.,0.999978749595509));
#3981=DIRECTION('center_axis',(0.,-1.,0.));
#3982=DIRECTION('ref_axis',(0.,0.,-1.));
#3983=DIRECTION('center_axis',(0.032327837032054,0.,0.999477318878637));
#3984=DIRECTION('ref_axis',(-0.999477318878637,0.,0.032327837032054));
#3985=DIRECTION('center_axis',(0.,1.,0.));
#3986=DIRECTION('ref_axis',(-0.899221800531972,0.,0.437493032456563));
#3987=DIRECTION('center_axis',(0.,-1.,0.));
#3988=DIRECTION('ref_axis',(-0.899221800531972,0.,0.437493032456563));
#3989=DIRECTION('center_axis',(0.,-1.,0.));
#3990=DIRECTION('ref_axis',(0.,0.,-1.));
#3991=DIRECTION('center_axis',(-0.904609621648275,0.,0.426241049667163));
#3992=DIRECTION('ref_axis',(-0.426241049667163,0.,-0.904609621648275));
#3993=DIRECTION('center_axis',(0.,1.,0.));
#3994=DIRECTION('ref_axis',(-0.853012993436684,0.,-0.521889675150014));
#3995=DIRECTION('center_axis',(0.,-1.,0.));
#3996=DIRECTION('ref_axis',(-0.853012993436684,0.,-0.521889675150014));
#3997=DIRECTION('center_axis',(0.,-1.,0.));
#3998=DIRECTION('ref_axis',(0.,0.,-1.));
#3999=DIRECTION('center_axis',(0.,1.,0.));
#4000=DIRECTION('ref_axis',(-0.346526000974452,0.,-0.93804036728099));
#4001=DIRECTION('center_axis',(0.,-1.,0.));
#4002=DIRECTION('ref_axis',(-0.346526000974452,0.,-0.93804036728099));
#4003=DIRECTION('center_axis',(-0.0128009757262842,0.,0.999918064153486));
#4004=DIRECTION('ref_axis',(0.,-1.,0.));
#4005=DIRECTION('center_axis',(0.,-1.,0.));
#4006=DIRECTION('ref_axis',(0.,0.,-1.));
#4007=DIRECTION('center_axis',(-0.875161656944786,0.,-0.483830625543337));
#4008=DIRECTION('ref_axis',(0.483830625543337,0.,-0.875161656944786));
#4009=DIRECTION('center_axis',(0.,1.,0.));
#4010=DIRECTION('ref_axis',(0.446277074238148,0.,-0.894894839078558));
#4011=DIRECTION('center_axis',(0.,-1.,0.));
#4012=DIRECTION('ref_axis',(0.446277074238148,0.,-0.894894839078558));
#4013=DIRECTION('center_axis',(0.,-1.,0.));
#4014=DIRECTION('ref_axis',(0.,0.,-1.));
#4015=DIRECTION('center_axis',(-0.195939165587626,0.,-0.98061605299364));
#4016=DIRECTION('ref_axis',(0.98061605299364,3.07695897746547E-11,-0.195939165587626));
#4017=DIRECTION('center_axis',(0.,1.,0.));
#4018=DIRECTION('ref_axis',(0.864574683069721,0.,-0.502504345647768));
#4019=DIRECTION('center_axis',(0.,-1.,0.));
#4020=DIRECTION('ref_axis',(0.864574683069721,0.,-0.502504345647768));
#4021=DIRECTION('center_axis',(0.,-1.,0.));
#4022=DIRECTION('ref_axis',(0.483830625543339,0.,-0.875161656944785));
#4023=DIRECTION('',(0.,-1.,0.));
#4024=DIRECTION('center_axis',(0.,-1.,0.));
#4025=DIRECTION('ref_axis',(-0.426241049667162,0.,-0.904609621648276));
#4026=DIRECTION('',(0.,-1.,0.));
#4027=DIRECTION('center_axis',(0.,-1.,0.));
#4028=DIRECTION('ref_axis',(-0.999477318878637,0.,0.0323278370320552));
#4029=DIRECTION('',(0.,-1.,0.));
#4030=DIRECTION('center_axis',(0.,-1.,0.));
#4031=DIRECTION('ref_axis',(-0.642312848230065,0.,0.766442564709569));
#4032=DIRECTION('',(0.,-1.,0.));
#4033=DIRECTION('center_axis',(0.,-1.,0.));
#4034=DIRECTION('ref_axis',(0.632265233097781,0.,0.774752008720086));
#4035=DIRECTION('center_axis',(0.,-1.,0.));
#4036=DIRECTION('ref_axis',(0.999918287055635,0.,0.01278355239068));
#4037=DIRECTION('',(0.,-1.,0.));
#4038=DIRECTION('center_axis',(0.,-1.,0.));
#4039=DIRECTION('ref_axis',(0.483830625543339,0.,-0.875161656944785));
#4040=DIRECTION('center_axis',(0.,1.,0.));
#4041=DIRECTION('ref_axis',(1.,0.,0.));
#4042=DIRECTION('',(-1.,0.,0.));
#4043=DIRECTION('center_axis',(1.,0.,0.));
#4044=DIRECTION('ref_axis',(0.,-0.640999660411359,0.767541161992321));
#4045=DIRECTION('',(-1.,0.,0.));
#4046=DIRECTION('center_axis',(1.,0.,0.));
#4047=DIRECTION('ref_axis',(0.,-0.640999660411359,0.767541161992321));
#4048=DIRECTION('',(1.,0.,0.));
#4049=DIRECTION('',(-1.,0.,0.));
#4050=DIRECTION('center_axis',(1.,0.,0.));
#4051=DIRECTION('ref_axis',(0.,-0.72845292608626,0.685095857874185));
#4052=DIRECTION('center_axis',(0.,1.,0.));
#4053=DIRECTION('ref_axis',(1.,0.,0.));
#4054=DIRECTION('center_axis',(1.,0.,0.));
#4055=DIRECTION('ref_axis',(0.,-0.640999660411359,0.767541161992321));
#4056=DIRECTION('',(-1.,0.,0.));
#4057=DIRECTION('center_axis',(0.,0.,1.));
#4058=DIRECTION('ref_axis',(1.,0.,0.));
#4059=DIRECTION('center_axis',(0.,-1.,0.));
#4060=DIRECTION('ref_axis',(-1.,0.,0.));
#4061=DIRECTION('center_axis',(-6.06619691750164E-15,-1.,1.33384552552947E-15));
#4062=DIRECTION('ref_axis',(-0.548170123146925,4.44089209850061E-15,0.836366854968013));
#4063=DIRECTION('center_axis',(1.81339103022373E-14,-1.,4.03501629128498E-15));
#4064=DIRECTION('ref_axis',(0.85139592998643,1.33226762955019E-14,-0.524523565154648));
#4065=DIRECTION('center_axis',(0.,-1.,0.));
#4066=DIRECTION('ref_axis',(0.,0.,-1.));
#4067=DIRECTION('center_axis',(0.,-1.,0.));
#4068=DIRECTION('ref_axis',(-0.123947693485216,0.,-0.992288752974503));
#4069=DIRECTION('center_axis',(-0.721718084209775,0.,-0.692187118432994));
#4070=DIRECTION('ref_axis',(0.692187118432995,0.,-0.721718084209775));
#4071=DIRECTION('center_axis',(0.,1.,0.));
#4072=DIRECTION('ref_axis',(-0.123947693485216,0.,-0.992288752974503));
#4073=DIRECTION('center_axis',(0.,-1.,0.));
#4074=DIRECTION('ref_axis',(0.,0.,-1.));
#4075=DIRECTION('center_axis',(0.,1.,0.));
#4076=DIRECTION('ref_axis',(0.778063992502101,0.,-0.628185023358318));
#4077=DIRECTION('center_axis',(0.,-1.,0.));
#4078=DIRECTION('ref_axis',(0.778063992502101,0.,-0.628185023358318));
#4079=DIRECTION('center_axis',(0.,-1.,0.));
#4080=DIRECTION('ref_axis',(0.000287801251552879,0.,0.999999958585219));
#4081=DIRECTION('center_axis',(0.,1.,0.));
#4082=DIRECTION('ref_axis',(0.000287801251552486,0.,0.999999958585219));
#4083=DIRECTION('center_axis',(0.,-1.,0.));
#4084=DIRECTION('ref_axis',(0.000287801251552486,0.,0.999999958585219));
#4085=DIRECTION('center_axis',(0.,-1.,0.));
#4086=DIRECTION('ref_axis',(-0.848449894565446,0.,-0.529275709259251));
#4087=DIRECTION('',(0.,-1.,0.));
#4088=DIRECTION('',(0.,-1.,0.));
#4089=DIRECTION('center_axis',(0.,-1.,0.));
#4090=DIRECTION('ref_axis',(-0.548170123146927,0.,0.836366854968012));
#4091=DIRECTION('',(0.,-1.,0.));
#4092=DIRECTION('center_axis',(0.,-1.,0.));
#4093=DIRECTION('ref_axis',(0.548651447172842,0.,0.83605118833427));
#4094=DIRECTION('',(0.,-1.,0.));
#4095=DIRECTION('center_axis',(0.,1.,0.));
#4096=DIRECTION('ref_axis',(1.,0.,0.));
#4097=DIRECTION('center_axis',(0.,-1.,0.));
#4098=DIRECTION('ref_axis',(0.85139592998643,0.,-0.524523565154647));
#4099=DIRECTION('',(0.,-1.,0.));
#4100=DIRECTION('center_axis',(0.,-1.,0.));
#4101=DIRECTION('ref_axis',(0.692187118432994,0.,-0.721718084209775));
#4102=DIRECTION('center_axis',(0.,0.,1.));
#4103=DIRECTION('ref_axis',(1.,0.,0.));
#4104=DIRECTION('center_axis',(1.,0.,0.));
#4105=DIRECTION('ref_axis',(0.,-0.995881275887889,-0.0906668866561056));
#4106=DIRECTION('',(1.,0.,0.));
#4107=DIRECTION('center_axis',(0.,0.,-1.));
#4108=DIRECTION('ref_axis',(-1.,0.,0.));
#4109=DIRECTION('',(-1.,0.,0.));
#4110=DIRECTION('',(1.,0.,0.));
#4111=DIRECTION('',(-1.,0.,0.));
#4112=DIRECTION('center_axis',(0.,0.,1.));
#4113=DIRECTION('ref_axis',(1.,0.,0.));
#4114=DIRECTION('center_axis',(1.,0.,0.));
#4115=DIRECTION('ref_axis',(0.,0.251174085617774,0.967941929412129));
#4116=DIRECTION('center_axis',(1.,0.,0.));
#4117=DIRECTION('ref_axis',(0.,0.251174085617774,0.967941929412129));
#4118=DIRECTION('center_axis',(1.,0.,0.));
#4119=DIRECTION('ref_axis',(0.,-0.356931934791712,0.934130394498458));
#4120=DIRECTION('center_axis',(1.,0.,0.));
#4121=DIRECTION('ref_axis',(0.,0.822639404322602,-0.56856346211813));
#4122=DIRECTION('center_axis',(0.,0.,1.));
#4123=DIRECTION('ref_axis',(-1.,0.,0.));
#4124=DIRECTION('center_axis',(0.,1.,0.));
#4125=DIRECTION('ref_axis',(-0.561394730553142,0.,-0.8275481596301));
#4126=DIRECTION('',(0.,-1.,0.));
#4127=DIRECTION('center_axis',(0.,1.,0.));
#4128=DIRECTION('ref_axis',(-0.92757465340151,0.,-0.373637875980297));
#4129=DIRECTION('',(0.,1.,0.));
#4130=DIRECTION('center_axis',(0.,1.,0.));
#4131=DIRECTION('ref_axis',(-0.561394730553142,0.,-0.8275481596301));
#4132=DIRECTION('center_axis',(0.,1.,0.));
#4133=DIRECTION('ref_axis',(0.983100977282631,0.,0.183064110261779));
#4134=DIRECTION('',(0.,-1.,0.));
#4135=DIRECTION('center_axis',(0.,1.,0.));
#4136=DIRECTION('ref_axis',(0.822633487206095,0.,0.568572023341933));
#4137=DIRECTION('',(0.,1.,0.));
#4138=DIRECTION('center_axis',(0.,1.,0.));
#4139=DIRECTION('ref_axis',(0.902905273280854,0.,0.429839583428081));
#4140=DIRECTION('center_axis',(3.29497633924231E-15,1.,-7.33992094165029E-15));
#4141=DIRECTION('ref_axis',(-0.824579042735489,6.86950496486813E-15,0.565746765153301));
#4142=DIRECTION('center_axis',(0.565746765153305,0.,0.824579042735487));
#4143=DIRECTION('ref_axis',(-0.583065432742574,0.707106781186547,0.400043374074256));
#4144=DIRECTION('',(-0.565746765153305,0.,-0.824579042735486));
#4145=DIRECTION('',(0.565746765153305,0.,0.824579042735486));
#4146=DIRECTION('center_axis',(0.,1.,0.));
#4147=DIRECTION('ref_axis',(0.,0.,1.));
#4148=DIRECTION('center_axis',(0.,1.,0.));
#4149=DIRECTION('ref_axis',(0.999984641156729,0.,0.00554233259996232));
#4150=DIRECTION('center_axis',(0.,-1.,0.));
#4151=DIRECTION('ref_axis',(0.999984641156729,0.,0.00554233259996232));
#4152=DIRECTION('center_axis',(0.,1.,0.));
#4153=DIRECTION('ref_axis',(1.,0.,0.));
#4154=DIRECTION('center_axis',(-1.55740506369249E-14,1.,-3.56822176639726E-14));
#4155=DIRECTION('ref_axis',(-0.915790808802078,6.93889390390724E-17,0.40165556701437));
#4156=DIRECTION('center_axis',(0.,1.,0.));
#4157=DIRECTION('ref_axis',(0.,0.,1.));
#4158=DIRECTION('center_axis',(0.,-1.,0.));
#4159=DIRECTION('ref_axis',(-0.999858812163597,0.,0.0168034442541058));
#4160=DIRECTION('center_axis',(0.,1.,0.));
#4161=DIRECTION('ref_axis',(-0.999858812163597,0.,0.0168034442541058));
#4162=DIRECTION('center_axis',(0.565746765153305,0.,-0.824579042735487));
#4163=DIRECTION('ref_axis',(0.583065432742573,0.707106781186548,0.400043374074256));
#4164=DIRECTION('',(0.565746765153305,0.,-0.824579042735486));
#4165=DIRECTION('',(-0.565746765153305,0.,0.824579042735486));
#4166=DIRECTION('center_axis',(0.,1.,0.));
#4167=DIRECTION('ref_axis',(1.,0.,0.));
#4168=DIRECTION('center_axis',(-2.10020474169521E-15,-1.,4.78855107958234E-15));
#4169=DIRECTION('ref_axis',(0.91579080880207,0.,0.401655567014388));
#4170=DIRECTION('center_axis',(0.,-1.,0.));
#4171=DIRECTION('ref_axis',(0.0938689346584369,0.,0.995584563513361));
#4172=DIRECTION('',(0.,-1.,0.));
#4173=DIRECTION('',(0.,1.,0.));
#4174=DIRECTION('center_axis',(-1.7587200444081E-15,1.,1.01922738662823E-14));
#4175=DIRECTION('ref_axis',(-0.824579042735486,-7.21644966006355E-15,0.565746765153306));
#4176=DIRECTION('center_axis',(0.,-1.,0.));
#4177=DIRECTION('ref_axis',(0.187272917008727,0.,0.982307922473927));
#4178=DIRECTION('center_axis',(0.,-1.,0.));
#4179=DIRECTION('ref_axis',(0.187272917008727,0.,0.982307922473927));
#4180=DIRECTION('',(0.,-1.,0.));
#4181=DIRECTION('',(0.,1.,0.));
#4182=DIRECTION('center_axis',(0.,1.,0.));
#4183=DIRECTION('ref_axis',(1.,0.,0.));
#4184=DIRECTION('',(-0.565746765153304,0.,-0.824579042735487));
#4185=DIRECTION('',(0.717108299993421,0.,-0.696961753671279));
#4186=DIRECTION('center_axis',(0.,1.,0.));
#4187=DIRECTION('ref_axis',(0.964389593867974,0.,0.264485748650405));
#4188=DIRECTION('center_axis',(0.824579042735487,0.,-0.565746765153304));
#4189=DIRECTION('ref_axis',(0.565746765153304,0.,0.824579042735487));
#4190=DIRECTION('',(0.565746765153304,0.,0.824579042735487));
#4191=DIRECTION('',(0.,-1.,0.));
#4192=DIRECTION('center_axis',(0.,-1.,0.));
#4193=DIRECTION('ref_axis',(0.902773337549823,0.,0.430116613268023));
#4194=DIRECTION('center_axis',(0.,-1.,0.));
#4195=DIRECTION('ref_axis',(0.999841096953179,0.,0.0178264085969166));
#4196=DIRECTION('center_axis',(0.,-1.,0.));
#4197=DIRECTION('ref_axis',(0.,0.,-1.));
#4198=DIRECTION('center_axis',(0.,-1.,0.));
#4199=DIRECTION('ref_axis',(0.,0.,1.));
#4200=DIRECTION('center_axis',(0.565746765153304,0.,0.824579042735487));
#4201=DIRECTION('ref_axis',(0.583065432742573,-0.707106781186547,-0.400043374074258));
#4202=DIRECTION('',(0.565746765153304,0.,0.824579042735487));
#4203=DIRECTION('center_axis',(-0.696961753671279,0.,-0.717108299993421));
#4204=DIRECTION('ref_axis',(0.717108299993421,6.38314802112131E-16,-0.696961753671279));
#4205=DIRECTION('center_axis',(-0.565746765153305,0.,-0.824579042735487));
#4206=DIRECTION('ref_axis',(-0.583065432742577,-0.707106781186546,0.400043374074253));
#4207=DIRECTION('',(-0.565746765153305,0.,-0.824579042735486));
#4208=DIRECTION('center_axis',(-2.62525592711906E-15,-1.,-5.98568884947795E-15));
#4209=DIRECTION('ref_axis',(0.82457904273548,-5.55111512312589E-15,0.565746765153314));
#4210=DIRECTION('center_axis',(0.,1.,0.));
#4211=DIRECTION('ref_axis',(-0.0938689346584335,0.,0.995584563513362));
#4212=DIRECTION('',(0.,-1.,0.));
#4213=DIRECTION('',(0.,1.,0.));
#4214=DIRECTION('center_axis',(2.69034806129628E-15,1.,1.17780250430358E-14));
#4215=DIRECTION('ref_axis',(-0.974890356148587,0.,0.222685413730854));
#4216=DIRECTION('center_axis',(0.,-1.,0.));
#4217=DIRECTION('ref_axis',(-0.187272917008706,0.,0.982307922473931));
#4218=DIRECTION('center_axis',(0.,-1.,0.));
#4219=DIRECTION('ref_axis',(-0.187272917008706,0.,0.982307922473931));
#4220=DIRECTION('',(0.,-1.,0.));
#4221=DIRECTION('',(0.,1.,0.));
#4222=DIRECTION('center_axis',(0.,1.,0.));
#4223=DIRECTION('ref_axis',(1.,0.,0.));
#4224=DIRECTION('center_axis',(0.,1.,0.));
#4225=DIRECTION('ref_axis',(-0.952350849763584,0.,-0.305004686774778));
#4226=DIRECTION('',(-0.717108299993421,0.,-0.696961753671279));
#4227=DIRECTION('',(-0.717108299993421,0.,-0.696961753671279));
#4228=DIRECTION('',(0.565746765153304,0.,-0.824579042735487));
#4229=DIRECTION('center_axis',(0.,-1.,0.));
#4230=DIRECTION('ref_axis',(-0.952350849763584,0.,-0.305004686774778));
#4231=DIRECTION('center_axis',(0.,1.,0.));
#4232=DIRECTION('ref_axis',(-0.999776635590878,0.,-0.0211347800221442));
#4233=DIRECTION('',(0.,-1.,0.));
#4234=DIRECTION('center_axis',(0.824579042735487,0.,0.565746765153305));
#4235=DIRECTION('ref_axis',(-0.565746765153305,0.,0.824579042735486));
#4236=DIRECTION('',(-0.565746765153305,0.,0.824579042735486));
#4237=DIRECTION('center_axis',(-0.565746765153305,0.,0.824579042735487));
#4238=DIRECTION('ref_axis',(0.583065432742573,-0.707106781186549,0.400043374074255));
#4239=DIRECTION('',(0.565746765153304,0.,-0.824579042735487));
#4240=DIRECTION('center_axis',(0.,1.,0.));
#4241=DIRECTION('ref_axis',(0.,0.,1.));
#4242=DIRECTION('center_axis',(0.,-1.,0.));
#4243=DIRECTION('ref_axis',(0.,0.,1.));
#4244=DIRECTION('center_axis',(0.,-1.,0.));
#4245=DIRECTION('ref_axis',(0.,0.,-1.));
#4246=DIRECTION('center_axis',(0.,-1.,0.));
#4247=DIRECTION('ref_axis',(-0.999576904624496,0.,0.0290862809811096));
#4248=DIRECTION('center_axis',(-0.824579042735487,0.,0.565746765153305));
#4249=DIRECTION('ref_axis',(-0.565746765153305,0.,-0.824579042735486));
#4250=DIRECTION('center_axis',(0.,-1.,0.));
#4251=DIRECTION('ref_axis',(-0.901577051076716,0.,-0.43261856290711));
#4252=DIRECTION('center_axis',(0.,1.,0.));
#4253=DIRECTION('ref_axis',(0.,0.,1.));
#4254=DIRECTION('center_axis',(0.,1.,0.));
#4255=DIRECTION('ref_axis',(0.999776635590878,0.,-0.0211347800221442));
#4256=DIRECTION('center_axis',(0.,-1.,0.));
#4257=DIRECTION('ref_axis',(0.964389593867974,0.,0.264485748650405));
#4258=DIRECTION('',(0.,-1.,0.));
#4259=DIRECTION('center_axis',(0.696698739839473,0.236879317683027,0.677125582709821));
#4260=DIRECTION('ref_axis',(-0.696961753671283,-2.22044604925032E-15,0.717108299993418));
#4261=DIRECTION('center_axis',(-0.696961753671279,0.,0.717108299993421));
#4262=DIRECTION('ref_axis',(-0.717108299993421,0.,-0.696961753671279));
#4263=DIRECTION('center_axis',(0.696961753671279,0.,-0.717108299993421));
#4264=DIRECTION('ref_axis',(-0.717108299993421,3.92107664154595E-15,-0.696961753671279));
#4265=DIRECTION('',(0.,-1.,0.));
#4266=DIRECTION('center_axis',(0.565746765153304,0.,-0.824579042735487));
#4267=DIRECTION('ref_axis',(-0.583065432742577,-0.707106781186548,-0.40004337407425));
#4268=DIRECTION('',(0.565746765153304,0.,-0.824579042735487));
#4269=DIRECTION('center_axis',(-0.824579042735487,0.,-0.565746765153304));
#4270=DIRECTION('ref_axis',(0.565746765153304,0.,-0.824579042735487));
#4271=DIRECTION('center_axis',(0.696961753671279,0.,0.717108299993421));
#4272=DIRECTION('ref_axis',(-0.717108299993421,0.,0.696961753671279));
#4273=DIRECTION('center_axis',(-0.696961753671279,0.,0.717108299993421));
#4274=DIRECTION('ref_axis',(-0.717108299993421,0.,-0.696961753671279));
#4275=DIRECTION('center_axis',(0.,0.,-1.));
#4276=DIRECTION('ref_axis',(-1.,0.,0.));
#4277=DIRECTION('center_axis',(0.,0.,-1.));
#4278=DIRECTION('ref_axis',(1.,0.,0.));
#4279=DIRECTION('center_axis',(1.,0.,0.));
#4280=DIRECTION('ref_axis',(0.,0.500175635672342,-0.865923976732235));
#4281=DIRECTION('',(0.,0.,1.));
#4282=DIRECTION('',(1.,0.,0.));
#4283=DIRECTION('',(6.42336762356529E-16,-7.48793916287965E-31,0.999999999999998));
#4284=DIRECTION('',(1.,1.97215226305253E-31,-5.5511151231258E-17));
#4285=CARTESIAN_POINT('',(0.,0.,0.));
#4286=CARTESIAN_POINT('',(0.,0.,0.));
#4287=CARTESIAN_POINT('Origin',(-75.6371952538931,-82.9473779085281,3.));
#4288=CARTESIAN_POINT('',(7.14712926027876,-7.13175667833384,3.));
#4289=CARTESIAN_POINT('',(26.4893399101018,-36.3488412020465,3.));
#4290=CARTESIAN_POINT('Origin',(-75.6371952538931,-82.9473779085281,3.));
#4291=CARTESIAN_POINT('',(28.3088804293068,-35.5186169558508,5.));
#4292=CARTESIAN_POINT('Origin',(28.3088804293068,-35.5186169558508,3.));
#4293=CARTESIAN_POINT('',(8.91515768487559,-6.1022503599215,5.));
#4294=CARTESIAN_POINT('Origin',(-75.6371952538931,-82.9473779085281,5.));
#4295=CARTESIAN_POINT('Ctrl Pts',(8.91515768487559,-6.1022503599215,5.));
#4296=CARTESIAN_POINT('Ctrl Pts',(8.91329524471927,-6.10334753307794,5.));
#4297=CARTESIAN_POINT('Ctrl Pts',(8.91143278885278,-6.10444467730096,4.9999966412999));
#4298=CARTESIAN_POINT('Ctrl Pts',(8.78770196143328,-6.17733007399545,4.99955038461449));
#4299=CARTESIAN_POINT('Ctrl Pts',(8.66607400459071,-6.24881136914738,4.98473168287769));
#4300=CARTESIAN_POINT('Ctrl Pts',(8.42736968520158,-6.38877784124172,4.92681889603151));
#4301=CARTESIAN_POINT('Ctrl Pts',(8.31082712077004,-6.45695051359045,4.88388969981071));
#4302=CARTESIAN_POINT('Ctrl Pts',(7.98943071055735,-6.64454667538107,4.72213192515281));
#4303=CARTESIAN_POINT('Ctrl Pts',(7.79894169447155,-6.75520770581132,4.57112145551631));
#4304=CARTESIAN_POINT('Ctrl Pts',(7.48274521757988,-6.93835780901795,4.19777538203336));
#4305=CARTESIAN_POINT('Ctrl Pts',(7.35848053999861,-7.01004243204872,3.98066302739523));
#4306=CARTESIAN_POINT('Ctrl Pts',(7.19029945077899,-7.10694946383173,3.50633984576976));
#4307=CARTESIAN_POINT('Ctrl Pts',(7.14712926005506,-7.13175667808959,3.25456562233936));
#4308=CARTESIAN_POINT('Ctrl Pts',(7.14712926005506,-7.13175667808959,3.));
#4309=CARTESIAN_POINT('Ctrl Pts',(26.4893399101018,-36.3488412020465,3.));
#4310=CARTESIAN_POINT('Ctrl Pts',(26.6777697955304,-36.7618089190671,3.));
#4311=CARTESIAN_POINT('Ctrl Pts',(27.1114267044224,-37.7287856910227,2.76352290563018));
#4312=CARTESIAN_POINT('Ctrl Pts',(27.4383268590539,-38.4863461492541,2.01266776736088));
#4313=CARTESIAN_POINT('Ctrl Pts',(27.5588599643306,-38.7678917731585,1.4813512364957));
#4314=CARTESIAN_POINT('Ctrl Pts',(26.4893399101018,-36.3488412020465,3.29919930034189));
#4315=CARTESIAN_POINT('Ctrl Pts',(26.695756645181,-36.8012869715664,3.30610686742892));
#4316=CARTESIAN_POINT('Ctrl Pts',(27.1732423970462,-37.8674565184048,3.06431292851893));
#4317=CARTESIAN_POINT('Ctrl Pts',(27.5391012102795,-38.719636880951,2.2436395007568));
#4318=CARTESIAN_POINT('Ctrl Pts',(27.6746779389453,-39.0384236228721,1.65400294768719));
#4319=CARTESIAN_POINT('Ctrl Pts',(26.6137367548258,-36.2920811158873,3.89674029976777));
#4320=CARTESIAN_POINT('Ctrl Pts',(26.862206739058,-36.8212093576757,3.91739234625194));
#4321=CARTESIAN_POINT('Ctrl Pts',(27.4421729671405,-38.0801894527071,3.66482264733866));
#4322=CARTESIAN_POINT('Ctrl Pts',(27.8990724159995,-39.1166391324655,2.70462968746587));
#4323=CARTESIAN_POINT('Ctrl Pts',(28.0699445025397,-39.5080004786777,1.99853263534224));
#4324=CARTESIAN_POINT('Ctrl Pts',(27.2226190286999,-36.014258873671,4.73763978863842));
#4325=CARTESIAN_POINT('Ctrl Pts',(27.5493762149358,-36.644538370609,4.76831090803963));
#4326=CARTESIAN_POINT('Ctrl Pts',(28.3165283109101,-38.1501662056839,4.47555253129667));
#4327=CARTESIAN_POINT('Ctrl Pts',(28.9297613598143,-39.4025566727841,3.31148687879762));
#4328=CARTESIAN_POINT('Ctrl Pts',(29.1597467874098,-39.8765523989096,2.44894301809854));
#4329=CARTESIAN_POINT('Ctrl Pts',(27.9005764915894,-35.7049188410423,5.));
#4330=CARTESIAN_POINT('Ctrl Pts',(28.2685948989665,-36.3618565138959,5.01648171866138));
#4331=CARTESIAN_POINT('Ctrl Pts',(29.1250943571808,-37.9155896029409,4.66506134590711));
#4332=CARTESIAN_POINT('Ctrl Pts',(29.7921716836895,-39.1701165999124,3.4239883657633));
#4333=CARTESIAN_POINT('Ctrl Pts',(30.040861991836,-39.6413700524209,2.52554793049297));
#4334=CARTESIAN_POINT('Ctrl Pts',(28.3088804293068,-35.5186169558508,5.));
#4335=CARTESIAN_POINT('Ctrl Pts',(28.686914201846,-36.1726225628421,5.));
#4336=CARTESIAN_POINT('Ctrl Pts',(29.5585228648158,-37.7054747971401,4.60587150938365));
#4337=CARTESIAN_POINT('Ctrl Pts',(30.21842293733,-38.9087367184125,3.35444627893484));
#4338=CARTESIAN_POINT('Ctrl Pts',(30.4619698556409,-39.3560919921828,2.46891872749283));
#4339=CARTESIAN_POINT('',(27.1755139758017,-37.8829836638671,2.49999999937575));
#4340=CARTESIAN_POINT('',(30.4533493231487,-39.3402594679074,2.49999999999999));
#4341=CARTESIAN_POINT('Ctrl Pts',(30.4533493231487,-39.3402594679074,2.5));
#4342=CARTESIAN_POINT('Ctrl Pts',(30.2730681271752,-39.479815391321,2.5));
#4343=CARTESIAN_POINT('Ctrl Pts',(30.06806885139,-39.5821513252173,2.50000000000583));
#4344=CARTESIAN_POINT('Ctrl Pts',(29.6268603849573,-39.7020335344037,2.50000000000583));
#4345=CARTESIAN_POINT('Ctrl Pts',(29.3969425014576,-39.7173853071563,2.49999999979935));
#4346=CARTESIAN_POINT('Ctrl Pts',(28.922465831218,-39.6598335951229,2.49999999979935));
#4347=CARTESIAN_POINT('Ctrl Pts',(28.6857334384912,-39.5806703930636,2.5));
#4348=CARTESIAN_POINT('Ctrl Pts',(28.2641435774766,-39.3512475227357,2.5));
#4349=CARTESIAN_POINT('Ctrl Pts',(28.0259435768144,-39.1796674915758,2.5));
#4350=CARTESIAN_POINT('Ctrl Pts',(27.5138835513215,-38.5836160141399,2.5));
#4351=CARTESIAN_POINT('Ctrl Pts',(27.3236305869641,-38.22090610419,2.5));
#4352=CARTESIAN_POINT('Ctrl Pts',(27.1755139750353,-37.8829836621187,2.5));
#4353=CARTESIAN_POINT('Ctrl Pts',(30.4533477281599,-39.340256687259,2.49999809979909));
#4354=CARTESIAN_POINT('Ctrl Pts',(30.209570370922,-38.8925974808771,3.37117764988682));
#4355=CARTESIAN_POINT('Ctrl Pts',(29.5526828219657,-37.695204221466,4.60851229001314));
#4356=CARTESIAN_POINT('Ctrl Pts',(28.686914201846,-36.1726225628421,5.));
#4357=CARTESIAN_POINT('Ctrl Pts',(28.3088804293068,-35.5186169558508,5.));
#4358=CARTESIAN_POINT('Ctrl Pts',(26.4893399101018,-36.3488412020465,3.));
#4359=CARTESIAN_POINT('Ctrl Pts',(26.6777697955304,-36.7618089190671,3.));
#4360=CARTESIAN_POINT('Ctrl Pts',(26.9199991257116,-37.3019366812882,2.86791012203923));
#4361=CARTESIAN_POINT('Ctrl Pts',(27.1289198636319,-37.7767256023753,2.57533195787251));
#4362=CARTESIAN_POINT('Ctrl Pts',(27.1753699217154,-37.8827116230171,2.49931780186483));
#4363=CARTESIAN_POINT('Ctrl Pts',(-7.89935343086776,-7.21019618991212,3.));
#4364=CARTESIAN_POINT('Ctrl Pts',(-7.51426232097426,-6.11439876263891,3.));
#4365=CARTESIAN_POINT('Ctrl Pts',(-6.53470510063699,-4.02110494186735,3.));
#4366=CARTESIAN_POINT('Ctrl Pts',(-4.40931702087386,-1.46203448607375,3.));
#4367=CARTESIAN_POINT('Ctrl Pts',(-1.71845758017279,0.0447874844760827,
3.));
#4368=CARTESIAN_POINT('Ctrl Pts',(1.16708391205304,0.0847667485403255,3.));
#4369=CARTESIAN_POINT('Ctrl Pts',(3.8299432056648,-1.35858544700688,3.));
#4370=CARTESIAN_POINT('Ctrl Pts',(5.89513273691603,-3.91842233519489,3.));
#4371=CARTESIAN_POINT('Ctrl Pts',(6.80286539110077,-6.02817432094994,3.));
#4372=CARTESIAN_POINT('Ctrl Pts',(7.14712926028098,-7.13175667881378,3.));
#4373=CARTESIAN_POINT('Ctrl Pts',(-7.89935343086776,-7.21019618991212,3.59839860068377));
#4374=CARTESIAN_POINT('Ctrl Pts',(-7.51440522255031,-6.11480539674539,3.59839860068377));
#4375=CARTESIAN_POINT('Ctrl Pts',(-6.53405277618559,-4.02070671932924,3.59839860068377));
#4376=CARTESIAN_POINT('Ctrl Pts',(-4.40913021606362,-1.46226709230928,3.59839860068377));
#4377=CARTESIAN_POINT('Ctrl Pts',(-1.71779010577342,0.0440360699309465,
3.59839860068377));
#4378=CARTESIAN_POINT('Ctrl Pts',(1.16681406254324,0.0844245842086023,3.59839860068377));
#4379=CARTESIAN_POINT('Ctrl Pts',(3.82920761564992,-1.35894348886968,3.59839860068377));
#4380=CARTESIAN_POINT('Ctrl Pts',(5.89480523816295,-3.91801036257645,3.59839860068377));
#4381=CARTESIAN_POINT('Ctrl Pts',(6.80299912286681,-6.02860301542212,3.59839860068377));
#4382=CARTESIAN_POINT('Ctrl Pts',(7.14712926028098,-7.13175667881378,3.59839860068377));
#4383=CARTESIAN_POINT('Ctrl Pts',(-8.37235496917499,-7.04397140891284,4.63503189998456));
#4384=CARTESIAN_POINT('Ctrl Pts',(-7.97619389705904,-5.91667380983165,4.63503189998456));
#4385=CARTESIAN_POINT('Ctrl Pts',(-6.96664390327651,-3.75636732764316,4.63503189998456));
#4386=CARTESIAN_POINT('Ctrl Pts',(-4.74934959865182,-1.07988187741317,4.63503189998456));
#4387=CARTESIAN_POINT('Ctrl Pts',(-1.86931920680295,0.547850499130819,4.63503189998455));
#4388=CARTESIAN_POINT('Ctrl Pts',(1.30325809718668,0.593074000423655,4.63503189998456));
#4389=CARTESIAN_POINT('Ctrl Pts',(4.17342969013697,-0.976213894589244,4.63503189998456));
#4390=CARTESIAN_POINT('Ctrl Pts',(6.33373870599469,-3.66463103705213,4.63503189998456));
#4391=CARTESIAN_POINT('Ctrl Pts',(7.27111788979585,-5.84566159264506,4.63503189998456));
#4392=CARTESIAN_POINT('Ctrl Pts',(7.62574137598637,-6.9824530426917,4.63503189998456));
#4393=CARTESIAN_POINT('Ctrl Pts',(-9.36281586986944,-6.69589823584137,5.));
#4394=CARTESIAN_POINT('Ctrl Pts',(-8.94361748737407,-5.50304673329031,5.));
#4395=CARTESIAN_POINT('Ctrl Pts',(-7.870466628728,-3.20161043569987,5.));
#4396=CARTESIAN_POINT('Ctrl Pts',(-5.46118766023484,-0.279890717521757,
5.));
#4397=CARTESIAN_POINT('Ctrl Pts',(-2.18455372326366,1.60050745454224,5.));
#4398=CARTESIAN_POINT('Ctrl Pts',(1.58813539281965,1.65712212880007,5.));
#4399=CARTESIAN_POINT('Ctrl Pts',(4.89195069428941,-0.175889868963732,5.));
#4400=CARTESIAN_POINT('Ctrl Pts',(7.25184766970233,-3.13278186284411,5.));
#4401=CARTESIAN_POINT('Ctrl Pts',(8.25176825245752,-5.4639108646199,5.00000000000001));
#4402=CARTESIAN_POINT('Ctrl Pts',(8.62795077450406,-6.66981259243086,5.));
#4403=CARTESIAN_POINT('Ctrl Pts',(-9.78622997660695,-6.54709974056305,5.));
#4404=CARTESIAN_POINT('Ctrl Pts',(-9.35719518972068,-5.3262582212387,5.));
#4405=CARTESIAN_POINT('Ctrl Pts',(-8.25678946357533,-2.96442325100828,5.));
#4406=CARTESIAN_POINT('Ctrl Pts',(-5.76547722800452,0.0620797924409625,
5.));
#4407=CARTESIAN_POINT('Ctrl Pts',(-2.31925855271486,2.0504475064633,5.));
#4408=CARTESIAN_POINT('Ctrl Pts',(1.70989575778907,2.11196578535117,5.));
#4409=CARTESIAN_POINT('Ctrl Pts',(5.19905161519214,0.166212526787648,5.));
#4410=CARTESIAN_POINT('Ctrl Pts',(7.64430471885234,-2.9053864028052,5.));
#4411=CARTESIAN_POINT('Ctrl Pts',(8.67099953297629,-5.30075106749615,5.00000000000001));
#4412=CARTESIAN_POINT('Ctrl Pts',(9.0563872700182,-6.53616130252695,5.));
#4413=CARTESIAN_POINT('',(-7.89935342946428,-7.21019618181231,3.));
#4414=CARTESIAN_POINT('Ctrl Pts',(-7.8993534281799,-7.21019618226368,3.));
#4415=CARTESIAN_POINT('Ctrl Pts',(-7.51426231869522,-6.11439875776866,3.));
#4416=CARTESIAN_POINT('Ctrl Pts',(-6.53470509898868,-4.02110493988271,3.));
#4417=CARTESIAN_POINT('Ctrl Pts',(-4.40931702087386,-1.46203448607375,3.));
#4418=CARTESIAN_POINT('Ctrl Pts',(-1.71845758017279,0.0447874844760827,
3.));
#4419=CARTESIAN_POINT('Ctrl Pts',(1.16708391205304,0.0847667485403255,3.));
#4420=CARTESIAN_POINT('Ctrl Pts',(3.8299432056648,-1.35858544700688,3.));
#4421=CARTESIAN_POINT('Ctrl Pts',(5.89513273691603,-3.91842233519489,3.));
#4422=CARTESIAN_POINT('Ctrl Pts',(6.80286539110077,-6.02817432094994,3.));
#4423=CARTESIAN_POINT('Ctrl Pts',(7.14712926028098,-7.13175667881378,3.));
#4424=CARTESIAN_POINT('',(-9.62664454113421,-6.10985880733667,5.));
#4425=CARTESIAN_POINT('Ctrl Pts',(8.91517485530941,-6.10224453572888,5.));
#4426=CARTESIAN_POINT('Ctrl Pts',(8.54825770141015,-5.02044581385404,5.00000000000001));
#4427=CARTESIAN_POINT('Ctrl Pts',(7.54851522127196,-2.78506065092548,5.));
#4428=CARTESIAN_POINT('Ctrl Pts',(5.19905161519214,0.166212526787648,5.));
#4429=CARTESIAN_POINT('Ctrl Pts',(1.70989575778907,2.11196578535117,5.));
#4430=CARTESIAN_POINT('Ctrl Pts',(-2.31925855271486,2.0504475064633,5.));
#4431=CARTESIAN_POINT('Ctrl Pts',(-5.76547722800452,0.0620797924409625,
5.));
#4432=CARTESIAN_POINT('Ctrl Pts',(-8.15723865693622,-2.84348665583997,5.));
#4433=CARTESIAN_POINT('Ctrl Pts',(-9.22326766833778,-5.04436369073328,5.));
#4434=CARTESIAN_POINT('Ctrl Pts',(-9.62667862441634,-6.10984589863702,5.));
#4435=CARTESIAN_POINT('Ctrl Pts',(-9.62664454113422,-6.10985880733667,5.));
#4436=CARTESIAN_POINT('Ctrl Pts',(-9.62482575751978,-6.11103019710209,5.));
#4437=CARTESIAN_POINT('Ctrl Pts',(-9.62300695733107,-6.1122015590408,4.99999664259111));
#4438=CARTESIAN_POINT('Ctrl Pts',(-9.50195878585259,-6.19015765274527,4.99954975452223));
#4439=CARTESIAN_POINT('Ctrl Pts',(-9.38295759601999,-6.26662813425505,4.98468335528558));
#4440=CARTESIAN_POINT('Ctrl Pts',(-9.14941769032285,-6.41637700744871,4.92658291676171));
#4441=CARTESIAN_POINT('Ctrl Pts',(-9.03539814636584,-6.48932302908993,4.88351598406847));
#4442=CARTESIAN_POINT('Ctrl Pts',(-8.72137321062287,-6.68981525986219,4.72143604696819));
#4443=CARTESIAN_POINT('Ctrl Pts',(-8.53535507499875,-6.80805211953564,4.57030427188826));
#4444=CARTESIAN_POINT('Ctrl Pts',(-8.22674647441182,-7.00367049607748,4.19686563019681));
#4445=CARTESIAN_POINT('Ctrl Pts',(-8.1055031499715,-7.08023001641358,3.97985275917041));
#4446=CARTESIAN_POINT('Ctrl Pts',(-7.94145876876993,-7.18370487971244,3.50584802205089));
#4447=CARTESIAN_POINT('Ctrl Pts',(-7.89935343086776,-7.21019618991212,3.25432518211434));
#4448=CARTESIAN_POINT('Ctrl Pts',(-7.89935343086776,-7.21019618991212,3.));
#4449=CARTESIAN_POINT('Ctrl Pts',(-29.7154626765957,-37.1682283632492,1.48420937702728));
#4450=CARTESIAN_POINT('Ctrl Pts',(-29.5763149423165,-36.8962312302686,2.01396597382991));
#4451=CARTESIAN_POINT('Ctrl Pts',(-29.1998052598824,-36.1651357889207,2.76355328015064));
#4452=CARTESIAN_POINT('Ctrl Pts',(-28.7030743873888,-35.2314966885575,3.));
#4453=CARTESIAN_POINT('Ctrl Pts',(-28.4878683696754,-34.8329033085012,3.));
#4454=CARTESIAN_POINT('Ctrl Pts',(-29.8487325724511,-37.4287358718554,1.65580885921104));
#4455=CARTESIAN_POINT('Ctrl Pts',(-29.6922443627704,-37.1211410165669,2.24344040093586));
#4456=CARTESIAN_POINT('Ctrl Pts',(-29.2708614099577,-36.2993849407156,3.06312988710409));
#4457=CARTESIAN_POINT('Ctrl Pts',(-28.7237140028066,-35.2697723881125,3.30579620982114));
#4458=CARTESIAN_POINT('Ctrl Pts',(-28.4878683696754,-34.8329033085012,3.29919930034188));
#4459=CARTESIAN_POINT('Ctrl Pts',(-30.2717929353694,-37.8682328833457,1.99825314211519));
#4460=CARTESIAN_POINT('Ctrl Pts',(-30.0758405299436,-37.4915862130967,2.70145854744539));
#4461=CARTESIAN_POINT('Ctrl Pts',(-29.552657650732,-36.4940748197133,3.66122727120887));
#4462=CARTESIAN_POINT('Ctrl Pts',(-28.8909532149231,-35.278797019167,3.91646322979866));
#4463=CARTESIAN_POINT('Ctrl Pts',(-28.6081861848963,-34.7679420743984,3.89673997854377));
#4464=CARTESIAN_POINT('Ctrl Pts',(-31.375397241995,-38.1644038397833,2.44763219011935));
#4465=CARTESIAN_POINT('Ctrl Pts',(-31.1161937393838,-37.7095319449738,3.30643672525517));
#4466=CARTESIAN_POINT('Ctrl Pts',(-30.425814743594,-36.5074488261474,4.47023395853315));
#4467=CARTESIAN_POINT('Ctrl Pts',(-29.5636598493727,-35.057259287256,4.7669308683784));
#4468=CARTESIAN_POINT('Ctrl Pts',(-29.1971021246545,-34.4499783035364,4.73763913718449));
#4469=CARTESIAN_POINT('Ctrl Pts',(-32.2344896160222,-37.8776415626918,2.52736940862092));
#4470=CARTESIAN_POINT('Ctrl Pts',(-31.9569584682173,-37.4252399769865,3.42253395271589));
#4471=CARTESIAN_POINT('Ctrl Pts',(-31.2135377399649,-36.2214030119365,4.66229147038453));
#4472=CARTESIAN_POINT('Ctrl Pts',(-30.2612525425798,-34.7275536911314,5.01574047775457));
#4473=CARTESIAN_POINT('Ctrl Pts',(-29.8528278045454,-34.0959430401764,4.99999999999999));
#4474=CARTESIAN_POINT('Ctrl Pts',(-32.6358278601543,-37.5694922824164,2.47368229504546));
#4475=CARTESIAN_POINT('Ctrl Pts',(-32.3645233570615,-37.1393635759294,3.35660995638327));
#4476=CARTESIAN_POINT('Ctrl Pts',(-31.6308527962456,-35.9836763161562,4.60592213358432));
#4477=CARTESIAN_POINT('Ctrl Pts',(-30.6655052949137,-34.51086589261,4.99999999999999));
#4478=CARTESIAN_POINT('Ctrl Pts',(-30.2477426752289,-33.8827230999868,4.99999999999999));
#4479=CARTESIAN_POINT('',(-28.4878683696754,-34.8329033085012,3.));
#4480=CARTESIAN_POINT('',(-30.2477426752289,-33.8827230999868,5.));
#4481=CARTESIAN_POINT('Origin',(-30.2477426752289,-33.8827230999868,3.));
#4482=CARTESIAN_POINT('',(-32.6276833266847,-37.5565810575668,2.5));
#4483=CARTESIAN_POINT('Ctrl Pts',(-30.2477426752289,-33.8827230999868,4.99999999999999));
#4484=CARTESIAN_POINT('Ctrl Pts',(-30.6655052949137,-34.51086589261,4.99999999999999));
#4485=CARTESIAN_POINT('Ctrl Pts',(-31.6253617540316,-35.9752987482878,4.60816370793671));
#4486=CARTESIAN_POINT('Ctrl Pts',(-32.3561694034861,-37.1262058684431,3.37079483748096));
#4487=CARTESIAN_POINT('Ctrl Pts',(-32.6276820457992,-37.5565791145438,2.49999862371439));
#4488=CARTESIAN_POINT('',(-29.2744081095905,-36.3146107477898,2.49999997847579));
#4489=CARTESIAN_POINT('Ctrl Pts',(-29.2744081095905,-36.3146107477898,2.5));
#4490=CARTESIAN_POINT('Ctrl Pts',(-29.469944755815,-36.6893306349104,2.5));
#4491=CARTESIAN_POINT('Ctrl Pts',(-29.7289049485468,-37.1030589587236,2.5));
#4492=CARTESIAN_POINT('Ctrl Pts',(-30.3593243704072,-37.6531083550495,2.5));
#4493=CARTESIAN_POINT('Ctrl Pts',(-30.6218349936475,-37.7966128341665,2.49999999999999));
#4494=CARTESIAN_POINT('Ctrl Pts',(-31.1131841813947,-37.9611696337826,2.49999999999999));
#4495=CARTESIAN_POINT('Ctrl Pts',(-31.3624274840742,-37.9954472165474,2.50000000001988));
#4496=CARTESIAN_POINT('Ctrl Pts',(-31.7997325977207,-37.9636091248643,2.50000000001988));
#4497=CARTESIAN_POINT('Ctrl Pts',(-31.9835251881454,-37.9204696838942,2.50000000007958));
#4498=CARTESIAN_POINT('Ctrl Pts',(-32.3288721920834,-37.7768874328446,2.50000000007958));
#4499=CARTESIAN_POINT('Ctrl Pts',(-32.4873404583503,-37.6785054323695,2.5));
#4500=CARTESIAN_POINT('Ctrl Pts',(-32.6276833266846,-37.5565810575668,2.5));
#4501=CARTESIAN_POINT('Ctrl Pts',(-29.2742392877742,-36.3143324837487,2.49932968988282));
#4502=CARTESIAN_POINT('Ctrl Pts',(-29.2207453131227,-36.2118091106636,2.57543666009826));
#4503=CARTESIAN_POINT('Ctrl Pts',(-28.9806848720611,-35.7532842751831,2.86785583072973));
#4504=CARTESIAN_POINT('Ctrl Pts',(-28.7030743873888,-35.2314966885575,3.));
#4505=CARTESIAN_POINT('Ctrl Pts',(-28.4878683696754,-34.8329033085012,3.));
#4506=CARTESIAN_POINT('Origin',(76.091577024205,-91.2967762777831,3.));
#4507=CARTESIAN_POINT('Origin',(76.091577024205,-91.2967762777831,5.));
#4508=CARTESIAN_POINT('Origin',(76.091577024205,-91.2967762777831,3.));
#4509=CARTESIAN_POINT('Origin',(-75.6371952538931,-82.9473779085281,0.));
#4510=CARTESIAN_POINT('',(7.14712926027876,-7.13175667833384,2.5));
#4511=CARTESIAN_POINT('',(7.14712926027876,-7.13175667833384,0.));
#4512=CARTESIAN_POINT('Origin',(-75.6371952538931,-82.9473779085281,2.5));
#4513=CARTESIAN_POINT('Ctrl Pts',(7.1471292601611,-7.1317566784295,2.5));
#4514=CARTESIAN_POINT('Ctrl Pts',(4.91284295133227,0.0305370542916054,2.5));
#4515=CARTESIAN_POINT('Ctrl Pts',(-0.230388817220478,0.00372463602407663,
2.5));
#4516=CARTESIAN_POINT('Ctrl Pts',(-5.37362058577323,-0.0230877822434544,
2.5));
#4517=CARTESIAN_POINT('Ctrl Pts',(-7.89935343086775,-7.2101961899121,2.5));
#4518=CARTESIAN_POINT('Ctrl Pts',(7.1471292601611,-7.1317566784295,3.));
#4519=CARTESIAN_POINT('Ctrl Pts',(4.91284295133227,0.0305370542916054,3.));
#4520=CARTESIAN_POINT('Ctrl Pts',(-0.230388817220478,0.00372463602407663,
3.));
#4521=CARTESIAN_POINT('Ctrl Pts',(-5.37362058577323,-0.0230877822434544,
3.));
#4522=CARTESIAN_POINT('Ctrl Pts',(-7.89935343086775,-7.2101961899121,3.));
#4523=CARTESIAN_POINT('',(-7.89935343086775,-7.2101961899121,2.5));
#4524=CARTESIAN_POINT('',(-7.89935343086775,-7.2101961899121,0.));
#4525=CARTESIAN_POINT('Origin',(-0.501625978082534,-13.3506666924735,2.5));
#4526=CARTESIAN_POINT('Origin',(76.091577024205,-91.2967762777831,0.));
#4527=CARTESIAN_POINT('Origin',(76.091577024205,-91.2967762777831,2.5));
#4528=CARTESIAN_POINT('Origin',(-70.5325221599162,-50.0514465074616,3.));
#4529=CARTESIAN_POINT('',(10.0040420097033,-50.3354146417567,3.));
#4530=CARTESIAN_POINT('',(12.0043708361486,-49.8830425482051,5.));
#4531=CARTESIAN_POINT('Ctrl Pts',(10.0040420097033,-50.3354146417567,3.));
#4532=CARTESIAN_POINT('Ctrl Pts',(10.0040420097033,-50.3354146417567,3.25256431677539));
#4533=CARTESIAN_POINT('Ctrl Pts',(10.0519147667877,-50.3246633909187,3.5024104340322));
#4534=CARTESIAN_POINT('Ctrl Pts',(10.2388182546915,-50.2826312884537,3.97398136924888));
#4535=CARTESIAN_POINT('Ctrl Pts',(10.3771867215826,-50.251496376668,4.19024591876972));
#4536=CARTESIAN_POINT('Ctrl Pts',(10.7299930576284,-50.1719426812593,4.56308379032771));
#4537=CARTESIAN_POINT('Ctrl Pts',(10.9428522555079,-50.1238729080372,4.71441675579185));
#4538=CARTESIAN_POINT('Ctrl Pts',(11.3057415427794,-50.0417125688939,4.87923511305291));
#4539=CARTESIAN_POINT('Ctrl Pts',(11.4396313621405,-50.0113627062238,4.92369905494087));
#4540=CARTESIAN_POINT('Ctrl Pts',(11.7140163556157,-49.9490810515527,4.98377228695455));
#4541=CARTESIAN_POINT('Ctrl Pts',(11.8538804386916,-49.9172924864321,4.99925439757111));
#4542=CARTESIAN_POINT('Ctrl Pts',(11.9975383061521,-49.8845976279904,4.9999912387573));
#4543=CARTESIAN_POINT('Ctrl Pts',(12.0009545716092,-49.8838201005735,5.));
#4544=CARTESIAN_POINT('Ctrl Pts',(12.0043708361486,-49.8830425482051,5.));
#4545=CARTESIAN_POINT('',(8.77764394162985,-27.1983369098047,5.));
#4546=CARTESIAN_POINT('Origin',(-70.5325221599162,-50.0514465074616,5.));
#4547=CARTESIAN_POINT('',(7.26468754888932,-23.0427281667031,4.99143333598758));
#4548=CARTESIAN_POINT('Ctrl Pts',(8.77764394162962,-27.1983369098039,5.));
#4549=CARTESIAN_POINT('Ctrl Pts',(8.76974583294431,-27.1757049596705,5.));
#4550=CARTESIAN_POINT('Ctrl Pts',(8.76184279693917,-27.1530747122616,4.99999868743351));
#4551=CARTESIAN_POINT('Ctrl Pts',(8.48116615432265,-26.3499218189739,4.99990660906996));
#4552=CARTESIAN_POINT('Ctrl Pts',(8.20241257385623,-25.5710799469953,4.99832032893866));
#4553=CARTESIAN_POINT('Ctrl Pts',(7.70359604254547,-24.2097569279215,4.99482173029826));
#4554=CARTESIAN_POINT('Ctrl Pts',(7.48588436036826,-23.6258437007949,4.99307873656299));
#4555=CARTESIAN_POINT('Ctrl Pts',(7.26468754888931,-23.0427281667031,4.99143333598757));
#4556=CARTESIAN_POINT('',(5.26405556358433,-22.828338463855,3.));
#4557=CARTESIAN_POINT('Ctrl Pts',(7.26468754888932,-23.0427281667031,4.99143333598757));
#4558=CARTESIAN_POINT('Ctrl Pts',(7.15691530070267,-23.0324889610126,4.98229148052954));
#4559=CARTESIAN_POINT('Ctrl Pts',(7.0497955271363,-23.0221205214079,4.96585042783216));
#4560=CARTESIAN_POINT('Ctrl Pts',(6.77604833298465,-22.9951315897477,4.90450918086866));
#4561=CARTESIAN_POINT('Ctrl Pts',(6.61216831340824,-22.9784811798802,4.84859860763173));
#4562=CARTESIAN_POINT('Ctrl Pts',(6.2081328585434,-22.9363012816444,4.65801674541203));
#4563=CARTESIAN_POINT('Ctrl Pts',(5.98195135085443,-22.9115029808262,4.49708093592585));
#4564=CARTESIAN_POINT('Ctrl Pts',(5.62475780998091,-22.8711198305264,4.11817347329722));
#4565=CARTESIAN_POINT('Ctrl Pts',(5.48895028056993,-22.8551746334476,3.91032849008756));
#4566=CARTESIAN_POINT('Ctrl Pts',(5.30966715110679,-22.8338865629148,3.46453231430066));
#4567=CARTESIAN_POINT('Ctrl Pts',(5.26405556358435,-22.828338463855,3.23406960878445));
#4568=CARTESIAN_POINT('Ctrl Pts',(5.26405556358435,-22.828338463855,3.));
#4569=CARTESIAN_POINT('Origin',(-70.5325221599162,-50.0514465074616,3.));
#4570=CARTESIAN_POINT('Origin',(26.7429777399579,-70.7817896895787,3.));
#4571=CARTESIAN_POINT('',(29.7907282148537,-78.1755565072883,5.));
#4572=CARTESIAN_POINT('',(26.7429777399579,-70.7817896895787,5.));
#4573=CARTESIAN_POINT('',(35.7963844178447,-87.4971369216078,3.));
#4574=CARTESIAN_POINT('Ctrl Pts',(29.7907282148537,-78.1755565072883,5.));
#4575=CARTESIAN_POINT('Ctrl Pts',(29.7972764233985,-78.1862661416285,5.));
#4576=CARTESIAN_POINT('Ctrl Pts',(29.8038255058526,-78.1969752646618,4.99999708156772));
#4577=CARTESIAN_POINT('Ctrl Pts',(32.1773367359849,-82.0774607400958,4.9978787395019));
#4578=CARTESIAN_POINT('Ctrl Pts',(34.0280571260966,-84.8625875384098,4.61176167800661));
#4579=CARTESIAN_POINT('Ctrl Pts',(35.1908042942335,-86.5997406673587,3.9159260628585));
#4580=CARTESIAN_POINT('Ctrl Pts',(35.3933054371879,-86.9008407015136,3.77227981541016));
#4581=CARTESIAN_POINT('Ctrl Pts',(35.6091707999943,-87.2205718202284,3.52111185570356));
#4582=CARTESIAN_POINT('Ctrl Pts',(35.6705575863657,-87.3113448872035,3.4358600546885));
#4583=CARTESIAN_POINT('Ctrl Pts',(35.7425724974542,-87.4177224809952,3.28380066592281));
#4584=CARTESIAN_POINT('Ctrl Pts',(35.7647299742297,-87.4504282093221,3.22373562400858));
#4585=CARTESIAN_POINT('Ctrl Pts',(35.7902259848119,-87.4880524970641,3.10733120773119));
#4586=CARTESIAN_POINT('Ctrl Pts',(35.7963844178447,-87.4971369216078,3.05454533154754));
#4587=CARTESIAN_POINT('Ctrl Pts',(35.7963844178447,-87.4971369216078,3.));
#4588=CARTESIAN_POINT('',(7.27043212339197,-18.2938864404466,3.));
#4589=CARTESIAN_POINT('',(28.5920469239645,-70.0195934203951,3.));
#4590=CARTESIAN_POINT('Ctrl Pts',(7.26468754888932,-23.0427281667031,4.99143333598757));
#4591=CARTESIAN_POINT('Ctrl Pts',(7.33037051420502,-22.0535845231565,4.95079198342458));
#4592=CARTESIAN_POINT('Ctrl Pts',(7.34921842490747,-21.0793322161625,4.77022196708132));
#4593=CARTESIAN_POINT('Ctrl Pts',(7.33612430871103,-19.7637450620506,4.34602848608995));
#4594=CARTESIAN_POINT('Ctrl Pts',(7.32105165094821,-19.3149745297192,4.14687540078535));
#4595=CARTESIAN_POINT('Ctrl Pts',(7.29889481325139,-18.809081858616,3.81608060799805));
#4596=CARTESIAN_POINT('Ctrl Pts',(7.2904353209462,-18.6432031124615,3.68545782959992));
#4597=CARTESIAN_POINT('Ctrl Pts',(7.27944017302039,-18.4449737521682,3.44982224466904));
#4598=CARTESIAN_POINT('Ctrl Pts',(7.2757993538125,-18.3830315289163,3.35506324577822));
#4599=CARTESIAN_POINT('Ctrl Pts',(7.2715038933438,-18.3112834781943,3.17078483825167));
#4600=CARTESIAN_POINT('Ctrl Pts',(7.27043212339197,-18.2938864404466,3.0867800703275));
#4601=CARTESIAN_POINT('Ctrl Pts',(7.27043212339197,-18.2938864404467,3.));
#4602=CARTESIAN_POINT('Origin',(20.5302199907145,-52.8955116810272,5.));
#4603=CARTESIAN_POINT('',(12.0458000739427,-49.9697930895977,5.));
#4604=CARTESIAN_POINT('',(13.2840103160024,-52.5625371171452,5.));
#4605=CARTESIAN_POINT('Origin',(117.48200997652,-3.32208615337613,5.));
#4606=CARTESIAN_POINT('Origin',(13.2840103160024,-52.5625371171452,3.));
#4607=CARTESIAN_POINT('',(10.2285987106246,-50.8056240015103,3.));
#4608=CARTESIAN_POINT('',(11.4792550802409,-53.4244295344405,3.));
#4609=CARTESIAN_POINT('Ctrl Pts',(12.0458000739428,-49.9697930895977,5.));
#4610=CARTESIAN_POINT('Ctrl Pts',(12.0425136870994,-49.9713044314958,5.));
#4611=CARTESIAN_POINT('Ctrl Pts',(12.0392273068192,-49.9728157717325,4.99999018869405));
#4612=CARTESIAN_POINT('Ctrl Pts',(11.7945625252047,-50.0853322884661,4.99852931143262));
#4613=CARTESIAN_POINT('Ctrl Pts',(11.5558475211776,-50.1951202112528,4.94417345698091));
#4614=CARTESIAN_POINT('Ctrl Pts',(11.1160644857139,-50.3973935355965,4.73804195470117));
#4615=CARTESIAN_POINT('Ctrl Pts',(10.9185497904666,-50.4882442308294,4.59017704096876));
#4616=CARTESIAN_POINT('Ctrl Pts',(10.5861522189762,-50.6411427818548,4.21945398437621));
#4617=CARTESIAN_POINT('Ctrl Pts',(10.4544402380998,-50.7017318946244,4.00014784690404));
#4618=CARTESIAN_POINT('Ctrl Pts',(10.2748067074813,-50.784366696864,3.51831774633032));
#4619=CARTESIAN_POINT('Ctrl Pts',(10.2285987106244,-50.80562400151,3.26040444192973));
#4620=CARTESIAN_POINT('Ctrl Pts',(10.2285987106244,-50.80562400151,3.));
#4621=CARTESIAN_POINT('Ctrl Pts',(7.27043212339197,-18.2938864404466,3.));
#4622=CARTESIAN_POINT('Ctrl Pts',(6.82121627627665,-19.9238393114599,3.));
#4623=CARTESIAN_POINT('Ctrl Pts',(6.1562907690372,-21.4816006814055,3.));
#4624=CARTESIAN_POINT('Ctrl Pts',(5.26405556358433,-22.828338463855,3.));
#4625=CARTESIAN_POINT('Ctrl Pts',(7.27043212339197,-18.2938864404466,3.56312646957548));
#4626=CARTESIAN_POINT('Ctrl Pts',(6.82133916716158,-19.9233934092238,3.56312646957548));
#4627=CARTESIAN_POINT('Ctrl Pts',(6.15592891525814,-21.4821468626736,3.56312646957548));
#4628=CARTESIAN_POINT('Ctrl Pts',(5.26405556358433,-22.828338463855,3.56312646957548));
#4629=CARTESIAN_POINT('Ctrl Pts',(7.69582407762921,-18.4111246811818,4.54058532726161));
#4630=CARTESIAN_POINT('Ctrl Pts',(7.23602671126505,-20.0794719627887,4.54058532726161));
#4631=CARTESIAN_POINT('Ctrl Pts',(6.55529502339179,-21.6782761257427,4.54058532726161));
#4632=CARTESIAN_POINT('Ctrl Pts',(5.6319023994638,-23.0720428445171,4.54058532726161));
#4633=CARTESIAN_POINT('Ctrl Pts',(8.61485810754524,-18.6644109311209,4.95238455178318));
#4634=CARTESIAN_POINT('Ctrl Pts',(8.13231072707645,-20.4153052801199,4.95238455178318));
#4635=CARTESIAN_POINT('Ctrl Pts',(7.41699395271557,-22.1036738614241,4.95238455178318));
#4636=CARTESIAN_POINT('Ctrl Pts',(6.42661362190887,-23.5985516720517,4.95238455178318));
#4637=CARTESIAN_POINT('Ctrl Pts',(9.0202786948946,-18.7761450529001,4.99143333598757));
#4638=CARTESIAN_POINT('Ctrl Pts',(8.52770328837978,-20.5634254954648,4.99143333598757));
#4639=CARTESIAN_POINT('Ctrl Pts',(7.79709870944907,-22.2913678028157,4.99143333598757));
#4640=CARTESIAN_POINT('Ctrl Pts',(6.7771907279669,-23.8308145819715,4.99143333598757));
#4641=CARTESIAN_POINT('Ctrl Pts',(7.27043212339197,-18.2938864404466,3.));
#4642=CARTESIAN_POINT('Ctrl Pts',(6.82121627627665,-19.9238393114599,3.));
#4643=CARTESIAN_POINT('Ctrl Pts',(6.1562907690372,-21.4816006814055,3.));
#4644=CARTESIAN_POINT('Ctrl Pts',(5.26405556358433,-22.828338463855,3.));
#4645=CARTESIAN_POINT('Origin',(117.48200997652,-3.32208615337613,3.));
#4646=CARTESIAN_POINT('Origin',(117.48200997652,-3.32208615337613,3.));
#4647=CARTESIAN_POINT('Ctrl Pts',(7.30783541644367,-7.67912733813206,3.));
#4648=CARTESIAN_POINT('Ctrl Pts',(7.69470544047357,-9.08258353439053,3.));
#4649=CARTESIAN_POINT('Ctrl Pts',(8.20044326953027,-12.5083750775541,3.));
#4650=CARTESIAN_POINT('Ctrl Pts',(7.85525513194958,-15.9942656877386,3.));
#4651=CARTESIAN_POINT('Ctrl Pts',(7.37597294694268,-17.8939268396941,3.));
#4652=CARTESIAN_POINT('Ctrl Pts',(7.30783541644367,-7.67912733813206,3.59839860068377));
#4653=CARTESIAN_POINT('Ctrl Pts',(7.69456088870659,-9.08205914102725,3.59839860068377));
#4654=CARTESIAN_POINT('Ctrl Pts',(8.20033177462709,-12.5080619191502,3.59839860068377));
#4655=CARTESIAN_POINT('Ctrl Pts',(7.85509253212518,-15.9949101610351,3.59839860068377));
#4656=CARTESIAN_POINT('Ctrl Pts',(7.37597294694268,-17.8939268396941,3.59839860068377));
#4657=CARTESIAN_POINT('Ctrl Pts',(7.79140357353387,-7.54582925226923,4.63482807827491));
#4658=CARTESIAN_POINT('Ctrl Pts',(8.18947139288517,-8.98990791667482,4.63482807827491));
#4659=CARTESIAN_POINT('Ctrl Pts',(8.70683093652874,-12.5013508025843,4.63482807827491));
#4660=CARTESIAN_POINT('Ctrl Pts',(8.35421415468496,-16.0670499716038,4.63482807827491));
#4661=CARTESIAN_POINT('Ctrl Pts',(7.86233607001549,-18.0166356607347,4.63482807827491));
#4662=CARTESIAN_POINT('Ctrl Pts',(8.80326104770939,-7.26690545942644,5.));
#4663=CARTESIAN_POINT('Ctrl Pts',(9.22463220642176,-8.79552211847718,5.));
#4664=CARTESIAN_POINT('Ctrl Pts',(9.76633920951815,-12.4863756795543,5.));
#4665=CARTESIAN_POINT('Ctrl Pts',(9.39813292907174,-16.2199197181174,5.));
#4666=CARTESIAN_POINT('Ctrl Pts',(8.88004195910026,-18.2734016117112,5.));
#4667=CARTESIAN_POINT('Ctrl Pts',(9.23592285779773,-7.14763997375475,5.));
#4668=CARTESIAN_POINT('Ctrl Pts',(9.66724400918886,-8.71235242211552,5.));
#4669=CARTESIAN_POINT('Ctrl Pts',(10.21936505766,-12.4799414173872,5.));
#4670=CARTESIAN_POINT('Ctrl Pts',(9.84448777477829,-16.2853493936098,5.));
#4671=CARTESIAN_POINT('Ctrl Pts',(9.31520450258768,-18.3831925891501,5.));
#4672=CARTESIAN_POINT('',(7.30783547733389,-7.67912755899349,3.));
#4673=CARTESIAN_POINT('',(7.37597294694268,-17.8939268396941,3.));
#4674=CARTESIAN_POINT('Ctrl Pts',(7.30783547732588,-7.6791275589957,3.));
#4675=CARTESIAN_POINT('Ctrl Pts',(7.69470546321317,-9.08258368842511,3.));
#4676=CARTESIAN_POINT('Ctrl Pts',(8.20044326176989,-12.5083751559225,3.));
#4677=CARTESIAN_POINT('Ctrl Pts',(7.85525513194958,-15.9942656877386,3.));
#4678=CARTESIAN_POINT('Ctrl Pts',(7.37597294694268,-17.8939268396941,3.));
#4679=CARTESIAN_POINT('',(9.46999896698433,-17.7259897596948,5.));
#4680=CARTESIAN_POINT('Ctrl Pts',(7.37597294694268,-17.8939268396941,3.));
#4681=CARTESIAN_POINT('Ctrl Pts',(7.37597294694268,-17.8939268396941,3.24806327302238));
#4682=CARTESIAN_POINT('Ctrl Pts',(7.42443831396995,-17.8904611406727,3.49304573887931));
#4683=CARTESIAN_POINT('Ctrl Pts',(7.61393605092936,-17.8765882223184,3.95870777392626));
#4684=CARTESIAN_POINT('Ctrl Pts',(7.7551764611422,-17.8661443322943,4.1731336130405));
#4685=CARTESIAN_POINT('Ctrl Pts',(8.11864455444931,-17.8383301204787,4.54887750412271));
#4686=CARTESIAN_POINT('Ctrl Pts',(8.34124703086228,-17.8208697817776,4.7031748676624));
#4687=CARTESIAN_POINT('Ctrl Pts',(8.72350656142948,-17.7897031754523,4.87366067631866));
#4688=CARTESIAN_POINT('Ctrl Pts',(8.86713974186303,-17.777778108543,4.92035613367699));
#4689=CARTESIAN_POINT('Ctrl Pts',(9.16189676099823,-17.752819412346,4.98339953324941));
#4690=CARTESIAN_POINT('Ctrl Pts',(9.31246950282652,-17.7398308526767,4.99952984946873));
#4691=CARTESIAN_POINT('Ctrl Pts',(9.46556986572803,-17.7263790657739,4.99999662405076));
#4692=CARTESIAN_POINT('Ctrl Pts',(9.46778441814258,-17.726184438234,5.));
#4693=CARTESIAN_POINT('Ctrl Pts',(9.46999896698433,-17.7259897596948,5.));
#4694=CARTESIAN_POINT('',(9.96830386813199,-13.861453370716,5.));
#4695=CARTESIAN_POINT('Ctrl Pts',(9.47018571750272,-17.7260306723663,5.));
#4696=CARTESIAN_POINT('Ctrl Pts',(9.74906292620784,-16.4557700788735,5.));
#4697=CARTESIAN_POINT('Ctrl Pts',(9.91452252596301,-15.1611424642207,5.));
#4698=CARTESIAN_POINT('Ctrl Pts',(9.96925360256163,-13.8614939013708,5.));
#4699=CARTESIAN_POINT('Ctrl Pts',(9.96830386813199,-13.861453370716,5.));
#4700=CARTESIAN_POINT('Ctrl Pts',(9.96646930047307,-13.8558834938108,5.));
#4701=CARTESIAN_POINT('Ctrl Pts',(9.96463352745298,-13.8503140060862,4.99999678519574));
#4702=CARTESIAN_POINT('Ctrl Pts',(9.34847688668785,-11.9823354201627,4.9978425789056));
#4703=CARTESIAN_POINT('Ctrl Pts',(8.59567542266731,-10.2302740537571,4.64667068975364));
#4704=CARTESIAN_POINT('Ctrl Pts',(7.84868193131974,-8.69993515082726,4.04005988582357));
#4705=CARTESIAN_POINT('Ctrl Pts',(7.67692267531419,-8.36768081841166,3.86707396927142));
#4706=CARTESIAN_POINT('Ctrl Pts',(7.49055615601719,-8.01563933252068,3.60054913438891));
#4707=CARTESIAN_POINT('Ctrl Pts',(7.43069219483952,-7.90433971644696,3.50041198536808));
#4708=CARTESIAN_POINT('Ctrl Pts',(7.36046481530856,-7.77510578978978,3.32443776009905));
#4709=CARTESIAN_POINT('Ctrl Pts',(7.33878276176713,-7.73549141438103,3.25544291839138));
#4710=CARTESIAN_POINT('Ctrl Pts',(7.31387137506736,-7.69008741087558,3.12233472228388));
#4711=CARTESIAN_POINT('Ctrl Pts',(7.30783541644367,-7.67912733813206,3.06219144423113));
#4712=CARTESIAN_POINT('Ctrl Pts',(7.30783541644367,-7.67912733813206,3.));
#4713=CARTESIAN_POINT('Origin',(-75.6371952538931,-82.9473779085281,3.));
#4714=CARTESIAN_POINT('',(36.2560510946393,-87.9562778294352,3.));
#4715=CARTESIAN_POINT('Origin',(-75.6371952538931,-82.9473779085281,3.));
#4716=CARTESIAN_POINT('',(34.2494993237284,-77.8404410595117,5.));
#4717=CARTESIAN_POINT('Origin',(-75.6371952538931,-82.9473779085281,5.));
#4718=CARTESIAN_POINT('Ctrl Pts',(34.2494993237284,-77.8404410595117,5.));
#4719=CARTESIAN_POINT('Ctrl Pts',(34.252012339233,-77.8517473057641,5.));
#4720=CARTESIAN_POINT('Ctrl Pts',(34.254524479118,-77.8630537653827,4.99999704358237));
#4721=CARTESIAN_POINT('Ctrl Pts',(35.1271363600866,-81.7918863588757,4.99793968321039));
#4722=CARTESIAN_POINT('Ctrl Pts',(35.6921596671228,-84.8228835659121,4.63971826606025));
#4723=CARTESIAN_POINT('Ctrl Pts',(36.0575844185427,-86.8363694685948,3.96472542371009));
#4724=CARTESIAN_POINT('Ctrl Pts',(36.124259726475,-87.2088628325419,3.81552338752149));
#4725=CARTESIAN_POINT('Ctrl Pts',(36.1948881658842,-87.6079437666542,3.55233801156113));
#4726=CARTESIAN_POINT('Ctrl Pts',(36.21495893208,-87.7219163574874,3.46238618748862));
#4727=CARTESIAN_POINT('Ctrl Pts',(36.238484862113,-87.8559294152331,3.30147787246617));
#4728=CARTESIAN_POINT('Ctrl Pts',(36.2457176908878,-87.8972237019092,3.23774032029452));
#4729=CARTESIAN_POINT('Ctrl Pts',(36.2540423454089,-87.9447871441536,3.11410562866886));
#4730=CARTESIAN_POINT('Ctrl Pts',(36.2560510946393,-87.9562778294352,3.05798486644413));
#4731=CARTESIAN_POINT('Ctrl Pts',(36.2560510946393,-87.9562778294352,3.));
#4732=CARTESIAN_POINT('Origin',(16.8589032930022,-35.6512878032657,3.));
#4733=CARTESIAN_POINT('',(9.98185138200797,-24.2157230834728,3.));
#4734=CARTESIAN_POINT('',(15.0098341089956,-36.4134840724492,3.));
#4735=CARTESIAN_POINT('',(10.,-24.2157230834728,3.25852381870609));
#4736=CARTESIAN_POINT('Origin',(12.1451019702487,-24.2157230834728,3.));
#4737=CARTESIAN_POINT('',(10.,-24.2597511791459,3.));
#4738=CARTESIAN_POINT('Origin',(10.,-19.0117590782598,3.));
#4739=CARTESIAN_POINT('',(15.0098341089956,-36.4134840724492,3.));
#4740=CARTESIAN_POINT('',(16.8589032930022,-35.6512878032657,5.));
#4741=CARTESIAN_POINT('Origin',(9.98185138200797,-24.2157230834728,0.));
#4742=CARTESIAN_POINT('',(9.98185138200798,-24.2157230834728,2.5));
#4743=CARTESIAN_POINT('',(9.98185138200797,-24.2157230834728,0.));
#4744=CARTESIAN_POINT('',(9.98185138200797,-24.2157230834728,0.));
#4745=CARTESIAN_POINT('',(9.98185138200797,-24.2157230834728,0.));
#4746=CARTESIAN_POINT('',(10.,-24.2157230834728,0.));
#4747=CARTESIAN_POINT('',(9.98185138200797,-24.2157230834728,0.));
#4748=CARTESIAN_POINT('',(10.,-24.2157230834728,0.));
#4749=CARTESIAN_POINT('Origin',(7.37597294694268,-17.8939268396941,0.));
#4750=CARTESIAN_POINT('',(7.37597294694268,-17.8939268396941,2.5));
#4751=CARTESIAN_POINT('',(7.37597294694268,-17.8939268396941,0.));
#4752=CARTESIAN_POINT('',(7.37597294694268,-17.8939268396941,2.5));
#4753=CARTESIAN_POINT('Ctrl Pts',(7.37597294694268,-17.8939268396941,2.5));
#4754=CARTESIAN_POINT('Ctrl Pts',(8.6890087031587,-12.6896378107243,2.5));
#4755=CARTESIAN_POINT('Ctrl Pts',(7.30783547732587,-7.67912755899569,2.5));
#4756=CARTESIAN_POINT('Ctrl Pts',(7.37597294694268,-17.8939268396941,3.));
#4757=CARTESIAN_POINT('Ctrl Pts',(8.6890087031587,-12.6896378107243,3.));
#4758=CARTESIAN_POINT('Ctrl Pts',(7.30783547732587,-7.67912755899569,3.));
#4759=CARTESIAN_POINT('',(7.30783568657199,-7.6791276358114,2.5));
#4760=CARTESIAN_POINT('',(7.30783568657199,-7.6791276358114,0.));
#4761=CARTESIAN_POINT('Origin',(-0.501625978082534,-13.3506666924735,2.5));
#4762=CARTESIAN_POINT('Origin',(21.8379710980854,-47.8177027326233,5.));
#4763=CARTESIAN_POINT('Ctrl Pts',(-0.993865303763307,-26.4515096655833,
3.));
#4764=CARTESIAN_POINT('Ctrl Pts',(-0.454641262775722,-26.4717699861498,
3.));
#4765=CARTESIAN_POINT('Ctrl Pts',(0.62340125354862,-26.3327199726576,3.));
#4766=CARTESIAN_POINT('Ctrl Pts',(2.43244146462157,-25.5465633887221,3.));
#4767=CARTESIAN_POINT('Ctrl Pts',(4.72051124676777,-23.5419996914213,3.));
#4768=CARTESIAN_POINT('Ctrl Pts',(7.31319788581043,-18.7872836426277,3.));
#4769=CARTESIAN_POINT('Ctrl Pts',(8.01809394212841,-13.4130420554636,3.));
#4770=CARTESIAN_POINT('Ctrl Pts',(7.35614881127971,-8.55810571426786,3.));
#4771=CARTESIAN_POINT('Ctrl Pts',(6.4575947383281,-5.69046504345703,3.));
#4772=CARTESIAN_POINT('Ctrl Pts',(5.19946199904221,-3.38919395278942,3.));
#4773=CARTESIAN_POINT('Ctrl Pts',(3.64940053802141,-1.72309823528016,3.));
#4774=CARTESIAN_POINT('Ctrl Pts',(2.11953220227541,-0.65505365073855,3.));
#4775=CARTESIAN_POINT('Ctrl Pts',(-0.00515393878116187,-0.0848205471771852,
3.));
#4776=CARTESIAN_POINT('Ctrl Pts',(-2.15494667248863,-0.498310801128173,
3.));
#4777=CARTESIAN_POINT('Ctrl Pts',(-3.77179984370187,-1.44276402907763,3.));
#4778=CARTESIAN_POINT('Ctrl Pts',(-5.8431777374042,-3.38269518378088,3.));
#4779=CARTESIAN_POINT('Ctrl Pts',(-7.59467041300374,-6.55569248968955,3.));
#4780=CARTESIAN_POINT('Ctrl Pts',(-9.03394728113356,-12.275891232702,3.));
#4781=CARTESIAN_POINT('Ctrl Pts',(-8.70232415450168,-18.1880090787645,3.));
#4782=CARTESIAN_POINT('Ctrl Pts',(-6.47467738327062,-23.1205018897172,3.));
#4783=CARTESIAN_POINT('Ctrl Pts',(-4.34260330404981,-25.2920669995051,3.));
#4784=CARTESIAN_POINT('Ctrl Pts',(-2.59792919735347,-26.211569697454,3.));
#4785=CARTESIAN_POINT('Ctrl Pts',(-1.53308934475089,-26.4312493450168,3.));
#4786=CARTESIAN_POINT('Ctrl Pts',(-0.993865303763307,-26.4515096655833,
3.));
#4787=CARTESIAN_POINT('Ctrl Pts',(-0.993865303763307,-26.4515096655833,
3.59839860068377));
#4788=CARTESIAN_POINT('Ctrl Pts',(-0.453958302869473,-26.4717956470728,
3.59839860068377));
#4789=CARTESIAN_POINT('Ctrl Pts',(0.624187116408061,-26.3328722612531,3.59839860068377));
#4790=CARTESIAN_POINT('Ctrl Pts',(2.43418200532892,-25.546218033534,3.59839860068377));
#4791=CARTESIAN_POINT('Ctrl Pts',(4.7212853323032,-23.5415357544508,3.59839860068377));
#4792=CARTESIAN_POINT('Ctrl Pts',(7.31334082282562,-18.7871014335049,3.59839860068377));
#4793=CARTESIAN_POINT('Ctrl Pts',(8.01804169924152,-13.4133420918249,3.59839860068377));
#4794=CARTESIAN_POINT('Ctrl Pts',(7.35638828782471,-8.55829496644503,3.59839860068377));
#4795=CARTESIAN_POINT('Ctrl Pts',(6.45754139132228,-5.6903066698451,3.59839860068377));
#4796=CARTESIAN_POINT('Ctrl Pts',(5.20056379159377,-3.38967915663249,3.59839860068377));
#4797=CARTESIAN_POINT('Ctrl Pts',(3.65019754011484,-1.72309321050978,3.59839860068377));
#4798=CARTESIAN_POINT('Ctrl Pts',(2.12095656759161,-0.654688365825865,3.59839860068377));
#4799=CARTESIAN_POINT('Ctrl Pts',(-0.00552426253484917,-0.0840485205303785,
3.59839860068377));
#4800=CARTESIAN_POINT('Ctrl Pts',(-2.15543470265136,-0.497692537076376,
3.59839860068377));
#4801=CARTESIAN_POINT('Ctrl Pts',(-3.77288133320948,-1.4428862837207,3.59839860068377));
#4802=CARTESIAN_POINT('Ctrl Pts',(-5.84416787691896,-3.3830789920885,3.59839860068377));
#4803=CARTESIAN_POINT('Ctrl Pts',(-7.59459920495594,-6.55583410854847,3.59839860068377));
#4804=CARTESIAN_POINT('Ctrl Pts',(-9.03432350071836,-12.2760240357306,3.59839860068377));
#4805=CARTESIAN_POINT('Ctrl Pts',(-8.70214202458854,-18.1878836485794,3.59839860068377));
#4806=CARTESIAN_POINT('Ctrl Pts',(-6.47547436017759,-23.1200393604364,3.59839860068377));
#4807=CARTESIAN_POINT('Ctrl Pts',(-4.34430064128636,-25.2915869717322,3.59839860068377));
#4808=CARTESIAN_POINT('Ctrl Pts',(-2.59872846427496,-26.2116668186368,3.59839860068377));
#4809=CARTESIAN_POINT('Ctrl Pts',(-1.53377230465714,-26.4312236840937,3.59839860068377));
#4810=CARTESIAN_POINT('Ctrl Pts',(-0.993865303763307,-26.4515096655833,
3.59839860068377));
#4811=CARTESIAN_POINT('Ctrl Pts',(-0.975031476480893,-25.9502514341969,
4.63482144781801));
#4812=CARTESIAN_POINT('Ctrl Pts',(-0.488713362570864,-25.9685239149028,
4.63482144781801));
#4813=CARTESIAN_POINT('Ctrl Pts',(0.484774161939266,-25.8436440394135,4.63482144781801));
#4814=CARTESIAN_POINT('Ctrl Pts',(2.1463290697928,-25.1243877735096,4.63482144781801));
#4815=CARTESIAN_POINT('Ctrl Pts',(4.3064645647853,-23.2405709001861,4.63482144781801));
#4816=CARTESIAN_POINT('Ctrl Pts',(6.81884680796218,-18.6527575409458,4.634821447818));
#4817=CARTESIAN_POINT('Ctrl Pts',(7.5104587366359,-13.3966170532359,4.63482144781801));
#4818=CARTESIAN_POINT('Ctrl Pts',(6.86355078796255,-8.66618616264905,4.634821447818));
#4819=CARTESIAN_POINT('Ctrl Pts',(5.9921743157242,-5.88441366915141,4.634821447818));
#4820=CARTESIAN_POINT('Ctrl Pts',(4.77956847775799,-3.67483301920295,4.63482144781801));
#4821=CARTESIAN_POINT('Ctrl Pts',(3.31626431285442,-2.10274503149607,4.634821447818));
#4822=CARTESIAN_POINT('Ctrl Pts',(1.89412021513216,-1.11573716567598,4.634821447818));
#4823=CARTESIAN_POINT('Ctrl Pts',(-0.0240814545650306,-0.603187454509779,
4.634821447818));
#4824=CARTESIAN_POINT('Ctrl Pts',(-1.96663753535936,-0.974090480248418,
4.634821447818));
#4825=CARTESIAN_POINT('Ctrl Pts',(-3.46732409643702,-1.84642638299372,4.634821447818));
#4826=CARTESIAN_POINT('Ctrl Pts',(-5.4249218484806,-3.67698121843773,4.634821447818));
#4827=CARTESIAN_POINT('Ctrl Pts',(-7.12234020690667,-6.73740003896162,4.63482144781801));
#4828=CARTESIAN_POINT('Ctrl Pts',(-8.52471157272462,-12.3088414613377,4.634821447818));
#4829=CARTESIAN_POINT('Ctrl Pts',(-8.19971588818735,-18.0908504028824,4.63482144781801));
#4830=CARTESIAN_POINT('Ctrl Pts',(-6.03897573574057,-22.8510352459344,4.634821447818));
#4831=CARTESIAN_POINT('Ctrl Pts',(-4.0256416886979,-24.8925511416032,4.634821447818));
#4832=CARTESIAN_POINT('Ctrl Pts',(-2.42295922586013,-25.7342845169882,4.634821447818));
#4833=CARTESIAN_POINT('Ctrl Pts',(-1.46134959039092,-25.9319789534909,4.634821447818));
#4834=CARTESIAN_POINT('Ctrl Pts',(-0.975031476480893,-25.9502514341969,
4.634821447818));
#4835=CARTESIAN_POINT('Ctrl Pts',(-0.935622963536179,-24.9014024029285,
5.));
#4836=CARTESIAN_POINT('Ctrl Pts',(-0.559405520116695,-24.9155380597743,
5.));
#4837=CARTESIAN_POINT('Ctrl Pts',(0.195398353983559,-24.8204197500241,5.));
#4838=CARTESIAN_POINT('Ctrl Pts',(1.54919090171819,-24.2407096623903,5.));
#4839=CARTESIAN_POINT('Ctrl Pts',(3.44078147436459,-22.6094429491465,5.));
#4840=CARTESIAN_POINT('Ctrl Pts',(5.78457639940628,-18.3711102962805,5.));
#4841=CARTESIAN_POINT('Ctrl Pts',(6.44822031234098,-13.3625130553772,5.));
#4842=CARTESIAN_POINT('Ctrl Pts',(5.83303354017879,-8.89250386405993,5.));
#4843=CARTESIAN_POINT('Ctrl Pts',(5.01826650427548,-6.29009862011557,5.));
#4844=CARTESIAN_POINT('Ctrl Pts',(3.90193984843492,-4.27294076387145,5.));
#4845=CARTESIAN_POINT('Ctrl Pts',(2.61990107486831,-2.89712591451343,5.));
#4846=CARTESIAN_POINT('Ctrl Pts',(1.42371513176629,-2.07936467132714,5.));
#4847=CARTESIAN_POINT('Ctrl Pts',(-0.0640121104305401,-1.68715539145469,
5.));
#4848=CARTESIAN_POINT('Ctrl Pts',(-1.57304312837195,-1.9690829182578,5.));
#4849=CARTESIAN_POINT('Ctrl Pts',(-2.83118149366616,-2.6911702821564,5.));
#4850=CARTESIAN_POINT('Ctrl Pts',(-4.55062153303848,-4.29309287215633,5.));
#4851=CARTESIAN_POINT('Ctrl Pts',(-6.13395841129106,-7.11773553589219,5.));
#4852=CARTESIAN_POINT('Ctrl Pts',(-7.45950150689992,-12.3779045377086,5.));
#4853=CARTESIAN_POINT('Ctrl Pts',(-7.1478816168264,-17.8874419750431,5.));
#4854=CARTESIAN_POINT('Ctrl Pts',(-5.12800124896347,-22.2867871716868,4.99999999999999));
#4855=CARTESIAN_POINT('Ctrl Pts',(-3.3639155630989,-24.0561684515943,5.));
#4856=CARTESIAN_POINT('Ctrl Pts',(-2.05755019723658,-24.7356830020438,5.));
#4857=CARTESIAN_POINT('Ctrl Pts',(-1.31184040695566,-24.8872667460828,5.));
#4858=CARTESIAN_POINT('Ctrl Pts',(-0.93562296353618,-24.9014024029285,5.));
#4859=CARTESIAN_POINT('Ctrl Pts',(-0.918772084549224,-24.452919910674,5.));
#4860=CARTESIAN_POINT('Ctrl Pts',(-0.589565108099056,-24.4652892383906,
5.));
#4861=CARTESIAN_POINT('Ctrl Pts',(0.0717410016605329,-24.3829094334222,
5.));
#4862=CARTESIAN_POINT('Ctrl Pts',(1.29403101394052,-23.8628190177051,5.));
#4863=CARTESIAN_POINT('Ctrl Pts',(3.0706968967021,-22.3395296539804,5.));
#4864=CARTESIAN_POINT('Ctrl Pts',(5.34234188728192,-18.2506612253584,5.));
#4865=CARTESIAN_POINT('Ctrl Pts',(5.99400738096485,-13.3479602413696,5.));
#4866=CARTESIAN_POINT('Ctrl Pts',(5.39241347506738,-8.98929500613459,5.));
#4867=CARTESIAN_POINT('Ctrl Pts',(4.60182318213481,-6.46355166161706,5.));
#4868=CARTESIAN_POINT('Ctrl Pts',(3.52678005650657,-4.52873690535762,5.));
#4869=CARTESIAN_POINT('Ctrl Pts',(2.32221908418737,-3.23679862499742,5.));
#4870=CARTESIAN_POINT('Ctrl Pts',(1.22271417540943,-2.49137049453651,5.));
#4871=CARTESIAN_POINT('Ctrl Pts',(-0.0811231365739736,-2.15057766037553,
5.));
#4872=CARTESIAN_POINT('Ctrl Pts',(-1.40479277311843,-2.39447503159885,5.));
#4873=CARTESIAN_POINT('Ctrl Pts',(-2.55927787206991,-3.05239063737097,5.));
#4874=CARTESIAN_POINT('Ctrl Pts',(-4.17687379132011,-4.55657729501123,5.));
#4875=CARTESIAN_POINT('Ctrl Pts',(-5.71132430857071,-7.28037915726987,5.));
#4876=CARTESIAN_POINT('Ctrl Pts',(-7.0040605884687,-12.4074487828543,5.));
#4877=CARTESIAN_POINT('Ctrl Pts',(-6.69810451235239,-17.8004530776133,5.));
#4878=CARTESIAN_POINT('Ctrl Pts',(-4.7385525812059,-22.0454715106656,4.99999999999999));
#4879=CARTESIAN_POINT('Ctrl Pts',(-3.08113389160611,-23.6984876751775,5.));
#4880=CARTESIAN_POINT('Ctrl Pts',(-1.90138276278886,-24.308695763849,5.));
#4881=CARTESIAN_POINT('Ctrl Pts',(-1.24797906099939,-24.4405505829575,5.));
#4882=CARTESIAN_POINT('Ctrl Pts',(-0.918772084549225,-24.4529199106741,
5.));
#4883=CARTESIAN_POINT('',(-0.918772084549225,-24.4529199106741,5.));
#4884=CARTESIAN_POINT('',(-0.993865303763307,-26.4515096655833,3.));
#4885=CARTESIAN_POINT('Origin',(-0.918772084549224,-24.452919910674,3.));
#4886=CARTESIAN_POINT('Ctrl Pts',(-0.993865303763307,-26.4515096655833,
3.));
#4887=CARTESIAN_POINT('Ctrl Pts',(-0.454641262775722,-26.4717699861498,
3.));
#4888=CARTESIAN_POINT('Ctrl Pts',(0.62340125354862,-26.3327199726576,3.));
#4889=CARTESIAN_POINT('Ctrl Pts',(2.43244146462157,-25.5465633887221,3.));
#4890=CARTESIAN_POINT('Ctrl Pts',(4.72051124676777,-23.5419996914213,3.));
#4891=CARTESIAN_POINT('Ctrl Pts',(7.31319788581043,-18.7872836426277,3.));
#4892=CARTESIAN_POINT('Ctrl Pts',(8.01809394212841,-13.4130420554636,3.));
#4893=CARTESIAN_POINT('Ctrl Pts',(7.35614881127971,-8.55810571426786,3.));
#4894=CARTESIAN_POINT('Ctrl Pts',(6.4575947383281,-5.69046504345703,3.));
#4895=CARTESIAN_POINT('Ctrl Pts',(5.19946199904221,-3.38919395278942,3.));
#4896=CARTESIAN_POINT('Ctrl Pts',(3.64940053802141,-1.72309823528016,3.));
#4897=CARTESIAN_POINT('Ctrl Pts',(2.11953220227541,-0.65505365073855,3.));
#4898=CARTESIAN_POINT('Ctrl Pts',(-0.00515393878116187,-0.0848205471771852,
3.));
#4899=CARTESIAN_POINT('Ctrl Pts',(-2.15494667248863,-0.498310801128173,
3.));
#4900=CARTESIAN_POINT('Ctrl Pts',(-3.77179984370187,-1.44276402907763,3.));
#4901=CARTESIAN_POINT('Ctrl Pts',(-5.8431777374042,-3.38269518378088,3.));
#4902=CARTESIAN_POINT('Ctrl Pts',(-7.59467041300374,-6.55569248968955,3.));
#4903=CARTESIAN_POINT('Ctrl Pts',(-9.03394728113356,-12.275891232702,3.));
#4904=CARTESIAN_POINT('Ctrl Pts',(-8.70232415450168,-18.1880090787645,3.));
#4905=CARTESIAN_POINT('Ctrl Pts',(-6.47467738327062,-23.1205018897172,3.));
#4906=CARTESIAN_POINT('Ctrl Pts',(-4.34260330404981,-25.2920669995051,3.));
#4907=CARTESIAN_POINT('Ctrl Pts',(-2.59792919735347,-26.211569697454,3.));
#4908=CARTESIAN_POINT('Ctrl Pts',(-1.53308934475089,-26.4312493450168,3.));
#4909=CARTESIAN_POINT('Ctrl Pts',(-0.993865303763307,-26.4515096655833,
3.));
#4910=CARTESIAN_POINT('Ctrl Pts',(-0.918772084549225,-24.4529199106741,
5.));
#4911=CARTESIAN_POINT('Ctrl Pts',(-1.24797906099939,-24.4405505829575,5.));
#4912=CARTESIAN_POINT('Ctrl Pts',(-1.90138276278886,-24.308695763849,5.));
#4913=CARTESIAN_POINT('Ctrl Pts',(-3.08113389160611,-23.6984876751775,5.));
#4914=CARTESIAN_POINT('Ctrl Pts',(-4.7385525812059,-22.0454715106656,4.99999999999999));
#4915=CARTESIAN_POINT('Ctrl Pts',(-6.69810451235239,-17.8004530776133,5.));
#4916=CARTESIAN_POINT('Ctrl Pts',(-7.0040605884687,-12.4074487828543,5.));
#4917=CARTESIAN_POINT('Ctrl Pts',(-5.71132430857071,-7.28037915726987,5.));
#4918=CARTESIAN_POINT('Ctrl Pts',(-4.17687379132011,-4.55657729501123,5.));
#4919=CARTESIAN_POINT('Ctrl Pts',(-2.55927787206991,-3.05239063737097,5.));
#4920=CARTESIAN_POINT('Ctrl Pts',(-1.40479277311843,-2.39447503159885,5.));
#4921=CARTESIAN_POINT('Ctrl Pts',(-0.0811231365739736,-2.15057766037553,
5.));
#4922=CARTESIAN_POINT('Ctrl Pts',(1.22271417540943,-2.49137049453651,5.));
#4923=CARTESIAN_POINT('Ctrl Pts',(2.32221908418737,-3.23679862499742,5.));
#4924=CARTESIAN_POINT('Ctrl Pts',(3.52678005650657,-4.52873690535762,5.));
#4925=CARTESIAN_POINT('Ctrl Pts',(4.60182318213481,-6.46355166161706,5.));
#4926=CARTESIAN_POINT('Ctrl Pts',(5.39241347506738,-8.98929500613459,5.));
#4927=CARTESIAN_POINT('Ctrl Pts',(5.99400738096485,-13.3479602413696,5.));
#4928=CARTESIAN_POINT('Ctrl Pts',(5.34234188728192,-18.2506612253584,5.));
#4929=CARTESIAN_POINT('Ctrl Pts',(3.0706968967021,-22.3395296539804,5.));
#4930=CARTESIAN_POINT('Ctrl Pts',(1.29403101394052,-23.8628190177051,5.));
#4931=CARTESIAN_POINT('Ctrl Pts',(0.0717410016605329,-24.3829094334222,
5.));
#4932=CARTESIAN_POINT('Ctrl Pts',(-0.589565108099056,-24.4652892383906,
5.));
#4933=CARTESIAN_POINT('Ctrl Pts',(-0.918772084549224,-24.452919910674,5.));
#4934=CARTESIAN_POINT('Ctrl Pts',(-0.993865303763307,-26.4515096655833,
0.));
#4935=CARTESIAN_POINT('Ctrl Pts',(-0.993865303763307,-26.4515096655833,
5.));
#4936=CARTESIAN_POINT('Ctrl Pts',(0.891699133745823,-26.5223561728769,0.));
#4937=CARTESIAN_POINT('Ctrl Pts',(0.891699133745823,-26.5223561728769,5.));
#4938=CARTESIAN_POINT('Ctrl Pts',(2.82840101552698,-25.5153993328027,0.));
#4939=CARTESIAN_POINT('Ctrl Pts',(2.82840101552698,-25.5153993328027,5.));
#4940=CARTESIAN_POINT('Ctrl Pts',(4.38038203333746,-23.6102150190907,0.));
#4941=CARTESIAN_POINT('Ctrl Pts',(4.38038203333746,-23.6102150190907,5.));
#4942=CARTESIAN_POINT('Ctrl Pts',(6.08755377204988,-21.5145213346435,0.));
#4943=CARTESIAN_POINT('Ctrl Pts',(6.08755377204988,-21.5145213346435,5.));
#4944=CARTESIAN_POINT('Ctrl Pts',(7.28843811218209,-18.3488061632696,0.));
#4945=CARTESIAN_POINT('Ctrl Pts',(7.28843811218209,-18.3488061632696,5.));
#4946=CARTESIAN_POINT('Ctrl Pts',(7.63182831658653,-14.989310154059,0.));
#4947=CARTESIAN_POINT('Ctrl Pts',(7.63182831658653,-14.989310154059,5.));
#4948=CARTESIAN_POINT('Ctrl Pts',(7.96190999053625,-11.760015747508,0.));
#4949=CARTESIAN_POINT('Ctrl Pts',(7.96190999053625,-11.760015747508,5.));
#4950=CARTESIAN_POINT('Ctrl Pts',(7.49955524661451,-8.38760922764677,0.));
#4951=CARTESIAN_POINT('Ctrl Pts',(7.49955524661451,-8.38760922764677,5.));
#4952=CARTESIAN_POINT('Ctrl Pts',(6.37156577542084,-5.7429003299463,0.));
#4953=CARTESIAN_POINT('Ctrl Pts',(6.37156577542084,-5.7429003299463,5.));
#4954=CARTESIAN_POINT('Ctrl Pts',(5.28917253902339,-3.20509736616346,0.));
#4955=CARTESIAN_POINT('Ctrl Pts',(5.28917253902339,-3.20509736616346,5.));
#4956=CARTESIAN_POINT('Ctrl Pts',(3.60982089547009,-1.36572878045303,0.));
#4957=CARTESIAN_POINT('Ctrl Pts',(3.60982089547009,-1.36572878045303,5.));
#4958=CARTESIAN_POINT('Ctrl Pts',(1.7596029675046,-0.629280644101319,0.));
#4959=CARTESIAN_POINT('Ctrl Pts',(1.7596029675046,-0.629280644101319,5.));
#4960=CARTESIAN_POINT('Ctrl Pts',(-0.171382218607083,0.13931554132124,0.));
#4961=CARTESIAN_POINT('Ctrl Pts',(-0.171382218607083,0.13931554132124,5.));
#4962=CARTESIAN_POINT('Ctrl Pts',(-2.28802233889833,-0.271289457370556,
0.));
#4963=CARTESIAN_POINT('Ctrl Pts',(-2.28802233889833,-0.271289457370556,
5.));
#4964=CARTESIAN_POINT('Ctrl Pts',(-4.11258789771933,-1.79413118207121,0.));
#4965=CARTESIAN_POINT('Ctrl Pts',(-4.11258789771933,-1.79413118207121,5.));
#4966=CARTESIAN_POINT('Ctrl Pts',(-5.96317117799435,-3.33868814282918,0.));
#4967=CARTESIAN_POINT('Ctrl Pts',(-5.96317117799435,-3.33868814282918,5.));
#4968=CARTESIAN_POINT('Ctrl Pts',(-7.47044928747287,-6.02938378812592,0.));
#4969=CARTESIAN_POINT('Ctrl Pts',(-7.47044928747287,-6.02938378812592,5.));
#4970=CARTESIAN_POINT('Ctrl Pts',(-8.20810842491698,-9.1608503246053,0.));
#4971=CARTESIAN_POINT('Ctrl Pts',(-8.20810842491698,-9.1608503246053,5.));
#4972=CARTESIAN_POINT('Ctrl Pts',(-8.96051215612216,-12.3549097303559,0.));
#4973=CARTESIAN_POINT('Ctrl Pts',(-8.96051215612216,-12.3549097303559,5.));
#4974=CARTESIAN_POINT('Ctrl Pts',(-8.90362754842748,-15.9693630938247,0.));
#4975=CARTESIAN_POINT('Ctrl Pts',(-8.90362754842748,-15.9693630938247,5.));
#4976=CARTESIAN_POINT('Ctrl Pts',(-8.05549987516719,-19.0083232527739,0.));
#4977=CARTESIAN_POINT('Ctrl Pts',(-8.05549987516719,-19.0083232527739,5.));
#4978=CARTESIAN_POINT('Ctrl Pts',(-7.27341588628136,-21.8106396470024,0.));
#4979=CARTESIAN_POINT('Ctrl Pts',(-7.27341588628136,-21.8106396470024,5.));
#4980=CARTESIAN_POINT('Ctrl Pts',(-5.83015675027052,-24.0956755287626,0.));
#4981=CARTESIAN_POINT('Ctrl Pts',(-5.83015675027052,-24.0956755287626,5.));
#4982=CARTESIAN_POINT('Ctrl Pts',(-4.09545796176531,-25.3369601999078,0.));
#4983=CARTESIAN_POINT('Ctrl Pts',(-4.09545796176531,-25.3369601999078,5.));
#4984=CARTESIAN_POINT('Ctrl Pts',(-3.12154876860925,-26.0338526866972,0.));
#4985=CARTESIAN_POINT('Ctrl Pts',(-3.12154876860925,-26.0338526866972,5.));
#4986=CARTESIAN_POINT('Ctrl Pts',(-2.06324689774146,-26.4113296805399,0.));
#4987=CARTESIAN_POINT('Ctrl Pts',(-2.06324689774146,-26.4113296805399,5.));
#4988=CARTESIAN_POINT('Ctrl Pts',(-0.99386530376331,-26.4515096655833,0.));
#4989=CARTESIAN_POINT('Ctrl Pts',(-0.99386530376331,-26.4515096655833,5.));
#4990=CARTESIAN_POINT('',(-0.993865303763307,-26.4515096655833,2.5));
#4991=CARTESIAN_POINT('',(-0.993865303763307,-26.4515096655833,0.));
#4992=CARTESIAN_POINT('Ctrl Pts',(-0.99386530376331,-26.4515096655833,2.5));
#4993=CARTESIAN_POINT('Ctrl Pts',(-2.06324689774146,-26.4113296805399,2.5));
#4994=CARTESIAN_POINT('Ctrl Pts',(-3.12154876860925,-26.0338526866972,2.5));
#4995=CARTESIAN_POINT('Ctrl Pts',(-4.09545796176531,-25.3369601999078,2.5));
#4996=CARTESIAN_POINT('Ctrl Pts',(-5.83015675027052,-24.0956755287626,2.5));
#4997=CARTESIAN_POINT('Ctrl Pts',(-7.27341588628136,-21.8106396470024,2.5));
#4998=CARTESIAN_POINT('Ctrl Pts',(-8.05549987516719,-19.0083232527739,2.5));
#4999=CARTESIAN_POINT('Ctrl Pts',(-8.90362754842748,-15.9693630938247,2.5));
#5000=CARTESIAN_POINT('Ctrl Pts',(-8.96051215612216,-12.3549097303559,2.5));
#5001=CARTESIAN_POINT('Ctrl Pts',(-8.20810842491698,-9.1608503246053,2.5));
#5002=CARTESIAN_POINT('Ctrl Pts',(-7.47044928747287,-6.02938378812592,2.5));
#5003=CARTESIAN_POINT('Ctrl Pts',(-5.96317117799435,-3.33868814282918,2.5));
#5004=CARTESIAN_POINT('Ctrl Pts',(-4.11258789771933,-1.79413118207121,2.5));
#5005=CARTESIAN_POINT('Ctrl Pts',(-2.28802233889833,-0.271289457370556,
2.5));
#5006=CARTESIAN_POINT('Ctrl Pts',(-0.171382218607083,0.13931554132124,2.5));
#5007=CARTESIAN_POINT('Ctrl Pts',(1.7596029675046,-0.629280644101319,2.5));
#5008=CARTESIAN_POINT('Ctrl Pts',(3.60982089547009,-1.36572878045303,2.5));
#5009=CARTESIAN_POINT('Ctrl Pts',(5.28917253902339,-3.20509736616346,2.5));
#5010=CARTESIAN_POINT('Ctrl Pts',(6.37156577542084,-5.7429003299463,2.5));
#5011=CARTESIAN_POINT('Ctrl Pts',(7.49955524661451,-8.38760922764677,2.5));
#5012=CARTESIAN_POINT('Ctrl Pts',(7.96190999053625,-11.760015747508,2.5));
#5013=CARTESIAN_POINT('Ctrl Pts',(7.63182831658653,-14.989310154059,2.5));
#5014=CARTESIAN_POINT('Ctrl Pts',(7.28843811218209,-18.3488061632696,2.5));
#5015=CARTESIAN_POINT('Ctrl Pts',(6.08755377204988,-21.5145213346435,2.5));
#5016=CARTESIAN_POINT('Ctrl Pts',(4.38038203333746,-23.6102150190907,2.5));
#5017=CARTESIAN_POINT('Ctrl Pts',(2.82840101552698,-25.5153993328027,2.5));
#5018=CARTESIAN_POINT('Ctrl Pts',(0.891699133745823,-26.5223561728769,2.5));
#5019=CARTESIAN_POINT('Ctrl Pts',(-0.993865303763307,-26.4515096655833,
2.5));
#5020=CARTESIAN_POINT('Origin',(-0.499301082792951,-13.1915203157778,5.));
#5021=CARTESIAN_POINT('Ctrl Pts',(5.09005073036575,-23.0840728273286,3.));
#5022=CARTESIAN_POINT('Ctrl Pts',(4.38792466248781,-24.0887933450057,3.));
#5023=CARTESIAN_POINT('Ctrl Pts',(3.1313456777333,-25.3949499426131,3.));
#5024=CARTESIAN_POINT('Ctrl Pts',(0.670142836892033,-26.6797567610433,3.));
#5025=CARTESIAN_POINT('Ctrl Pts',(-1.98670997896678,-26.8862156322577,3.));
#5026=CARTESIAN_POINT('Ctrl Pts',(-3.95383135175601,-25.8361844334912,3.));
#5027=CARTESIAN_POINT('Ctrl Pts',(-4.81490456601242,-25.0857285925811,3.));
#5028=CARTESIAN_POINT('Ctrl Pts',(5.09005073036575,-23.0840728273286,3.59839860068377));
#5029=CARTESIAN_POINT('Ctrl Pts',(4.38829748627612,-24.0882598457856,3.59839860068377));
#5030=CARTESIAN_POINT('Ctrl Pts',(3.13012435953041,-25.3949658739748,3.59839860068377));
#5031=CARTESIAN_POINT('Ctrl Pts',(0.66996114700503,-26.6785239523104,3.59839860068377));
#5032=CARTESIAN_POINT('Ctrl Pts',(-1.98606626698757,-26.885387174502,3.59839860068377));
#5033=CARTESIAN_POINT('Ctrl Pts',(-3.95452636386267,-25.8355787057943,3.59839860068377));
#5034=CARTESIAN_POINT('Ctrl Pts',(-4.81490456601242,-25.0857285925811,3.59839860068377));
#5035=CARTESIAN_POINT('Ctrl Pts',(5.50126622587244,-23.3714414177284,4.63476800926407));
#5036=CARTESIAN_POINT('Ctrl Pts',(4.77025912416414,-24.4174897945872,4.63476800926407));
#5037=CARTESIAN_POINT('Ctrl Pts',(3.45360964423076,-25.7915316985953,4.63476800926406));
#5038=CARTESIAN_POINT('Ctrl Pts',(0.813267791788262,-27.1768437927329,4.63476800926406));
#5039=CARTESIAN_POINT('Ctrl Pts',(-2.10510437226564,-27.4055486055448,4.63476800926406));
#5040=CARTESIAN_POINT('Ctrl Pts',(-4.22960505914174,-26.2613058593491,4.63476800926406));
#5041=CARTESIAN_POINT('Ctrl Pts',(-5.14451783190866,-25.463926933982,4.63476800926406));
#5042=CARTESIAN_POINT('Ctrl Pts',(6.36154429372754,-23.9726271668372,5.));
#5043=CARTESIAN_POINT('Ctrl Pts',(5.57043388479391,-25.1046815028994,5.));
#5044=CARTESIAN_POINT('Ctrl Pts',(4.12675973818003,-26.6212089817049,5.));
#5045=CARTESIAN_POINT('Ctrl Pts',(1.11253607587014,-28.2157204564087,5.));
#5046=CARTESIAN_POINT('Ctrl Pts',(-2.35224270225655,-28.4913082877661,5.));
#5047=CARTESIAN_POINT('Ctrl Pts',(-4.80712461802753,-27.1501608026784,5.));
#5048=CARTESIAN_POINT('Ctrl Pts',(-5.83408100893639,-26.2551318908999,5.));
#5049=CARTESIAN_POINT('Ctrl Pts',(6.72941728930683,-24.2297068375717,5.));
#5050=CARTESIAN_POINT('Ctrl Pts',(5.91264414347547,-25.3984837502202,5.));
#5051=CARTESIAN_POINT('Ctrl Pts',(4.41448609604715,-26.9759980918901,5.));
#5052=CARTESIAN_POINT('Ctrl Pts',(1.24049062796904,-28.6598379948332,5.));
#5053=CARTESIAN_POINT('Ctrl Pts',(-2.45785742884254,-28.9555159650933,5.));
#5054=CARTESIAN_POINT('Ctrl Pts',(-5.05415627457704,-27.5301909930083,5.));
#5055=CARTESIAN_POINT('Ctrl Pts',(-6.12895272664371,-26.593467771465,5.));
#5056=CARTESIAN_POINT('',(-3.81627863491298,-28.0705800916053,5.));
#5057=CARTESIAN_POINT('',(4.24657499118014,-26.879240228645,5.));
#5058=CARTESIAN_POINT('Ctrl Pts',(-3.81628031323899,-28.0705839931689,5.));
#5059=CARTESIAN_POINT('Ctrl Pts',(-3.34890670303275,-28.274366059047,5.));
#5060=CARTESIAN_POINT('Ctrl Pts',(-1.50752953442166,-28.8795385236553,5.));
#5061=CARTESIAN_POINT('Ctrl Pts',(1.24049062796904,-28.6598379948332,5.));
#5062=CARTESIAN_POINT('Ctrl Pts',(3.33273671503431,-27.5498781717619,5.));
#5063=CARTESIAN_POINT('Ctrl Pts',(4.07958015715847,-27.0076125466036,5.));
#5064=CARTESIAN_POINT('Ctrl Pts',(4.24616197968152,-26.8787065050715,5.));
#5065=CARTESIAN_POINT('',(5.09005073010871,-23.0840728277251,3.));
#5066=CARTESIAN_POINT('Ctrl Pts',(4.24657499118014,-26.879240228645,5.));
#5067=CARTESIAN_POINT('Ctrl Pts',(4.24767746704587,-26.8757528179509,5.));
#5068=CARTESIAN_POINT('Ctrl Pts',(4.24877907374029,-26.8722651290373,4.99999673859832));
#5069=CARTESIAN_POINT('Ctrl Pts',(4.41301336125426,-26.3518469394159,4.99902431197847));
#5070=CARTESIAN_POINT('Ctrl Pts',(4.55972127168291,-25.8164769158218,4.92653045117013));
#5071=CARTESIAN_POINT('Ctrl Pts',(4.80023251988276,-24.7993377779782,4.65461743800107));
#5072=CARTESIAN_POINT('Ctrl Pts',(4.8903135334347,-24.3358536062637,4.46007688483483));
#5073=CARTESIAN_POINT('Ctrl Pts',(4.99086740007106,-23.7558683629453,4.09355515822089));
#5074=CARTESIAN_POINT('Ctrl Pts',(5.02317203302028,-23.55048341119,3.93211675071458));
#5075=CARTESIAN_POINT('Ctrl Pts',(5.06141970509541,-23.2915995981848,3.62630289121204));
#5076=CARTESIAN_POINT('Ctrl Pts',(5.07316764011922,-23.2076414052921,3.49683464366003));
#5077=CARTESIAN_POINT('Ctrl Pts',(5.08681476769019,-23.1083518678407,3.24109735483545));
#5078=CARTESIAN_POINT('Ctrl Pts',(5.09005073036575,-23.0840728273286,3.12238395326815));
#5079=CARTESIAN_POINT('Ctrl Pts',(5.09005073036575,-23.0840728273286,3.));
#5080=CARTESIAN_POINT('',(-4.81490456480242,-25.0857285936356,3.));
#5081=CARTESIAN_POINT('Ctrl Pts',(5.09005073009526,-23.0840728277157,3.));
#5082=CARTESIAN_POINT('Ctrl Pts',(4.38792466248781,-24.0887933450057,3.));
#5083=CARTESIAN_POINT('Ctrl Pts',(3.1313456777333,-25.3949499426131,3.));
#5084=CARTESIAN_POINT('Ctrl Pts',(0.670142836892033,-26.6797567610433,3.));
#5085=CARTESIAN_POINT('Ctrl Pts',(-1.98670997846899,-26.886215632219,3.));
#5086=CARTESIAN_POINT('Ctrl Pts',(-3.9538313508346,-25.8361844339831,3.));
#5087=CARTESIAN_POINT('Ctrl Pts',(-4.81490456480242,-25.0857285936356,3.));
#5088=CARTESIAN_POINT('Ctrl Pts',(-3.81627863491298,-28.0705800916053,5.));
#5089=CARTESIAN_POINT('Ctrl Pts',(-3.81749671229714,-28.0677698881504,5.));
#5090=CARTESIAN_POINT('Ctrl Pts',(-3.81871412358825,-28.0649593943621,4.9999967089992));
#5091=CARTESIAN_POINT('Ctrl Pts',(-3.96760479146335,-27.721009240087,4.99919173476583));
#5092=CARTESIAN_POINT('Ctrl Pts',(-4.1064473451287,-27.3722888875641,4.94998662912971));
#5093=CARTESIAN_POINT('Ctrl Pts',(-4.3483816153207,-26.7081375432867,4.76554383500905));
#5094=CARTESIAN_POINT('Ctrl Pts',(-4.45562358646565,-26.3828908434902,4.63071706676703));
#5095=CARTESIAN_POINT('Ctrl Pts',(-4.62032453958838,-25.8373151105327,4.29636718956066));
#5096=CARTESIAN_POINT('Ctrl Pts',(-4.67906946047895,-25.6223806425771,4.11781747052125));
#5097=CARTESIAN_POINT('Ctrl Pts',(-4.75348574699183,-25.3374718246713,3.77999202751695));
#5098=CARTESIAN_POINT('Ctrl Pts',(-4.77830759191257,-25.2371564804865,3.62210805567541));
#5099=CARTESIAN_POINT('Ctrl Pts',(-4.80783688655558,-25.1157252070356,3.30494575484596));
#5100=CARTESIAN_POINT('Ctrl Pts',(-4.81490456471155,-25.0857285937148,3.15460233253087));
#5101=CARTESIAN_POINT('Ctrl Pts',(-4.81490456471155,-25.0857285937148,3.));
#5102=CARTESIAN_POINT('Origin',(7.75000000000003,-46.2861031923649,3.));
#5103=CARTESIAN_POINT('',(9.75000000000001,-50.9055011851613,3.));
#5104=CARTESIAN_POINT('',(7.75000000000001,-50.8948636723832,5.));
#5105=CARTESIAN_POINT('Ctrl Pts',(9.75000000000001,-50.9055011851613,3.00000000000001));
#5106=CARTESIAN_POINT('Ctrl Pts',(9.75000000000001,-50.9052486903045,3.0745696859694));
#5107=CARTESIAN_POINT('Ctrl Pts',(9.74582517866622,-50.9049961954476,3.1491391775073));
#5108=CARTESIAN_POINT('Ctrl Pts',(9.73750160358192,-50.9047437005907,3.22324286272869));
#5109=CARTESIAN_POINT('Ctrl Pts',(9.72917830403013,-50.9044912140921,3.29734409492075));
#5110=CARTESIAN_POINT('Ctrl Pts',(9.71670656907864,-50.9042387275936,3.37097916527856));
#5111=CARTESIAN_POINT('Ctrl Pts',(9.7001642670912,-50.9039862410949,3.44368832682486));
#5112=CARTESIAN_POINT('Ctrl Pts',(9.68362247223091,-50.9037337623367,3.51639525937131));
#5113=CARTESIAN_POINT('Ctrl Pts',(9.66301044641128,-50.9034812835784,3.58817596086446));
#5114=CARTESIAN_POINT('Ctrl Pts',(9.63845687473573,-50.9032288048201,3.65858228966726));
#5115=CARTESIAN_POINT('Ctrl Pts',(9.6139039957327,-50.9029763331844,3.7289866322609));
#5116=CARTESIAN_POINT('Ctrl Pts',(9.58540992148452,-50.9027238615487,3.79801631276533));
#5117=CARTESIAN_POINT('Ctrl Pts',(9.55315253632097,-50.9024713899131,3.86524038900139));
#5118=CARTESIAN_POINT('Ctrl Pts',(9.52089598228368,-50.9022189247824,3.9324627331784));
#5119=CARTESIAN_POINT('Ctrl Pts',(9.48487647959428,-50.9019664596518,3.99787921583004));
#5120=CARTESIAN_POINT('Ctrl Pts',(9.44531888116381,-50.9017139945211,4.06108147244662));
#5121=CARTESIAN_POINT('Ctrl Pts',(9.40576220524514,-50.9014615352782,4.12428225514088));
#5122=CARTESIAN_POINT('Ctrl Pts',(9.36266780494621,-50.9012090760352,4.1852685857783));
#5123=CARTESIAN_POINT('Ctrl Pts',(9.31630468593157,-50.9009566167922,4.24365977293986));
#5124=CARTESIAN_POINT('Ctrl Pts',(9.2696819942409,-50.9007027441085,4.3023778741881));
#5125=CARTESIAN_POINT('Ctrl Pts',(9.21975408816204,-50.9004488714248,4.35847135086673));
#5126=CARTESIAN_POINT('Ctrl Pts',(9.16683612269464,-50.9001949987411,4.41158612965261));
#5127=CARTESIAN_POINT('Ctrl Pts',(9.1142052954614,-50.8999425035963,4.46441270227536));
#5128=CARTESIAN_POINT('Ctrl Pts',(9.05861707986798,-50.8996900084514,4.51429257048568));
#5129=CARTESIAN_POINT('Ctrl Pts',(9.00041856950783,-50.8994375133066,4.56091428369081));
#5130=CARTESIAN_POINT('Ctrl Pts',(8.94222377927683,-50.8991850343016,4.60753301677166));
#5131=CARTESIAN_POINT('Ctrl Pts',(8.88141933174708,-50.8989325552965,4.65089376873047));
#5132=CARTESIAN_POINT('Ctrl Pts',(8.81838484229219,-50.8986800762915,4.69072582897414));
#5133=CARTESIAN_POINT('Ctrl Pts',(8.75535376541277,-50.8984276109553,4.73055573278072));
#5134=CARTESIAN_POINT('Ctrl Pts',(8.6900932168784,-50.898175145619,4.76685711970975));
#5135=CARTESIAN_POINT('Ctrl Pts',(8.62301058843731,-50.8979226802828,4.79940337681031));
#5136=CARTESIAN_POINT('Ctrl Pts',(8.55527644145008,-50.8976677629578,4.83226572901032));
#5137=CARTESIAN_POINT('Ctrl Pts',(8.48568497401647,-50.8974128456329,4.86129940306943));
#5138=CARTESIAN_POINT('Ctrl Pts',(8.41467907709868,-50.8971579283079,4.88631962415367));
#5139=CARTESIAN_POINT('Ctrl Pts',(8.34435228100615,-50.8969054490138,4.91110055169296));
#5140=CARTESIAN_POINT('Ctrl Pts',(8.27263838124799,-50.8966529697196,4.93194437680406));
#5141=CARTESIAN_POINT('Ctrl Pts',(8.19998510430128,-50.8964004904255,4.94872096666171));
#5142=CARTESIAN_POINT('Ctrl Pts',(8.12627947811344,-50.8961443540851,4.96574055769354));
#5143=CARTESIAN_POINT('Ctrl Pts',(8.05160743388275,-50.8958882177447,4.97857401722485));
#5144=CARTESIAN_POINT('Ctrl Pts',(7.97644874329148,-50.8956320814043,4.98713888962541));
#5145=CARTESIAN_POINT('Ctrl Pts',(7.9012900527002,-50.8953759450639,4.99570376202597));
#5146=CARTESIAN_POINT('Ctrl Pts',(7.82564513077942,-50.8951198087235,5.));
#5147=CARTESIAN_POINT('Ctrl Pts',(7.75000000000001,-50.8948636723832,5.));
#5148=CARTESIAN_POINT('',(7.75,-51.8725660760113,5.));
#5149=CARTESIAN_POINT('',(7.75000000000003,-46.2861031923649,5.));
#5150=CARTESIAN_POINT('',(9.75,-52.5640475287709,3.));
#5151=CARTESIAN_POINT('Ctrl Pts',(7.75,-51.8725660760113,5.));
#5152=CARTESIAN_POINT('Ctrl Pts',(7.75216892696708,-51.873362203372,5.));
#5153=CARTESIAN_POINT('Ctrl Pts',(7.75433790798032,-51.8741581810051,4.99999647181688));
#5154=CARTESIAN_POINT('Ctrl Pts',(7.90160526001629,-51.92819119266,4.99951733977802));
#5155=CARTESIAN_POINT('Ctrl Pts',(8.04664796719224,-51.9806425573228,4.98325537721352));
#5156=CARTESIAN_POINT('Ctrl Pts',(8.33041875538653,-52.0819329510651,4.91940461839475));
#5157=CARTESIAN_POINT('Ctrl Pts',(8.46861771075383,-52.1305945584581,4.87216549172637));
#5158=CARTESIAN_POINT('Ctrl Pts',(8.83254553672273,-52.2573048339541,4.70103978351383));
#5159=CARTESIAN_POINT('Ctrl Pts',(9.04351917166713,-52.3290956388834,4.54760271697844));
#5160=CARTESIAN_POINT('Ctrl Pts',(9.38884893813381,-52.4451692270125,4.17294629869124));
#5161=CARTESIAN_POINT('Ctrl Pts',(9.52316696345759,-52.4895585182007,3.95901327725808));
#5162=CARTESIAN_POINT('Ctrl Pts',(9.70376789111332,-52.5489910729779,3.49356818849552));
#5163=CARTESIAN_POINT('Ctrl Pts',(9.75,-52.5640475287709,3.24828511277227));
#5164=CARTESIAN_POINT('Ctrl Pts',(9.75,-52.5640475287709,3.));
#5165=CARTESIAN_POINT('',(9.75000000000003,-46.2861031923649,3.));
#5166=CARTESIAN_POINT('Origin',(1.14152353354151,-46.2657150065775,3.));
#5167=CARTESIAN_POINT('',(-9.03194736949611,-49.47123359469,3.));
#5168=CARTESIAN_POINT('Origin',(1.14152353354151,-46.2657150065775,3.));
#5169=CARTESIAN_POINT('',(-7.04541621830506,-49.108734109957,5.));
#5170=CARTESIAN_POINT('Origin',(1.14152353354151,-46.2657150065775,5.));
#5171=CARTESIAN_POINT('Ctrl Pts',(-7.04541621830506,-49.108734109957,5.));
#5172=CARTESIAN_POINT('Ctrl Pts',(-7.04789102825601,-49.1092020626569,5.));
#5173=CARTESIAN_POINT('Ctrl Pts',(-7.05036584887125,-49.1096699480785,4.99999534481273));
#5174=CARTESIAN_POINT('Ctrl Pts',(-7.18699871203722,-49.1354977074089,4.99948131879283));
#5175=CARTESIAN_POINT('Ctrl Pts',(-7.32082475860101,-49.1605898825289,4.98529753527873));
#5176=CARTESIAN_POINT('Ctrl Pts',(-7.58354919338952,-49.209493580655,4.92995943319723));
#5177=CARTESIAN_POINT('Ctrl Pts',(-7.71181707169604,-49.2331886813512,4.88897072350205));
#5178=CARTESIAN_POINT('Ctrl Pts',(-8.07177418069011,-49.2992684243684,4.73198867305909));
#5179=CARTESIAN_POINT('Ctrl Pts',(-8.28667433652761,-49.3381740646182,4.58314518333372));
#5180=CARTESIAN_POINT('Ctrl Pts',(-8.64661555761278,-49.40286494717,4.21165122278464));
#5181=CARTESIAN_POINT('Ctrl Pts',(-8.78879174858018,-49.428151913581,3.99322627402393));
#5182=CARTESIAN_POINT('Ctrl Pts',(-8.98222915903377,-49.4624696741978,3.5141208486952));
#5183=CARTESIAN_POINT('Ctrl Pts',(-9.03194736949608,-49.4712335946901,3.25835276488865));
#5184=CARTESIAN_POINT('Ctrl Pts',(-9.03194736949608,-49.4712335946901,3.));
#5185=CARTESIAN_POINT('Origin',(-70.5325221599162,-50.0514465074616,3.));
#5186=CARTESIAN_POINT('Origin',(-70.5325221599162,-50.0514465074616,5.));
#5187=CARTESIAN_POINT('Origin',(-70.5325221599162,-50.0514465074616,3.));
#5188=CARTESIAN_POINT('Origin',(48.7312411057336,-46.9029737312342,3.));
#5189=CARTESIAN_POINT('Origin',(48.7312411057336,-46.9029737312342,3.));
#5190=CARTESIAN_POINT('Origin',(48.7312411057336,-46.9029737312342,5.));
#5191=CARTESIAN_POINT('Ctrl Pts',(-4.81490456480242,-25.0857285936356,2.5));
#5192=CARTESIAN_POINT('Ctrl Pts',(0.471524898245172,-29.6930393319381,2.5));
#5193=CARTESIAN_POINT('Ctrl Pts',(5.09005073012817,-23.0840728276686,2.5));
#5194=CARTESIAN_POINT('Ctrl Pts',(-4.81490456480242,-25.0857285936356,3.));
#5195=CARTESIAN_POINT('Ctrl Pts',(0.471524898245172,-29.6930393319381,3.));
#5196=CARTESIAN_POINT('Ctrl Pts',(5.09005073012817,-23.0840728276686,3.));
#5197=CARTESIAN_POINT('',(5.09005073012817,-23.0840728276686,2.5));
#5198=CARTESIAN_POINT('',(5.09005073012817,-23.0840728276686,0.));
#5199=CARTESIAN_POINT('',(-4.81490456480242,-25.0857285936356,2.5));
#5200=CARTESIAN_POINT('Origin',(-0.501625978082534,-13.3506666924735,2.5));
#5201=CARTESIAN_POINT('',(-4.81490456480242,-25.0857285936356,0.));
#5202=CARTESIAN_POINT('Origin',(-70.5325221599162,-50.0514465074616,0.));
#5203=CARTESIAN_POINT('',(9.75000000000001,-50.9055011851613,2.5));
#5204=CARTESIAN_POINT('',(9.75000000000001,-50.9055011851613,0.));
#5205=CARTESIAN_POINT('Origin',(-70.5325221599162,-50.0514465074616,2.5));
#5206=CARTESIAN_POINT('Origin',(9.75,-52.5640475287709,0.));
#5207=CARTESIAN_POINT('',(9.75,-52.5640475287709,2.5));
#5208=CARTESIAN_POINT('',(9.75,-52.5640475287709,0.));
#5209=CARTESIAN_POINT('',(9.75000000000001,-50.9055011851613,2.5));
#5210=CARTESIAN_POINT('Origin',(0.332764314063363,-40.008158855959,5.));
#5211=CARTESIAN_POINT('Ctrl Pts',(-8.69772310816488,-17.2912367569916,3.));
#5212=CARTESIAN_POINT('Ctrl Pts',(-9.24644344164759,-14.1343350185696,3.));
#5213=CARTESIAN_POINT('Ctrl Pts',(-9.03868089406394,-10.7815631166684,3.));
#5214=CARTESIAN_POINT('Ctrl Pts',(-8.07700501259149,-7.74249905855362,3.));
#5215=CARTESIAN_POINT('Ctrl Pts',(-8.69772310816488,-17.2912367569916,3.59839860068377));
#5216=CARTESIAN_POINT('Ctrl Pts',(-9.24625727392052,-14.1354060800655,3.59839860068377));
#5217=CARTESIAN_POINT('Ctrl Pts',(-9.0383358686081,-10.7804727758559,3.59839860068377));
#5218=CARTESIAN_POINT('Ctrl Pts',(-8.07700501259149,-7.74249905855362,3.59839860068377));
#5219=CARTESIAN_POINT('Ctrl Pts',(-9.19192669837955,-17.377137295336,4.63482014962228));
#5220=CARTESIAN_POINT('Ctrl Pts',(-9.75506863421755,-14.1372650913268,4.63482014962228));
#5221=CARTESIAN_POINT('Ctrl Pts',(-9.54364927044511,-10.7146934345806,4.63482014962228));
#5222=CARTESIAN_POINT('Ctrl Pts',(-8.55524577079244,-7.59116542625623,4.63482014962228));
#5223=CARTESIAN_POINT('Ctrl Pts',(-10.226009620707,-17.5568775511325,5.));
#5224=CARTESIAN_POINT('Ctrl Pts',(-10.8191638477301,-14.1443384193011,5.));
#5225=CARTESIAN_POINT('Ctrl Pts',(-10.5999531064945,-10.5738144391945,5.));
#5226=CARTESIAN_POINT('Ctrl Pts',(-9.55592769744888,-7.27451146454677,5.));
#5227=CARTESIAN_POINT('Ctrl Pts',(-10.6681788566927,-17.6337336812023,5.));
#5228=CARTESIAN_POINT('Ctrl Pts',(-11.2741476453086,-14.1474697221659,5.));
#5229=CARTESIAN_POINT('Ctrl Pts',(-11.0515895085763,-10.5134665089081,5.));
#5230=CARTESIAN_POINT('Ctrl Pts',(-9.98381481696381,-7.13911164573364,5.));
#5231=CARTESIAN_POINT('',(-10.9924227429083,-13.761949510742,5.));
#5232=CARTESIAN_POINT('',(-10.7732684808221,-16.9667437340348,5.));
#5233=CARTESIAN_POINT('Ctrl Pts',(-10.9997519401555,-13.7619310254765,5.));
#5234=CARTESIAN_POINT('Ctrl Pts',(-11.0007978192967,-14.8338543556039,5.));
#5235=CARTESIAN_POINT('Ctrl Pts',(-10.9253084260157,-15.9059186004235,5.));
#5236=CARTESIAN_POINT('Ctrl Pts',(-10.7737471949555,-16.9668114939201,5.));
#5237=CARTESIAN_POINT('',(-8.6977231087212,-17.2912367558512,3.));
#5238=CARTESIAN_POINT('Ctrl Pts',(-10.7732684808221,-16.9667437340348,5.));
#5239=CARTESIAN_POINT('Ctrl Pts',(-10.7710746674719,-16.967103947403,5.));
#5240=CARTESIAN_POINT('Ctrl Pts',(-10.7688808467448,-16.9674641101738,4.99999662377294));
#5241=CARTESIAN_POINT('Ctrl Pts',(-10.6172185457183,-16.9923591494275,4.99952982637906));
#5242=CARTESIAN_POINT('Ctrl Pts',(-10.4680421043268,-17.0166026815648,4.98339926127933));
#5243=CARTESIAN_POINT('Ctrl Pts',(-10.1759834803175,-17.0635950516706,4.92035492701004));
#5244=CARTESIAN_POINT('Ctrl Pts',(-10.0336474524862,-17.086257622856,4.87365878903497));
#5245=CARTESIAN_POINT('Ctrl Pts',(-9.65479965142215,-17.146001767929,4.70317145205647));
#5246=CARTESIAN_POINT('Ctrl Pts',(-9.43413292279965,-17.1801055342064,4.54887356406711));
#5247=CARTESIAN_POINT('Ctrl Pts',(-9.0737743113334,-17.2350970935681,4.17312938989758));
#5248=CARTESIAN_POINT('Ctrl Pts',(-8.93371511066797,-17.2561028145939,3.95870405535436));
#5249=CARTESIAN_POINT('Ctrl Pts',(-8.74579193650293,-17.284146549868,3.49304354591292));
#5250=CARTESIAN_POINT('Ctrl Pts',(-8.69772310816488,-17.2912367569916,3.24806219931041));
#5251=CARTESIAN_POINT('Ctrl Pts',(-8.69772310816488,-17.2912367569916,3.));
#5252=CARTESIAN_POINT('',(-8.07700501259252,-7.74249905855687,3.));
#5253=CARTESIAN_POINT('Ctrl Pts',(-8.69772310837359,-17.2912367557908,3.));
#5254=CARTESIAN_POINT('Ctrl Pts',(-9.2464434415949,-14.1343350177194,3.));
#5255=CARTESIAN_POINT('Ctrl Pts',(-9.03868089394201,-10.7815631162831,3.));
#5256=CARTESIAN_POINT('Ctrl Pts',(-8.07700501259149,-7.74249905855362,3.));
#5257=CARTESIAN_POINT('Ctrl Pts',(-10.9924227429083,-13.761949510742,5.));
#5258=CARTESIAN_POINT('Ctrl Pts',(-10.9903381551421,-13.7564945928447,5.));
#5259=CARTESIAN_POINT('Ctrl Pts',(-10.9882524012253,-13.7510401124193,4.99999678492967));
#5260=CARTESIAN_POINT('Ctrl Pts',(-10.2961547667816,-11.9422838986369,4.99786671561937));
#5261=CARTESIAN_POINT('Ctrl Pts',(-9.47633064707924,-10.2455911124497,4.65411548232742));
#5262=CARTESIAN_POINT('Ctrl Pts',(-8.66637086741385,-8.7510474788157,4.05181054123601));
#5263=CARTESIAN_POINT('Ctrl Pts',(-8.47921559381984,-8.42343859221859,3.87783618190577));
#5264=CARTESIAN_POINT('Ctrl Pts',(-8.27614721921675,-8.07565578667082,3.60884949416518));
#5265=CARTESIAN_POINT('Ctrl Pts',(-8.21092669444664,-7.96558454040521,3.50756224288857));
#5266=CARTESIAN_POINT('Ctrl Pts',(-8.13438456538234,-7.83762436709611,3.3292871132746));
#5267=CARTESIAN_POINT('Ctrl Pts',(-8.11074936337233,-7.79837385541576,3.25929993366236));
#5268=CARTESIAN_POINT('Ctrl Pts',(-8.08358580494031,-7.75336524203307,3.12421307322431));
#5269=CARTESIAN_POINT('Ctrl Pts',(-8.07700501259249,-7.7424990585568,3.06314431073728));
#5270=CARTESIAN_POINT('Ctrl Pts',(-8.07700501259249,-7.7424990585568,3.));
#5271=CARTESIAN_POINT('Origin',(-34.6864243916609,-64.5065464294101,3.));
#5272=CARTESIAN_POINT('',(-39.1100641231375,-73.3008252278225,5.));
#5273=CARTESIAN_POINT('',(-34.6864243916609,-64.5065464294101,5.));
#5274=CARTESIAN_POINT('',(-42.2865929751556,-84.0665403677381,3.));
#5275=CARTESIAN_POINT('Ctrl Pts',(-39.1100641231375,-73.3008252278225,5.));
#5276=CARTESIAN_POINT('Ctrl Pts',(-39.1138806088243,-73.3127187585443,5.));
#5277=CARTESIAN_POINT('Ctrl Pts',(-39.1176961562327,-73.3246126101957,4.99999719154806));
#5278=CARTESIAN_POINT('Ctrl Pts',(-40.5355492874032,-77.7455608463755,4.99790625511829));
#5279=CARTESIAN_POINT('Ctrl Pts',(-41.447673024485,-81.0115582196063,4.60670526078804));
#5280=CARTESIAN_POINT('Ctrl Pts',(-42.0053540125069,-83.0324940808418,3.90700928956512));
#5281=CARTESIAN_POINT('Ctrl Pts',(-42.1001770874953,-83.3790313894162,3.76453735050913));
#5282=CARTESIAN_POINT('Ctrl Pts',(-42.2003030090249,-83.7474909202,3.51576672497517));
#5283=CARTESIAN_POINT('Ctrl Pts',(-42.2286672633648,-83.8521816796235,3.43134711562196));
#5284=CARTESIAN_POINT('Ctrl Pts',(-42.2618529921007,-83.9748994143991,3.280831005527));
#5285=CARTESIAN_POINT('Ctrl Pts',(-42.2720448775659,-84.0126388689597,3.22138806314115));
#5286=CARTESIAN_POINT('Ctrl Pts',(-42.2837646858964,-84.056055466962,3.10620090688185));
#5287=CARTESIAN_POINT('Ctrl Pts',(-42.2865929751556,-84.0665403677381,3.05397136758695));
#5288=CARTESIAN_POINT('Ctrl Pts',(-42.2865929751556,-84.0665403677381,3.));
#5289=CARTESIAN_POINT('',(-32.8997287782091,-65.4052781941054,3.));
#5290=CARTESIAN_POINT('Origin',(76.091577024205,-91.2967762777831,3.));
#5291=CARTESIAN_POINT('Origin',(76.091577024205,-91.2967762777831,3.));
#5292=CARTESIAN_POINT('Origin',(76.091577024205,-91.2967762777831,5.));
#5293=CARTESIAN_POINT('Origin',(76.091577024205,-91.2967762777831,0.));
#5294=CARTESIAN_POINT('',(-8.07700501259252,-7.74249905855687,2.5));
#5295=CARTESIAN_POINT('',(-8.07700501259252,-7.74249905855687,0.));
#5296=CARTESIAN_POINT('',(-42.2865929751556,-84.0665403677381,2.5));
#5297=CARTESIAN_POINT('Origin',(76.091577024205,-91.2967762777831,2.5));
#5298=CARTESIAN_POINT('',(-42.2865929751556,-84.0665403677381,0.));
#5299=CARTESIAN_POINT('Ctrl Pts',(-8.07700501259252,-7.74249905855686,2.5));
#5300=CARTESIAN_POINT('Ctrl Pts',(-9.54893309852531,-12.3940493659658,2.5));
#5301=CARTESIAN_POINT('Ctrl Pts',(-8.69772310816488,-17.2912367569916,2.5));
#5302=CARTESIAN_POINT('Ctrl Pts',(-8.07700501259252,-7.74249905855686,3.));
#5303=CARTESIAN_POINT('Ctrl Pts',(-9.54893309852531,-12.3940493659658,3.));
#5304=CARTESIAN_POINT('Ctrl Pts',(-8.69772310816488,-17.2912367569916,3.));
#5305=CARTESIAN_POINT('',(-8.69772310816488,-17.2912367569916,2.5));
#5306=CARTESIAN_POINT('',(-8.69772310816488,-17.2912367569916,0.));
#5307=CARTESIAN_POINT('Origin',(-0.501625978082534,-13.3506666924735,2.5));
#5308=CARTESIAN_POINT('Origin',(-25.181798993874,-45.9045197131475,5.));
#5309=CARTESIAN_POINT('Ctrl Pts',(-5.01233696993892,-24.9079209981153,3.));
#5310=CARTESIAN_POINT('Ctrl Pts',(-5.80999014669207,-24.1659843461706,3.));
#5311=CARTESIAN_POINT('Ctrl Pts',(-7.40453473845482,-21.9970930198717,3.));
#5312=CARTESIAN_POINT('Ctrl Pts',(-8.30922597696656,-19.2933206235059,3.));
#5313=CARTESIAN_POINT('Ctrl Pts',(-8.62246850025137,-17.6979687058026,3.));
#5314=CARTESIAN_POINT('Ctrl Pts',(-5.01233696993892,-24.9079209981153,3.59839860068377));
#5315=CARTESIAN_POINT('Ctrl Pts',(-5.80937018138095,-24.1665610065547,3.59839860068377));
#5316=CARTESIAN_POINT('Ctrl Pts',(-7.4040216407039,-21.9975678614461,3.59839860068377));
#5317=CARTESIAN_POINT('Ctrl Pts',(-8.30933432243703,-19.2927688173454,3.59839860068377));
#5318=CARTESIAN_POINT('Ctrl Pts',(-8.62246850025137,-17.6979687058026,3.59839860068377));
#5319=CARTESIAN_POINT('Ctrl Pts',(-5.35401437136533,-25.2752570287025,4.63476774731435));
#5320=CARTESIAN_POINT('Ctrl Pts',(-6.19969355848983,-24.4886490103299,4.63476774731435));
#5321=CARTESIAN_POINT('Ctrl Pts',(-7.86445816003529,-22.216896079693,4.63476774731436));
#5322=CARTESIAN_POINT('Ctrl Pts',(-8.7931098926914,-19.4327237349751,4.63476774731436));
#5323=CARTESIAN_POINT('Ctrl Pts',(-9.11474546732171,-17.7946257992056,4.63476774731436));
#5324=CARTESIAN_POINT('Ctrl Pts',(-6.06881550512703,-26.0437369165708,4.99999999999999));
#5325=CARTESIAN_POINT('Ctrl Pts',(-7.01443993912568,-25.1641648832544,4.99999999999999));
#5326=CARTESIAN_POINT('Ctrl Pts',(-8.82619808687715,-22.6771353337449,5.));
#5327=CARTESIAN_POINT('Ctrl Pts',(-9.80550412638341,-19.7238910118272,5.));
#5328=CARTESIAN_POINT('Ctrl Pts',(-10.1446061859927,-17.9968358361064,5.));
#5329=CARTESIAN_POINT('Ctrl Pts',(-6.37447959553524,-26.3723551781089,4.99999999999999));
#5330=CARTESIAN_POINT('Ctrl Pts',(-7.36277836299601,-25.4530896376197,4.99999999999999));
#5331=CARTESIAN_POINT('Ctrl Pts',(-9.23740515728948,-22.8739926789816,5.));
#5332=CARTESIAN_POINT('Ctrl Pts',(-10.2384365727278,-19.8483430084234,5.));
#5333=CARTESIAN_POINT('Ctrl Pts',(-10.584996421754,-18.0833051267682,5.));
#5334=CARTESIAN_POINT('',(-8.97397416362101,-22.8474847334806,5.));
#5335=CARTESIAN_POINT('',(-7.33938267896616,-25.3502314935787,5.));
#5336=CARTESIAN_POINT('Ctrl Pts',(-8.97395062868298,-22.8474726828058,5.));
#5337=CARTESIAN_POINT('Ctrl Pts',(-8.92022813603318,-22.9523919247574,5.));
#5338=CARTESIAN_POINT('Ctrl Pts',(-8.45505920105401,-23.8358591229917,5.));
#5339=CARTESIAN_POINT('Ctrl Pts',(-7.90211792532274,-24.6744600390283,5.));
#5340=CARTESIAN_POINT('Ctrl Pts',(-7.33942397172865,-25.3502659148379,4.99999999999999));
#5341=CARTESIAN_POINT('',(-5.01233697002668,-24.9079209980668,3.));
#5342=CARTESIAN_POINT('Ctrl Pts',(-7.33938267896616,-25.3502314935787,5.));
#5343=CARTESIAN_POINT('Ctrl Pts',(-7.33697116884108,-25.3498330865688,5.));
#5344=CARTESIAN_POINT('Ctrl Pts',(-7.33455968392863,-25.349434527617,4.99999666725128));
#5345=CARTESIAN_POINT('Ctrl Pts',(-7.13156884926355,-25.3158719921743,4.99943567256522));
#5346=CARTESIAN_POINT('Ctrl Pts',(-6.93120446365037,-25.2816436675917,4.97582847302529));
#5347=CARTESIAN_POINT('Ctrl Pts',(-6.54289611148581,-25.2130274794072,4.88417652947043));
#5348=CARTESIAN_POINT('Ctrl Pts',(-6.35472390445414,-25.1786148833899,4.81647822675508));
#5349=CARTESIAN_POINT('Ctrl Pts',(-5.92592664273428,-25.0976599868213,4.60123818786126));
#5350=CARTESIAN_POINT('Ctrl Pts',(-5.69591403254155,-25.05194110463,4.43215066456426));
#5351=CARTESIAN_POINT('Ctrl Pts',(-5.34797342022573,-24.9804047792399,4.04967745071352));
#5352=CARTESIAN_POINT('Ctrl Pts',(-5.21942011613262,-24.9529355584447,3.84975174075357));
#5353=CARTESIAN_POINT('Ctrl Pts',(-5.05401368596619,-24.9171577267347,3.42873872282435));
#5354=CARTESIAN_POINT('Ctrl Pts',(-5.01233696993894,-24.9079209981153,3.21643151226994));
#5355=CARTESIAN_POINT('Ctrl Pts',(-5.01233696993894,-24.9079209981153,3.));
#5356=CARTESIAN_POINT('',(-8.62246850024572,-17.6979687058314,3.));
#5357=CARTESIAN_POINT('Ctrl Pts',(-5.01233696993892,-24.9079209981153,3.));
#5358=CARTESIAN_POINT('Ctrl Pts',(-5.80999014669207,-24.1659843461706,3.));
#5359=CARTESIAN_POINT('Ctrl Pts',(-7.40453473845482,-21.9970930198717,3.));
#5360=CARTESIAN_POINT('Ctrl Pts',(-8.30922597696656,-19.2933206235059,3.));
#5361=CARTESIAN_POINT('Ctrl Pts',(-8.62246850025137,-17.6979687058026,3.));
#5362=CARTESIAN_POINT('Ctrl Pts',(-8.97397416362101,-22.8474847334806,5.));
#5363=CARTESIAN_POINT('Ctrl Pts',(-8.97398885130176,-22.8428818381256,5.));
#5364=CARTESIAN_POINT('Ctrl Pts',(-8.97400261705052,-22.838278933742,4.9999967505023));
#5365=CARTESIAN_POINT('Ctrl Pts',(-8.9771623593275,-21.7059333875211,4.99839983845127));
#5366=CARTESIAN_POINT('Ctrl Pts',(-8.918952852363,-20.5752520703069,4.80470758795495));
#5367=CARTESIAN_POINT('Ctrl Pts',(-8.79804283830008,-19.1573436937211,4.34542896208781));
#5368=CARTESIAN_POINT('Ctrl Pts',(-8.74935275730683,-18.7110145098558,4.14605998196718));
#5369=CARTESIAN_POINT('Ctrl Pts',(-8.6894533960794,-18.2093357414936,3.81590450833895));
#5370=CARTESIAN_POINT('Ctrl Pts',(-8.66859387540955,-18.0446809962809,3.68534116167085));
#5371=CARTESIAN_POINT('Ctrl Pts',(-8.64277751396491,-17.8479306745454,3.4497938197287));
#5372=CARTESIAN_POINT('Ctrl Pts',(-8.63450415520174,-17.7864514328474,3.35504859501481));
#5373=CARTESIAN_POINT('Ctrl Pts',(-8.6248417442533,-17.7152359188833,3.17078612431054));
#5374=CARTESIAN_POINT('Ctrl Pts',(-8.62246850024572,-17.6979687058314,3.08678063887457));
#5375=CARTESIAN_POINT('Ctrl Pts',(-8.62246850024572,-17.6979687058314,3.));
#5376=CARTESIAN_POINT('Origin',(48.7312411057335,-46.9029737312341,3.));
#5377=CARTESIAN_POINT('',(-11.3204413943996,-48.3966197640506,5.));
#5378=CARTESIAN_POINT('Origin',(48.7312411057335,-46.9029737312341,5.));
#5379=CARTESIAN_POINT('',(-9.29486335595436,-49.16698126432,3.));
#5380=CARTESIAN_POINT('Ctrl Pts',(-11.3204413943997,-48.3966197640506,5.));
#5381=CARTESIAN_POINT('Ctrl Pts',(-11.318311210186,-48.3974384606707,5.));
#5382=CARTESIAN_POINT('Ctrl Pts',(-11.3161810176218,-48.3982571339007,4.99999666355548));
#5383=CARTESIAN_POINT('Ctrl Pts',(-11.1610874118855,-48.4578605985207,4.9995108354208));
#5384=CARTESIAN_POINT('Ctrl Pts',(-11.0083343841876,-48.5164256212516,4.98182917766734));
#5385=CARTESIAN_POINT('Ctrl Pts',(-10.7101654319095,-48.6304807412479,4.91264928423556));
#5386=CARTESIAN_POINT('Ctrl Pts',(-10.5651484043736,-48.6858201327085,4.86147493576456));
#5387=CARTESIAN_POINT('Ctrl Pts',(-10.1945864886576,-48.8269322679131,4.68116274873701));
#5388=CARTESIAN_POINT('Ctrl Pts',(-9.98308710233403,-48.9071423930158,4.52375622849143));
#5389=CARTESIAN_POINT('Ctrl Pts',(-9.64335767192057,-49.0356687065914,4.1462240368355));
#5390=CARTESIAN_POINT('Ctrl Pts',(-9.51281816614841,-49.0848961295654,3.93500665226829));
#5391=CARTESIAN_POINT('Ctrl Pts',(-9.33914126854605,-49.1503326679161,3.47895581920046));
#5392=CARTESIAN_POINT('Ctrl Pts',(-9.29486335595435,-49.1669812643199,3.24114285658555));
#5393=CARTESIAN_POINT('Ctrl Pts',(-9.29486335595435,-49.1669812643199,3.));
#5394=CARTESIAN_POINT('Origin',(48.7312411057335,-46.9029737312341,3.));
#5395=CARTESIAN_POINT('Origin',(-30.5287281866854,-68.6581244783387,3.));
#5396=CARTESIAN_POINT('',(-33.6999931203801,-72.0032744180052,5.));
#5397=CARTESIAN_POINT('',(-30.5287281866854,-68.6581244783387,5.));
#5398=CARTESIAN_POINT('',(-41.5844990681302,-83.2271040269417,3.));
#5399=CARTESIAN_POINT('Origin',(-33.6999931203801,-72.0032744180052,3.));
#5400=CARTESIAN_POINT('',(-29.0772941849031,-70.0341111564974,3.));
#5401=CARTESIAN_POINT('Origin',(-14.8940323379596,-34.6166714774869,3.));
#5402=CARTESIAN_POINT('',(-16.6807279514113,-33.7179397127916,3.));
#5403=CARTESIAN_POINT('',(-14.8940323379596,-34.6166714774869,5.));
#5404=CARTESIAN_POINT('Origin',(-8.62246850024572,-17.6979687058314,0.));
#5405=CARTESIAN_POINT('',(-8.62246850024572,-17.6979687058314,2.5));
#5406=CARTESIAN_POINT('',(-8.62246850024572,-17.6979687058314,0.));
#5407=CARTESIAN_POINT('',(-41.5844990681302,-83.2271040269417,2.5));
#5408=CARTESIAN_POINT('',(-8.62246850024572,-17.6979687058314,2.5));
#5409=CARTESIAN_POINT('',(-41.5844990681302,-83.2271040269417,0.));
#5410=CARTESIAN_POINT('Ctrl Pts',(-8.62246850024572,-17.6979687058314,2.5));
#5411=CARTESIAN_POINT('Ctrl Pts',(-7.69714880774732,-22.4106447832154,2.5));
#5412=CARTESIAN_POINT('Ctrl Pts',(-5.01233696993892,-24.9079209981153,2.5));
#5413=CARTESIAN_POINT('Ctrl Pts',(-8.62246850024572,-17.6979687058314,3.));
#5414=CARTESIAN_POINT('Ctrl Pts',(-7.69714880774732,-22.4106447832154,3.));
#5415=CARTESIAN_POINT('Ctrl Pts',(-5.01233696993892,-24.9079209981153,3.));
#5416=CARTESIAN_POINT('',(-5.01233696993892,-24.9079209981153,2.5));
#5417=CARTESIAN_POINT('',(-5.01233696993892,-24.9079209981153,0.));
#5418=CARTESIAN_POINT('Origin',(-0.501625978082534,-13.3506666924735,2.5));
#5419=CARTESIAN_POINT('Origin',(-23.2984180190346,-50.4625363663865,5.));
#5420=CARTESIAN_POINT('Origin',(0.,0.,0.));
#5421=CARTESIAN_POINT('Origin',(0.,0.,2.5));
#5422=CARTESIAN_POINT('Origin',(0.,0.,5.));
#5423=CARTESIAN_POINT('Origin',(10.,-24.2597511791459,0.));
#5424=CARTESIAN_POINT('',(10.,-24.2597511791459,2.5));
#5425=CARTESIAN_POINT('',(10.,-24.2597511791459,0.));
#5426=CARTESIAN_POINT('',(36.2560510946393,-87.9562778294352,2.5));
#5427=CARTESIAN_POINT('',(7.37597294694268,-17.8939268396941,2.5));
#5428=CARTESIAN_POINT('',(36.2560510946393,-87.9562778294352,0.));
#5429=CARTESIAN_POINT('Origin',(-75.6371952538931,-82.9473779085281,0.));
#5430=CARTESIAN_POINT('Origin',(-75.6371952538931,-82.9473779085281,2.5));
#5431=CARTESIAN_POINT('Origin',(10.,-24.2157230834728,0.));
#5432=CARTESIAN_POINT('',(10.,-24.2597511791459,0.));
#5433=CARTESIAN_POINT('',(10.,-24.2157230834728,0.));
#5434=CARTESIAN_POINT('',(10.,-24.259751179146,0.));
#5435=CARTESIAN_POINT('Origin',(36.2560510946393,-87.9562778294352,0.));
#5436=CARTESIAN_POINT('',(7.37597294694268,-17.8939268396941,0.));
#5437=CARTESIAN_POINT('',(7.37597294694268,-17.8939268396941,2.5));
#5438=CARTESIAN_POINT('Origin',(10.0040420097033,-50.3354146417567,0.));
#5439=CARTESIAN_POINT('',(10.0040420097033,-50.3354146417567,2.5));
#5440=CARTESIAN_POINT('',(10.0040420097033,-50.3354146417567,0.));
#5441=CARTESIAN_POINT('',(10.2285987106246,-50.8056240015103,2.5));
#5442=CARTESIAN_POINT('',(10.2285987106246,-50.8056240015103,2.5));
#5443=CARTESIAN_POINT('',(10.2285987106246,-50.8056240015103,0.));
#5444=CARTESIAN_POINT('Origin',(117.48200997652,-3.32208615337613,0.));
#5445=CARTESIAN_POINT('',(35.7963844178447,-87.4971369216078,2.5));
#5446=CARTESIAN_POINT('Origin',(117.48200997652,-3.32208615337613,2.5));
#5447=CARTESIAN_POINT('',(35.7963844178447,-87.4971369216078,0.));
#5448=CARTESIAN_POINT('Origin',(-70.5325221599162,-50.0514465074616,0.));
#5449=CARTESIAN_POINT('',(5.26405556358433,-22.828338463855,2.5));
#5450=CARTESIAN_POINT('',(5.26405556358433,-22.828338463855,0.));
#5451=CARTESIAN_POINT('Origin',(-70.5325221599162,-50.0514465074616,2.5));
#5452=CARTESIAN_POINT('Ctrl Pts',(5.26405556358433,-22.828338463855,2.5));
#5453=CARTESIAN_POINT('Ctrl Pts',(6.5597187779879,-20.8726673655804,2.5));
#5454=CARTESIAN_POINT('Ctrl Pts',(7.27043212339197,-18.2938864404466,2.5));
#5455=CARTESIAN_POINT('Ctrl Pts',(5.26405556358433,-22.828338463855,3.));
#5456=CARTESIAN_POINT('Ctrl Pts',(6.5597187779879,-20.8726673655804,3.));
#5457=CARTESIAN_POINT('Ctrl Pts',(7.27043212339197,-18.2938864404466,3.));
#5458=CARTESIAN_POINT('',(7.27043212339197,-18.2938864404467,2.5));
#5459=CARTESIAN_POINT('',(7.27043212339197,-18.2938864404467,0.));
#5460=CARTESIAN_POINT('Origin',(-0.501625978082534,-13.3506666924735,2.5));
#5461=CARTESIAN_POINT('Origin',(35.7963844178447,-87.4971369216078,0.));
#5462=CARTESIAN_POINT('',(7.27043212339197,-18.2938864404467,2.5));
#5463=CARTESIAN_POINT('Origin',(-42.2865929751556,-84.0665403677381,0.));
#5464=CARTESIAN_POINT('',(-8.69772310816488,-17.2912367569916,2.5));
#5465=CARTESIAN_POINT('Origin',(48.7312411057336,-46.9029737312342,0.));
#5466=CARTESIAN_POINT('',(-9.03194736949611,-49.47123359469,2.5));
#5467=CARTESIAN_POINT('Origin',(48.7312411057336,-46.9029737312342,2.5));
#5468=CARTESIAN_POINT('',(-9.03194736949611,-49.47123359469,0.));
#5469=CARTESIAN_POINT('Origin',(1.14152353354151,-46.2657150065775,0.));
#5470=CARTESIAN_POINT('Origin',(1.14152353354151,-46.2657150065775,2.5));
#5471=CARTESIAN_POINT('Origin',(0.,4.45799661501736,5.));
#5472=CARTESIAN_POINT('Origin',(48.7312411057335,-46.9029737312341,0.));
#5473=CARTESIAN_POINT('',(-9.29486335595436,-49.16698126432,2.5));
#5474=CARTESIAN_POINT('',(-9.29486335595436,-49.16698126432,0.));
#5475=CARTESIAN_POINT('Origin',(48.7312411057335,-46.9029737312341,2.5));
#5476=CARTESIAN_POINT('Origin',(-41.5844990681302,-83.2271040269417,0.));
#5477=CARTESIAN_POINT('',(-41.5844990681302,-83.2271040269417,2.5));
#5478=CARTESIAN_POINT('Origin',(10.,-52.6452149294384,0.));
#5479=CARTESIAN_POINT('',(10.,-50.9068298783198,0.));
#5480=CARTESIAN_POINT('',(10.,-52.6452149294384,0.));
#5481=CARTESIAN_POINT('',(10.,-50.9068298783198,0.));
#5482=CARTESIAN_POINT('',(10.,-50.9068298783198,2.5));
#5483=CARTESIAN_POINT('',(10.,-50.9068298783198,0.));
#5484=CARTESIAN_POINT('',(10.,-52.6452149294384,2.5));
#5485=CARTESIAN_POINT('',(10.,-50.9068298783198,2.5));
#5486=CARTESIAN_POINT('',(10.,-52.6452149294384,0.));
#5487=CARTESIAN_POINT('Origin',(1.14152353354151,-46.2657150065775,0.));
#5488=CARTESIAN_POINT('',(-9.28024217716343,-49.5149339963896,0.));
#5489=CARTESIAN_POINT('Origin',(1.14152353354151,-46.2657150065775,0.));
#5490=CARTESIAN_POINT('',(-9.28024217716343,-49.5149339963896,2.5));
#5491=CARTESIAN_POINT('Origin',(1.14152353354151,-46.2657150065775,2.5));
#5492=CARTESIAN_POINT('',(-9.28024217716343,-49.5149339963896,0.));
#5493=CARTESIAN_POINT('Origin',(-42.5700623115985,-84.6300827280582,0.));
#5494=CARTESIAN_POINT('',(-42.5700623115979,-84.6300827280589,0.));
#5495=CARTESIAN_POINT('',(-42.570062311599,-84.6300827280588,0.));
#5496=CARTESIAN_POINT('',(-42.5700623115979,-84.6300827280589,2.5));
#5497=CARTESIAN_POINT('',(-42.570062311599,-84.6300827280588,2.5));
#5498=CARTESIAN_POINT('',(-42.5700623115979,-84.6300827280589,0.));
#5499=CARTESIAN_POINT('Origin',(76.091577024205,-91.2967762777831,0.));
#5500=CARTESIAN_POINT('',(-30.8156843051508,-39.3750377879855,0.));
#5501=CARTESIAN_POINT('Origin',(76.091577024205,-91.2967762777831,0.));
#5502=CARTESIAN_POINT('',(-30.8156843051508,-39.3750377879855,2.5));
#5503=CARTESIAN_POINT('Origin',(76.091577024205,-91.2967762777831,2.5));
#5504=CARTESIAN_POINT('',(-30.8156843051508,-39.3750377879855,0.));
#5505=CARTESIAN_POINT('Origin',(0.,0.,0.));
#5506=CARTESIAN_POINT('',(28.5150415300233,-41.0717957550223,0.));
#5507=CARTESIAN_POINT('Origin',(0.,0.,0.));
#5508=CARTESIAN_POINT('',(28.5150415300233,-41.0717957550223,2.5));
#5509=CARTESIAN_POINT('Origin',(0.,0.,2.5));
#5510=CARTESIAN_POINT('',(28.5150415300233,-41.0717957550223,0.));
#5511=CARTESIAN_POINT('Origin',(-75.6371952538931,-82.9473779085281,0.));
#5512=CARTESIAN_POINT('',(36.4806388846312,-88.5011222197429,0.));
#5513=CARTESIAN_POINT('Origin',(-75.6371952538931,-82.9473779085281,0.));
#5514=CARTESIAN_POINT('',(36.4806388846312,-88.5011222197429,2.5));
#5515=CARTESIAN_POINT('Origin',(-75.6371952538931,-82.9473779085281,2.5));
#5516=CARTESIAN_POINT('',(36.4806388846312,-88.5011222197429,0.));
#5517=CARTESIAN_POINT('Origin',(117.48200997652,-3.32208615337613,0.));
#5518=CARTESIAN_POINT('Origin',(117.48200997652,-3.32208615337613,0.));
#5519=CARTESIAN_POINT('Origin',(117.48200997652,-3.32208615337613,2.5));
#5520=CARTESIAN_POINT('Origin',(0.,-19.2505611098715,2.5));
#5521=CARTESIAN_POINT('Origin',(0.,-19.2505611098715,0.));
#5522=CARTESIAN_POINT('',(0.,0.,0.));
#5523=CARTESIAN_POINT('Origin',(10.116569479016,-30.,39.1132890670707));
#5524=CARTESIAN_POINT('',(0.278496633557986,-56.0874606076852,22.5105118262312));
#5525=CARTESIAN_POINT('',(11.1314425991329,-54.7551926381821,19.841290676374));
#5526=CARTESIAN_POINT('Ctrl Pts',(0.278496633557984,-56.0874606076852,22.5105118262312));
#5527=CARTESIAN_POINT('Ctrl Pts',(1.06439833642531,-55.8665867032742,22.0448211715882));
#5528=CARTESIAN_POINT('Ctrl Pts',(1.89228750585306,-55.6639762770952,21.6301717037398));
#5529=CARTESIAN_POINT('Ctrl Pts',(3.92246245170599,-55.2470895308955,20.7915503915205));
#5530=CARTESIAN_POINT('Ctrl Pts',(5.15237415782407,-55.0565539359185,20.420997244567));
#5531=CARTESIAN_POINT('Ctrl Pts',(7.63869364344201,-54.8034881494913,19.9324355939492));
#5532=CARTESIAN_POINT('Ctrl Pts',(8.89515560447098,-54.7411810378849,19.8145873122511));
#5533=CARTESIAN_POINT('Ctrl Pts',(10.116569479016,-54.7411810378849,19.8145873122511));
#5534=CARTESIAN_POINT('Ctrl Pts',(10.4525386041398,-54.7411810378849,19.8145873122511));
#5535=CARTESIAN_POINT('Ctrl Pts',(10.7911693140979,-54.7457949634548,19.823371714171));
#5536=CARTESIAN_POINT('Ctrl Pts',(11.131442599134,-54.7551926381679,19.8412906763604));
#5537=CARTESIAN_POINT('',(0.278496633557986,-31.6234953816427,22.5105118262312));
#5538=CARTESIAN_POINT('',(0.278496633557986,-30.,22.5105118262312));
#5539=CARTESIAN_POINT('',(10.0061491357904,-30.,19.8149032079042));
#5540=CARTESIAN_POINT('Ctrl Pts',(10.0061491357904,-30.,19.8149032079042));
#5541=CARTESIAN_POINT('Ctrl Pts',(9.5782748142974,-30.1427124757411,19.8173513934561));
#5542=CARTESIAN_POINT('Ctrl Pts',(9.14618521040494,-30.2766187613075,19.8340998426693));
#5543=CARTESIAN_POINT('Ctrl Pts',(7.77313295594812,-30.6701280696662,19.9342455263919));
#5544=CARTESIAN_POINT('Ctrl Pts',(6.82591174374417,-30.8936051662598,20.0736380073962));
#5545=CARTESIAN_POINT('Ctrl Pts',(4.97759009368941,-31.2447036816998,20.4872956254103));
#5546=CARTESIAN_POINT('Ctrl Pts',(4.0765358040062,-31.3724830494054,20.7616328823965));
#5547=CARTESIAN_POINT('Ctrl Pts',(2.24401988052938,-31.5605061137838,21.4618825004066));
#5548=CARTESIAN_POINT('Ctrl Pts',(1.24418533851296,-31.6149909120972,21.9382873310417));
#5549=CARTESIAN_POINT('Ctrl Pts',(0.278496633557985,-31.6234953816427,22.5105118262312));
#5550=CARTESIAN_POINT('',(11.6552429213464,-30.,19.8760238388907));
#5551=CARTESIAN_POINT('Origin',(10.116569479016,-30.,39.1132890670707));
#5552=CARTESIAN_POINT('',(11.6552429213464,-54.7605139113878,19.8760238388907));
#5553=CARTESIAN_POINT('',(11.6552429213464,-30.,19.8760238388907));
#5554=CARTESIAN_POINT('Ctrl Pts',(11.1300038545034,-54.755956370375,19.8416422313448));
#5555=CARTESIAN_POINT('Ctrl Pts',(11.304710777089,-54.7607839099792,19.850843487691));
#5556=CARTESIAN_POINT('Ctrl Pts',(11.4793361879361,-54.7625437432714,19.8624319221771));
#5557=CARTESIAN_POINT('Ctrl Pts',(11.6537647601516,-54.7612559121029,19.8763933769061));
#5558=CARTESIAN_POINT('Origin',(-9.36439584484499,-30.,39.7735409511472));
#5559=CARTESIAN_POINT('',(-11.842125005215,-54.8957256234016,20.1557325076541));
#5560=CARTESIAN_POINT('',(-11.1351122389901,-54.8794832613122,20.0793257251181));
#5561=CARTESIAN_POINT('Ctrl Pts',(-11.8427939960176,-54.8950646962169,20.1550716714813));
#5562=CARTESIAN_POINT('Ctrl Pts',(-11.6075400576346,-54.8952683454112,20.1253515470834));
#5563=CARTESIAN_POINT('Ctrl Pts',(-11.3717801529301,-54.8898779545528,20.0998629903804));
#5564=CARTESIAN_POINT('Ctrl Pts',(-11.1357994275651,-54.8788415468548,20.0786456118288));
#5565=CARTESIAN_POINT('',(-11.842125005215,-30.,20.1557325076541));
#5566=CARTESIAN_POINT('',(-11.842125005215,-30.,20.1557325076541));
#5567=CARTESIAN_POINT('',(-10.0061491357904,-30.,20.0102997536285));
#5568=CARTESIAN_POINT('Origin',(-9.36439584484499,-30.,39.7735409511472));
#5569=CARTESIAN_POINT('Ctrl Pts',(0.278496633557986,-31.6234953816427,22.5105118262312));
#5570=CARTESIAN_POINT('Ctrl Pts',(0.218825756993667,-31.6240208813714,22.4771804889185));
#5571=CARTESIAN_POINT('Ctrl Pts',(0.159046285102857,-31.6243784171239,22.4441944374231));
#5572=CARTESIAN_POINT('Ctrl Pts',(-0.786804690580556,-31.6273444026347,
21.928635812372));
#5573=CARTESIAN_POINT('Ctrl Pts',(-1.69500314429784,-31.592054433816,21.5228656496646));
#5574=CARTESIAN_POINT('Ctrl Pts',(-3.47560576924684,-31.4456882945356,20.8736305564079));
#5575=CARTESIAN_POINT('Ctrl Pts',(-4.41438279754027,-31.3303245795077,20.6043049121739));
#5576=CARTESIAN_POINT('Ctrl Pts',(-6.33838886229043,-30.9984006099445,20.2081244919473));
#5577=CARTESIAN_POINT('Ctrl Pts',(-7.32357512024777,-30.781680432285,20.0811959728775));
#5578=CARTESIAN_POINT('Ctrl Pts',(-8.87326060631172,-30.3601945019592,19.9976437251162));
#5579=CARTESIAN_POINT('Ctrl Pts',(-9.44406502898422,-30.1874765799853,19.9920477208913));
#5580=CARTESIAN_POINT('Ctrl Pts',(-10.0061491357904,-30.,20.0102997536285));
#5581=CARTESIAN_POINT('Ctrl Pts',(-11.1351122389905,-54.8794832613099,20.0793257251159));
#5582=CARTESIAN_POINT('Ctrl Pts',(-10.5404052772507,-54.8516863912765,20.0258553352182));
#5583=CARTESIAN_POINT('Ctrl Pts',(-9.94846289553256,-54.8381236865918,19.999882970952));
#5584=CARTESIAN_POINT('Ctrl Pts',(-9.36439584484499,-54.8381236865918,19.999882970952));
#5585=CARTESIAN_POINT('Ctrl Pts',(-8.11258574013606,-54.8381236865918,19.999882970952));
#5586=CARTESIAN_POINT('Ctrl Pts',(-6.82478881326609,-54.9015738961842,20.1206944387038));
#5587=CARTESIAN_POINT('Ctrl Pts',(-4.27630422506023,-55.1591863560376,20.6216401643884));
#5588=CARTESIAN_POINT('Ctrl Pts',(-3.01556090763819,-55.3531177039514,21.0016099809146));
#5589=CARTESIAN_POINT('Ctrl Pts',(-1.09322474136918,-55.744734316383,21.7960440357484));
#5590=CARTESIAN_POINT('Ctrl Pts',(-0.393744048266881,-55.9093613958089,
22.1350073555187));
#5591=CARTESIAN_POINT('Ctrl Pts',(0.278496633557983,-56.0874606076852,22.5105118262312));
#5592=CARTESIAN_POINT('Origin',(-0.0934410419343301,-30.,12.8070888701734));
#5593=CARTESIAN_POINT('',(-10.0061491357904,-30.,13.8781671374056));
#5594=CARTESIAN_POINT('',(-10.0061491357904,-30.,102.000001519918));
#5595=CARTESIAN_POINT('Origin',(-0.0410263732393013,-30.,36.5329658868461));
#5596=CARTESIAN_POINT('Origin',(-0.0934410419343301,-30.,12.8070888701734));
#5597=CARTESIAN_POINT('',(-6.40896613750803,-30.,7.00000151991844));
#5598=CARTESIAN_POINT('',(6.25437521197732,-30.,7.00000151991844));
#5599=CARTESIAN_POINT('',(-0.0467205209671651,-30.,7.00000151991844));
#5600=CARTESIAN_POINT('Origin',(-0.0410263732393013,-30.,36.5329658868461));
#5601=CARTESIAN_POINT('Origin',(-0.0934410419343301,-30.,12.8070888701734));
#5602=CARTESIAN_POINT('',(10.0061491357904,-30.,14.252165533245));
#5603=CARTESIAN_POINT('',(10.0061491357904,-30.,102.000001519918));
#5604=CARTESIAN_POINT('Origin',(-0.0410263732393013,-30.,36.5329658868461));
#5605=CARTESIAN_POINT('Ctrl Pts',(-11.842125005215,-30.,20.1557325076541));
#5606=CARTESIAN_POINT('Ctrl Pts',(-8.01051539892774,-30.,3.19765760843522));
#5607=CARTESIAN_POINT('Ctrl Pts',(-0.147108354932624,-30.,3.10405294926256));
#5608=CARTESIAN_POINT('Ctrl Pts',(7.71629868906249,-30.,3.01044829008991));
#5609=CARTESIAN_POINT('Ctrl Pts',(11.6552429213464,-30.,19.8760238388907));
#5610=CARTESIAN_POINT('Ctrl Pts',(-11.842125005215,-54.8957256234016,20.1557325076541));
#5611=CARTESIAN_POINT('Ctrl Pts',(-8.01051539892774,-54.8957256234016,3.19765760843522));
#5612=CARTESIAN_POINT('Ctrl Pts',(-0.147108354932624,-54.8957256234016,
3.10405294926256));
#5613=CARTESIAN_POINT('Ctrl Pts',(7.71629868906249,-54.8957256234016,3.01044829008991));
#5614=CARTESIAN_POINT('Ctrl Pts',(11.6552429213464,-54.8957256234016,19.8760238388907));
#5615=CARTESIAN_POINT('',(-10.99617798391,-53.1135110946612,16.8773333342816));
#5616=CARTESIAN_POINT('Ctrl Pts',(-10.9978868448838,-53.1126829455626,16.8771938153861));
#5617=CARTESIAN_POINT('Ctrl Pts',(-11.1267452084921,-53.3695717568817,17.317082546115));
#5618=CARTESIAN_POINT('Ctrl Pts',(-11.2502235011885,-53.6218190778494,17.76161321594));
#5619=CARTESIAN_POINT('Ctrl Pts',(-11.3684608853656,-53.8690512323741,18.2103933944728));
#5620=CARTESIAN_POINT('Ctrl Pts',(-11.4932660397011,-54.1300164712189,18.6841021104965));
#5621=CARTESIAN_POINT('Ctrl Pts',(-11.6122327130429,-54.3853940418628,19.1625449893775));
#5622=CARTESIAN_POINT('Ctrl Pts',(-11.7255620374892,-54.6347719029405,19.6452951485962));
#5623=CARTESIAN_POINT('Ctrl Pts',(-11.7653301277588,-54.7222804214906,19.8146957163951));
#5624=CARTESIAN_POINT('Ctrl Pts',(-11.804404318035,-54.809050387124,19.9846270024161));
#5625=CARTESIAN_POINT('Ctrl Pts',(-11.8427939960176,-54.8950646962169,20.1550716714813));
#5626=CARTESIAN_POINT('',(11.0369639018622,-53.4563869916992,17.4706521371124));
#5627=CARTESIAN_POINT('Ctrl Pts',(11.0369639037135,-53.4563869913154,17.4706521368101));
#5628=CARTESIAN_POINT('Ctrl Pts',(10.8080640783091,-52.9920157451148,16.6584743385014));
#5629=CARTESIAN_POINT('Ctrl Pts',(10.562248376061,-52.5166506499057,15.862744232782));
#5630=CARTESIAN_POINT('Ctrl Pts',(9.57340188029037,-50.7027434319647,12.9486190537797));
#5631=CARTESIAN_POINT('Ctrl Pts',(8.72011791566495,-49.3088086610643,10.9560396484743));
#5632=CARTESIAN_POINT('Ctrl Pts',(7.16221989096775,-47.2425564494417,8.25882959523719));
#5633=CARTESIAN_POINT('Ctrl Pts',(6.53135754911206,-46.4744483247629,7.30356818069411));
#5634=CARTESIAN_POINT('Ctrl Pts',(5.0612703309752,-44.9952119009245,5.55084121422497));
#5635=CARTESIAN_POINT('Ctrl Pts',(4.22439714713117,-44.2835355836461,4.75186686037758));
#5636=CARTESIAN_POINT('Ctrl Pts',(2.82180811993196,-43.4697345864492,3.8638342688346));
#5637=CARTESIAN_POINT('Ctrl Pts',(2.28783348686299,-43.2141435303958,3.59001994823237));
#5638=CARTESIAN_POINT('Ctrl Pts',(1.134100736627,-42.8544358726841,3.20819830383063));
#5639=CARTESIAN_POINT('Ctrl Pts',(0.511919520724075,-42.754426795214,3.10366591411563));
#5640=CARTESIAN_POINT('Ctrl Pts',(-0.08208050713661,-42.754426795214,3.10366591411563));
#5641=CARTESIAN_POINT('Ctrl Pts',(-0.67596841714783,-42.754426795214,3.10366591411563));
#5642=CARTESIAN_POINT('Ctrl Pts',(-1.29803382824172,-42.8544194290498,3.20818025331819));
#5643=CARTESIAN_POINT('Ctrl Pts',(-2.45127979714002,-43.2143187138133,3.59020649773996));
#5644=CARTESIAN_POINT('Ctrl Pts',(-2.9848892621706,-43.4701115978879,3.86423875097145));
#5645=CARTESIAN_POINT('Ctrl Pts',(-4.38552819185224,-44.2842975071482,4.75271291544699));
#5646=CARTESIAN_POINT('Ctrl Pts',(-5.22036570130439,-44.9960571696408,5.55181003522751));
#5647=CARTESIAN_POINT('Ctrl Pts',(-6.68600689482449,-46.4753683246658,7.30469104138482));
#5648=CARTESIAN_POINT('Ctrl Pts',(-7.3144492477986,-47.2434690864798,8.25998460512211));
#5649=CARTESIAN_POINT('Ctrl Pts',(-8.86591109104591,-49.3101518970497,10.9578650120346));
#5650=CARTESIAN_POINT('Ctrl Pts',(-9.71430563255446,-50.7042974055985,12.9509193898793));
#5651=CARTESIAN_POINT('Ctrl Pts',(-10.6316061946884,-52.3994263626997,15.6744719360696));
#5652=CARTESIAN_POINT('Ctrl Pts',(-10.8187626733841,-52.7593977384517,16.2710391707339));
#5653=CARTESIAN_POINT('Ctrl Pts',(-10.9961779868984,-53.1135110940196,16.8773333337819));
#5654=CARTESIAN_POINT('Ctrl Pts',(11.6537647601516,-54.7612559121029,19.8763933769061));
#5655=CARTESIAN_POINT('Ctrl Pts',(11.5380474871451,-54.5077880781202,19.382138644419));
#5656=CARTESIAN_POINT('Ctrl Pts',(11.4166580443194,-54.2479137889068,18.8923127768221));
#5657=CARTESIAN_POINT('Ctrl Pts',(11.2895996987335,-53.9819795438035,18.4074056723134));
#5658=CARTESIAN_POINT('Ctrl Pts',(11.2433650108754,-53.8852099317294,18.2309550148322));
#5659=CARTESIAN_POINT('Ctrl Pts',(11.1963798331119,-53.7876381780957,18.0551560414958));
#5660=CARTESIAN_POINT('Ctrl Pts',(11.1486449941857,-53.6892820034056,17.8800336027866));
#5661=CARTESIAN_POINT('Ctrl Pts',(11.1113054378982,-53.6123449904465,17.7430478224951));
#5662=CARTESIAN_POINT('Ctrl Pts',(11.0735071684759,-53.5349280163097,17.6064760117079));
#5663=CARTESIAN_POINT('Ctrl Pts',(11.0352406254959,-53.4570453014472,17.4703302180404));
#5664=CARTESIAN_POINT('',(6.25437521197733,-31.0000937294629,7.00000151991844));
#5665=CARTESIAN_POINT('Ctrl Pts',(6.25437521197732,-31.0000937294629,7.00000151991844));
#5666=CARTESIAN_POINT('Ctrl Pts',(6.84552350700049,-30.8808275338422,7.7743003782789));
#5667=CARTESIAN_POINT('Ctrl Pts',(7.3658837337973,-30.758309237889,8.59596245648176));
#5668=CARTESIAN_POINT('Ctrl Pts',(8.6657105871115,-30.4271998717236,10.8992632692388));
#5669=CARTESIAN_POINT('Ctrl Pts',(9.38471228484442,-30.2072729936347,12.5385310439615));
#5670=CARTESIAN_POINT('Ctrl Pts',(10.0061491357904,-30.,14.252165533245));
#5671=CARTESIAN_POINT('',(6.25437521197732,-30.,7.00000151991844));
#5672=CARTESIAN_POINT('',(-6.40896613750804,-30.9685029275868,7.00000151991844));
#5673=CARTESIAN_POINT('',(-6.40896613750803,-30.,7.00000151991844));
#5674=CARTESIAN_POINT('Ctrl Pts',(-10.0061491357904,-30.,13.8781671374056));
#5675=CARTESIAN_POINT('Ctrl Pts',(-9.40418801906931,-30.2007770902619,12.2570638489968));
#5676=CARTESIAN_POINT('Ctrl Pts',(-8.71173902568563,-30.4129787041066,10.7053993849406));
#5677=CARTESIAN_POINT('Ctrl Pts',(-7.46696590887178,-30.7336619755199,8.51792223613933));
#5678=CARTESIAN_POINT('Ctrl Pts',(-6.97081916538735,-30.8522268183298,7.7383040345151));
#5679=CARTESIAN_POINT('Ctrl Pts',(-6.40896613750803,-30.9685029275868,7.00000151991844));
#5680=CARTESIAN_POINT('Ctrl Pts',(-4.26334361529367,-39.8210412067978,0.190639171881964));
#5681=CARTESIAN_POINT('Ctrl Pts',(-5.55341732236639,-40.8029043766689,1.11288144391377));
#5682=CARTESIAN_POINT('Ctrl Pts',(-7.53758669544495,-43.2321789595743,3.50938558826727));
#5683=CARTESIAN_POINT('Ctrl Pts',(-9.43603150665119,-46.9865750946012,7.8277109749589));
#5684=CARTESIAN_POINT('Ctrl Pts',(-10.9751817325531,-51.7430131166901,14.2638290840524));
#5685=CARTESIAN_POINT('Ctrl Pts',(-11.4265398753841,-56.8025093514006,23.228891330003));
#5686=CARTESIAN_POINT('Ctrl Pts',(-10.4116960080525,-59.5723845144907,30.9168329447564));
#5687=CARTESIAN_POINT('Ctrl Pts',(-9.44062397988932,-60.6097977569076,34.699061216864));
#5688=CARTESIAN_POINT('Ctrl Pts',(-4.59371307024251,-39.5460141859051,-0.0676876015436408));
#5689=CARTESIAN_POINT('Ctrl Pts',(-5.98433096988325,-40.5463515022029,0.862518121599982));
#5690=CARTESIAN_POINT('Ctrl Pts',(-8.12465888370446,-43.0213319695816,3.28140345711283));
#5691=CARTESIAN_POINT('Ctrl Pts',(-10.1747596804275,-46.8456814565597,7.64837016693224));
#5692=CARTESIAN_POINT('Ctrl Pts',(-11.8385627030613,-51.6880507779912,14.167088165447));
#5693=CARTESIAN_POINT('Ctrl Pts',(-12.328438405848,-56.8296773938101,23.263366639557));
#5694=CARTESIAN_POINT('Ctrl Pts',(-11.2332284796633,-59.6266896732647,31.0709007700842));
#5695=CARTESIAN_POINT('Ctrl Pts',(-10.1851211266506,-60.6679485701629,34.9110689693654));
#5696=CARTESIAN_POINT('Ctrl Pts',(-4.92408116557389,-39.249435656234,-0.303067341245116));
#5697=CARTESIAN_POINT('Ctrl Pts',(-6.41524214209928,-40.2633537771516,0.639478701527576));
#5698=CARTESIAN_POINT('Ctrl Pts',(-8.71172564885117,-42.7717352945663,3.09050639963703));
#5699=CARTESIAN_POINT('Ctrl Pts',(-10.9134717539465,-46.6472714456043,7.51574183578998));
#5700=CARTESIAN_POINT('Ctrl Pts',(-12.7019120982116,-51.5542294232173,14.1216761626843));
#5701=CARTESIAN_POINT('Ctrl Pts',(-13.2302980932725,-56.7642558000025,23.3399098328374));
#5702=CARTESIAN_POINT('Ctrl Pts',(-12.0547353408426,-59.5982850782055,31.2517870517279));
#5703=CARTESIAN_POINT('Ctrl Pts',(-10.9296007039676,-60.6532282850533,35.1430588832155));
#5704=CARTESIAN_POINT('Ctrl Pts',(-5.25185735191993,-38.9336312095516,-0.513654339829673));
#5705=CARTESIAN_POINT('Ctrl Pts',(-6.84223570288288,-39.956611540083,0.445894059972426));
#5706=CARTESIAN_POINT('Ctrl Pts',(-9.29131521108649,-42.4868104928315,2.93934050736562));
#5707=CARTESIAN_POINT('Ctrl Pts',(-11.6387846168997,-46.3950587176986,7.43234884181964));
#5708=CARTESIAN_POINT('Ctrl Pts',(-13.5453374824099,-51.3447647615947,14.1288178931808));
#5709=CARTESIAN_POINT('Ctrl Pts',(-14.1094984592509,-56.6078317240768,23.4565307871866));
#5710=CARTESIAN_POINT('Ctrl Pts',(-12.858768359207,-59.4877435256114,31.455461543154));
#5711=CARTESIAN_POINT('Ctrl Pts',(-11.6601218742867,-60.5659125479628,35.3906868047239));
#5712=CARTESIAN_POINT('',(-9.72726285792855,-60.2760678293694,33.5205043681941));
#5713=CARTESIAN_POINT('Ctrl Pts',(-11.1358093653243,-54.8792530456891,20.0794367192236));
#5714=CARTESIAN_POINT('Ctrl Pts',(-11.1493601990284,-55.4406752690097,21.158787941089));
#5715=CARTESIAN_POINT('Ctrl Pts',(-11.0764164787093,-57.5888279233558,25.5480008925383));
#5716=CARTESIAN_POINT('Ctrl Pts',(-10.5132306877175,-59.2817300785107,30.1210253772445));
#5717=CARTESIAN_POINT('Ctrl Pts',(-9.72788463337981,-60.2758978831104,33.520697699708));
#5718=CARTESIAN_POINT('',(-11.6601218742852,-60.5659125479484,35.3906868046864));
#5719=CARTESIAN_POINT('Ctrl Pts',(-9.72782539591492,-60.2759728702887,33.5209541288087));
#5720=CARTESIAN_POINT('Ctrl Pts',(-9.93675771147912,-60.3255391090911,33.6905271259205));
#5721=CARTESIAN_POINT('Ctrl Pts',(-10.1419682791658,-60.3686242309143,33.8661534662792));
#5722=CARTESIAN_POINT('Ctrl Pts',(-10.3430771390297,-60.4055547133403,34.0476781141447));
#5723=CARTESIAN_POINT('Ctrl Pts',(-10.4730091548542,-60.4294146866414,34.164957200879));
#5724=CARTESIAN_POINT('Ctrl Pts',(-10.6012294901204,-60.4507045272375,34.2846986601731));
#5725=CARTESIAN_POINT('Ctrl Pts',(-10.7276389227136,-60.4695017226391,34.4068635034377));
#5726=CARTESIAN_POINT('Ctrl Pts',(-10.9293111087409,-60.4994905566212,34.6017639194229));
#5727=CARTESIAN_POINT('Ctrl Pts',(-11.1260017323969,-60.5230820311948,34.8024720173472));
#5728=CARTESIAN_POINT('Ctrl Pts',(-11.3173808286632,-60.5406131243603,35.0087478027453));
#5729=CARTESIAN_POINT('Ctrl Pts',(-11.4336099770973,-60.5512601807499,35.1340240703584));
#5730=CARTESIAN_POINT('Ctrl Pts',(-11.5478804866535,-60.5596709048358,35.261354229304));
#5731=CARTESIAN_POINT('Ctrl Pts',(-11.6601218742867,-60.5659125479628,35.3906868047239));
#5732=CARTESIAN_POINT('',(-6.02974326693339,-39.4759405503581,2.06605149655203E-10));
#5733=CARTESIAN_POINT('Ctrl Pts',(-11.6572918019108,-60.5662504416144,35.3897275847448));
#5734=CARTESIAN_POINT('Ctrl Pts',(-12.8556534880197,-59.4881713471818,31.4546726323391));
#5735=CARTESIAN_POINT('Ctrl Pts',(-14.1060923675787,-56.6084372479023,23.456079203919));
#5736=CARTESIAN_POINT('Ctrl Pts',(-13.5420699949103,-51.3455758388345,14.1287904893703));
#5737=CARTESIAN_POINT('Ctrl Pts',(-11.6359747240429,-46.3960355080715,7.43267214841323));
#5738=CARTESIAN_POINT('Ctrl Pts',(-9.42192814972281,-42.7091528425285,3.1942606443079));
#5739=CARTESIAN_POINT('Ctrl Pts',(-7.25003498247211,-40.38803198271,0.87369708120537));
#5740=CARTESIAN_POINT('Ctrl Pts',(-6.02973559277961,-39.4758902736945,6.32122860027007E-5));
#5741=CARTESIAN_POINT('',(-5.74524179112245,-39.5155818120699,8.88178419700125E-15));
#5742=CARTESIAN_POINT('Ctrl Pts',(-6.02974326666559,-39.475940550269,1.33226762955019E-14));
#5743=CARTESIAN_POINT('Ctrl Pts',(-5.9350656510543,-39.4904020604263,1.33279929152929E-14));
#5744=CARTESIAN_POINT('Ctrl Pts',(-5.84022696423093,-39.5035919729373,6.66133814775094E-15));
#5745=CARTESIAN_POINT('Ctrl Pts',(-5.74524179112245,-39.5155818120699,6.66133814775094E-15));
#5746=CARTESIAN_POINT('',(-4.26334361570599,-39.8210412069548,0.190639172029396));
#5747=CARTESIAN_POINT('Ctrl Pts',(-4.26334361529367,-39.8210412067978,0.190639171881964));
#5748=CARTESIAN_POINT('Ctrl Pts',(-4.32056546845686,-39.8210412067978,0.190639171881964));
#5749=CARTESIAN_POINT('Ctrl Pts',(-4.37782987315021,-39.8201783965862,0.190096895665523));
#5750=CARTESIAN_POINT('Ctrl Pts',(-4.71845213011711,-39.8091603721205,0.183173410190677));
#5751=CARTESIAN_POINT('Ctrl Pts',(-5.0027350681184,-39.7756779756491,0.162080384928735));
#5752=CARTESIAN_POINT('Ctrl Pts',(-5.43998700690531,-39.6547068208623,0.0864695344161933));
#5753=CARTESIAN_POINT('Ctrl Pts',(-5.59802281127762,-39.5936196874988,0.048365855981643));
#5754=CARTESIAN_POINT('Ctrl Pts',(-5.74524179112245,-39.5155818120699,1.20650017754187E-14));
#5755=CARTESIAN_POINT('Ctrl Pts',(-4.2633436155985,-39.8210412070298,0.190639172099878));
#5756=CARTESIAN_POINT('Ctrl Pts',(-5.55341732236639,-40.8029043766689,1.11288144391377));
#5757=CARTESIAN_POINT('Ctrl Pts',(-7.53758669544495,-43.2321789595743,3.50938558826727));
#5758=CARTESIAN_POINT('Ctrl Pts',(-9.43603150665119,-46.9865750946012,7.8277109749589));
#5759=CARTESIAN_POINT('Ctrl Pts',(-10.5165181597779,-50.3256044582098,12.3458792458615));
#5760=CARTESIAN_POINT('Ctrl Pts',(-10.8913034712057,-52.2824304647512,15.4554915472636));
#5761=CARTESIAN_POINT('Ctrl Pts',(-10.9979143989158,-53.1128976206059,16.8775614168192));
#5762=CARTESIAN_POINT('Origin',(0.,11.0550353674579,54.3557401770122));
#5763=CARTESIAN_POINT('',(9.73154794048576,-60.2706192232786,33.5018596822832));
#5764=CARTESIAN_POINT('Ctrl Pts',(9.7315896881884,-60.2706323685622,33.5019631660594));
#5765=CARTESIAN_POINT('Ctrl Pts',(10.0771554853093,-59.830716520597,31.9973796188357));
#5766=CARTESIAN_POINT('Ctrl Pts',(10.9138852527892,-58.3178694882934,27.3634236393337));
#5767=CARTESIAN_POINT('Ctrl Pts',(11.1840146613714,-56.3085477994213,22.8040676357122));
#5768=CARTESIAN_POINT('Ctrl Pts',(11.1300038545037,-54.7559563703837,19.8416422313615));
#5769=CARTESIAN_POINT('Ctrl Pts',(9.73154794048576,-60.2706192232786,33.5018596822832));
#5770=CARTESIAN_POINT('Ctrl Pts',(9.37614670395084,-60.186609268425,33.2145239500398));
#5771=CARTESIAN_POINT('Ctrl Pts',(9.00388748377027,-60.1043650305337,32.9397058510815));
#5772=CARTESIAN_POINT('Ctrl Pts',(7.78002918276284,-59.8543298345144,32.1197584240318));
#5773=CARTESIAN_POINT('Ctrl Pts',(6.87371109391957,-59.6985268604988,31.6326886389552));
#5774=CARTESIAN_POINT('Ctrl Pts',(4.97904532516448,-59.4417881048893,30.8482620030107));
#5775=CARTESIAN_POINT('Ctrl Pts',(3.98904983206193,-59.3408160952821,30.5502730287523));
#5776=CARTESIAN_POINT('Ctrl Pts',(1.99361188017107,-59.2071236965845,30.1585260190208));
#5777=CARTESIAN_POINT('Ctrl Pts',(0.988142836183048,-59.1744958146881,30.0648718429763));
#5778=CARTESIAN_POINT('Ctrl Pts',(0.013650635810722,-59.1744958146881,30.0648718429763));
#5779=CARTESIAN_POINT('Ctrl Pts',(-0.960841564561602,-59.1744958146881,
30.0648718429763));
#5780=CARTESIAN_POINT('Ctrl Pts',(-1.96631060854962,-59.2071236965845,30.1585260190208));
#5781=CARTESIAN_POINT('Ctrl Pts',(-3.96174856044048,-59.3408160952821,30.5502730287523));
#5782=CARTESIAN_POINT('Ctrl Pts',(-4.95174405354303,-59.4417881048892,30.8482620030107));
#5783=CARTESIAN_POINT('Ctrl Pts',(-6.84640982229813,-59.6985268604988,31.6326886389552));
#5784=CARTESIAN_POINT('Ctrl Pts',(-7.7527279111414,-59.8543298345144,32.1197584240318));
#5785=CARTESIAN_POINT('Ctrl Pts',(-8.98494770825423,-60.1060732906452,32.9453077963494));
#5786=CARTESIAN_POINT('Ctrl Pts',(-9.36492524348339,-60.1901654561842,33.2264106942491));
#5787=CARTESIAN_POINT('Ctrl Pts',(-9.72726285792842,-60.2760678293695,33.5205043681942));
#5788=CARTESIAN_POINT('Origin',(0.,0.,102.000001519918));
#5789=CARTESIAN_POINT('',(12.4466383336451,-29.0715995369694,101.999616333298));
#5790=CARTESIAN_POINT('',(4.13814705838776,-31.3528110294888,101.025293025947));
#5791=CARTESIAN_POINT('Ctrl Pts',(12.4447373053413,-29.0719190600495,101.999377223473));
#5792=CARTESIAN_POINT('Ctrl Pts',(12.2083693565091,-29.173116967632,101.999342673605));
#5793=CARTESIAN_POINT('Ctrl Pts',(11.9713034905133,-29.2713194820166,101.995390343945));
#5794=CARTESIAN_POINT('Ctrl Pts',(11.7334929758805,-29.3664765028982,101.98790224197));
#5795=CARTESIAN_POINT('Ctrl Pts',(11.5009311925141,-29.4595333070105,101.98057941038));
#5796=CARTESIAN_POINT('Ctrl Pts',(11.2676572359959,-29.5496774737746,101.96987531231));
#5797=CARTESIAN_POINT('Ctrl Pts',(11.0336157153319,-29.6369017640076,101.95611909053));
#5798=CARTESIAN_POINT('Ctrl Pts',(10.8067935831332,-29.7214354802219,101.942787201615));
#5799=CARTESIAN_POINT('Ctrl Pts',(10.5792504835504,-29.8032266787359,101.926588692236));
#5800=CARTESIAN_POINT('Ctrl Pts',(10.3509253317076,-29.8823069726479,101.907794614621));
#5801=CARTESIAN_POINT('Ctrl Pts',(10.126526723326,-29.9600273103376,101.889323741707));
#5802=CARTESIAN_POINT('Ctrl Pts',(9.90137273914468,-30.0351291184214,101.868345991923));
#5803=CARTESIAN_POINT('Ctrl Pts',(9.67539500525964,-30.1076804740873,101.845088367499));
#5804=CARTESIAN_POINT('Ctrl Pts',(9.45500076669671,-30.1784392188264,101.822405396316));
#5805=CARTESIAN_POINT('Ctrl Pts',(9.23382298286506,-30.2467719937413,101.797553969538));
#5806=CARTESIAN_POINT('Ctrl Pts',(9.01178819861939,-30.3127788127769,101.770713218808));
#5807=CARTESIAN_POINT('Ctrl Pts',(8.91132997284548,-30.3426431781818,101.758569291874));
#5808=CARTESIAN_POINT('Ctrl Pts',(8.81069617639656,-30.3720319154663,101.746017693244));
#5809=CARTESIAN_POINT('Ctrl Pts',(8.70987930353071,-30.4009568575391,101.733072682803));
#5810=CARTESIAN_POINT('Ctrl Pts',(8.50265280001147,-30.4604113361385,101.706464544944));
#5811=CARTESIAN_POINT('Ctrl Pts',(8.29628238353043,-30.5173339079639,101.678484249086));
#5812=CARTESIAN_POINT('Ctrl Pts',(8.09095195518165,-30.5717645532051,101.649459256673));
#5813=CARTESIAN_POINT('Ctrl Pts',(7.88495121809321,-30.6263728892908,101.620339511104));
#5814=CARTESIAN_POINT('Ctrl Pts',(7.67999737312832,-30.6784732333095,101.590168550232));
#5815=CARTESIAN_POINT('Ctrl Pts',(7.47622827890487,-30.7281277794257,101.559280653021));
#5816=CARTESIAN_POINT('Ctrl Pts',(7.27175493291228,-30.7779539379352,101.528286003329));
#5817=CARTESIAN_POINT('Ctrl Pts',(7.0684746020201,-30.8253176154981,101.496569739394));
#5818=CARTESIAN_POINT('Ctrl Pts',(6.86647724652867,-30.8702999470494,101.464468716946));
#5819=CARTESIAN_POINT('Ctrl Pts',(6.66376678911884,-30.9154410776447,101.432254369743));
#5820=CARTESIAN_POINT('Ctrl Pts',(6.46234840579462,-30.9581842879426,101.399652798807));
#5821=CARTESIAN_POINT('Ctrl Pts',(6.26226278062417,-30.9986260373117,101.36699944445));
#5822=CARTESIAN_POINT('Ctrl Pts',(6.06113592430268,-31.0392782426253,101.334176164395));
#5823=CARTESIAN_POINT('Ctrl Pts',(5.86135574158289,-31.0776052513123,101.301300788138));
#5824=CARTESIAN_POINT('Ctrl Pts',(5.66291262883039,-31.1137154860898,101.268705327783));
#5825=CARTESIAN_POINT('Ctrl Pts',(5.4639967573337,-31.1499117476838,101.236032213996));
#5826=CARTESIAN_POINT('Ctrl Pts',(5.26642429640152,-31.1838809522377,101.203640540924));
#5827=CARTESIAN_POINT('Ctrl Pts',(5.07013480291032,-31.2157384556242,101.171852852617));
#5828=CARTESIAN_POINT('Ctrl Pts',(4.87331746405262,-31.247681627557,101.139979683505));
#5829=CARTESIAN_POINT('Ctrl Pts',(4.67778995361994,-31.2775020202401,101.108713909075));
#5830=CARTESIAN_POINT('Ctrl Pts',(4.48344100840476,-31.3053176932922,101.078366178869));
#5831=CARTESIAN_POINT('Ctrl Pts',(4.36793825296223,-31.3218487162851,101.060330338972));
#5832=CARTESIAN_POINT('Ctrl Pts',(4.25285081191448,-31.3376716852113,101.042618463086));
#5833=CARTESIAN_POINT('Ctrl Pts',(4.13814705838776,-31.3528110294888,101.025293025947));
#5834=CARTESIAN_POINT('',(31.624721667197,-3.87291141636587E-15,102.000001519918));
#5835=CARTESIAN_POINT('Origin',(0.,0.,102.000001519918));
#5836=CARTESIAN_POINT('',(31.624721667197,-3.87291141636587E-15,7.00000151991844));
#5837=CARTESIAN_POINT('',(31.624721667197,-3.87291141636587E-15,102.000001519918));
#5838=CARTESIAN_POINT('Origin',(0.,0.,7.00000151991844));
#5839=CARTESIAN_POINT('Origin',(0.,0.,7.00000151991844));
#5840=CARTESIAN_POINT('',(1.25031101221594,31.599999293685,101.99999962002));
#5841=CARTESIAN_POINT('Origin',(0.,0.,102.000001519918));
#5842=CARTESIAN_POINT('',(-1.25031101221594,31.5999992936849,101.999997720122));
#5843=CARTESIAN_POINT('Ctrl Pts',(1.25022604627709,31.599999293685,101.999997720122));
#5844=CARTESIAN_POINT('Ctrl Pts',(0.834205116920965,31.6164587941059,101.980694329131));
#5845=CARTESIAN_POINT('Ctrl Pts',(0.417324038114281,31.624721667197,101.970990702108));
#5846=CARTESIAN_POINT('Ctrl Pts',(-0.41732403811428,31.624721667197,101.970990702108));
#5847=CARTESIAN_POINT('Ctrl Pts',(-0.834205116920966,31.6164587941059,101.980694329131));
#5848=CARTESIAN_POINT('Ctrl Pts',(-1.25022604627709,31.599999293685,101.999997720122));
#5849=CARTESIAN_POINT('',(-12.4468312889833,-29.0726597706444,101.998935650429));
#5850=CARTESIAN_POINT('Origin',(0.,0.,102.000001519918));
#5851=CARTESIAN_POINT('',(-4.13814705838771,-31.3528110294888,101.025293025947));
#5852=CARTESIAN_POINT('Ctrl Pts',(-4.13814705838771,-31.3528110294888,101.025293025947));
#5853=CARTESIAN_POINT('Ctrl Pts',(-4.23571117129431,-31.3399338859865,101.04002960477));
#5854=CARTESIAN_POINT('Ctrl Pts',(-4.33316849759799,-31.3266161931143,101.054985262944));
#5855=CARTESIAN_POINT('Ctrl Pts',(-4.43051030126319,-31.3128573816695,101.070113246069));
#5856=CARTESIAN_POINT('Ctrl Pts',(-4.62535879842138,-31.2853164523694,101.100394838004));
#5857=CARTESIAN_POINT('Ctrl Pts',(-4.82150939398896,-31.2557559828581,101.131646445901));
#5858=CARTESIAN_POINT('Ctrl Pts',(-5.01908643230759,-31.2240481717759,101.163556404308));
#5859=CARTESIAN_POINT('Ctrl Pts',(-5.21600435962991,-31.1924461369881,101.195359912064));
#5860=CARTESIAN_POINT('Ctrl Pts',(-5.41433929446029,-31.1587107712064,101.227817252828));
#5861=CARTESIAN_POINT('Ctrl Pts',(-5.61416527990893,-31.1227149626872,101.260603930693));
#5862=CARTESIAN_POINT('Ctrl Pts',(-5.81320163977767,-31.0868613939828,101.293261049835));
#5863=CARTESIAN_POINT('Ctrl Pts',(-6.01371734006136,-31.0487649233456,101.326244743055));
#5864=CARTESIAN_POINT('Ctrl Pts',(-6.2157359241655,-31.008303696742,101.359220728888));
#5865=CARTESIAN_POINT('Ctrl Pts',(-6.4168926270235,-30.9680150917442,101.392056027745));
#5866=CARTESIAN_POINT('Ctrl Pts',(-6.61953944625781,-30.9253815843804,101.424883485996));
#5867=CARTESIAN_POINT('Ctrl Pts',(-6.82364972927925,-30.8802908578576,101.457362272794));
#5868=CARTESIAN_POINT('Ctrl Pts',(-7.02650135991599,-30.8354781846971,101.489640778147));
#5869=CARTESIAN_POINT('Ctrl Pts',(-7.23079844693461,-30.7882382393403,101.521574666717));
#5870=CARTESIAN_POINT('Ctrl Pts',(-7.43646534755947,-30.7384727373641,101.552821893023));
#5871=CARTESIAN_POINT('Ctrl Pts',(-7.64140033343631,-30.6888843378032,101.583957918617));
#5872=CARTESIAN_POINT('Ctrl Pts',(-7.84769537404844,-30.6367880699798,101.614411900544));
#5873=CARTESIAN_POINT('Ctrl Pts',(-8.05522661528718,-30.5821025033004,101.643841650326));
#5874=CARTESIAN_POINT('Ctrl Pts',(-8.26181712942854,-30.5276648231276,101.673137996757));
#5875=CARTESIAN_POINT('Ctrl Pts',(-8.46963258744928,-30.4706610321377,101.701419087387));
#5876=CARTESIAN_POINT('Ctrl Pts',(-8.67850291724065,-30.4110301385048,101.728347706566));
#5877=CARTESIAN_POINT('Ctrl Pts',(-8.7546787052056,-30.3892825292869,101.738168674373));
#5878=CARTESIAN_POINT('Ctrl Pts',(-8.8309943444511,-30.3671856959079,101.747809776525));
#5879=CARTESIAN_POINT('Ctrl Pts',(-8.90744002546045,-30.3447374151003,101.757254786656));
#5880=CARTESIAN_POINT('Ctrl Pts',(-9.13121930199063,-30.279024611288,101.784903144366));
#5881=CARTESIAN_POINT('Ctrl Pts',(-9.35410409061674,-30.2109980941045,101.810540341678));
#5882=CARTESIAN_POINT('Ctrl Pts',(-9.5761679186629,-30.1405459782566,101.833996902956));
#5883=CARTESIAN_POINT('Ctrl Pts',(-9.80263560849857,-30.0686966903267,101.857918643344));
#5884=CARTESIAN_POINT('Ctrl Pts',(-10.0282494470251,-29.9943246778585,101.879572212203));
#5885=CARTESIAN_POINT('Ctrl Pts',(-10.2530770496403,-29.9173511946139,101.89874269948));
#5886=CARTESIAN_POINT('Ctrl Pts',(-10.4846447193243,-29.8380701368831,101.918487895416));
#5887=CARTESIAN_POINT('Ctrl Pts',(-10.7153783219717,-29.7560292813005,101.935598766526));
#5888=CARTESIAN_POINT('Ctrl Pts',(-10.9453407436491,-29.6711844490438,101.949805958506));
#5889=CARTESIAN_POINT('Ctrl Pts',(-11.1795013554083,-29.5847906909641,101.964272516742));
#5890=CARTESIAN_POINT('Ctrl Pts',(-11.4128623793999,-29.4954897385186,101.975728220541));
#5891=CARTESIAN_POINT('Ctrl Pts',(-11.6454788325955,-29.4032769599152,101.983855986421));
#5892=CARTESIAN_POINT('Ctrl Pts',(-11.8841763593571,-29.308653549206,101.992196228856));
#5893=CARTESIAN_POINT('Ctrl Pts',(-12.1220899231883,-29.2109641573955,101.997032123459));
#5894=CARTESIAN_POINT('Ctrl Pts',(-12.3592666802199,-29.1102463727482,101.997989396253));
#5895=CARTESIAN_POINT('Ctrl Pts',(-12.387774577001,-29.0981404132745,101.998104457418));
#5896=CARTESIAN_POINT('Ctrl Pts',(-12.4162718141593,-29.0859907501302,101.998163447818));
#5897=CARTESIAN_POINT('Ctrl Pts',(-12.4447584614457,-29.0737974876639,101.998165689157));
#5898=CARTESIAN_POINT('Ctrl Pts',(-4.13814705838771,-31.3528110294888,101.025293025947));
#5899=CARTESIAN_POINT('Ctrl Pts',(-2.78044359218402,-31.5320095262217,100.820218603066));
#5900=CARTESIAN_POINT('Ctrl Pts',(-1.3978366976121,-31.624721667197,100.712145696971));
#5901=CARTESIAN_POINT('Ctrl Pts',(1.39783669761212,-31.624721667197,100.712145696971));
#5902=CARTESIAN_POINT('Ctrl Pts',(2.78044359218405,-31.5320095262217,100.820218603066));
#5903=CARTESIAN_POINT('Ctrl Pts',(4.13814705838776,-31.3528110294888,101.025293025947));
#5904=CARTESIAN_POINT('Ctrl Pts',(33.584024684693,-50.,65.9640762253211));
#5905=CARTESIAN_POINT('Ctrl Pts',(33.584024684693,-50.,59.6390762253211));
#5906=CARTESIAN_POINT('Ctrl Pts',(27.259024684693,-50.,59.6390762253211));
#5907=CARTESIAN_POINT('Ctrl Pts',(20.934024684693,-50.,59.6390762253211));
#5908=CARTESIAN_POINT('Ctrl Pts',(20.934024684693,-50.,65.9640762253211));
#5909=CARTESIAN_POINT('Ctrl Pts',(20.934024684693,-50.,72.2890762253211));
#5910=CARTESIAN_POINT('Ctrl Pts',(27.259024684693,-50.,72.2890762253211));
#5911=CARTESIAN_POINT('Ctrl Pts',(33.584024684693,-50.,72.2890762253211));
#5912=CARTESIAN_POINT('Ctrl Pts',(33.584024684693,-50.,65.9640762253211));
#5913=CARTESIAN_POINT('Ctrl Pts',(31.693454023294,-52.5,65.9640762253211));
#5914=CARTESIAN_POINT('Ctrl Pts',(31.693454023294,-52.5,61.5296468867201));
#5915=CARTESIAN_POINT('Ctrl Pts',(27.259024684693,-52.5,61.5296468867201));
#5916=CARTESIAN_POINT('Ctrl Pts',(22.824595346092,-52.5,61.5296468867201));
#5917=CARTESIAN_POINT('Ctrl Pts',(22.824595346092,-52.5,65.9640762253211));
#5918=CARTESIAN_POINT('Ctrl Pts',(22.824595346092,-52.5,70.3985055639222));
#5919=CARTESIAN_POINT('Ctrl Pts',(27.259024684693,-52.5,70.3985055639222));
#5920=CARTESIAN_POINT('Ctrl Pts',(31.693454023294,-52.5,70.3985055639222));
#5921=CARTESIAN_POINT('Ctrl Pts',(31.693454023294,-52.5,65.9640762253211));
#5922=CARTESIAN_POINT('Ctrl Pts',(28.5590868741325,-52.5,65.9640762253211));
#5923=CARTESIAN_POINT('Ctrl Pts',(28.5590868741325,-52.5,64.6640140358816));
#5924=CARTESIAN_POINT('Ctrl Pts',(27.259024684693,-52.5,64.6640140358816));
#5925=CARTESIAN_POINT('Ctrl Pts',(25.9589624952534,-52.5,64.6640140358816));
#5926=CARTESIAN_POINT('Ctrl Pts',(25.9589624952534,-52.5,65.9640762253211));
#5927=CARTESIAN_POINT('Ctrl Pts',(25.9589624952534,-52.5,67.2641384147607));
#5928=CARTESIAN_POINT('Ctrl Pts',(27.259024684693,-52.5,67.2641384147607));
#5929=CARTESIAN_POINT('Ctrl Pts',(28.5590868741325,-52.5,67.2641384147607));
#5930=CARTESIAN_POINT('Ctrl Pts',(28.5590868741325,-52.5,65.9640762253211));
#5931=CARTESIAN_POINT('',(28.5590868741325,-52.5,65.9640762253211));
#5932=CARTESIAN_POINT('Origin',(27.259024684693,-52.5,65.9640762253211));
#5933=CARTESIAN_POINT('',(33.584024684693,-50.,65.9640762253211));
#5934=CARTESIAN_POINT('Origin',(28.5590868741325,-46.2,65.9640762253211));
#5935=CARTESIAN_POINT('Origin',(27.259024684693,-50.,65.9640762253211));
#5936=CARTESIAN_POINT('Origin',(27.259024684693,-52.5,65.9640762253211));
#5937=CARTESIAN_POINT('Ctrl Pts',(-20.715975315307,-50.,65.5502404636296));
#5938=CARTESIAN_POINT('Ctrl Pts',(-20.715975315307,-50.,59.2252404636296));
#5939=CARTESIAN_POINT('Ctrl Pts',(-27.040975315307,-50.,59.2252404636296));
#5940=CARTESIAN_POINT('Ctrl Pts',(-33.365975315307,-50.,59.2252404636296));
#5941=CARTESIAN_POINT('Ctrl Pts',(-33.365975315307,-50.,65.5502404636296));
#5942=CARTESIAN_POINT('Ctrl Pts',(-33.365975315307,-50.,71.8752404636296));
#5943=CARTESIAN_POINT('Ctrl Pts',(-27.040975315307,-50.,71.8752404636296));
#5944=CARTESIAN_POINT('Ctrl Pts',(-20.715975315307,-50.,71.8752404636296));
#5945=CARTESIAN_POINT('Ctrl Pts',(-20.715975315307,-50.,65.5502404636296));
#5946=CARTESIAN_POINT('Ctrl Pts',(-22.606545976706,-52.5,65.5502404636296));
#5947=CARTESIAN_POINT('Ctrl Pts',(-22.606545976706,-52.5,61.1158111250286));
#5948=CARTESIAN_POINT('Ctrl Pts',(-27.040975315307,-52.5,61.1158111250286));
#5949=CARTESIAN_POINT('Ctrl Pts',(-31.475404653908,-52.5,61.1158111250286));
#5950=CARTESIAN_POINT('Ctrl Pts',(-31.475404653908,-52.5,65.5502404636296));
#5951=CARTESIAN_POINT('Ctrl Pts',(-31.475404653908,-52.5,69.9846698022306));
#5952=CARTESIAN_POINT('Ctrl Pts',(-27.040975315307,-52.5,69.9846698022306));
#5953=CARTESIAN_POINT('Ctrl Pts',(-22.606545976706,-52.5,69.9846698022306));
#5954=CARTESIAN_POINT('Ctrl Pts',(-22.606545976706,-52.5,65.5502404636296));
#5955=CARTESIAN_POINT('Ctrl Pts',(-25.7409131258675,-52.5,65.5502404636296));
#5956=CARTESIAN_POINT('Ctrl Pts',(-25.7409131258675,-52.5,64.25017827419));
#5957=CARTESIAN_POINT('Ctrl Pts',(-27.040975315307,-52.5,64.25017827419));
#5958=CARTESIAN_POINT('Ctrl Pts',(-28.3410375047466,-52.5,64.25017827419));
#5959=CARTESIAN_POINT('Ctrl Pts',(-28.3410375047466,-52.5,65.5502404636296));
#5960=CARTESIAN_POINT('Ctrl Pts',(-28.3410375047466,-52.5,66.8503026530691));
#5961=CARTESIAN_POINT('Ctrl Pts',(-27.040975315307,-52.5,66.8503026530691));
#5962=CARTESIAN_POINT('Ctrl Pts',(-25.7409131258675,-52.5,66.8503026530691));
#5963=CARTESIAN_POINT('Ctrl Pts',(-25.7409131258675,-52.5,65.5502404636296));
#5964=CARTESIAN_POINT('',(-25.7409131258675,-52.5,65.5502404636296));
#5965=CARTESIAN_POINT('Origin',(-27.040975315307,-52.5,65.5502404636296));
#5966=CARTESIAN_POINT('',(-20.715975315307,-50.,65.5502404636296));
#5967=CARTESIAN_POINT('Origin',(-25.7409131258675,-46.2,65.5502404636296));
#5968=CARTESIAN_POINT('Origin',(-27.040975315307,-50.,65.5502404636296));
#5969=CARTESIAN_POINT('Origin',(-27.040975315307,-52.5,65.5502404636296));
#5970=CARTESIAN_POINT('Origin',(21.2340476120008,-47.7,57.6058138439571));
#5971=CARTESIAN_POINT('',(16.6251521629307,-50.,56.6848997656953));
#5972=CARTESIAN_POINT('',(14.3697352410453,-47.6999999999292,56.2342396848438));
#5973=CARTESIAN_POINT('Origin',(16.6251521629307,-47.7,56.6848997656953));
#5974=CARTESIAN_POINT('',(17.8472332331974,-47.7,51.4796822453437));
#5975=CARTESIAN_POINT('Origin',(21.2340476120008,-47.7,57.6058138439571));
#5976=CARTESIAN_POINT('',(18.9600436719471,-50.,53.4925540563167));
#5977=CARTESIAN_POINT('Origin',(18.9600436719471,-47.7,53.4925540563167));
#5978=CARTESIAN_POINT('Origin',(21.2340476120008,-50.,57.6058138439571));
#5979=CARTESIAN_POINT('Origin',(31.1041078175818,-47.7,75.4589587000951));
#5980=CARTESIAN_POINT('',(20.0782278461722,-47.70000000011,50.3754901621205));
#5981=CARTESIAN_POINT('',(29.0608392841376,-50.,50.4424385454506));
#5982=CARTESIAN_POINT('Ctrl Pts',(29.0608392841376,-50.,50.4424385454506));
#5983=CARTESIAN_POINT('Ctrl Pts',(28.5288208115204,-50.,50.4424385454506));
#5984=CARTESIAN_POINT('Ctrl Pts',(27.881434703195,-49.9984341850415,50.4425454512931));
#5985=CARTESIAN_POINT('Ctrl Pts',(26.4964828046035,-49.9806583745243,50.4437240182492));
#5986=CARTESIAN_POINT('Ctrl Pts',(25.6022199079942,-49.9554120393319,50.4455206576111));
#5987=CARTESIAN_POINT('Ctrl Pts',(23.7642455232362,-49.8132484425975,50.4537424972489));
#5988=CARTESIAN_POINT('Ctrl Pts',(22.3725354136737,-49.6448386490487,50.4686713475715));
#5989=CARTESIAN_POINT('Ctrl Pts',(21.0771469798529,-49.1068323038329,50.4694417388657));
#5990=CARTESIAN_POINT('Ctrl Pts',(20.7481797341305,-48.944381301038,50.4686941112587));
#5991=CARTESIAN_POINT('Ctrl Pts',(20.354895785772,-48.6097687127542,50.4554218142832));
#5992=CARTESIAN_POINT('Ctrl Pts',(20.2352324983619,-48.4781134240722,50.4486582954481));
#5993=CARTESIAN_POINT('Ctrl Pts',(20.098668447638,-48.2262085414366,50.4303597478061));
#5994=CARTESIAN_POINT('Ctrl Pts',(20.0622404882722,-48.1178442459001,50.4211740256794));
#5995=CARTESIAN_POINT('Ctrl Pts',(20.0396375291305,-47.9005526166302,50.3994576819545));
#5996=CARTESIAN_POINT('Ctrl Pts',(20.0499434179898,-47.7988479274232,50.3879230802342));
#5997=CARTESIAN_POINT('Ctrl Pts',(20.0782278462009,-47.7000000001197,50.3754901621079));
#5998=CARTESIAN_POINT('Origin',(31.1041078175818,-50.,75.4589587000951));
#5999=CARTESIAN_POINT('Origin',(31.1041078175818,-47.7,75.4589587000951));
#6000=CARTESIAN_POINT('Ctrl Pts',(14.2346196026114,-47.7105828183052,57.6952987106919));
#6001=CARTESIAN_POINT('Ctrl Pts',(14.2283661109847,-47.7124353248683,57.2061560651795));
#6002=CARTESIAN_POINT('Ctrl Pts',(14.2739512769701,-47.7087607291624,56.713609353027));
#6003=CARTESIAN_POINT('Ctrl Pts',(14.3697352410446,-47.6999999998585,56.2342396848475));
#6004=CARTESIAN_POINT('Ctrl Pts',(14.2377764406972,-48.3967181637681,57.6952582967728));
#6005=CARTESIAN_POINT('Ctrl Pts',(14.2320871627065,-48.3982133621241,57.2058157442433));
#6006=CARTESIAN_POINT('Ctrl Pts',(14.2764994794627,-48.3952416487944,56.714647882033));
#6007=CARTESIAN_POINT('Ctrl Pts',(14.3697352410031,-48.3881583906718,56.2342396848392));
#6008=CARTESIAN_POINT('Ctrl Pts',(14.8179331246416,-49.5818195927243,57.6878311165919));
#6009=CARTESIAN_POINT('Ctrl Pts',(14.8130758950027,-49.5822691809676,57.2395221853286));
#6010=CARTESIAN_POINT('Ctrl Pts',(14.8530844925432,-49.5813865520161,56.7881161200225));
#6011=CARTESIAN_POINT('Ctrl Pts',(14.9368602039851,-49.5792530191877,56.3475582376922));
#6012=CARTESIAN_POINT('Ctrl Pts',(16.0198420132524,-50.,57.6724442493476));
#6013=CARTESIAN_POINT('Ctrl Pts',(16.0154406962968,-49.9999953383807,57.3082044307039));
#6014=CARTESIAN_POINT('Ctrl Pts',(16.0488714809247,-49.9999776748438,56.9412478181339));
#6015=CARTESIAN_POINT('Ctrl Pts',(16.1190377891552,-50.,56.5837718800301));
#6016=CARTESIAN_POINT('Ctrl Pts',(16.5344068050645,-50.,57.665856778188));
#6017=CARTESIAN_POINT('Ctrl Pts',(16.5302031977844,-50.,57.3375018977604));
#6018=CARTESIAN_POINT('Ctrl Pts',(16.5608093096575,-50.,57.006916217212));
#6019=CARTESIAN_POINT('Ctrl Pts',(16.6251521629307,-50.,56.6848997656953));
#6020=CARTESIAN_POINT('',(16.5344068050645,-50.,57.665856778188));
#6021=CARTESIAN_POINT('Ctrl Pts',(16.6251521629307,-50.,56.6848997656953));
#6022=CARTESIAN_POINT('Ctrl Pts',(16.5608093096575,-50.,57.006916217212));
#6023=CARTESIAN_POINT('Ctrl Pts',(16.5302031977844,-50.,57.3375018977604));
#6024=CARTESIAN_POINT('Ctrl Pts',(16.5344068050645,-50.,57.665856778188));
#6025=CARTESIAN_POINT('',(14.2346196026114,-47.7105828183052,57.6952987106919));
#6026=CARTESIAN_POINT('Origin',(16.5344068050645,-47.7,57.665856778188));
#6027=CARTESIAN_POINT('Ctrl Pts',(14.3697352410446,-47.6999999998585,56.2342396848475));
#6028=CARTESIAN_POINT('Ctrl Pts',(14.2739512769701,-47.7087607291624,56.713609353027));
#6029=CARTESIAN_POINT('Ctrl Pts',(14.2283661109847,-47.7124353248683,57.2061560651795));
#6030=CARTESIAN_POINT('Ctrl Pts',(14.2346196026114,-47.7105828183052,57.6952987106919));
#6031=CARTESIAN_POINT('Origin',(31.1041078175818,-47.7,75.4589587000951));
#6032=CARTESIAN_POINT('',(38.5798664519417,-49.7725403841593,50.4555155568181));
#6033=CARTESIAN_POINT('',(41.1394816592074,-47.7,49.9630434410128));
#6034=CARTESIAN_POINT('Ctrl Pts',(41.1394816592075,-47.6999999999999,49.9630434410128));
#6035=CARTESIAN_POINT('Ctrl Pts',(40.6988104297689,-48.0866632757362,49.7895921064077));
#6036=CARTESIAN_POINT('Ctrl Pts',(40.2476439753233,-48.4660779312404,49.7297168756852));
#6037=CARTESIAN_POINT('Ctrl Pts',(39.5156658474105,-49.0602001017427,49.8253732468235));
#6038=CARTESIAN_POINT('Ctrl Pts',(39.2267764925722,-49.287419182768,49.9293964300082));
#6039=CARTESIAN_POINT('Ctrl Pts',(38.8359144448127,-49.5852837799933,50.1862391350391));
#6040=CARTESIAN_POINT('Ctrl Pts',(38.6983785580378,-49.6876060466131,50.3067196126142));
#6041=CARTESIAN_POINT('Ctrl Pts',(38.579866451957,-49.7725403841501,50.4555155568356));
#6042=CARTESIAN_POINT('',(42.7830380874634,-47.7,50.6728131588712));
#6043=CARTESIAN_POINT('Origin',(31.1041078175818,-47.7,75.4589587000951));
#6044=CARTESIAN_POINT('',(41.802683673229,-50.,52.7534152886622));
#6045=CARTESIAN_POINT('Origin',(41.802683673229,-47.7,52.7534152886622));
#6046=CARTESIAN_POINT('',(33.1473763510259,-50.,50.4424385454506));
#6047=CARTESIAN_POINT('Origin',(31.1041078175818,-50.,75.4589587000951));
#6048=CARTESIAN_POINT('Ctrl Pts',(38.5798664519376,-49.7725403841284,50.4555155567829));
#6049=CARTESIAN_POINT('Ctrl Pts',(38.3768095521926,-49.7999243546756,50.4542018976243));
#6050=CARTESIAN_POINT('Ctrl Pts',(38.1761806115351,-49.8230880927606,50.4530001959651));
#6051=CARTESIAN_POINT('Ctrl Pts',(36.6584501877268,-49.9768953120565,50.4447169805981));
#6052=CARTESIAN_POINT('Ctrl Pts',(35.1739475459559,-49.9973138424778,50.4426185188107));
#6053=CARTESIAN_POINT('Ctrl Pts',(33.4373396996762,-49.9998858797229,50.4424461944436));
#6054=CARTESIAN_POINT('Ctrl Pts',(33.3032105699817,-50.,50.4424385454506));
#6055=CARTESIAN_POINT('Ctrl Pts',(33.1473763510259,-50.,50.4424385454506));
#6056=CARTESIAN_POINT('Origin',(39.7993507397933,-47.7,57.0050805104091));
#6057=CARTESIAN_POINT('',(46.7956919719437,-47.7,57.2313753696335));
#6058=CARTESIAN_POINT('',(44.4968941385229,-50.,57.1570213444598));
#6059=CARTESIAN_POINT('Origin',(44.4968941385229,-47.7,57.1570213444598));
#6060=CARTESIAN_POINT('Origin',(39.7993507397933,-50.,57.0050805104091));
#6061=CARTESIAN_POINT('Origin',(39.7993507397933,-47.7,57.0050805104091));
#6062=CARTESIAN_POINT('Origin',(13.3080833497401,-47.7,56.1482272744407));
#6063=CARTESIAN_POINT('',(34.8288531243597,-47.7,81.8279782338606));
#6064=CARTESIAN_POINT('',(33.3515335734305,-50.,80.0651603350286));
#6065=CARTESIAN_POINT('Origin',(33.3515335734305,-47.7,80.0651603350286));
#6066=CARTESIAN_POINT('Origin',(13.3080833497401,-50.,56.1482272744407));
#6067=CARTESIAN_POINT('Origin',(13.3080833497401,-47.7,56.1482272744407));
#6068=CARTESIAN_POINT('Origin',(30.3326631867493,-47.7,76.4628802808936));
#6069=CARTESIAN_POINT('',(25.9068065550648,-47.7,81.8861443419342));
#6070=CARTESIAN_POINT('',(27.3610165911897,-50.,80.104214721878));
#6071=CARTESIAN_POINT('Origin',(27.3610165911897,-47.7,80.104214721878));
#6072=CARTESIAN_POINT('Origin',(30.3326631867493,-50.,76.4628802808936));
#6073=CARTESIAN_POINT('Origin',(30.3326631867493,-47.7,76.4628802808936));
#6074=CARTESIAN_POINT('Origin',(45.9798562001247,-47.7,57.2894486522899));
#6075=CARTESIAN_POINT('',(14.2613933240872,-47.6999999999994,58.6546862445925));
#6076=CARTESIAN_POINT('',(16.5592657381148,-50.,58.5557803860644));
#6077=CARTESIAN_POINT('Origin',(16.5592657381148,-47.7,58.5557803860644));
#6078=CARTESIAN_POINT('Origin',(45.9798562001247,-50.,57.2894486522899));
#6079=CARTESIAN_POINT('Origin',(45.9798562001247,-47.7,57.2894486522899));
#6080=CARTESIAN_POINT('Ctrl Pts',(14.2613933240872,-47.6999999999988,58.6546862445925));
#6081=CARTESIAN_POINT('Ctrl Pts',(14.2476411702533,-47.7058390786335,58.3351834830918));
#6082=CARTESIAN_POINT('Ctrl Pts',(14.2387114179699,-47.7093706771112,58.0153569291922));
#6083=CARTESIAN_POINT('Ctrl Pts',(14.2346196026114,-47.7105828183052,57.6952987106919));
#6084=CARTESIAN_POINT('Ctrl Pts',(14.2613933240868,-48.3881583907854,58.6546862445925));
#6085=CARTESIAN_POINT('Ctrl Pts',(14.2494373930191,-48.3928794248148,58.3350314956352));
#6086=CARTESIAN_POINT('Ctrl Pts',(14.2414971670295,-48.3957398182354,58.0153635576551));
#6087=CARTESIAN_POINT('Ctrl Pts',(14.2377764406972,-48.3967181637681,57.6952582967728));
#6088=CARTESIAN_POINT('Ctrl Pts',(14.8391966495132,-49.5792510372746,58.629816224128));
#6089=CARTESIAN_POINT('Ctrl Pts',(14.8284715027147,-49.5806730497033,58.3159965244445));
#6090=CARTESIAN_POINT('Ctrl Pts',(14.8213808047819,-49.5815234479035,58.0019946855542));
#6091=CARTESIAN_POINT('Ctrl Pts',(14.8179360102944,-49.5818176246912,57.6878310796497));
#6092=CARTESIAN_POINT('Ctrl Pts',(16.0436243742006,-50.,58.5779748088179));
#6093=CARTESIAN_POINT('Ctrl Pts',(16.0314658952017,-49.9999851201495,58.2763201425895));
#6094=CARTESIAN_POINT('Ctrl Pts',(16.02353714661,-50.0000030502136,57.9744561472099));
#6095=CARTESIAN_POINT('Ctrl Pts',(16.0198420132524,-50.,57.6724442493476));
#6096=CARTESIAN_POINT('Ctrl Pts',(16.5592657381148,-50.,58.5557803860644));
#6097=CARTESIAN_POINT('Ctrl Pts',(16.5465052867151,-50.,58.2593177730484));
#6098=CARTESIAN_POINT('Ctrl Pts',(16.5382067654757,-50.,57.9626817343032));
#6099=CARTESIAN_POINT('Ctrl Pts',(16.5344068050645,-50.,57.665856778188));
#6100=CARTESIAN_POINT('Ctrl Pts',(14.2346196026114,-47.7105828183052,57.6952987106919));
#6101=CARTESIAN_POINT('Ctrl Pts',(14.2387114179699,-47.7093706771112,58.0153569291922));
#6102=CARTESIAN_POINT('Ctrl Pts',(14.2476411702533,-47.7058390786335,58.3351834830918));
#6103=CARTESIAN_POINT('Ctrl Pts',(14.2613933240872,-47.6999999999988,58.6546862445925));
#6104=CARTESIAN_POINT('Ctrl Pts',(16.5344068050645,-50.,57.665856778188));
#6105=CARTESIAN_POINT('Ctrl Pts',(16.5382067654757,-50.,57.9626817343032));
#6106=CARTESIAN_POINT('Ctrl Pts',(16.5465052867151,-50.,58.2593177730484));
#6107=CARTESIAN_POINT('Ctrl Pts',(16.5592657381148,-50.,58.5557803860644));
#6108=CARTESIAN_POINT('Origin',(31.1041078175818,-30.,75.4589587000951));
#6109=CARTESIAN_POINT('',(17.8472332331974,-47.4419204700544,51.4796822453437));
#6110=CARTESIAN_POINT('',(17.8472332331974,-30.,51.4796822453437));
#6111=CARTESIAN_POINT('',(20.1992931471522,-47.3270437399907,50.3226216550307));
#6112=CARTESIAN_POINT('Ctrl Pts',(20.1992931471522,-47.3270437399907,50.3226216550307));
#6113=CARTESIAN_POINT('Ctrl Pts',(19.3964719864208,-47.3647127724463,50.6709069264917));
#6114=CARTESIAN_POINT('Ctrl Pts',(18.6104632951486,-47.4037651510335,51.0577326827949));
#6115=CARTESIAN_POINT('Ctrl Pts',(17.8472332331974,-47.4419204700544,51.4796822453437));
#6116=CARTESIAN_POINT('Ctrl Pts',(20.0782278462009,-47.7000000001198,50.3754901621079));
#6117=CARTESIAN_POINT('Ctrl Pts',(20.1141403954136,-47.574493448396,50.3597041691745));
#6118=CARTESIAN_POINT('Ctrl Pts',(20.1545518814205,-47.4500445244503,50.3420316116227));
#6119=CARTESIAN_POINT('Ctrl Pts',(20.1992931471522,-47.3270437399907,50.3226216550307));
#6120=CARTESIAN_POINT('Origin',(21.2340476120008,-30.,57.6058138439571));
#6121=CARTESIAN_POINT('Ctrl Pts',(17.8472332331974,-47.4419204700544,51.4796822453437));
#6122=CARTESIAN_POINT('Ctrl Pts',(17.2620866162492,-47.4711730597474,51.803178883326));
#6123=CARTESIAN_POINT('Ctrl Pts',(16.7309195616639,-47.5053622167054,52.2094248521513));
#6124=CARTESIAN_POINT('Ctrl Pts',(15.6630700486624,-47.5827692043439,53.2773272113648));
#6125=CARTESIAN_POINT('Ctrl Pts',(15.1244750962275,-47.6303620505485,54.064036563641));
#6126=CARTESIAN_POINT('Ctrl Pts',(14.591860843776,-47.679269923067,55.3494468868235));
#6127=CARTESIAN_POINT('Ctrl Pts',(14.4584049312339,-47.6918899664023,55.7904747981648));
#6128=CARTESIAN_POINT('Ctrl Pts',(14.3697352410451,-47.6999999998585,56.234239684845));
#6129=CARTESIAN_POINT('Origin',(45.9798562001247,-30.,57.2894486522899));
#6130=CARTESIAN_POINT('',(25.9068065550648,-43.0362073506981,81.8861443419342));
#6131=CARTESIAN_POINT('',(25.9068065550648,-30.,81.8861443419342));
#6132=CARTESIAN_POINT('Ctrl Pts',(14.2613933240872,-47.6999999999988,58.6546862445925));
#6133=CARTESIAN_POINT('Ctrl Pts',(14.3299152008079,-47.6709060390671,60.2466498817036));
#6134=CARTESIAN_POINT('Ctrl Pts',(14.5207203305685,-47.5831011590988,61.8634743000933));
#6135=CARTESIAN_POINT('Ctrl Pts',(15.2486076003058,-47.2480629028142,65.5324397304528));
#6136=CARTESIAN_POINT('Ctrl Pts',(15.8704085981054,-46.9616038895303,67.5761931078538));
#6137=CARTESIAN_POINT('Ctrl Pts',(17.5005751100519,-46.2375659028626,71.4784046739844));
#6138=CARTESIAN_POINT('Ctrl Pts',(18.510245219584,-45.7998553526885,73.340541350685));
#6139=CARTESIAN_POINT('Ctrl Pts',(20.829254925876,-44.8525770677281,76.7744264438762));
#6140=CARTESIAN_POINT('Ctrl Pts',(22.1387748874489,-44.3437629403884,78.3462609017587));
#6141=CARTESIAN_POINT('Ctrl Pts',(24.2716100232806,-43.5812726099676,80.4795857954385));
#6142=CARTESIAN_POINT('Ctrl Pts',(25.0661490040433,-43.3086077969431,81.2000944363262));
#6143=CARTESIAN_POINT('Ctrl Pts',(25.9068065550648,-43.0362073506981,81.8861443419342));
#6144=CARTESIAN_POINT('Origin',(30.3326631867493,-30.,76.4628802808936));
#6145=CARTESIAN_POINT('',(34.8288531243597,-40.0281997340873,81.8279782338606));
#6146=CARTESIAN_POINT('',(34.8288531243597,-30.,81.8279782338606));
#6147=CARTESIAN_POINT('',(34.1742454874197,-40.1707583737031,82.3145676808813));
#6148=CARTESIAN_POINT('Ctrl Pts',(34.1742454874198,-40.1707583737031,82.3145676808813));
#6149=CARTESIAN_POINT('Ctrl Pts',(34.3988722148466,-40.1078457299801,82.1671021719851));
#6150=CARTESIAN_POINT('Ctrl Pts',(34.6176451674406,-40.059790957425,82.0049798653253));
#6151=CARTESIAN_POINT('Ctrl Pts',(34.8288531243597,-40.0281997340873,81.8279782338606));
#6152=CARTESIAN_POINT('',(26.3849885497177,-42.8931029436907,82.243526002622));
#6153=CARTESIAN_POINT('Ctrl Pts',(26.3849885497177,-42.8931029436907,82.2435260026221));
#6154=CARTESIAN_POINT('Ctrl Pts',(26.9068186324891,-42.7492028071278,82.599890236267));
#6155=CARTESIAN_POINT('Ctrl Pts',(27.4682817811162,-42.5794017013173,82.8799187357517));
#6156=CARTESIAN_POINT('Ctrl Pts',(28.6495669552033,-42.1904268980926,83.2867096190808));
#6157=CARTESIAN_POINT('Ctrl Pts',(29.2645775699038,-41.9722328383696,83.4085424249037));
#6158=CARTESIAN_POINT('Ctrl Pts',(30.739596449867,-41.4235660559266,83.5036622642188));
#6159=CARTESIAN_POINT('Ctrl Pts',(31.5973833503175,-41.0822079436971,83.4008527669597));
#6160=CARTESIAN_POINT('Ctrl Pts',(33.0277642213585,-40.5406669818597,82.9549720106334));
#6161=CARTESIAN_POINT('Ctrl Pts',(33.6217525344025,-40.3254986074713,82.6772745386606));
#6162=CARTESIAN_POINT('Ctrl Pts',(34.1742454874197,-40.1707583737031,82.3145676808814));
#6163=CARTESIAN_POINT('Ctrl Pts',(25.9068065550648,-43.0362073506981,81.8861443419342));
#6164=CARTESIAN_POINT('Ctrl Pts',(26.0591636203772,-42.9868386957336,82.0104809997674));
#6165=CARTESIAN_POINT('Ctrl Pts',(26.2188973974658,-42.9389043267079,82.1301002954012));
#6166=CARTESIAN_POINT('Ctrl Pts',(26.3849885497177,-42.8931029436907,82.243526002622));
#6167=CARTESIAN_POINT('Origin',(13.3080833497401,-30.,56.1482272744407));
#6168=CARTESIAN_POINT('',(46.7956919719437,-41.2028196581933,57.2313753696335));
#6169=CARTESIAN_POINT('',(46.7956919719437,-30.,57.2313753696335));
#6170=CARTESIAN_POINT('Ctrl Pts',(34.8288531243597,-40.0281997340873,81.8279782338606));
#6171=CARTESIAN_POINT('Ctrl Pts',(36.6812184150069,-39.7511340096073,80.2756139986501));
#6172=CARTESIAN_POINT('Ctrl Pts',(38.3653092291809,-39.5681432814156,78.5231968981038));
#6173=CARTESIAN_POINT('Ctrl Pts',(41.5236084689992,-39.3944251661698,74.424015873641));
#6174=CARTESIAN_POINT('Ctrl Pts',(42.9232405570371,-39.4326681498864,72.0555886230723));
#6175=CARTESIAN_POINT('Ctrl Pts',(45.7290858968694,-39.8547343509505,65.62297774252));
#6176=CARTESIAN_POINT('Ctrl Pts',(46.6594606200422,-40.4145521564103,61.4432298840805));
#6177=CARTESIAN_POINT('Ctrl Pts',(46.7956919719437,-41.2028196581933,57.2313753696335));
#6178=CARTESIAN_POINT('Origin',(39.7993507397933,-30.,57.0050805104091));
#6179=CARTESIAN_POINT('',(42.7830380874634,-45.6650144433175,50.6728131588712));
#6180=CARTESIAN_POINT('',(42.7830380874634,-30.,50.6728131588712));
#6181=CARTESIAN_POINT('',(45.1625521850176,-43.7294200805234,52.5066285257877));
#6182=CARTESIAN_POINT('Ctrl Pts',(45.1625521850176,-43.7294200805234,52.5066285257877));
#6183=CARTESIAN_POINT('Ctrl Pts',(44.5413711091401,-44.4456085188594,51.7660361497257));
#6184=CARTESIAN_POINT('Ctrl Pts',(43.7443306355507,-45.1092385128164,51.1257625139614));
#6185=CARTESIAN_POINT('Ctrl Pts',(42.7830380874634,-45.6650144433175,50.6728131588712));
#6186=CARTESIAN_POINT('Ctrl Pts',(46.7956919719437,-41.2028196581933,57.2313753696335));
#6187=CARTESIAN_POINT('Ctrl Pts',(46.8085387090964,-41.2771539818276,56.8341937582274));
#6188=CARTESIAN_POINT('Ctrl Pts',(46.7873166432388,-41.3825404823476,56.4441486754068));
#6189=CARTESIAN_POINT('Ctrl Pts',(46.6815416741248,-41.6527127454393,55.6635759559532));
#6190=CARTESIAN_POINT('Ctrl Pts',(46.5937129960657,-41.8196028823167,55.2773432654952));
#6191=CARTESIAN_POINT('Ctrl Pts',(46.2118232982564,-42.4408612384041,54.0600463793687));
#6192=CARTESIAN_POINT('Ctrl Pts',(45.7991593158999,-42.9837946271721,53.3104813972639));
#6193=CARTESIAN_POINT('Ctrl Pts',(45.2561539514316,-43.6210314673213,52.6200252331369));
#6194=CARTESIAN_POINT('Ctrl Pts',(45.2097894433184,-43.6749580571818,52.5629463286349));
#6195=CARTESIAN_POINT('Ctrl Pts',(45.1625521850176,-43.7294200805234,52.5066285257877));
#6196=CARTESIAN_POINT('Origin',(31.1041078175818,-30.,75.4589587000951));
#6197=CARTESIAN_POINT('',(41.8907248417749,-47.0286782324603,50.2716738878499));
#6198=CARTESIAN_POINT('Ctrl Pts',(41.8907248417744,-47.0286782324622,50.2716738878552));
#6199=CARTESIAN_POINT('Ctrl Pts',(41.6430510892289,-47.2540967376359,50.1656060073525));
#6200=CARTESIAN_POINT('Ctrl Pts',(41.3926215747911,-47.4778845033658,50.0626811147854));
#6201=CARTESIAN_POINT('Ctrl Pts',(41.1394816592075,-47.7,49.9630434410128));
#6202=CARTESIAN_POINT('',(41.5100927466095,-46.2912675864803,50.1120476229968));
#6203=CARTESIAN_POINT('Ctrl Pts',(41.5100927173912,-46.2912676050046,50.112047619957));
#6204=CARTESIAN_POINT('Ctrl Pts',(41.5877182066341,-46.418935510109,50.1439161843887));
#6205=CARTESIAN_POINT('Ctrl Pts',(41.6607239242662,-46.549630178328,50.1743049721787));
#6206=CARTESIAN_POINT('Ctrl Pts',(41.7864189834515,-46.7963579967696,50.2271816042762));
#6207=CARTESIAN_POINT('Ctrl Pts',(41.8405323200665,-46.9117066141502,50.2501786170003));
#6208=CARTESIAN_POINT('Ctrl Pts',(41.8907248417548,-47.0286782324695,50.2716738878469));
#6209=CARTESIAN_POINT('Ctrl Pts',(42.7830380874634,-45.6650144433175,50.6728131588712));
#6210=CARTESIAN_POINT('Ctrl Pts',(42.3747607399821,-45.9010619640754,50.4804378391961));
#6211=CARTESIAN_POINT('Ctrl Pts',(41.9497783374958,-46.1101638121977,50.2925572656073));
#6212=CARTESIAN_POINT('Ctrl Pts',(41.5100927445113,-46.2912675894537,50.1120476310909));
#6213=CARTESIAN_POINT('Origin',(-45.9798562001247,-47.7,57.2894486522899));
#6214=CARTESIAN_POINT('',(-16.5592657381148,-50.,58.5557803860644));
#6215=CARTESIAN_POINT('',(-14.2613933240872,-47.6999999999994,58.6546862445925));
#6216=CARTESIAN_POINT('Origin',(-16.5592657381148,-47.7,58.5557803860644));
#6217=CARTESIAN_POINT('',(-25.9068065550648,-47.7,81.8861443419342));
#6218=CARTESIAN_POINT('Origin',(-45.9798562001247,-47.7,57.2894486522899));
#6219=CARTESIAN_POINT('',(-27.3610165911897,-50.,80.104214721878));
#6220=CARTESIAN_POINT('Origin',(-27.3610165911897,-47.7,80.104214721878));
#6221=CARTESIAN_POINT('Origin',(-45.9798562001247,-50.,57.2894486522899));
#6222=CARTESIAN_POINT('Origin',(-30.3326631867493,-47.7,76.4628802808936));
#6223=CARTESIAN_POINT('',(-34.8288531243597,-47.7,81.8279782338606));
#6224=CARTESIAN_POINT('',(-33.3515335734305,-50.,80.0651603350286));
#6225=CARTESIAN_POINT('Origin',(-33.3515335734305,-47.7,80.0651603350286));
#6226=CARTESIAN_POINT('Origin',(-30.3326631867493,-50.,76.4628802808936));
#6227=CARTESIAN_POINT('Origin',(-30.3326631867493,-47.7,76.4628802808936));
#6228=CARTESIAN_POINT('Origin',(-13.3080833497401,-47.7,56.1482272744407));
#6229=CARTESIAN_POINT('',(-46.7956919719437,-47.7,57.2313753696335));
#6230=CARTESIAN_POINT('',(-44.4968941385229,-50.,57.1570213444598));
#6231=CARTESIAN_POINT('Origin',(-44.4968941385229,-47.7,57.1570213444598));
#6232=CARTESIAN_POINT('Origin',(-13.3080833497401,-50.,56.1482272744407));
#6233=CARTESIAN_POINT('Origin',(-13.3080833497401,-47.7,56.1482272744407));
#6234=CARTESIAN_POINT('Origin',(-39.7993507397933,-47.7,57.0050805104091));
#6235=CARTESIAN_POINT('',(-42.7830380874634,-47.7,50.6728131588712));
#6236=CARTESIAN_POINT('',(-41.802683673229,-50.,52.7534152886622));
#6237=CARTESIAN_POINT('Origin',(-41.802683673229,-47.7,52.7534152886622));
#6238=CARTESIAN_POINT('Origin',(-39.7993507397933,-50.,57.0050805104091));
#6239=CARTESIAN_POINT('Origin',(-39.7993507397933,-47.7,57.0050805104091));
#6240=CARTESIAN_POINT('Origin',(-31.1041078175818,-47.7,75.4589587000951));
#6241=CARTESIAN_POINT('',(-33.1473763510261,-50.,50.4424385454506));
#6242=CARTESIAN_POINT('',(-38.5798664519986,-49.7725403841202,50.4555155567833));
#6243=CARTESIAN_POINT('Ctrl Pts',(-33.1473763510261,-50.,50.4424385454506));
#6244=CARTESIAN_POINT('Ctrl Pts',(-34.2859637111074,-50.,50.4424385454506));
#6245=CARTESIAN_POINT('Ctrl Pts',(-35.2411109357541,-49.9940978031143,50.4428747795703));
#6246=CARTESIAN_POINT('Ctrl Pts',(-36.929160568112,-49.9339138648793,50.4467186366676));
#6247=CARTESIAN_POINT('Ctrl Pts',(-37.7746637604762,-49.8811288970813,50.4503063671838));
#6248=CARTESIAN_POINT('Ctrl Pts',(-38.5798664519986,-49.7725403841202,50.4555155567833));
#6249=CARTESIAN_POINT('Origin',(-31.1041078175818,-50.,75.4589587000951));
#6250=CARTESIAN_POINT('',(-41.1394816592074,-47.7,49.9630434410128));
#6251=CARTESIAN_POINT('Origin',(-31.1041078175818,-47.7,75.4589587000951));
#6252=CARTESIAN_POINT('Ctrl Pts',(-38.5798664519984,-49.7725403841204,50.4555155567836));
#6253=CARTESIAN_POINT('Ctrl Pts',(-38.6970651741326,-49.6885473124087,50.3083686103933));
#6254=CARTESIAN_POINT('Ctrl Pts',(-38.8347628155506,-49.5861824089871,50.1867407756321));
#6255=CARTESIAN_POINT('Ctrl Pts',(-39.1907474020213,-49.3148462104976,49.9534324525912));
#6256=CARTESIAN_POINT('Ctrl Pts',(-39.4331770244096,-49.1250797701034,49.8554273009389));
#6257=CARTESIAN_POINT('Ctrl Pts',(-39.9375446162809,-48.718848559568,49.7602323175621));
#6258=CARTESIAN_POINT('Ctrl Pts',(-40.1779752013763,-48.5209965198782,49.7543000194341));
#6259=CARTESIAN_POINT('Ctrl Pts',(-40.6619788021317,-48.1143717398999,49.8082995424193));
#6260=CARTESIAN_POINT('Ctrl Pts',(-40.9057144316312,-47.9051170939604,49.8710309952226));
#6261=CARTESIAN_POINT('Ctrl Pts',(-41.1394816592075,-47.6999999999999,49.9630434410128));
#6262=CARTESIAN_POINT('Ctrl Pts',(-14.2346196026114,-47.7105828183052,57.6952987106919));
#6263=CARTESIAN_POINT('Ctrl Pts',(-14.2387101448016,-47.7093710542689,58.0152573430838));
#6264=CARTESIAN_POINT('Ctrl Pts',(-14.2476402522539,-47.7058394684103,58.3351621552787));
#6265=CARTESIAN_POINT('Ctrl Pts',(-14.2613933240872,-47.6999999999988,58.6546862445925));
#6266=CARTESIAN_POINT('Ctrl Pts',(-14.2377764406972,-48.3967181637681,57.6952582967728));
#6267=CARTESIAN_POINT('Ctrl Pts',(-14.2414960093256,-48.3957401226476,58.0152639569095));
#6268=CARTESIAN_POINT('Ctrl Pts',(-14.2494365949231,-48.3928797399587,58.3350101576764));
#6269=CARTESIAN_POINT('Ctrl Pts',(-14.2613933240868,-48.3881583907853,58.6546862445925));
#6270=CARTESIAN_POINT('Ctrl Pts',(-14.8179360102944,-49.5818176246912,57.6878310796497));
#6271=CARTESIAN_POINT('Ctrl Pts',(-14.8213797329342,-49.5815235394366,58.0018969335544));
#6272=CARTESIAN_POINT('Ctrl Pts',(-14.8284707867775,-49.5806731446271,58.3159755759936));
#6273=CARTESIAN_POINT('Ctrl Pts',(-14.8391966495132,-49.5792510372747,58.629816224128));
#6274=CARTESIAN_POINT('Ctrl Pts',(-16.0198420132524,-50.,57.6724442493476));
#6275=CARTESIAN_POINT('Ctrl Pts',(-16.0235359968693,-50.0000030492646,57.9743621762138));
#6276=CARTESIAN_POINT('Ctrl Pts',(-16.031465083585,-49.9999851191562,58.2763000061928));
#6277=CARTESIAN_POINT('Ctrl Pts',(-16.0436243742006,-50.,58.5779748088179));
#6278=CARTESIAN_POINT('Ctrl Pts',(-16.5344068050645,-50.,57.665856778188));
#6279=CARTESIAN_POINT('Ctrl Pts',(-16.538205583118,-50.,57.962589377224));
#6280=CARTESIAN_POINT('Ctrl Pts',(-16.5465044349149,-50.,58.2592979832376));
#6281=CARTESIAN_POINT('Ctrl Pts',(-16.5592657381148,-50.,58.5557803860644));
#6282=CARTESIAN_POINT('',(-16.5344068050645,-50.,57.665856778188));
#6283=CARTESIAN_POINT('Ctrl Pts',(-16.5592657381148,-50.,58.5557803860644));
#6284=CARTESIAN_POINT('Ctrl Pts',(-16.5465044349149,-50.,58.2592979832376));
#6285=CARTESIAN_POINT('Ctrl Pts',(-16.538205583118,-50.,57.962589377224));
#6286=CARTESIAN_POINT('Ctrl Pts',(-16.5344068050645,-50.,57.665856778188));
#6287=CARTESIAN_POINT('',(-14.2346196026114,-47.7105828183052,57.6952987106919));
#6288=CARTESIAN_POINT('Origin',(-16.5344068050645,-47.7,57.665856778188));
#6289=CARTESIAN_POINT('Ctrl Pts',(-14.2613933240872,-47.6999999999988,58.6546862445925));
#6290=CARTESIAN_POINT('Ctrl Pts',(-14.2476402522539,-47.7058394684103,58.3351621552787));
#6291=CARTESIAN_POINT('Ctrl Pts',(-14.2387101448016,-47.7093710542689,58.0152573430838));
#6292=CARTESIAN_POINT('Ctrl Pts',(-14.2346196026114,-47.7105828183052,57.6952987106919));
#6293=CARTESIAN_POINT('Origin',(-31.1041078175818,-47.7,75.4589587000951));
#6294=CARTESIAN_POINT('',(-17.8472332331974,-47.7,51.4796822453437));
#6295=CARTESIAN_POINT('',(-18.9600436719471,-50.,53.4925540563167));
#6296=CARTESIAN_POINT('Origin',(-18.9600436719471,-47.7,53.4925540563167));
#6297=CARTESIAN_POINT('',(-29.0608392841375,-50.,50.4424385454506));
#6298=CARTESIAN_POINT('Origin',(-31.1041078175818,-50.,75.4589587000951));
#6299=CARTESIAN_POINT('',(-20.0782278461722,-47.70000000011,50.3754901621205));
#6300=CARTESIAN_POINT('Ctrl Pts',(-20.0782278462351,-47.7,50.3754901620929));
#6301=CARTESIAN_POINT('Ctrl Pts',(-20.0484904416422,-47.8039257638116,50.388561761549));
#6302=CARTESIAN_POINT('Ctrl Pts',(-20.0390385697163,-47.9096585845068,50.4004684012996));
#6303=CARTESIAN_POINT('Ctrl Pts',(-20.0644257945008,-48.1222600553144,50.4215029766514));
#6304=CARTESIAN_POINT('Ctrl Pts',(-20.0983711286271,-48.2226242912654,50.4300024672178));
#6305=CARTESIAN_POINT('Ctrl Pts',(-20.214848090645,-48.4442216359566,50.4463147963125));
#6306=CARTESIAN_POINT('Ctrl Pts',(-20.3088801351537,-48.5572251034221,50.4526082488378));
#6307=CARTESIAN_POINT('Ctrl Pts',(-20.6026266713927,-48.8354094001415,50.4651851947808));
#6308=CARTESIAN_POINT('Ctrl Pts',(-20.8402235125264,-48.9805537008984,50.4678867732141));
#6309=CARTESIAN_POINT('Ctrl Pts',(-21.6820905109749,-49.3957892059797,50.4714230953305));
#6310=CARTESIAN_POINT('Ctrl Pts',(-22.4178645126604,-49.5672686161246,50.4640133577683));
#6311=CARTESIAN_POINT('Ctrl Pts',(-24.3776853526433,-49.9274861596653,50.449925751218));
#6312=CARTESIAN_POINT('Ctrl Pts',(-26.0634089093643,-49.9828541246958,50.4435826978433));
#6313=CARTESIAN_POINT('Ctrl Pts',(-28.1901639685376,-49.9990897314729,50.4424998983187));
#6314=CARTESIAN_POINT('Ctrl Pts',(-28.6576264231648,-50.,50.4424385454506));
#6315=CARTESIAN_POINT('Ctrl Pts',(-29.0608392841417,-50.,50.4424385454506));
#6316=CARTESIAN_POINT('Origin',(-31.1041078175818,-47.7,75.4589587000951));
#6317=CARTESIAN_POINT('Origin',(-21.2340476120008,-47.7,57.6058138439571));
#6318=CARTESIAN_POINT('',(-14.3697352410453,-47.6999999999292,56.2342396848438));
#6319=CARTESIAN_POINT('',(-16.6251521629307,-50.,56.6848997656953));
#6320=CARTESIAN_POINT('Origin',(-16.6251521629307,-47.7,56.6848997656953));
#6321=CARTESIAN_POINT('Origin',(-21.2340476120008,-50.,57.6058138439571));
#6322=CARTESIAN_POINT('Origin',(-21.2340476120008,-47.7,57.6058138439571));
#6323=CARTESIAN_POINT('Ctrl Pts',(-14.3697352410453,-47.6999999998584,56.2342396848438));
#6324=CARTESIAN_POINT('Ctrl Pts',(-14.2734704698403,-47.7088047054287,56.7160156467772));
#6325=CARTESIAN_POINT('Ctrl Pts',(-14.228396501547,-47.7124263221032,57.2085331883803));
#6326=CARTESIAN_POINT('Ctrl Pts',(-14.2346196026114,-47.7105828183052,57.6952987106919));
#6327=CARTESIAN_POINT('Ctrl Pts',(-14.3697352410038,-48.3881583906717,56.2342396848355));
#6328=CARTESIAN_POINT('Ctrl Pts',(-14.2760314635549,-48.3952772046522,56.7170593888913));
#6329=CARTESIAN_POINT('Ctrl Pts',(-14.2321148113174,-48.3982060957965,57.2081943249246));
#6330=CARTESIAN_POINT('Ctrl Pts',(-14.2377764406972,-48.3967181637681,57.6952582967728));
#6331=CARTESIAN_POINT('Ctrl Pts',(-14.9368602039857,-49.5792530191877,56.3475582376888));
#6332=CARTESIAN_POINT('Ctrl Pts',(-14.852663963285,-49.5813972617189,56.7903275901033));
#6333=CARTESIAN_POINT('Ctrl Pts',(-14.8130995000459,-49.5822669960699,57.2417008658656));
#6334=CARTESIAN_POINT('Ctrl Pts',(-14.8179331246416,-49.5818195927243,57.6878311165919));
#6335=CARTESIAN_POINT('Ctrl Pts',(-16.1190377891557,-50.,56.5837718800273));
#6336=CARTESIAN_POINT('Ctrl Pts',(-16.0485192668397,-49.9999775627782,56.9430422414626));
#6337=CARTESIAN_POINT('Ctrl Pts',(-16.0154620857069,-49.9999953610351,57.3099745542688));
#6338=CARTESIAN_POINT('Ctrl Pts',(-16.0198420132524,-50.,57.6724442493476));
#6339=CARTESIAN_POINT('Ctrl Pts',(-16.6251521629312,-50.,56.6848997656928));
#6340=CARTESIAN_POINT('Ctrl Pts',(-16.5604863275916,-50.,57.0085326444207));
#6341=CARTESIAN_POINT('Ctrl Pts',(-16.53022362637,-50.,57.3390976285996));
#6342=CARTESIAN_POINT('Ctrl Pts',(-16.5344068050645,-50.,57.665856778188));
#6343=CARTESIAN_POINT('Ctrl Pts',(-14.2346196026114,-47.7105828183052,57.6952987106919));
#6344=CARTESIAN_POINT('Ctrl Pts',(-14.228396501547,-47.7124263221032,57.2085331883807));
#6345=CARTESIAN_POINT('Ctrl Pts',(-14.2734704698402,-47.7088047054287,56.716015646778));
#6346=CARTESIAN_POINT('Ctrl Pts',(-14.3697352410451,-47.6999999998585,56.234239684845));
#6347=CARTESIAN_POINT('Ctrl Pts',(-16.5344068050645,-50.,57.665856778188));
#6348=CARTESIAN_POINT('Ctrl Pts',(-16.53022362637,-50.,57.3390976285996));
#6349=CARTESIAN_POINT('Ctrl Pts',(-16.5604863275916,-50.,57.0085326444207));
#6350=CARTESIAN_POINT('Ctrl Pts',(-16.6251521629312,-50.,56.6848997656928));
#6351=CARTESIAN_POINT('Origin',(-31.1041078175818,-30.,75.4589587000951));
#6352=CARTESIAN_POINT('',(-42.7830380874634,-45.6650144433175,50.6728131588712));
#6353=CARTESIAN_POINT('',(-42.7830380874634,-30.,50.6728131588712));
#6354=CARTESIAN_POINT('',(-41.5100927158598,-46.2912676012148,50.1120476191573));
#6355=CARTESIAN_POINT('Ctrl Pts',(-41.5100927158197,-46.2912676012716,50.1120476193118));
#6356=CARTESIAN_POINT('Ctrl Pts',(-41.9497782185506,-46.1101638626723,50.2925572161936));
#6357=CARTESIAN_POINT('Ctrl Pts',(-42.3747605077992,-45.901062098313,50.4804377297943));
#6358=CARTESIAN_POINT('Ctrl Pts',(-42.7830380874634,-45.6650144433175,50.6728131588712));
#6359=CARTESIAN_POINT('',(-41.8907248417581,-47.028678232477,50.2716738878482));
#6360=CARTESIAN_POINT('Ctrl Pts',(-41.8907248417581,-47.028678232477,50.2716738878482));
#6361=CARTESIAN_POINT('Ctrl Pts',(-41.8405323200689,-46.9117066141551,50.2501786170013));
#6362=CARTESIAN_POINT('Ctrl Pts',(-41.7864189834527,-46.796357996772,50.2271816042767));
#6363=CARTESIAN_POINT('Ctrl Pts',(-41.660723923657,-46.5496301771323,50.1743049719224));
#6364=CARTESIAN_POINT('Ctrl Pts',(-41.5877182053241,-46.4189355077641,50.1439161838434));
#6365=CARTESIAN_POINT('Ctrl Pts',(-41.510092715302,-46.2912676015684,50.1120476190993));
#6366=CARTESIAN_POINT('Ctrl Pts',(-41.1394816592074,-47.7,49.9630434410128));
#6367=CARTESIAN_POINT('Ctrl Pts',(-41.3926215747855,-47.4778845033706,50.0626811147832));
#6368=CARTESIAN_POINT('Ctrl Pts',(-41.643051089218,-47.2540967376457,50.165606007348));
#6369=CARTESIAN_POINT('Ctrl Pts',(-41.8907248417581,-47.028678232477,50.2716738878482));
#6370=CARTESIAN_POINT('Origin',(-39.7993507397933,-30.,57.0050805104091));
#6371=CARTESIAN_POINT('',(-46.7956919719437,-41.2028196581933,57.2313753696335));
#6372=CARTESIAN_POINT('',(-46.7956919719437,-30.,57.2313753696335));
#6373=CARTESIAN_POINT('',(-45.1625521850175,-43.7294200805233,52.5066285257874));
#6374=CARTESIAN_POINT('Ctrl Pts',(-45.1625521850175,-43.7294200805235,52.5066285257876));
#6375=CARTESIAN_POINT('Ctrl Pts',(-45.285672724739,-43.5874687067704,52.6534168562685));
#6376=CARTESIAN_POINT('Ctrl Pts',(-45.4038034838008,-43.4480711007328,52.806491636872));
#6377=CARTESIAN_POINT('Ctrl Pts',(-45.9745784394598,-42.7573020557554,53.6143342189659));
#6378=CARTESIAN_POINT('Ctrl Pts',(-46.3453837365889,-42.2487523965339,54.3736323576898));
#6379=CARTESIAN_POINT('Ctrl Pts',(-46.735000785847,-41.5610613427759,55.8554622089093));
#6380=CARTESIAN_POINT('Ctrl Pts',(-46.8183626096817,-41.3339974430722,56.5304689588178));
#6381=CARTESIAN_POINT('Ctrl Pts',(-46.7956919719437,-41.2028196581933,57.2313753696335));
#6382=CARTESIAN_POINT('Ctrl Pts',(-42.7830380874634,-45.6650144433175,50.6728131588712));
#6383=CARTESIAN_POINT('Ctrl Pts',(-43.7443306355506,-45.1092385128165,51.1257625139613));
#6384=CARTESIAN_POINT('Ctrl Pts',(-44.54137110914,-44.4456085188596,51.7660361497255));
#6385=CARTESIAN_POINT('Ctrl Pts',(-45.1625521850176,-43.7294200805234,52.5066285257877));
#6386=CARTESIAN_POINT('Origin',(-13.3080833497401,-30.,56.1482272744407));
#6387=CARTESIAN_POINT('',(-34.8288531243597,-40.0281997340873,81.8279782338606));
#6388=CARTESIAN_POINT('',(-34.8288531243597,-30.,81.8279782338606));
#6389=CARTESIAN_POINT('Ctrl Pts',(-46.7956919719437,-41.2028196581933,57.2313753696335));
#6390=CARTESIAN_POINT('Ctrl Pts',(-46.6913943297834,-40.5993283129191,60.455937769166));
#6391=CARTESIAN_POINT('Ctrl Pts',(-46.1212941220263,-40.1280237879231,63.669059728629));
#6392=CARTESIAN_POINT('Ctrl Pts',(-44.0979234468335,-39.536237443656,69.723541345994));
#6393=CARTESIAN_POINT('Ctrl Pts',(-42.7013489601405,-39.4052370207302,72.5317743630297));
#6394=CARTESIAN_POINT('Ctrl Pts',(-39.204724530223,-39.4822042434017,77.6250185261943));
#6395=CARTESIAN_POINT('Ctrl Pts',(-37.1507553477503,-39.680903482671,79.8821212328433));
#6396=CARTESIAN_POINT('Ctrl Pts',(-34.8288531243597,-40.0281997340873,81.8279782338605));
#6397=CARTESIAN_POINT('Origin',(-30.3326631867493,-30.,76.4628802808936));
#6398=CARTESIAN_POINT('',(-25.9068065550648,-43.0362073506981,81.8861443419342));
#6399=CARTESIAN_POINT('',(-25.9068065550648,-30.,81.8861443419342));
#6400=CARTESIAN_POINT('',(-26.3849885497244,-42.8931029437026,82.2435260026063));
#6401=CARTESIAN_POINT('Ctrl Pts',(-26.3849885497129,-42.893102943692,82.2435260026188));
#6402=CARTESIAN_POINT('Ctrl Pts',(-26.2189034532533,-42.9389026567609,82.1301044309733));
#6403=CARTESIAN_POINT('Ctrl Pts',(-26.059191367369,-42.9868297048039,82.0105036437336));
#6404=CARTESIAN_POINT('Ctrl Pts',(-25.9068065550648,-43.0362073506981,81.8861443419342));
#6405=CARTESIAN_POINT('',(-34.1742454874197,-40.1707583737031,82.3145676808814));
#6406=CARTESIAN_POINT('Ctrl Pts',(-34.1742454874197,-40.1707583737031,82.3145676808813));
#6407=CARTESIAN_POINT('Ctrl Pts',(-33.6912809443192,-40.3060253411693,82.6316297373114));
#6408=CARTESIAN_POINT('Ctrl Pts',(-33.1767885331938,-40.4876887433644,82.8836157935676));
#6409=CARTESIAN_POINT('Ctrl Pts',(-32.1996180608947,-40.8523863754891,83.225971022876));
#6410=CARTESIAN_POINT('Ctrl Pts',(-31.7391712277871,-41.0318712762816,83.336216960605));
#6411=CARTESIAN_POINT('Ctrl Pts',(-30.4418897000614,-41.5340090341039,83.512137930454));
#6412=CARTESIAN_POINT('Ctrl Pts',(-29.5897289601438,-41.8584936355052,83.4753942260426));
#6413=CARTESIAN_POINT('Ctrl Pts',(-27.9212011841521,-42.4392109552824,83.0903747579829));
#6414=CARTESIAN_POINT('Ctrl Pts',(-27.1154957506736,-42.6916578958709,82.7423984276425));
#6415=CARTESIAN_POINT('Ctrl Pts',(-26.3849885497177,-42.8931029436907,82.243526002622));
#6416=CARTESIAN_POINT('Ctrl Pts',(-34.8288531243597,-40.0281997340873,81.8279782338606));
#6417=CARTESIAN_POINT('Ctrl Pts',(-34.617894510399,-40.0597536621961,82.0047709048718));
#6418=CARTESIAN_POINT('Ctrl Pts',(-34.3991331483351,-40.1077726486697,82.1669308714008));
#6419=CARTESIAN_POINT('Ctrl Pts',(-34.1742454874197,-40.1707583737031,82.3145676808814));
#6420=CARTESIAN_POINT('Origin',(-45.9798562001247,-30.,57.2894486522899));
#6421=CARTESIAN_POINT('Ctrl Pts',(-25.9068065550648,-43.0362073506981,81.8861443419342));
#6422=CARTESIAN_POINT('Ctrl Pts',(-25.0661490040433,-43.3086077969431,81.2000944363262));
#6423=CARTESIAN_POINT('Ctrl Pts',(-24.2716100232806,-43.5812726099676,80.4795857954385));
#6424=CARTESIAN_POINT('Ctrl Pts',(-22.1387748874489,-44.3437629403884,78.3462609017587));
#6425=CARTESIAN_POINT('Ctrl Pts',(-20.8292549258759,-44.8525770677281,76.7744264438762));
#6426=CARTESIAN_POINT('Ctrl Pts',(-18.510245219584,-45.7998553526885,73.340541350685));
#6427=CARTESIAN_POINT('Ctrl Pts',(-17.5005751100519,-46.2375659028626,71.4784046739844));
#6428=CARTESIAN_POINT('Ctrl Pts',(-15.8704085981054,-46.9616038895303,67.5761931078538));
#6429=CARTESIAN_POINT('Ctrl Pts',(-15.2486076003058,-47.2480629028142,65.5324397304528));
#6430=CARTESIAN_POINT('Ctrl Pts',(-14.5207203305685,-47.5831011590988,61.8634743000934));
#6431=CARTESIAN_POINT('Ctrl Pts',(-14.3299152008079,-47.6709060390671,60.2466498817036));
#6432=CARTESIAN_POINT('Ctrl Pts',(-14.2613933240872,-47.6999999999988,58.6546862445925));
#6433=CARTESIAN_POINT('Origin',(-21.2340476120008,-30.,57.6058138439571));
#6434=CARTESIAN_POINT('',(-17.8472332331974,-47.4419204700544,51.4796822453437));
#6435=CARTESIAN_POINT('',(-17.8472332331974,-30.,51.4796822453437));
#6436=CARTESIAN_POINT('Ctrl Pts',(-14.3697352410451,-47.6999999998585,56.234239684845));
#6437=CARTESIAN_POINT('Ctrl Pts',(-14.4584049312339,-47.6918899664023,55.7904747981648));
#6438=CARTESIAN_POINT('Ctrl Pts',(-14.591860843776,-47.679269923067,55.3494468868235));
#6439=CARTESIAN_POINT('Ctrl Pts',(-15.1244750962275,-47.6303620505485,54.064036563641));
#6440=CARTESIAN_POINT('Ctrl Pts',(-15.6630700486624,-47.5827692043439,53.2773272113648));
#6441=CARTESIAN_POINT('Ctrl Pts',(-16.7309195616639,-47.5053622167054,52.2094248521513));
#6442=CARTESIAN_POINT('Ctrl Pts',(-17.2620866162492,-47.4711730597474,51.803178883326));
#6443=CARTESIAN_POINT('Ctrl Pts',(-17.8472332331974,-47.4419204700544,51.4796822453437));
#6444=CARTESIAN_POINT('Origin',(-31.1041078175818,-30.,75.4589587000951));
#6445=CARTESIAN_POINT('',(-20.1992931471522,-47.3270437399907,50.3226216550307));
#6446=CARTESIAN_POINT('Ctrl Pts',(-20.1992931471522,-47.3270437399907,50.3226216550307));
#6447=CARTESIAN_POINT('Ctrl Pts',(-20.1545518814205,-47.4500445244503,50.3420316116227));
#6448=CARTESIAN_POINT('Ctrl Pts',(-20.1141403954135,-47.574493448396,50.3597041691745));
#6449=CARTESIAN_POINT('Ctrl Pts',(-20.0782278462009,-47.7000000001198,50.3754901621079));
#6450=CARTESIAN_POINT('Ctrl Pts',(-17.8472332331974,-47.4419204700544,51.4796822453437));
#6451=CARTESIAN_POINT('Ctrl Pts',(-18.6104597392237,-47.403765328801,51.0577346486779));
#6452=CARTESIAN_POINT('Ctrl Pts',(-19.3964633514345,-47.364713177607,50.6709106725795));
#6453=CARTESIAN_POINT('Ctrl Pts',(-20.1992931471522,-47.3270437399907,50.3226216550307));
#6454=CARTESIAN_POINT('Origin',(30.5166991758971,-50.,65.7610068717996));
#6455=CARTESIAN_POINT('',(0.,-50.,50.4424385454506));
#6456=CARTESIAN_POINT('Origin',(0.,-49.1975396767461,38.4692995489466));
#6457=CARTESIAN_POINT('',(44.9792091623482,-44.1189314093398,49.3416377549736));
#6458=CARTESIAN_POINT('Ctrl Pts',(41.890724841777,-47.0286782324603,50.2716738878452));
#6459=CARTESIAN_POINT('Ctrl Pts',(42.559564399722,-46.4378275328362,50.1630963029502));
#6460=CARTESIAN_POINT('Ctrl Pts',(43.2053726935554,-45.8437459777746,50.0080295441183));
#6461=CARTESIAN_POINT('Ctrl Pts',(44.2189616184604,-44.8745282235673,49.6707641702312));
#6462=CARTESIAN_POINT('Ctrl Pts',(44.6053897100781,-44.4953300169885,49.5174583599273));
#6463=CARTESIAN_POINT('Ctrl Pts',(44.9792091623468,-44.1189314093386,49.341637754973));
#6464=CARTESIAN_POINT('',(44.9191316765683,-44.1189314093237,49.341637754966));
#6465=CARTESIAN_POINT('',(0.,-44.1189314093425,49.3416377549748));
#6466=CARTESIAN_POINT('Ctrl Pts',(41.5100927497559,-46.2912675864803,50.1120476153329));
#6467=CARTESIAN_POINT('Ctrl Pts',(42.0308059297605,-46.0645128563914,50.0554449181316));
#6468=CARTESIAN_POINT('Ctrl Pts',(42.5345199659307,-45.8034470403833,49.9833854457766));
#6469=CARTESIAN_POINT('Ctrl Pts',(43.7057271062837,-45.0964536907057,49.7551937291359));
#6470=CARTESIAN_POINT('Ctrl Pts',(44.3398859670975,-44.6266876678832,49.5788171991388));
#6471=CARTESIAN_POINT('Ctrl Pts',(44.9191316765579,-44.118931409314,49.3416377549615));
#6472=CARTESIAN_POINT('Origin',(0.,-49.1975396767461,38.4692995489466));
#6473=CARTESIAN_POINT('',(0.,-47.3270437399907,50.3226216550307));
#6474=CARTESIAN_POINT('',(0.,-50.,50.4424385454506));
#6475=CARTESIAN_POINT('',(-38.2854058409925,-49.9999999999972,50.4424385454509));
#6476=CARTESIAN_POINT('Ctrl Pts',(-38.2854058409912,-49.9999999999953,50.4424385454509));
#6477=CARTESIAN_POINT('Ctrl Pts',(-38.3515778448596,-49.9491746040901,50.4458449507085));
#6478=CARTESIAN_POINT('Ctrl Pts',(-38.4176560687005,-49.898226400588,50.4489345108354));
#6479=CARTESIAN_POINT('Ctrl Pts',(-38.5157318449086,-49.822317707184,50.4530498483978));
#6480=CARTESIAN_POINT('Ctrl Pts',(-38.547808055437,-49.7974452217313,50.4543208261665));
#6481=CARTESIAN_POINT('Ctrl Pts',(-38.5798664519984,-49.7725403841204,50.4555155567833));
#6482=CARTESIAN_POINT('',(-12.8073536830843,-61.1208022187294,39.8242203418115));
#6483=CARTESIAN_POINT('Ctrl Pts',(-38.2854058409925,-49.9999999999943,50.4424385454509));
#6484=CARTESIAN_POINT('Ctrl Pts',(-37.3618413941348,-50.7093714246351,50.3948952551838));
#6485=CARTESIAN_POINT('Ctrl Pts',(-36.4178417666551,-51.3963588877172,50.285563028008));
#6486=CARTESIAN_POINT('Ctrl Pts',(-33.1804188882601,-53.6225450175898,49.7399024823671));
#6487=CARTESIAN_POINT('Ctrl Pts',(-30.8114647205834,-55.0348296333421,49.0598914905262));
#6488=CARTESIAN_POINT('Ctrl Pts',(-28.4166767125409,-56.2447543177868,48.1820111066478));
#6489=CARTESIAN_POINT('Ctrl Pts',(-26.1520749873255,-57.388904663693,47.3518543557425));
#6490=CARTESIAN_POINT('Ctrl Pts',(-23.8404039050929,-58.3632675108436,46.336347826033));
#6491=CARTESIAN_POINT('Ctrl Pts',(-19.3766051902691,-59.875593187036,44.1014300087205));
#6492=CARTESIAN_POINT('Ctrl Pts',(-17.4154312641278,-60.3665652101143,42.9911621661184));
#6493=CARTESIAN_POINT('Ctrl Pts',(-14.6663281370401,-60.8974851524359,41.2367874368071));
#6494=CARTESIAN_POINT('Ctrl Pts',(-13.6511722820163,-61.0413928947421,40.5230200230679));
#6495=CARTESIAN_POINT('Ctrl Pts',(-12.8073536830847,-61.1208022187294,39.8242203418119));
#6496=CARTESIAN_POINT('',(-12.5002022499814,-61.0900176778018,40.0720992851604));
#6497=CARTESIAN_POINT('Ctrl Pts',(-12.807353683084,-61.1208022187295,39.8242203418112));
#6498=CARTESIAN_POINT('Ctrl Pts',(-12.715949398376,-61.110571065295,39.9142541867034));
#6499=CARTESIAN_POINT('Ctrl Pts',(-12.6126165269291,-61.0999476246769,39.9984209134366));
#6500=CARTESIAN_POINT('Ctrl Pts',(-12.5002022499814,-61.0900176778018,40.0720992851604));
#6501=CARTESIAN_POINT('',(12.5111781266621,-61.0909856062775,40.0649009782869));
#6502=CARTESIAN_POINT('Ctrl Pts',(-12.5002022499814,-61.0900176778018,40.0720992851604));
#6503=CARTESIAN_POINT('Ctrl Pts',(-12.4146549915589,-61.0824609887894,40.1281685218905));
#6504=CARTESIAN_POINT('Ctrl Pts',(-12.3286539502537,-61.074571373018,40.1837122976049));
#6505=CARTESIAN_POINT('Ctrl Pts',(-11.0321751712995,-60.9515807640743,41.0087030956609));
#6506=CARTESIAN_POINT('Ctrl Pts',(-9.73463982156381,-60.7758050049256,41.6722532915759));
#6507=CARTESIAN_POINT('Ctrl Pts',(-7.0361273263834,-60.4261739213474,42.7393192370217));
#6508=CARTESIAN_POINT('Ctrl Pts',(-5.63292976650256,-60.253594550309,43.1435821247232));
#6509=CARTESIAN_POINT('Ctrl Pts',(-2.8064253285743,-60.013156913027,43.6758043466281));
#6510=CARTESIAN_POINT('Ctrl Pts',(-1.38294455548638,-59.946781877098,43.8035091547059));
#6511=CARTESIAN_POINT('Ctrl Pts',(1.38294455548639,-59.946781877098,43.8035091547059));
#6512=CARTESIAN_POINT('Ctrl Pts',(2.80642532857431,-60.013156913027,43.6758043466281));
#6513=CARTESIAN_POINT('Ctrl Pts',(5.63292976650257,-60.253594550309,43.1435821247232));
#6514=CARTESIAN_POINT('Ctrl Pts',(7.03612732638341,-60.4261739213474,42.7393192370217));
#6515=CARTESIAN_POINT('Ctrl Pts',(9.73463982156382,-60.7758050049256,41.6722532915759));
#6516=CARTESIAN_POINT('Ctrl Pts',(11.0321751712995,-60.9515807640743,41.0087030956609));
#6517=CARTESIAN_POINT('Ctrl Pts',(12.332351741699,-61.0749221644301,40.1813592749677));
#6518=CARTESIAN_POINT('Ctrl Pts',(12.4220119112684,-61.0831354065129,40.1234155450949));
#6519=CARTESIAN_POINT('Ctrl Pts',(12.5111781266621,-61.0909856062775,40.0649009782869));
#6520=CARTESIAN_POINT('',(12.80914606743,-61.1206334709279,39.8257044940743));
#6521=CARTESIAN_POINT('Ctrl Pts',(12.5111781266621,-61.0909856062775,40.0649009782869));
#6522=CARTESIAN_POINT('Ctrl Pts',(12.6198615674607,-61.1005541039154,39.9935783991076));
#6523=CARTESIAN_POINT('Ctrl Pts',(12.7200477789019,-61.1107636195319,39.9124626294966));
#6524=CARTESIAN_POINT('Ctrl Pts',(12.8091460674382,-61.120633470926,39.8257044940825));
#6525=CARTESIAN_POINT('',(38.2854058290637,-50.0000000045783,50.4424385448369));
#6526=CARTESIAN_POINT('Ctrl Pts',(12.809146067422,-61.1206334709279,39.825704494066));
#6527=CARTESIAN_POINT('Ctrl Pts',(13.1919231076342,-61.084580809922,40.1426152073822));
#6528=CARTESIAN_POINT('Ctrl Pts',(13.5826504592937,-61.0378095615577,40.4400219284814));
#6529=CARTESIAN_POINT('Ctrl Pts',(16.4661163405916,-60.6396058441717,42.5347094727795));
#6530=CARTESIAN_POINT('Ctrl Pts',(20.3421538330259,-59.7539726845243,44.7436669861703));
#6531=CARTESIAN_POINT('Ctrl Pts',(27.8988910619063,-56.6314355013413,48.0932210368695));
#6532=CARTESIAN_POINT('Ctrl Pts',(31.1104405236259,-54.9140970350211,49.2235173828813));
#6533=CARTESIAN_POINT('Ctrl Pts',(35.5701301212837,-52.0065646079917,50.1768488657766));
#6534=CARTESIAN_POINT('Ctrl Pts',(36.956524297397,-51.0206873992681,50.3740303235144));
#6535=CARTESIAN_POINT('Ctrl Pts',(38.2854058290637,-50.0000000091566,50.4424385448369));
#6536=CARTESIAN_POINT('Ctrl Pts',(38.579866451945,-49.7725403841618,50.4555155567813));
#6537=CARTESIAN_POINT('Ctrl Pts',(38.481922406515,-49.8486290476017,50.4518654444126));
#6538=CARTESIAN_POINT('Ctrl Pts',(38.3837662437312,-49.9244513371693,50.4475019465336));
#6539=CARTESIAN_POINT('Ctrl Pts',(38.2854058312725,-50.00000000746,50.4424385449506));
#6540=CARTESIAN_POINT('Origin',(0.,18.5210089837612,57.4444629685578));
#6541=CARTESIAN_POINT('Ctrl Pts',(4.13814705838776,-31.3528110294888,101.025293025947));
#6542=CARTESIAN_POINT('Ctrl Pts',(7.13476519123849,-31.8266958871515,100.482980085442));
#6543=CARTESIAN_POINT('Ctrl Pts',(11.411454675464,-33.2928977857768,98.7882115286959));
#6544=CARTESIAN_POINT('Ctrl Pts',(17.5710218125303,-36.5838668748882,94.3240725822256));
#6545=CARTESIAN_POINT('Ctrl Pts',(22.2332279156152,-39.7989057779898,89.1530474362094));
#6546=CARTESIAN_POINT('Ctrl Pts',(25.2276831247215,-42.0373169348583,84.361688621841));
#6547=CARTESIAN_POINT('Ctrl Pts',(26.3852683187074,-42.8928268191264,82.2435673737855));
#6548=CARTESIAN_POINT('Ctrl Pts',(-26.3856945877687,-42.8918199458507,82.2433925497745));
#6549=CARTESIAN_POINT('Ctrl Pts',(-24.4248771215397,-41.4394163999766,85.8328327428967));
#6550=CARTESIAN_POINT('Ctrl Pts',(-20.355980178299,-38.3647541509585,91.7797511075318));
#6551=CARTESIAN_POINT('Ctrl Pts',(-12.8370904446594,-33.7887327937857,98.2188513811064));
#6552=CARTESIAN_POINT('Ctrl Pts',(-7.13492328800036,-31.8267208885558,100.482951473882));
#6553=CARTESIAN_POINT('Ctrl Pts',(-4.13814705838771,-31.3528110294888,101.025293025947));
#6554=CARTESIAN_POINT('Ctrl Pts',(4.13814705838776,-31.3528110294888,101.025293025947));
#6555=CARTESIAN_POINT('Ctrl Pts',(7.13476519123849,-31.8266958871515,100.482980085442));
#6556=CARTESIAN_POINT('Ctrl Pts',(11.411454675464,-33.2928977857768,98.7882115286959));
#6557=CARTESIAN_POINT('Ctrl Pts',(17.5710218125303,-36.5838668748882,94.3240725822256));
#6558=CARTESIAN_POINT('Ctrl Pts',(22.8204930788093,-40.2038815135876,88.5016899331066));
#6559=CARTESIAN_POINT('Ctrl Pts',(26.1849895832285,-42.7584514595666,82.7830528023526));
#6560=CARTESIAN_POINT('Ctrl Pts',(27.6908153444749,-43.8501684507247,79.7272567036566));
#6561=CARTESIAN_POINT('Ctrl Pts',(4.46241235124966,-30.2685706659594,102.266095660283));
#6562=CARTESIAN_POINT('Ctrl Pts',(7.69505093262652,-30.7606852903704,101.730306813));
#6563=CARTESIAN_POINT('Ctrl Pts',(12.3152269488644,-32.2824567757801,100.055500442577));
#6564=CARTESIAN_POINT('Ctrl Pts',(18.9908279405572,-35.7155264059811,95.6238265421551));
#6565=CARTESIAN_POINT('Ctrl Pts',(24.6993555988681,-39.5159760403022,89.8142738850314));
#6566=CARTESIAN_POINT('Ctrl Pts',(28.3741936127564,-42.2325269706183,84.0596903396723));
#6567=CARTESIAN_POINT('Ctrl Pts',(30.0225595925585,-43.4055777400773,80.9716987798686));
#6568=CARTESIAN_POINT('Ctrl Pts',(4.78651112748695,-28.9155879704126,103.270941690268));
#6569=CARTESIAN_POINT('Ctrl Pts',(8.25501463900848,-29.4107790805779,102.733504187138));
#6570=CARTESIAN_POINT('Ctrl Pts',(13.2185047202614,-30.9408158426537,101.053543541718));
#6571=CARTESIAN_POINT('Ctrl Pts',(20.4090777970792,-34.3850770735889,96.6073478245968));
#6572=CARTESIAN_POINT('Ctrl Pts',(26.574715447067,-38.1936814998472,90.7773213518659));
#6573=CARTESIAN_POINT('Ctrl Pts',(30.5574999362337,-40.9131268184972,84.9999883047079));
#6574=CARTESIAN_POINT('Ctrl Pts',(32.3466365147743,-42.086641334681,81.8991568692115));
#6575=CARTESIAN_POINT('Ctrl Pts',(5.08261467953706,-27.4100366606534,103.953550116514));
#6576=CARTESIAN_POINT('Ctrl Pts',(8.76529364262025,-27.8981070817847,103.40255564845));
#6577=CARTESIAN_POINT('Ctrl Pts',(14.0336205766412,-29.4046258843949,101.680656667862));
#6578=CARTESIAN_POINT('Ctrl Pts',(21.6436533158986,-32.7676995096261,97.1450542869137));
#6579=CARTESIAN_POINT('Ctrl Pts',(28.1407541959717,-36.4580722144945,91.2294649822811));
#6580=CARTESIAN_POINT('Ctrl Pts',(32.3086747847526,-39.0591055682539,85.4192819890897));
#6581=CARTESIAN_POINT('Ctrl Pts',(34.1742454874197,-40.1707583737031,82.3145676808813));
#6582=CARTESIAN_POINT('Ctrl Pts',(34.1742454874197,-40.1707583737031,82.3145676808813));
#6583=CARTESIAN_POINT('Ctrl Pts',(32.3086747847526,-39.0591055682539,85.4192819890897));
#6584=CARTESIAN_POINT('Ctrl Pts',(28.1407541959717,-36.4580722144945,91.2294649822811));
#6585=CARTESIAN_POINT('Ctrl Pts',(21.6436533158986,-32.7676995096261,97.1450542869137));
#6586=CARTESIAN_POINT('Ctrl Pts',(16.1437665055708,-30.3371548710789,100.423003353175));
#6587=CARTESIAN_POINT('Ctrl Pts',(13.4847208697312,-29.3997620518103,101.597574918862));
#6588=CARTESIAN_POINT('Ctrl Pts',(12.448308676746,-29.073044745538,101.997997628983));
#6589=CARTESIAN_POINT('Origin',(-30.5166991758971,-50.,65.7610068717995));
#6590=CARTESIAN_POINT('Origin',(0.,-49.1975396767461,38.4692995489466));
#6591=CARTESIAN_POINT('',(-44.9191316765253,-44.1189314093425,49.3416377549748));
#6592=CARTESIAN_POINT('Ctrl Pts',(-44.9191316765299,-44.1189314093385,49.3416377549729));
#6593=CARTESIAN_POINT('Ctrl Pts',(-44.5868095978367,-44.4102389021009,49.4777112115805));
#6594=CARTESIAN_POINT('Ctrl Pts',(-44.2358082212133,-44.6896105357233,49.5939701900205));
#6595=CARTESIAN_POINT('Ctrl Pts',(-43.1955652672193,-45.4327262453094,49.874931108529));
#6596=CARTESIAN_POINT('Ctrl Pts',(-42.4744717334413,-45.8533918455468,49.9995283689599));
#6597=CARTESIAN_POINT('Ctrl Pts',(-41.6440560589722,-46.232238822162,50.0971959614101));
#6598=CARTESIAN_POINT('Ctrl Pts',(-41.5772030657503,-46.2620430881331,50.1047525727058));
#6599=CARTESIAN_POINT('Ctrl Pts',(-41.5100927159198,-46.2912676012148,50.112047619011));
#6600=CARTESIAN_POINT('',(-44.9792091623429,-44.1189314093425,49.3416377549748));
#6601=CARTESIAN_POINT('',(0.,-44.1189314093425,49.3416377549748));
#6602=CARTESIAN_POINT('Ctrl Pts',(-44.9792091623429,-44.1189314093425,49.3416377549748));
#6603=CARTESIAN_POINT('Ctrl Pts',(-44.8437063031815,-44.2553691661564,49.4053695766502));
#6604=CARTESIAN_POINT('Ctrl Pts',(-44.7055443727291,-44.3931867574365,49.4666172657251));
#6605=CARTESIAN_POINT('Ctrl Pts',(-43.7193629299819,-45.3674467582871,49.8777179342852));
#6606=CARTESIAN_POINT('Ctrl Pts',(-42.8209888310708,-46.2068860367389,50.1206573756315));
#6607=CARTESIAN_POINT('Ctrl Pts',(-41.8907248417581,-47.028678232477,50.2716738878482));
#6608=CARTESIAN_POINT('Ctrl Pts',(-1.5787100520065,39.9025733601476,-1.77635683940025E-14));
#6609=CARTESIAN_POINT('Ctrl Pts',(-37.8394892411809,38.4679476761633,-1.77635683940025E-14));
#6610=CARTESIAN_POINT('Ctrl Pts',(-39.8711582241061,2.2357164530792,-1.77635683940025E-14));
#6611=CARTESIAN_POINT('Ctrl Pts',(-41.9028272070313,-33.9965147700049,-1.77635683940025E-14));
#6612=CARTESIAN_POINT('Ctrl Pts',(-6.02974326686628,-39.4759405502383,-1.77635683940025E-14));
#6613=CARTESIAN_POINT('Ctrl Pts',(-2.58833463423351,65.4212675037101,20.5379125413657));
#6614=CARTESIAN_POINT('Ctrl Pts',(-62.0387894662315,63.0691627962636,20.5379125413657));
#6615=CARTESIAN_POINT('Ctrl Pts',(-65.3697616020709,3.66551306902475,20.5379125413657));
#6616=CARTESIAN_POINT('Ctrl Pts',(-68.7007337379103,-55.7381366582141,20.5379125413657));
#6617=CARTESIAN_POINT('Ctrl Pts',(-9.88591496793866,-64.7217923362561,20.5379125413657));
#6618=CARTESIAN_POINT('Ctrl Pts',(-2.48314188151627,62.76247558247,53.2020932926234));
#6619=CARTESIAN_POINT('Ctrl Pts',(-59.517465154883,60.5059629849396,53.2020932926234));
#6620=CARTESIAN_POINT('Ctrl Pts',(-62.7130629370515,3.51654260564187,53.2020932926234));
#6621=CARTESIAN_POINT('Ctrl Pts',(-65.9086607192201,-53.4728777736559,53.2020932926234));
#6622=CARTESIAN_POINT('Ctrl Pts',(-9.48414056255387,-62.0914278514643,53.2020932926234));
#6623=CARTESIAN_POINT('Ctrl Pts',(-2.37794912879903,60.1036836612298,85.8662740438812));
#6624=CARTESIAN_POINT('Ctrl Pts',(-56.9961408435346,57.9427631736156,85.8662740438812));
#6625=CARTESIAN_POINT('Ctrl Pts',(-60.0563642720322,3.36757214225899,85.8662740438812));
#6626=CARTESIAN_POINT('Ctrl Pts',(-63.1165877005298,-51.2076188890977,85.8662740438812));
#6627=CARTESIAN_POINT('Ctrl Pts',(-9.08236615716908,-59.4610633666726,85.8662740438812));
#6628=CARTESIAN_POINT('Ctrl Pts',(-1.25022604627709,31.599999293685,102.000001519918));
#6629=CARTESIAN_POINT('Ctrl Pts',(-29.9661834464275,30.4638778162194,102.000001519918));
#6630=CARTESIAN_POINT('Ctrl Pts',(-31.5751207409219,1.77052837421113,102.000001519918));
#6631=CARTESIAN_POINT('Ctrl Pts',(-33.1840580354162,-26.9228210677972,102.000001519918));
#6632=CARTESIAN_POINT('Ctrl Pts',(-4.77512769049568,-31.2621364603755,102.000001519918));
#6633=CARTESIAN_POINT('',(-45.826534449972,-43.2478113281339,48.9068409718272));
#6634=CARTESIAN_POINT('Ctrl Pts',(-45.826534449972,-43.2478113281339,48.9068409718272));
#6635=CARTESIAN_POINT('Ctrl Pts',(-45.6276647526746,-43.4566413369074,49.0179333676985));
#6636=CARTESIAN_POINT('Ctrl Pts',(-45.4237742429031,-43.6675396818657,49.1250578678488));
#6637=CARTESIAN_POINT('Ctrl Pts',(-45.1366804335053,-43.9599231290867,49.2666838308801));
#6638=CARTESIAN_POINT('Ctrl Pts',(-45.0581439528319,-44.0394520107856,49.3045119111176));
#6639=CARTESIAN_POINT('Ctrl Pts',(-44.9792091623429,-44.1189314093425,49.3416377549748));
#6640=CARTESIAN_POINT('Ctrl Pts',(-45.1625521850176,-43.7294200805234,52.5066285257877));
#6641=CARTESIAN_POINT('Ctrl Pts',(-45.4033975465995,-43.6016695779581,51.3063161157599));
#6642=CARTESIAN_POINT('Ctrl Pts',(-45.6246887579166,-43.4412163926604,50.1055641720507));
#6643=CARTESIAN_POINT('Ctrl Pts',(-45.826534449972,-43.2478113281339,48.9068409718271));
#6644=CARTESIAN_POINT('Ctrl Pts',(-12.447463336594,-29.0746502677917,101.997120637703));
#6645=CARTESIAN_POINT('Ctrl Pts',(-13.4842996802303,-29.4015716523367,101.596481536145));
#6646=CARTESIAN_POINT('Ctrl Pts',(-17.7916551604043,-30.9192028330522,99.6941644207532));
#6647=CARTESIAN_POINT('Ctrl Pts',(-25.8963314235301,-34.9901788236429,93.9919708000558));
#6648=CARTESIAN_POINT('Ctrl Pts',(-31.3757754632325,-38.5032112531861,86.9718288143055));
#6649=CARTESIAN_POINT('Ctrl Pts',(-34.1742454874197,-40.1707583737031,82.3145676808813));
#6650=CARTESIAN_POINT('',(-11.2676035252383,38.3112098084661,0.));
#6651=CARTESIAN_POINT('Ctrl Pts',(-1.25039597815479,31.5999992936849,101.999997720122));
#6652=CARTESIAN_POINT('Ctrl Pts',(-3.01741831411443,31.6650284923342,101.923732705069));
#6653=CARTESIAN_POINT('Ctrl Pts',(-4.75572577206349,31.8673734037894,101.687195350107));
#6654=CARTESIAN_POINT('Ctrl Pts',(-9.17962642857064,32.7103926675488,100.676798131221));
#6655=CARTESIAN_POINT('Ctrl Pts',(-11.726136864796,33.5279111380779,99.6807649343575));
#6656=CARTESIAN_POINT('Ctrl Pts',(-16.5141687290236,35.5415767550308,97.0419154482762));
#6657=CARTESIAN_POINT('Ctrl Pts',(-18.7162718134474,36.7416724323212,95.3828357743775));
#6658=CARTESIAN_POINT('Ctrl Pts',(-24.7033859743046,40.5078265772346,89.6569360282846));
#6659=CARTESIAN_POINT('Ctrl Pts',(-27.7734406395385,43.176055801724,84.8746010148923));
#6660=CARTESIAN_POINT('Ctrl Pts',(-33.000150673401,48.2255135800542,72.8224627702093));
#6661=CARTESIAN_POINT('Ctrl Pts',(-34.6850040057367,50.3326268340515,65.2934305102033));
#6662=CARTESIAN_POINT('Ctrl Pts',(-35.9283185084794,52.3422083684745,49.747805137978));
#6663=CARTESIAN_POINT('Ctrl Pts',(-35.5017452130988,52.2666545127731,41.8628243579481));
#6664=CARTESIAN_POINT('Ctrl Pts',(-32.6517686823736,50.2094245599716,27.5865026972465));
#6665=CARTESIAN_POINT('Ctrl Pts',(-30.4785152645898,48.452021262045,21.2100949079709));
#6666=CARTESIAN_POINT('Ctrl Pts',(-24.9530767019316,44.657419257886,11.4252091508351));
#6667=CARTESIAN_POINT('Ctrl Pts',(-22.0601776724145,42.8170904788726,7.68119326185596));
#6668=CARTESIAN_POINT('Ctrl Pts',(-16.3473294353041,40.0769323827708,2.7959549384704));
#6669=CARTESIAN_POINT('Ctrl Pts',(-13.9305019162256,39.0930827493415,1.20745768047801));
#6670=CARTESIAN_POINT('Ctrl Pts',(-11.2676035252383,38.3112098084661,-2.24820162486594E-14));
#6671=CARTESIAN_POINT('Origin',(0.,0.,0.));
#6672=CARTESIAN_POINT('',(-13.1007617928185,-60.659258749052,37.3408141567059));
#6673=CARTESIAN_POINT('Ctrl Pts',(-11.6601218742672,-60.5659125479617,35.3906868047014));
#6674=CARTESIAN_POINT('Ctrl Pts',(-12.190019789608,-60.5953796968541,36.0012731805965));
#6675=CARTESIAN_POINT('Ctrl Pts',(-12.6718365368466,-60.6266130307414,36.6532300075768));
#6676=CARTESIAN_POINT('Ctrl Pts',(-13.1007617928185,-60.659258749052,37.3408141567059));
#6677=CARTESIAN_POINT('Ctrl Pts',(-13.1007617928185,-60.659258749052,37.3408141567059));
#6678=CARTESIAN_POINT('Ctrl Pts',(-13.1796494460291,-60.6652629282628,37.4672741847748));
#6679=CARTESIAN_POINT('Ctrl Pts',(-13.2440127741522,-60.6753392042065,37.6019289061557));
#6680=CARTESIAN_POINT('Ctrl Pts',(-13.3386448506239,-60.7023146918144,37.8739424416995));
#6681=CARTESIAN_POINT('Ctrl Pts',(-13.3704483318023,-60.7186736033272,38.0097608797026));
#6682=CARTESIAN_POINT('Ctrl Pts',(-13.4206128164029,-60.7741492440493,38.4047939138836));
#6683=CARTESIAN_POINT('Ctrl Pts',(-13.4027444247056,-60.8201175634946,38.6645996008287));
#6684=CARTESIAN_POINT('Ctrl Pts',(-13.2734923430247,-60.9239910174474,39.1513354795837));
#6685=CARTESIAN_POINT('Ctrl Pts',(-13.1667223529,-60.9805505280172,39.375286131878));
#6686=CARTESIAN_POINT('Ctrl Pts',(-12.9578663466979,-61.0665010215023,39.6632053370475));
#6687=CARTESIAN_POINT('Ctrl Pts',(-12.8857855633335,-61.0935987537581,39.7469644039352));
#6688=CARTESIAN_POINT('Ctrl Pts',(-12.807353683084,-61.1208022187294,39.8242203418112));
#6689=CARTESIAN_POINT('',(-56.000000834465,27.005621358006,38.0000005662441));
#6690=CARTESIAN_POINT('',(-54.7629356699372,6.84689801297709,78.2909997991952));
#6691=CARTESIAN_POINT('Ctrl Pts',(-56.000000834465,27.0056213580061,38.0000005662441));
#6692=CARTESIAN_POINT('Ctrl Pts',(-57.5876344146319,25.2283748585997,41.9413800743792));
#6693=CARTESIAN_POINT('Ctrl Pts',(-58.6576438457755,23.3912707217425,46.0430058244973));
#6694=CARTESIAN_POINT('Ctrl Pts',(-59.7394130455217,19.62201178919,54.2736910554745));
#6695=CARTESIAN_POINT('Ctrl Pts',(-59.7685688029261,17.7082564621739,58.3694643605293));
#6696=CARTESIAN_POINT('Ctrl Pts',(-58.5429743223012,12.3821592375031,69.1643794700174));
#6697=CARTESIAN_POINT('Ctrl Pts',(-56.5309756272673,9.39616985907531,74.5771198719101));
#6698=CARTESIAN_POINT('Ctrl Pts',(-54.7629356699355,6.84689801299085,78.2909997991952));
#6699=CARTESIAN_POINT('',(-54.7629356699372,-6.84689801297709,78.2909997991952));
#6700=CARTESIAN_POINT('Ctrl Pts',(-54.7629356699372,6.84689801297715,78.2909997991952));
#6701=CARTESIAN_POINT('Ctrl Pts',(-55.3216862988155,6.01100259873357,77.482576311154));
#6702=CARTESIAN_POINT('Ctrl Pts',(-55.8481154162326,5.05582597791909,76.6702518770982));
#6703=CARTESIAN_POINT('Ctrl Pts',(-56.5580870381336,3.19123657591987,75.529293797761));
#6704=CARTESIAN_POINT('Ctrl Pts',(-56.8050639746334,2.2829844023123,75.1139163148587));
#6705=CARTESIAN_POINT('Ctrl Pts',(-57.0037965853718,0.648619684188792,74.7773110119115));
#6706=CARTESIAN_POINT('Ctrl Pts',(-57.0242017602806,-0.00755992242368622,
74.7421934102693));
#6707=CARTESIAN_POINT('Ctrl Pts',(-56.9311588733792,-1.4895518649359,74.9005187545863));
#6708=CARTESIAN_POINT('Ctrl Pts',(-56.7890859644306,-2.2616755106048,75.1424223825302));
#6709=CARTESIAN_POINT('Ctrl Pts',(-56.1720856689277,-4.45412948559096,76.1599508656217));
#6710=CARTESIAN_POINT('Ctrl Pts',(-55.4862684808219,-5.76478633678215,77.2444520124589));
#6711=CARTESIAN_POINT('Ctrl Pts',(-54.7629356699372,-6.84689801297716,78.2909997991952));
#6712=CARTESIAN_POINT('',(-56.000000834465,-27.005621358006,38.0000005662441));
#6713=CARTESIAN_POINT('Ctrl Pts',(-54.7629356699355,-6.84689801299087,78.2909997991953));
#6714=CARTESIAN_POINT('Ctrl Pts',(-56.9735628272499,-10.034320079422,73.6474374225557));
#6715=CARTESIAN_POINT('Ctrl Pts',(-59.4688505104658,-13.8051165005163,66.5142424740239));
#6716=CARTESIAN_POINT('Ctrl Pts',(-59.7401231376694,-21.1940056743844,50.9670866162046));
#6717=CARTESIAN_POINT('Ctrl Pts',(-58.5343755377284,-24.1685633454857,44.2917121086066));
#6718=CARTESIAN_POINT('Ctrl Pts',(-56.000000834465,-27.0056213580061,38.0000005662441));
#6719=CARTESIAN_POINT('Ctrl Pts',(-56.000000834465,-27.005621358006,38.0000005662441));
#6720=CARTESIAN_POINT('Ctrl Pts',(-57.0748265182574,-22.5582147969741,32.2279124238239));
#6721=CARTESIAN_POINT('Ctrl Pts',(-56.685695599565,-18.2709929422566,26.8564610124138));
#6722=CARTESIAN_POINT('Ctrl Pts',(-54.9286576326174,-11.3906050294337,19.4909240640123));
#6723=CARTESIAN_POINT('Ctrl Pts',(-54.0327891755724,-8.95364178841589,17.207311805119));
#6724=CARTESIAN_POINT('Ctrl Pts',(-52.9412623590936,-5.6087784388975,14.7799003695299));
#6725=CARTESIAN_POINT('Ctrl Pts',(-52.5341839734896,-4.30301444329997,13.9714636984746));
#6726=CARTESIAN_POINT('Ctrl Pts',(-52.1506132900537,-2.342967123295,13.24578146712));
#6727=CARTESIAN_POINT('Ctrl Pts',(-52.0608652765303,-1.74050975137293,13.0809531818582));
#6728=CARTESIAN_POINT('Ctrl Pts',(-51.9771677474761,-0.703413671572356,
12.9279103569944));
#6729=CARTESIAN_POINT('Ctrl Pts',(-51.9617709980595,-0.288439199549098,
12.9000392487728));
#6730=CARTESIAN_POINT('Ctrl Pts',(-51.9700165982783,0.570635424945546,12.9150285644502));
#6731=CARTESIAN_POINT('Ctrl Pts',(-51.9954514900525,1.00362664910425,12.9611354889914));
#6732=CARTESIAN_POINT('Ctrl Pts',(-52.1149680730998,2.16799061622228,13.1805096610513));
#6733=CARTESIAN_POINT('Ctrl Pts',(-52.2430112003081,2.87350254275025,13.4175277745452));
#6734=CARTESIAN_POINT('Ctrl Pts',(-53.0284963357739,6.32018036888834,14.9310099952436));
#6735=CARTESIAN_POINT('Ctrl Pts',(-54.2903854066933,9.38394148759941,17.5171643298272));
#6736=CARTESIAN_POINT('Ctrl Pts',(-56.5447319639001,17.2485288841931,25.5924692075092));
#6737=CARTESIAN_POINT('Ctrl Pts',(-57.2093773271667,22.0014713553544,31.5053402520103));
#6738=CARTESIAN_POINT('Ctrl Pts',(-56.000000834465,27.005621358006,38.0000005662441));
#6739=CARTESIAN_POINT('',(-49.8042965137682,5.,86.0602303490348));
#6740=CARTESIAN_POINT('',(-48.4753888382183,5.,87.7070316275442));
#6741=CARTESIAN_POINT('Ctrl Pts',(-49.8042965137805,5.,86.0602303490444));
#6742=CARTESIAN_POINT('Ctrl Pts',(-49.8042564959585,5.,86.0602817195208));
#6743=CARTESIAN_POINT('Ctrl Pts',(-49.8042164780833,5.,86.0603330898976));
#6744=CARTESIAN_POINT('Ctrl Pts',(-49.3669246514789,5.,86.6216765488298));
#6745=CARTESIAN_POINT('Ctrl Pts',(-48.923299650258,5.,87.1710652919495));
#6746=CARTESIAN_POINT('Ctrl Pts',(-48.4753888382183,5.,87.7070316275441));
#6747=CARTESIAN_POINT('',(-39.3401994115789,5.,96.5855756953904));
#6748=CARTESIAN_POINT('Ctrl Pts',(-48.4753888382183,5.,87.7070316275441));
#6749=CARTESIAN_POINT('Ctrl Pts',(-47.6944244093809,5.,88.6415271384865));
#6750=CARTESIAN_POINT('Ctrl Pts',(-46.9003238415133,5.,89.5351284955585));
#6751=CARTESIAN_POINT('Ctrl Pts',(-44.84937084907,5.,91.7186289197352));
#6752=CARTESIAN_POINT('Ctrl Pts',(-43.4738686003731,5.,93.0614278876905));
#6753=CARTESIAN_POINT('Ctrl Pts',(-41.1459864376973,5.,95.1195094942728));
#6754=CARTESIAN_POINT('Ctrl Pts',(-40.2556355255092,5.,95.8638088691602));
#6755=CARTESIAN_POINT('Ctrl Pts',(-39.3401994115789,5.,96.5855756953904));
#6756=CARTESIAN_POINT('',(-37.9767937613588,5.,97.6300777499246));
#6757=CARTESIAN_POINT('Ctrl Pts',(-39.3401994115789,5.,96.5855756953904));
#6758=CARTESIAN_POINT('Ctrl Pts',(-38.8914383691409,5.,96.9393970362872));
#6759=CARTESIAN_POINT('Ctrl Pts',(-38.4366673644224,5.,97.2878272347771));
#6760=CARTESIAN_POINT('Ctrl Pts',(-37.9767937613588,5.,97.6300777499246));
#6761=CARTESIAN_POINT('',(-33.958635735903,0.,100.611466607451));
#6762=CARTESIAN_POINT('Ctrl Pts',(-37.9767937613588,5.,97.6300777499246));
#6763=CARTESIAN_POINT('Ctrl Pts',(-37.9146061986755,5.,97.6763594352015));
#6764=CARTESIAN_POINT('Ctrl Pts',(-37.8524241815553,4.99819987880872,97.722631145291));
#6765=CARTESIAN_POINT('Ctrl Pts',(-37.7105203233136,4.98997972850821,97.8282130363482));
#6766=CARTESIAN_POINT('Ctrl Pts',(-37.6308661547784,4.98239420664134,97.8874690247183));
#6767=CARTESIAN_POINT('Ctrl Pts',(-37.4733932390873,4.96149736301611,98.0045961550431));
#6768=CARTESIAN_POINT('Ctrl Pts',(-37.3956002683329,4.94829195560358,98.0624484626249));
#6769=CARTESIAN_POINT('Ctrl Pts',(-37.2139507880209,4.91067329824304,98.1975135414032));
#6770=CARTESIAN_POINT('Ctrl Pts',(-37.1104534270051,4.88397807916935,98.2744515407505));
#6771=CARTESIAN_POINT('Ctrl Pts',(-36.7836751416465,4.7828067824857,98.5173184576956));
#6772=CARTESIAN_POINT('Ctrl Pts',(-36.5646201113525,4.6894125785415,98.6800415307066));
#6773=CARTESIAN_POINT('Ctrl Pts',(-36.1466435419424,4.45943548609016,98.9903849532055));
#6774=CARTESIAN_POINT('Ctrl Pts',(-35.9481155512809,4.32430613971552,99.1377167046714));
#6775=CARTESIAN_POINT('Ctrl Pts',(-35.4900107429615,3.9469432831994,99.4775380232517));
#6776=CARTESIAN_POINT('Ctrl Pts',(-35.2427531895953,3.68503225594584,99.660821692492));
#6777=CARTESIAN_POINT('Ctrl Pts',(-34.7050126385731,2.95956674067724,100.059228505725));
#6778=CARTESIAN_POINT('Ctrl Pts',(-34.4495023509039,2.46393867026923,100.248342580028));
#6779=CARTESIAN_POINT('Ctrl Pts',(-34.064015915818,1.3149196692377,100.533562427902));
#6780=CARTESIAN_POINT('Ctrl Pts',(-33.9586357359029,0.660728093606651,100.611466607451));
#6781=CARTESIAN_POINT('Ctrl Pts',(-33.9586357359029,4.02455846426619E-15,
100.611466607451));
#6782=CARTESIAN_POINT('',(-33.7991607677354,-6.00000000000034,100.379030958338));
#6783=CARTESIAN_POINT('Ctrl Pts',(-33.9586357359029,1.11022302462516E-15,
100.611466607451));
#6784=CARTESIAN_POINT('Ctrl Pts',(-33.9586357359029,-1.94444409963726,100.611466607451));
#6785=CARTESIAN_POINT('Ctrl Pts',(-33.9080092589444,-3.95727825195124,100.537678236966));
#6786=CARTESIAN_POINT('Ctrl Pts',(-33.7991607677354,-6.00000000000034,100.379030958338));
#6787=CARTESIAN_POINT('',(-35.3535207023547,-8.,99.1093685982703));
#6788=CARTESIAN_POINT('Ctrl Pts',(-33.7991607677353,-6.00000000000224,100.379030958338));
#6789=CARTESIAN_POINT('Ctrl Pts',(-33.7951863308986,-6.07458687275237,100.373238194642));
#6790=CARTESIAN_POINT('Ctrl Pts',(-33.7946738042483,-6.14925535206067,100.365116340304));
#6791=CARTESIAN_POINT('Ctrl Pts',(-33.8070275949596,-6.4565451192677,100.321998716694));
#6792=CARTESIAN_POINT('Ctrl Pts',(-33.8505753524169,-6.6831508944796,100.2671231897));
#6793=CARTESIAN_POINT('Ctrl Pts',(-33.9954934184682,-7.0842914980121,100.124490231338));
#6794=CARTESIAN_POINT('Ctrl Pts',(-34.0904466265246,-7.25911561597813,100.041003148939));
#6795=CARTESIAN_POINT('Ctrl Pts',(-34.310433939277,-7.5436024079435,99.8612029075123));
#6796=CARTESIAN_POINT('Ctrl Pts',(-34.4291557389525,-7.65724754823587,99.7686761565191));
#6797=CARTESIAN_POINT('Ctrl Pts',(-34.6401908734908,-7.80363981294586,99.6104753813806));
#6798=CARTESIAN_POINT('Ctrl Pts',(-34.7241672066294,-7.85035546782156,99.548824155289));
#6799=CARTESIAN_POINT('Ctrl Pts',(-34.8546251367453,-7.90653944409812,99.4548949509038));
#6800=CARTESIAN_POINT('Ctrl Pts',(-34.8985276930049,-7.92287019872763,99.4235755902625));
#6801=CARTESIAN_POINT('Ctrl Pts',(-34.9694375638116,-7.94521369698246,99.3734440171393));
#6802=CARTESIAN_POINT('Ctrl Pts',(-34.9960197409519,-7.95271429507885,99.3547496691921));
#6803=CARTESIAN_POINT('Ctrl Pts',(-35.0463190648877,-7.96527509901101,99.3195596940088));
#6804=CARTESIAN_POINT('Ctrl Pts',(-35.0699874288321,-7.9705192016083,99.3030761076894));
#6805=CARTESIAN_POINT('Ctrl Pts',(-35.1231517662753,-7.98081793134139,99.2662171604956));
#6806=CARTESIAN_POINT('Ctrl Pts',(-35.152701091036,-7.98553700677592,99.245843776285));
#6807=CARTESIAN_POINT('Ctrl Pts',(-35.2390554144278,-7.99642189407126,99.1866324397818));
#6808=CARTESIAN_POINT('Ctrl Pts',(-35.2961748245609,-8.,99.1478749076843));
#6809=CARTESIAN_POINT('Ctrl Pts',(-35.3535207023547,-8.,99.1093685982703));
#6810=CARTESIAN_POINT('',(-41.0311998159566,-8.,94.7984406423423));
#6811=CARTESIAN_POINT('Ctrl Pts',(-35.3535207023547,-8.,99.1093685982703));
#6812=CARTESIAN_POINT('Ctrl Pts',(-37.3084206662541,-8.,97.7967026180917));
#6813=CARTESIAN_POINT('Ctrl Pts',(-39.2169914668204,-8.,96.349967773371));
#6814=CARTESIAN_POINT('Ctrl Pts',(-41.0311998159566,-8.,94.7984406423423));
#6815=CARTESIAN_POINT('',(-42.744267567688,-8.,93.2771419320103));
#6816=CARTESIAN_POINT('Ctrl Pts',(-41.0311998159566,-8.,94.7984406423423));
#6817=CARTESIAN_POINT('Ctrl Pts',(-41.6151188583753,-8.,94.2990678789724));
#6818=CARTESIAN_POINT('Ctrl Pts',(-42.186788671501,-8.,93.7911432135293));
#6819=CARTESIAN_POINT('Ctrl Pts',(-42.744267567688,-8.,93.2771419320102));
#6820=CARTESIAN_POINT('',(-41.2353830949219,-7.24280370531953,94.7436355819041));
#6821=CARTESIAN_POINT('Ctrl Pts',(-42.7442675676882,-7.99999999999911,93.2771419320102));
#6822=CARTESIAN_POINT('Ctrl Pts',(-42.5176583384041,-7.93447732850206,93.4973847681918));
#6823=CARTESIAN_POINT('Ctrl Pts',(-42.2902534631474,-7.84839950196328,93.7184008973507));
#6824=CARTESIAN_POINT('Ctrl Pts',(-41.7788290232636,-7.60611404795424,94.2154573036076));
#6825=CARTESIAN_POINT('Ctrl Pts',(-41.4978957973006,-7.43627168501716,94.4884979500951));
#6826=CARTESIAN_POINT('Ctrl Pts',(-41.2353830949219,-7.24280370531956,94.7436355819041));
#6827=CARTESIAN_POINT('',(-38.1351558951749,0.,97.7567645415533));
#6828=CARTESIAN_POINT('Ctrl Pts',(-41.2353830949219,-7.24280370531954,94.7436355819041));
#6829=CARTESIAN_POINT('Ctrl Pts',(-41.0600291173415,-7.11357041692246,94.9140631389812));
#6830=CARTESIAN_POINT('Ctrl Pts',(-40.8928352587551,-6.97395112946427,95.0765598286507));
#6831=CARTESIAN_POINT('Ctrl Pts',(-40.5006124066763,-6.60974024484012,95.4577635140875));
#6832=CARTESIAN_POINT('Ctrl Pts',(-40.2549494268737,-6.34424484835529,95.696524801911));
#6833=CARTESIAN_POINT('Ctrl Pts',(-39.7992344128492,-5.75925781350076,96.1394368911334));
#6834=CARTESIAN_POINT('Ctrl Pts',(-39.589169769558,-5.43978527661822,96.3435999473607));
#6835=CARTESIAN_POINT('Ctrl Pts',(-39.1797201716436,-4.72098184206134,96.7415464078953));
#6836=CARTESIAN_POINT('Ctrl Pts',(-38.9373317669801,-4.19190983838649,96.9771251169765));
#6837=CARTESIAN_POINT('Ctrl Pts',(-38.5722350809169,-3.18129713184673,97.3319647229057));
#6838=CARTESIAN_POINT('Ctrl Pts',(-38.4046803226816,-2.55738512258534,97.4948121730561));
#6839=CARTESIAN_POINT('Ctrl Pts',(-38.1861580882599,-1.27094206146311,97.7071952116015));
#6840=CARTESIAN_POINT('Ctrl Pts',(-38.1351558951748,-0.608422477787861,
97.7567645415535));
#6841=CARTESIAN_POINT('Ctrl Pts',(-38.1351558951748,-3.19189119579733E-15,
97.7567645415535));
#6842=CARTESIAN_POINT('',(-49.6883510839547,0.,86.5281465219984));
#6843=CARTESIAN_POINT('Origin',(-1.18634027236017,0.,48.1820111066478));
#6844=CARTESIAN_POINT('',(-46.5748712757243,-7.24054179378179,89.5541557693942));
#6845=CARTESIAN_POINT('Ctrl Pts',(-49.6883510839548,-1.52655665885959E-15,
86.5281465219983));
#6846=CARTESIAN_POINT('Ctrl Pts',(-49.6883510839548,-0.484532443226435,
86.5281465219983));
#6847=CARTESIAN_POINT('Ctrl Pts',(-49.6557353680464,-1.01407053268826,86.5598459271746));
#6848=CARTESIAN_POINT('Ctrl Pts',(-49.5147590580322,-2.05314573819513,86.6968616279474));
#6849=CARTESIAN_POINT('Ctrl Pts',(-49.4063916719906,-2.56268106227864,86.8021845246661));
#6850=CARTESIAN_POINT('Ctrl Pts',(-49.1732131800179,-3.39035429805315,87.0288120657017));
#6851=CARTESIAN_POINT('Ctrl Pts',(-49.0207669689557,-3.82702440630275,87.1769754304311));
#6852=CARTESIAN_POINT('Ctrl Pts',(-48.7675007926703,-4.4269975430512,87.4231263094142));
#6853=CARTESIAN_POINT('Ctrl Pts',(-48.6408820318086,-4.69423798776757,87.5461878241376));
#6854=CARTESIAN_POINT('Ctrl Pts',(-48.3649053212786,-5.20480931751858,87.8144112042675));
#6855=CARTESIAN_POINT('Ctrl Pts',(-48.2155432625023,-5.44813588342005,87.9595770633401));
#6856=CARTESIAN_POINT('Ctrl Pts',(-47.8591666135164,-5.97083659693199,88.3059416141995));
#6857=CARTESIAN_POINT('Ctrl Pts',(-47.6079287939643,-6.28662634813297,88.5501211214024));
#6858=CARTESIAN_POINT('Ctrl Pts',(-47.0909830733387,-6.82532219022308,89.0525436927259));
#6859=CARTESIAN_POINT('Ctrl Pts',(-46.8283525182918,-7.05405601690667,89.3077958662328));
#6860=CARTESIAN_POINT('Ctrl Pts',(-46.5748712757243,-7.24054179378177,89.5541557693942));
#6861=CARTESIAN_POINT('',(-45.088072482665,-8.,90.9976619604066));
#6862=CARTESIAN_POINT('Ctrl Pts',(-46.574871275724,-7.24054179378194,89.5541557693944));
#6863=CARTESIAN_POINT('Ctrl Pts',(-46.3641908174639,-7.39553909667142,89.758917339794));
#6864=CARTESIAN_POINT('Ctrl Pts',(-46.1333120801866,-7.56855525501693,89.9782898483319));
#6865=CARTESIAN_POINT('Ctrl Pts',(-45.8630232678471,-7.78611983035867,90.2273184428177));
#6866=CARTESIAN_POINT('Ctrl Pts',(-45.800315773467,-7.83774095913593,90.2845435243215));
#6867=CARTESIAN_POINT('Ctrl Pts',(-45.7158440058834,-7.90992535127574,90.3606855286722));
#6868=CARTESIAN_POINT('Ctrl Pts',(-45.6923272837433,-7.9303125935004,90.3817805184807));
#6869=CARTESIAN_POINT('Ctrl Pts',(-45.6582929817482,-7.96035541660422,90.4121396599047));
#6870=CARTESIAN_POINT('Ctrl Pts',(-45.6475871038052,-7.96988410931319,90.4216646921233));
#6871=CARTESIAN_POINT('Ctrl Pts',(-45.6311640516551,-7.98463709801616,90.4362353779112));
#6872=CARTESIAN_POINT('Ctrl Pts',(-45.6254168859464,-7.98982553895025,90.4413265722598));
#6873=CARTESIAN_POINT('Ctrl Pts',(-45.6188891110719,-7.99574996897323,90.4471000929414));
#6874=CARTESIAN_POINT('Ctrl Pts',(-45.6180996141906,-7.99646701607648,90.4477982139985));
#6875=CARTESIAN_POINT('Ctrl Pts',(-45.6168735495267,-7.99758138585133,90.448882135537));
#6876=CARTESIAN_POINT('Ctrl Pts',(-45.6164370986794,-7.99797823698997,90.4492679395508));
#6877=CARTESIAN_POINT('Ctrl Pts',(-45.6157729643671,-7.99858235967115,90.4498549341865));
#6878=CARTESIAN_POINT('Ctrl Pts',(-45.6155449747405,-7.99878979205264,90.450056429781));
#6879=CARTESIAN_POINT('Ctrl Pts',(-45.6152055470911,-7.99909868040847,90.4503563942332));
#6880=CARTESIAN_POINT('Ctrl Pts',(-45.6150943955588,-7.99919984190016,90.4504546197627));
#6881=CARTESIAN_POINT('Ctrl Pts',(-45.6149173522863,-7.99936098966789,90.4506110694847));
#6882=CARTESIAN_POINT('Ctrl Pts',(-45.6148537133172,-7.99941891863844,90.4506673049408));
#6883=CARTESIAN_POINT('Ctrl Pts',(-45.6147508869759,-7.99951252422825,90.4507581672929));
#6884=CARTESIAN_POINT('Ctrl Pts',(-45.6147114662489,-7.99954841105404,90.4507930010356));
#6885=CARTESIAN_POINT('Ctrl Pts',(-45.6146342633961,-7.99961869626909,90.4508612196582));
#6886=CARTESIAN_POINT('Ctrl Pts',(-45.6146068705457,-7.99964363556738,90.4508854244925));
#6887=CARTESIAN_POINT('Ctrl Pts',(-45.6145698025826,-7.99967738397645,90.4509181782507));
#6888=CARTESIAN_POINT('Ctrl Pts',(-45.6145492558899,-7.99969609003675,90.4509363337235));
#6889=CARTESIAN_POINT('Ctrl Pts',(-45.6144875593642,-7.99975226384738,90.4509908489047));
#6890=CARTESIAN_POINT('Ctrl Pts',(-45.6144659964157,-7.99977189712195,90.451009901828));
#6891=CARTESIAN_POINT('Ctrl Pts',(-45.6144352156328,-7.99979992358598,90.4510370995008));
#6892=CARTESIAN_POINT('Ctrl Pts',(-45.6144073110861,-7.99982533221359,90.4510617555047));
#6893=CARTESIAN_POINT('Ctrl Pts',(-45.6144016494129,-7.99983048743119,90.4510667580715));
#6894=CARTESIAN_POINT('Ctrl Pts',(-45.614378472356,-7.99985159111776,90.4510872369643));
#6895=CARTESIAN_POINT('Ctrl Pts',(-45.6143557152506,-7.99987231297675,90.451107344654));
#6896=CARTESIAN_POINT('Ctrl Pts',(-45.6143370298798,-7.99988932797492,90.4511238544873));
#6897=CARTESIAN_POINT('Ctrl Pts',(-45.6143332511467,-7.99989276884178,90.451127193273));
#6898=CARTESIAN_POINT('Ctrl Pts',(-45.6143171240245,-7.99990745378492,90.4511414427904));
#6899=CARTESIAN_POINT('Ctrl Pts',(-45.6143079882022,-7.9999157728594,90.4511495149197));
#6900=CARTESIAN_POINT('Ctrl Pts',(-45.6142941891631,-7.99992833814077,90.4511617073384));
#6901=CARTESIAN_POINT('Ctrl Pts',(-45.6142823110692,-7.99993915442886,90.4511722024197));
#6902=CARTESIAN_POINT('Ctrl Pts',(-45.6142763861254,-7.99994455123363,90.451177437219));
#6903=CARTESIAN_POINT('Ctrl Pts',(-45.6142653550378,-7.99995459663584,90.4511871838276));
#6904=CARTESIAN_POINT('Ctrl Pts',(-45.6142602485856,-7.999959244436,90.4511916961092));
#6905=CARTESIAN_POINT('Ctrl Pts',(-45.6142505258704,-7.99996809797673,90.4512002867592));
#6906=CARTESIAN_POINT('Ctrl Pts',(-45.6142459089474,-7.99997230201381,90.451204366136));
#6907=CARTESIAN_POINT('Ctrl Pts',(-45.6142366346133,-7.99998074691669,90.451212560667));
#6908=CARTESIAN_POINT('Ctrl Pts',(-45.6142319767661,-7.9999849866571,90.4512166764872));
#6909=CARTESIAN_POINT('Ctrl Pts',(-45.6142194888756,-7.99999635157638,90.451227711545));
#6910=CARTESIAN_POINT('Ctrl Pts',(-45.6142201407505,-8.00000000482972,90.4512263523902));
#6911=CARTESIAN_POINT('Ctrl Pts',(-45.614208515347,-7.99999999899558,90.4512385774734));
#6912=CARTESIAN_POINT('Ctrl Pts',(-45.6141801703892,-7.99999999814578,90.451268382072));
#6913=CARTESIAN_POINT('Ctrl Pts',(-45.6139475801132,-8.00000000892259,90.4515129462625));
#6914=CARTESIAN_POINT('Ctrl Pts',(-45.6116224907037,-7.99999999998986,90.4539578433142));
#6915=CARTESIAN_POINT('Ctrl Pts',(-45.4391823945005,-8.00000000018543,90.6352275293894));
#6916=CARTESIAN_POINT('Ctrl Pts',(-45.2688540176694,-8.,90.8121383078397));
#6917=CARTESIAN_POINT('Ctrl Pts',(-45.0943366991417,-8.,90.991235468555));
#6918=CARTESIAN_POINT('Ctrl Pts',(-45.0912047671612,-8.,90.9944488862457));
#6919=CARTESIAN_POINT('Ctrl Pts',(-45.088072482665,-8.,90.9976619604066));
#6920=CARTESIAN_POINT('',(-51.8249664392261,-8.,82.7660697375909));
#6921=CARTESIAN_POINT('Ctrl Pts',(-45.088072482665,-8.,90.9976619604066));
#6922=CARTESIAN_POINT('Ctrl Pts',(-45.6454246544165,-8.,90.4259342441899));
#6923=CARTESIAN_POINT('Ctrl Pts',(-46.1831685830746,-8.,89.8519366491312));
#6924=CARTESIAN_POINT('Ctrl Pts',(-48.4614196088399,-8.,87.3279495462589));
#6925=CARTESIAN_POINT('Ctrl Pts',(-50.2153859826457,-8.,85.123493886931));
#6926=CARTESIAN_POINT('Ctrl Pts',(-51.8249664392261,-8.,82.7660697375909));
#6927=CARTESIAN_POINT('',(-53.2707638571216,-6.00000001662846,80.9674219947754));
#6928=CARTESIAN_POINT('Ctrl Pts',(-51.8249664392261,-8.,82.7660697375909));
#6929=CARTESIAN_POINT('Ctrl Pts',(-51.9738657227887,-8.00000000044499,82.5479888298509));
#6930=CARTESIAN_POINT('Ctrl Pts',(-52.124989658459,-7.96494383617419,82.3315271607461));
#6931=CARTESIAN_POINT('Ctrl Pts',(-52.4477371650043,-7.80667385851824,81.881634746382));
#6932=CARTESIAN_POINT('Ctrl Pts',(-52.6178315468701,-7.66802215132886,81.6527314408555));
#6933=CARTESIAN_POINT('Ctrl Pts',(-52.8912404696967,-7.31804549100788,81.3057037180461));
#6934=CARTESIAN_POINT('Ctrl Pts',(-52.9991458907195,-7.12800258940239,81.1773168057276));
#6935=CARTESIAN_POINT('Ctrl Pts',(-53.1377565105856,-6.76989626953937,81.0321852240337));
#6936=CARTESIAN_POINT('Ctrl Pts',(-53.1812391466623,-6.62197826365179,80.9928357878528));
#6937=CARTESIAN_POINT('Ctrl Pts',(-53.2445486828916,-6.31398855515333,80.9517724546448));
#6938=CARTESIAN_POINT('Ctrl Pts',(-53.2638775245983,-6.15703314899867,80.9502611370377));
#6939=CARTESIAN_POINT('Ctrl Pts',(-53.27076385858,-6.,80.9674219984099));
#6940=CARTESIAN_POINT('',(-53.4011356215521,0.,81.295245631569));
#6941=CARTESIAN_POINT('Ctrl Pts',(-53.2707638578408,-6.00000001685587,80.9674219965677));
#6942=CARTESIAN_POINT('Ctrl Pts',(-53.2985140715148,-5.36719547419583,81.0365760008788));
#6943=CARTESIAN_POINT('Ctrl Pts',(-53.3217793767156,-4.73300542130633,81.0949369289758));
#6944=CARTESIAN_POINT('Ctrl Pts',(-53.381066116812,-2.7341134791917,81.2441065191284));
#6945=CARTESIAN_POINT('Ctrl Pts',(-53.4011356215521,-1.367844272739,81.2952456315691));
#6946=CARTESIAN_POINT('Ctrl Pts',(-53.4011356215521,-6.38378239159465E-15,
81.2952456315691));
#6947=CARTESIAN_POINT('Ctrl Pts',(-53.4011356215521,9.71445146547012E-16,
81.2952456315691));
#6948=CARTESIAN_POINT('Ctrl Pts',(-53.4011356215521,0.555286785662993,81.2952456315691));
#6949=CARTESIAN_POINT('Ctrl Pts',(-53.336608736567,1.10112087696845,81.3834863255227));
#6950=CARTESIAN_POINT('Ctrl Pts',(-53.0806074420629,2.17040913224618,81.731989966142));
#6951=CARTESIAN_POINT('Ctrl Pts',(-52.8839583221744,2.67260964692253,81.9991482734339));
#6952=CARTESIAN_POINT('Ctrl Pts',(-52.3534869717303,3.61753162298091,82.7144182247619));
#6953=CARTESIAN_POINT('Ctrl Pts',(-52.0075471268415,4.02688912959931,83.1779959575816));
#6954=CARTESIAN_POINT('Ctrl Pts',(-51.1733009410055,4.69567535884466,84.283702181685));
#6955=CARTESIAN_POINT('Ctrl Pts',(-50.6731087171737,4.90915546962143,84.9392790584857));
#6956=CARTESIAN_POINT('Ctrl Pts',(-50.0430025460471,4.99220607464032,85.7533120457175));
#6957=CARTESIAN_POINT('Ctrl Pts',(-49.9237882520562,4.99999999999882,85.9068400040269));
#6958=CARTESIAN_POINT('Ctrl Pts',(-49.8042965137805,5.,86.0602303490444));
#6959=CARTESIAN_POINT('Ctrl Pts',(-41.8899175690606,-45.9721633852369,47.7994785179672));
#6960=CARTESIAN_POINT('Ctrl Pts',(-41.7024146616613,-46.1608878688368,49.0100725469178));
#6961=CARTESIAN_POINT('Ctrl Pts',(-41.4969435957469,-46.3156274664556,50.2223072097698));
#6962=CARTESIAN_POINT('Ctrl Pts',(-41.2734452594547,-46.4367007011069,51.4335661124284));
#6963=CARTESIAN_POINT('Ctrl Pts',(-43.3778034794352,-45.3529288595867,48.151477440322));
#6964=CARTESIAN_POINT('Ctrl Pts',(-43.1834420984394,-45.5421460014538,49.365172530245));
#6965=CARTESIAN_POINT('Ctrl Pts',(-42.9704758288939,-45.6973423213221,50.5804435343683));
#6966=CARTESIAN_POINT('Ctrl Pts',(-42.7387784993219,-45.8187712534165,51.7947920084683));
#6967=CARTESIAN_POINT('Ctrl Pts',(-44.7273099691458,-44.4189972902881,48.5310909163481));
#6968=CARTESIAN_POINT('Ctrl Pts',(-44.52777194556,-44.6099987077917,49.7406433914667));
#6969=CARTESIAN_POINT('Ctrl Pts',(-44.3091043902351,-44.767347254285,50.9519015749682));
#6970=CARTESIAN_POINT('Ctrl Pts',(-44.0711611381122,-44.8912745899822,52.1624161847286));
#6971=CARTESIAN_POINT('Ctrl Pts',(-45.826534449972,-43.2478113281339,48.9068409718271));
#6972=CARTESIAN_POINT('Ctrl Pts',(-45.6246887579166,-43.4412163926604,50.1055641720507));
#6973=CARTESIAN_POINT('Ctrl Pts',(-45.4033975465995,-43.6016695779581,51.3063161157599));
#6974=CARTESIAN_POINT('Ctrl Pts',(-45.1625521850176,-43.7294200805234,52.5066285257877));
#6975=CARTESIAN_POINT('Ctrl Pts',(-44.9191316765253,-44.1189314093425,49.3416377549748));
#6976=CARTESIAN_POINT('Ctrl Pts',(-45.2376616803685,-43.839713798662,49.2112116369554));
#6977=CARTESIAN_POINT('Ctrl Pts',(-45.5401165337226,-43.5485743743701,49.0668394681744));
#6978=CARTESIAN_POINT('Ctrl Pts',(-45.826534449972,-43.2478113281339,48.9068409718272));
#6979=CARTESIAN_POINT('Ctrl Pts',(-13.1007617928184,-61.5,37.3408141567059));
#6980=CARTESIAN_POINT('Ctrl Pts',(-13.1007617928184,-61.9561498885482,37.3408141567059));
#6981=CARTESIAN_POINT('Ctrl Pts',(-12.8888953539657,-62.872095534918,37.3633881674845));
#6982=CARTESIAN_POINT('Ctrl Pts',(-12.1452994195061,-63.894104281468,37.4527924684147));
#6983=CARTESIAN_POINT('Ctrl Pts',(-11.3707532132197,-64.4510638683745,37.5625305576697));
#6984=CARTESIAN_POINT('Ctrl Pts',(-10.7220835492581,-64.7429268973,37.6670917141703));
#6985=CARTESIAN_POINT('Ctrl Pts',(-10.2305147479666,-64.8929370974915,37.7528884923402));
#6986=CARTESIAN_POINT('Ctrl Pts',(-9.7380835554798,-64.9802070082748,37.8458529203743));
#6987=CARTESIAN_POINT('Ctrl Pts',(-9.41341444961663,-64.9994595927854,37.9119817682722));
#6988=CARTESIAN_POINT('Ctrl Pts',(-9.24847389597913,-64.9999925444477,37.9468279268475));
#6989=CARTESIAN_POINT('Ctrl Pts',(-9.24388756871208,-65.,37.9477977498194));
#6990=CARTESIAN_POINT('Ctrl Pts',(-9.23930291609836,-65.,37.9487682690123));
#6991=CARTESIAN_POINT('Ctrl Pts',(-13.4129574841726,-61.5,37.8412761971498));
#6992=CARTESIAN_POINT('Ctrl Pts',(-13.4129574841726,-62.0324384353803,37.8412761971498));
#6993=CARTESIAN_POINT('Ctrl Pts',(-13.1039538873797,-63.0873169743216,37.8374068022772));
#6994=CARTESIAN_POINT('Ctrl Pts',(-12.1861882924063,-64.0870249215274,37.8412384442746));
#6995=CARTESIAN_POINT('Ctrl Pts',(-11.3535727655086,-64.5647838022276,37.8575785789539));
#6996=CARTESIAN_POINT('Ctrl Pts',(-10.6923247153198,-64.8015675552496,37.8777403296646));
#6997=CARTESIAN_POINT('Ctrl Pts',(-10.2042293140641,-64.9188005689082,37.8966745758755));
#6998=CARTESIAN_POINT('Ctrl Pts',(-9.72292122353989,-64.9852164089048,37.9196946468481));
#6999=CARTESIAN_POINT('Ctrl Pts',(-9.4082731588314,-64.9995841427005,37.9379765784401));
#7000=CARTESIAN_POINT('Ctrl Pts',(-9.24820736720886,-64.9999947276366,37.948197244249));
#7001=CARTESIAN_POINT('Ctrl Pts',(-9.24375381182697,-65.,37.9484825042088));
#7002=CARTESIAN_POINT('Ctrl Pts',(-9.23930291609836,-65.,37.9487682690123));
#7003=CARTESIAN_POINT('Ctrl Pts',(-13.5406134378315,-61.5,38.9660340356962));
#7004=CARTESIAN_POINT('Ctrl Pts',(-13.5406134378315,-62.0977370031931,38.9660340356962));
#7005=CARTESIAN_POINT('Ctrl Pts',(-13.153433708787,-63.2694122938173,38.8690865800546));
#7006=CARTESIAN_POINT('Ctrl Pts',(-12.1243677554799,-64.2408119810112,38.6140823760026));
#7007=CARTESIAN_POINT('Ctrl Pts',(-11.2763252474247,-64.6528279617624,38.4102052962991));
#7008=CARTESIAN_POINT('Ctrl Pts',(-10.62677860952,-64.8462104512717,38.2586296699894));
#7009=CARTESIAN_POINT('Ctrl Pts',(-10.1565529027482,-64.9382840641198,38.1512069473372));
#7010=CARTESIAN_POINT('Ctrl Pts',(-9.69784052668046,-64.9889599903179,38.0486802393841));
#7011=CARTESIAN_POINT('Ctrl Pts',(-9.39943728985598,-64.9996769062152,37.9834373257688));
#7012=CARTESIAN_POINT('Ctrl Pts',(-9.247738121496,-64.9999963762958,37.9505940835079));
#7013=CARTESIAN_POINT('Ctrl Pts',(-9.24351973727802,-65.,37.9496808243903));
#7014=CARTESIAN_POINT('Ctrl Pts',(-9.23930291609836,-65.,37.9487682690123));
#7015=CARTESIAN_POINT('Ctrl Pts',(-12.8702033532975,-61.5,39.8295937994821));
#7016=CARTESIAN_POINT('Ctrl Pts',(-12.8702033532975,-62.0125793146303,39.8295937994821));
#7017=CARTESIAN_POINT('Ctrl Pts',(-12.6166160563606,-63.031555466957,39.7042338156534));
#7018=CARTESIAN_POINT('Ctrl Pts',(-11.842189676258,-64.0379656902577,39.3096545241449));
#7019=CARTESIAN_POINT('Ctrl Pts',(-11.1179936402404,-64.5361272841922,38.9343183058284));
#7020=CARTESIAN_POINT('Ctrl Pts',(-10.5350556284207,-64.7868703625278,38.6303934871133));
#7021=CARTESIAN_POINT('Ctrl Pts',(-10.1017080593706,-64.9123445752784,38.403473241636));
#7022=CARTESIAN_POINT('Ctrl Pts',(-9.67229392183608,-64.9839750623673,38.1777028930316));
#7023=CARTESIAN_POINT('Ctrl Pts',(-9.39054306026553,-64.9995541374803,38.0289010974255));
#7024=CARTESIAN_POINT('Ctrl Pts',(-9.24726988581286,-64.9999941621178,37.952990866599));
#7025=CARTESIAN_POINT('Ctrl Pts',(-9.24328566272907,-65.,37.9508791445719));
#7026=CARTESIAN_POINT('Ctrl Pts',(-9.23930291609836,-65.,37.9487682690123));
#7027=CARTESIAN_POINT('Ctrl Pts',(-12.5002022499814,-61.5,40.0720992851604));
#7028=CARTESIAN_POINT('Ctrl Pts',(-12.5002022499814,-61.9561498885469,40.0720992851604));
#7029=CARTESIAN_POINT('Ctrl Pts',(-12.3211067884051,-62.8720955349177,39.9601057879709));
#7030=CARTESIAN_POINT('Ctrl Pts',(-11.6931777110859,-63.8941042814673,39.5627652900165));
#7031=CARTESIAN_POINT('Ctrl Pts',(-11.0397084390501,-64.4510638683741,39.1419323459613));
#7032=CARTESIAN_POINT('Ctrl Pts',(-10.4923886636142,-64.7429268972997,38.7842121468754));
#7033=CARTESIAN_POINT('Ctrl Pts',(-10.0774394248647,-64.8929370974913,38.5103970136223));
#7034=CARTESIAN_POINT('Ctrl Pts',(-9.66140703377544,-64.9802070082747,38.2331848065642));
#7035=CARTESIAN_POINT('Ctrl Pts',(-9.38673840372877,-64.9994595927854,38.0484074189836));
#7036=CARTESIAN_POINT('Ctrl Pts',(-9.24706908683847,-64.9999925444477,37.954017675212));
#7037=CARTESIAN_POINT('Ctrl Pts',(-9.24318534506524,-65.,37.951392710364));
#7038=CARTESIAN_POINT('Ctrl Pts',(-9.23930291609836,-65.,37.9487682690123));
#7039=CARTESIAN_POINT('',(-13.1007617928184,-61.5,37.3408141567059));
#7040=CARTESIAN_POINT('',(-9.23930291609836,-65.,37.9487682690123));
#7041=CARTESIAN_POINT('Ctrl Pts',(-13.1007617928184,-61.5,37.3408141567059));
#7042=CARTESIAN_POINT('Ctrl Pts',(-13.1007617928184,-61.9561498885482,37.3408141567059));
#7043=CARTESIAN_POINT('Ctrl Pts',(-12.8888953539657,-62.872095534918,37.3633881674845));
#7044=CARTESIAN_POINT('Ctrl Pts',(-12.1452994195061,-63.894104281468,37.4527924684147));
#7045=CARTESIAN_POINT('Ctrl Pts',(-11.3707532132197,-64.4510638683745,37.5625305576697));
#7046=CARTESIAN_POINT('Ctrl Pts',(-10.7220835492581,-64.7429268973,37.6670917141703));
#7047=CARTESIAN_POINT('Ctrl Pts',(-10.2305147479666,-64.8929370974915,37.7528884923402));
#7048=CARTESIAN_POINT('Ctrl Pts',(-9.7380835554798,-64.9802070082748,37.8458529203743));
#7049=CARTESIAN_POINT('Ctrl Pts',(-9.41341444961663,-64.9994595927854,37.9119817682722));
#7050=CARTESIAN_POINT('Ctrl Pts',(-9.24847389597913,-64.9999925444477,37.9468279268475));
#7051=CARTESIAN_POINT('Ctrl Pts',(-9.24388756871208,-65.,37.9477977498194));
#7052=CARTESIAN_POINT('Ctrl Pts',(-9.23930291609836,-65.,37.9487682690123));
#7053=CARTESIAN_POINT('',(-12.5002022499814,-61.5,40.0720992851604));
#7054=CARTESIAN_POINT('Ctrl Pts',(-9.23930291609836,-65.,37.9487682690123));
#7055=CARTESIAN_POINT('Ctrl Pts',(-9.24318534506524,-65.,37.951392710364));
#7056=CARTESIAN_POINT('Ctrl Pts',(-9.24706908683847,-64.9999925444477,37.954017675212));
#7057=CARTESIAN_POINT('Ctrl Pts',(-9.38673840372877,-64.9994595927854,38.0484074189836));
#7058=CARTESIAN_POINT('Ctrl Pts',(-9.66140703377544,-64.9802070082747,38.2331848065642));
#7059=CARTESIAN_POINT('Ctrl Pts',(-10.0774394248647,-64.8929370974913,38.5103970136223));
#7060=CARTESIAN_POINT('Ctrl Pts',(-10.4923886636142,-64.7429268972997,38.7842121468754));
#7061=CARTESIAN_POINT('Ctrl Pts',(-11.0397084390501,-64.4510638683741,39.1419323459613));
#7062=CARTESIAN_POINT('Ctrl Pts',(-11.6931777110859,-63.8941042814673,39.5627652900165));
#7063=CARTESIAN_POINT('Ctrl Pts',(-12.3211067884051,-62.8720955349177,39.9601057879709));
#7064=CARTESIAN_POINT('Ctrl Pts',(-12.5002022499814,-61.9561498885469,40.0720992851604));
#7065=CARTESIAN_POINT('Ctrl Pts',(-12.5002022499814,-61.5,40.0720992851604));
#7066=CARTESIAN_POINT('Origin',(-11.4038620036875,-61.5,38.3993655752244));
#7067=CARTESIAN_POINT('Ctrl Pts',(12.5111781266621,-61.5,40.0649009782869));
#7068=CARTESIAN_POINT('Ctrl Pts',(12.5111781266622,-61.9553703389748,40.0649009782869));
#7069=CARTESIAN_POINT('Ctrl Pts',(12.3786843703924,-62.6403777856323,39.9816818363262));
#7070=CARTESIAN_POINT('Ctrl Pts',(12.0182378640886,-63.3827006398205,39.7531685776389));
#7071=CARTESIAN_POINT('Ctrl Pts',(11.6878634671857,-63.8491326174044,39.5422452557736));
#7072=CARTESIAN_POINT('Ctrl Pts',(11.3138429620866,-64.2292240529425,39.3015508233684));
#7073=CARTESIAN_POINT('Ctrl Pts',(10.7859926764889,-64.6213770953219,38.9588804623977));
#7074=CARTESIAN_POINT('Ctrl Pts',(10.0929986080952,-64.9246800233116,38.502849305331));
#7075=CARTESIAN_POINT('Ctrl Pts',(9.53910305937157,-64.9989090332462,38.1313814408616));
#7076=CARTESIAN_POINT('Ctrl Pts',(9.26367417231646,-64.9999925797076,37.9450562795856));
#7077=CARTESIAN_POINT('Ctrl Pts',(9.25975183643343,-65.,37.9424024943117));
#7078=CARTESIAN_POINT('Ctrl Pts',(9.25582972152032,-65.,37.9397485333366));
#7079=CARTESIAN_POINT('Ctrl Pts',(13.002362617639,-61.5,39.7425653539093));
#7080=CARTESIAN_POINT('Ctrl Pts',(13.002362617639,-62.0307496095132,39.7425653539093));
#7081=CARTESIAN_POINT('Ctrl Pts',(12.7989688170195,-62.8194407666523,39.6472836257486));
#7082=CARTESIAN_POINT('Ctrl Pts',(12.3109802832348,-63.5844257284796,39.4138574640296));
#7083=CARTESIAN_POINT('Ctrl Pts',(11.896165334812,-64.0326193160425,39.2141685207511));
#7084=CARTESIAN_POINT('Ctrl Pts',(11.4539908548798,-64.3735712542377,39.0006124739543));
#7085=CARTESIAN_POINT('Ctrl Pts',(10.8602225813001,-64.7062535099855,38.7137284859045));
#7086=CARTESIAN_POINT('Ctrl Pts',(10.1203930473515,-64.9442857043718,38.3567602780534));
#7087=CARTESIAN_POINT('Ctrl Pts',(9.54872266639216,-64.9991885979619,38.0813661537366));
#7088=CARTESIAN_POINT('Ctrl Pts',(9.26394711377553,-64.9999944932455,37.9436748457163));
#7089=CARTESIAN_POINT('Ctrl Pts',(9.25988744036257,-65.,37.941711109003));
#7090=CARTESIAN_POINT('Ctrl Pts',(9.25582972152032,-65.,37.9397485333366));
#7091=CARTESIAN_POINT('Ctrl Pts',(13.5884844468952,-61.5,38.7803310753723));
#7092=CARTESIAN_POINT('Ctrl Pts',(13.5884844468952,-62.0952026298061,38.7803310753723));
#7093=CARTESIAN_POINT('Ctrl Pts',(13.3042141406662,-62.9714415269421,38.721499240679));
#7094=CARTESIAN_POINT('Ctrl Pts',(12.6778090219364,-63.7501526035297,38.5941710796358));
#7095=CARTESIAN_POINT('Ctrl Pts',(12.1695921633555,-64.1801111189252,38.4920033356945));
#7096=CARTESIAN_POINT('Ctrl Pts',(11.6505113474148,-64.4871645215298,38.3889986669542));
#7097=CARTESIAN_POINT('Ctrl Pts',(10.9776249665088,-64.7712425865041,38.2574440189078));
#7098=CARTESIAN_POINT('Ctrl Pts',(10.1731496695631,-64.9589178647188,38.1043050803012));
#7099=CARTESIAN_POINT('Ctrl Pts',(9.56605949804219,-64.9994089203323,37.9941811891221));
#7100=CARTESIAN_POINT('Ctrl Pts',(9.26441999315966,-64.9999958262247,37.9412540886835));
#7101=CARTESIAN_POINT('Ctrl Pts',(9.26012474723858,-65.,37.9405011847127));
#7102=CARTESIAN_POINT('Ctrl Pts',(9.25582972152031,-65.,37.9397485333366));
#7103=CARTESIAN_POINT('Ctrl Pts',(13.3477873669364,-61.5,37.7189011771452));
#7104=CARTESIAN_POINT('Ctrl Pts',(13.3477873669364,-62.0111337298042,37.7189011771452));
#7105=CARTESIAN_POINT('Ctrl Pts',(13.1392616972877,-62.7730359709245,37.7201537893363));
#7106=CARTESIAN_POINT('Ctrl Pts',(12.6262404295318,-63.5326717822413,37.7316316140825));
#7107=CARTESIAN_POINT('Ctrl Pts',(12.181758854025,-63.985872800784,37.745506118757));
#7108=CARTESIAN_POINT('Ctrl Pts',(11.7011358274843,-64.3370454490084,37.7649626877725));
#7109=CARTESIAN_POINT('Ctrl Pts',(11.0477457997849,-64.6849668026141,37.797576765506));
#7110=CARTESIAN_POINT('Ctrl Pts',(10.2240957823294,-64.939438453692,37.8509879885752));
#7111=CARTESIAN_POINT('Ctrl Pts',(9.58316183765144,-64.9991228021313,37.906889848667));
#7112=CARTESIAN_POINT('Ctrl Pts',(9.264895084225,-64.9999939761447,37.9388343396478));
#7113=CARTESIAN_POINT('Ctrl Pts',(9.26036205411459,-65.,37.9392912604225));
#7114=CARTESIAN_POINT('Ctrl Pts',(9.25582972152032,-65.,37.9397485333366));
#7115=CARTESIAN_POINT('Ctrl Pts',(13.1166670922893,-61.5,37.343751471309));
#7116=CARTESIAN_POINT('Ctrl Pts',(13.1166670922893,-61.9553703389739,37.343751471309));
#7117=CARTESIAN_POINT('Ctrl Pts',(12.9595776841582,-62.6403777856321,37.3598301038697));
#7118=CARTESIAN_POINT('Ctrl Pts',(12.5319168221814,-63.3827006398202,37.4085095713684));
#7119=CARTESIAN_POINT('Ctrl Pts',(12.1397798642826,-63.8491326174042,37.4566387531384));
#7120=CARTESIAN_POINT('Ctrl Pts',(11.6957158038106,-64.2292240529423,37.5157667477268));
#7121=CARTESIAN_POINT('Ctrl Pts',(11.068987187718,-64.6213770953218,37.6066823275506));
#7122=CARTESIAN_POINT('Ctrl Pts',(10.2464783344357,-64.9246800233114,37.7419090187902));
#7123=CARTESIAN_POINT('Ctrl Pts',(9.59054285543899,-64.9989090332462,37.8694202852514));
#7124=CARTESIAN_POINT('Ctrl Pts',(9.26509820519173,-64.9999925797076,37.9377978654358));
#7125=CARTESIAN_POINT('Ctrl Pts',(9.26046375706145,-65.,37.938772721441));
#7126=CARTESIAN_POINT('Ctrl Pts',(9.25582972152032,-65.,37.9397485333366));
#7127=CARTESIAN_POINT('',(12.5111781266621,-61.5,40.0649009782869));
#7128=CARTESIAN_POINT('',(9.25582972152032,-65.,37.9397485333366));
#7129=CARTESIAN_POINT('Ctrl Pts',(12.5111781266621,-61.5,40.0649009782869));
#7130=CARTESIAN_POINT('Ctrl Pts',(12.5111781266622,-61.9553703389748,40.0649009782869));
#7131=CARTESIAN_POINT('Ctrl Pts',(12.3786843703924,-62.6403777856323,39.9816818363262));
#7132=CARTESIAN_POINT('Ctrl Pts',(12.0182378640886,-63.3827006398205,39.7531685776389));
#7133=CARTESIAN_POINT('Ctrl Pts',(11.6878634671857,-63.8491326174044,39.5422452557736));
#7134=CARTESIAN_POINT('Ctrl Pts',(11.3138429620866,-64.2292240529425,39.3015508233684));
#7135=CARTESIAN_POINT('Ctrl Pts',(10.7859926764889,-64.6213770953219,38.9588804623977));
#7136=CARTESIAN_POINT('Ctrl Pts',(10.0929986080952,-64.9246800233116,38.502849305331));
#7137=CARTESIAN_POINT('Ctrl Pts',(9.53910305937157,-64.9989090332462,38.1313814408616));
#7138=CARTESIAN_POINT('Ctrl Pts',(9.26367417231646,-64.9999925797076,37.9450562795856));
#7139=CARTESIAN_POINT('Ctrl Pts',(9.25975183643343,-65.,37.9424024943117));
#7140=CARTESIAN_POINT('Ctrl Pts',(9.25582972152032,-65.,37.9397485333366));
#7141=CARTESIAN_POINT('',(13.1166670922893,-61.5,37.343751471309));
#7142=CARTESIAN_POINT('Ctrl Pts',(9.25582972152032,-65.,37.9397485333366));
#7143=CARTESIAN_POINT('Ctrl Pts',(9.26046375706145,-65.,37.938772721441));
#7144=CARTESIAN_POINT('Ctrl Pts',(9.26509820519173,-64.9999925797076,37.9377978654358));
#7145=CARTESIAN_POINT('Ctrl Pts',(9.59054285543899,-64.9989090332462,37.8694202852514));
#7146=CARTESIAN_POINT('Ctrl Pts',(10.2464783344357,-64.9246800233114,37.7419090187902));
#7147=CARTESIAN_POINT('Ctrl Pts',(11.068987187718,-64.6213770953218,37.6066823275506));
#7148=CARTESIAN_POINT('Ctrl Pts',(11.6957158038106,-64.2292240529423,37.5157667477268));
#7149=CARTESIAN_POINT('Ctrl Pts',(12.1397798642826,-63.8491326174042,37.4566387531384));
#7150=CARTESIAN_POINT('Ctrl Pts',(12.5319168221814,-63.3827006398202,37.4085095713684));
#7151=CARTESIAN_POINT('Ctrl Pts',(12.9595776841582,-62.6403777856321,37.3598301038697));
#7152=CARTESIAN_POINT('Ctrl Pts',(13.1166670922893,-61.9553703389739,37.343751471309));
#7153=CARTESIAN_POINT('Ctrl Pts',(13.1166670922893,-61.5,37.343751471309));
#7154=CARTESIAN_POINT('Origin',(11.4138752323165,-61.5,38.3927986016183));
#7155=CARTESIAN_POINT('Origin',(0.013650635810722,-61.5,45.5217803918848));
#7156=CARTESIAN_POINT('',(10.7127236241617,-61.5,34.3662499661612));
#7157=CARTESIAN_POINT('Origin',(0.013650635810722,-61.5,45.5217803918848));
#7158=CARTESIAN_POINT('',(8.29006870964652,-65.,36.8922632608951));
#7159=CARTESIAN_POINT('Origin',(8.29006870964652,-61.5,36.8922632608951));
#7160=CARTESIAN_POINT('Origin',(0.013650635810722,-65.,45.5217803918848));
#7161=CARTESIAN_POINT('Origin',(0.261174580842448,-61.5,45.2636962660069));
#7162=CARTESIAN_POINT('Origin',(0.261174580842448,-65.,45.2636962660069));
#7163=CARTESIAN_POINT('Origin',(0.261174580842448,-61.5,45.2636962660069));
#7164=CARTESIAN_POINT('Origin',(4.44089209850063E-15,-61.5,21.0000003129244));
#7165=CARTESIAN_POINT('Origin',(4.44089209850063E-15,-65.,21.0000003129244));
#7166=CARTESIAN_POINT('Origin',(4.44089209850063E-15,-61.5,21.0000003129244));
#7167=CARTESIAN_POINT('Origin',(-11.4038620036876,-40.,38.3993655752244));
#7168=CARTESIAN_POINT('',(-12.5002022499814,-40.,40.0720992851604));
#7169=CARTESIAN_POINT('',(-13.1007617928185,-40.,37.3408141567059));
#7170=CARTESIAN_POINT('Origin',(4.44089209850063E-15,-40.,21.0000003129244));
#7171=CARTESIAN_POINT('',(12.5111781266621,-40.,40.0649009782869));
#7172=CARTESIAN_POINT('Origin',(11.4138752323165,-40.,38.3927986016183));
#7173=CARTESIAN_POINT('',(13.1166670922893,-60.656356603159,37.343751471309));
#7174=CARTESIAN_POINT('',(13.1166670922893,-40.,37.343751471309));
#7175=CARTESIAN_POINT('Ctrl Pts',(12.809146067438,-61.1206334709269,39.8257044940828));
#7176=CARTESIAN_POINT('Ctrl Pts',(12.9130693659366,-61.0847511525154,39.7245107253592));
#7177=CARTESIAN_POINT('Ctrl Pts',(13.0059641913355,-61.0490538968594,39.6120307798442));
#7178=CARTESIAN_POINT('Ctrl Pts',(13.2320809848684,-60.9505196875143,39.267460338004));
#7179=CARTESIAN_POINT('Ctrl Pts',(13.3328991315451,-60.8906399686294,39.0168990275458));
#7180=CARTESIAN_POINT('Ctrl Pts',(13.4266632064909,-60.7890270387516,38.5043037509195));
#7181=CARTESIAN_POINT('Ctrl Pts',(13.4248981345996,-60.747293818811,38.2482358476471));
#7182=CARTESIAN_POINT('Ctrl Pts',(13.3280592212808,-60.6863724266655,37.7672072383153));
#7183=CARTESIAN_POINT('Ctrl Pts',(13.241009240472,-60.6662345363197,37.5455811047542));
#7184=CARTESIAN_POINT('Ctrl Pts',(13.1166670922893,-60.656356603159,37.343751471309));
#7185=CARTESIAN_POINT('Origin',(0.00500661431444671,-65.,36.9341904988411));
#7186=CARTESIAN_POINT('Origin',(0.261174580842448,-40.,45.2636962660069));
#7187=CARTESIAN_POINT('',(10.7127236241617,-60.4606570522502,34.3662499661612));
#7188=CARTESIAN_POINT('',(10.7127236241617,-40.,34.3662499661612));
#7189=CARTESIAN_POINT('',(11.6666951045557,-60.5599909796148,35.3690858721517));
#7190=CARTESIAN_POINT('Ctrl Pts',(11.6666951045559,-60.559990979617,35.3690858721572));
#7191=CARTESIAN_POINT('Ctrl Pts',(11.4820558080851,-60.5496478768921,35.1562520968434));
#7192=CARTESIAN_POINT('Ctrl Pts',(11.2917634975537,-60.5334997454778,34.9489511322461));
#7193=CARTESIAN_POINT('Ctrl Pts',(11.096153604276,-60.5112239063127,34.7474222887756));
#7194=CARTESIAN_POINT('Ctrl Pts',(10.9705120033193,-60.4969159792008,34.6179789047612));
#7195=CARTESIAN_POINT('Ctrl Pts',(10.842676827446,-60.4800791806058,34.4909170417561));
#7196=CARTESIAN_POINT('Ctrl Pts',(10.7127411114363,-60.4606175589467,34.3663026977413));
#7197=CARTESIAN_POINT('Ctrl Pts',(13.1166670922893,-60.656356603159,37.343751471309));
#7198=CARTESIAN_POINT('Ctrl Pts',(12.7659974874989,-60.6284988657123,36.7745517363067));
#7199=CARTESIAN_POINT('Ctrl Pts',(12.3778836972607,-60.6018533145988,36.229225022363));
#7200=CARTESIAN_POINT('Ctrl Pts',(11.8604948087037,-60.5710165192521,35.5958506554375));
#7201=CARTESIAN_POINT('Ctrl Pts',(11.7644247692254,-60.5654655886534,35.4817388874649));
#7202=CARTESIAN_POINT('Ctrl Pts',(11.6666951045531,-60.5599909796168,35.3690858721539));
#7203=CARTESIAN_POINT('Origin',(0.013650635810722,-40.,45.5217803918848));
#7204=CARTESIAN_POINT('Ctrl Pts',(10.7127411114363,-60.4606175589467,34.3663026977413));
#7205=CARTESIAN_POINT('Ctrl Pts',(10.516168964108,-60.431175278302,34.1777812115068));
#7206=CARTESIAN_POINT('Ctrl Pts',(10.3152629594825,-60.395738425348,33.9950801749225));
#7207=CARTESIAN_POINT('Ctrl Pts',(10.1104017644654,-60.3540077866151,33.8183489553423));
#7208=CARTESIAN_POINT('Ctrl Pts',(9.98557005316041,-60.328579315174,33.7106581816974));
#7209=CARTESIAN_POINT('Ctrl Pts',(9.85926991558096,-60.3008130673786,33.6051842202811));
#7210=CARTESIAN_POINT('Ctrl Pts',(9.73158968818839,-60.2706323685622,33.5019631660594));
#7211=CARTESIAN_POINT('Ctrl Pts',(6.02974326680793,-39.4759405502473,-1.77635683940025E-14));
#7212=CARTESIAN_POINT('Ctrl Pts',(41.9028272070076,-33.9965147700628,-1.77635683940025E-14));
#7213=CARTESIAN_POINT('Ctrl Pts',(39.8711582241077,2.23571645304972,-1.77635683940025E-14));
#7214=CARTESIAN_POINT('Ctrl Pts',(37.8394892412078,38.4679476761622,-1.77635683940025E-14));
#7215=CARTESIAN_POINT('Ctrl Pts',(1.57871005200651,39.9025733601476,-1.77635683940025E-14));
#7216=CARTESIAN_POINT('Ctrl Pts',(9.88591496784298,-64.7217923362707,20.5379125413657));
#7217=CARTESIAN_POINT('Ctrl Pts',(68.7007337378715,-55.738136658309,20.5379125413657));
#7218=CARTESIAN_POINT('Ctrl Pts',(65.3697616020736,3.66551306897642,20.5379125413657));
#7219=CARTESIAN_POINT('Ctrl Pts',(62.0387894662756,63.0691627962618,20.5379125413657));
#7220=CARTESIAN_POINT('Ctrl Pts',(2.58833463423353,65.4212675037101,20.5379125413657));
#7221=CARTESIAN_POINT('Ctrl Pts',(9.48414056246208,-62.0914278514784,53.2020932926234));
#7222=CARTESIAN_POINT('Ctrl Pts',(65.9086607191829,-53.4728777737469,53.2020932926234));
#7223=CARTESIAN_POINT('Ctrl Pts',(62.7130629370541,3.51654260559551,53.2020932926234));
#7224=CARTESIAN_POINT('Ctrl Pts',(59.5174651549254,60.5059629849379,53.2020932926234));
#7225=CARTESIAN_POINT('Ctrl Pts',(2.48314188151629,62.76247558247,53.2020932926234));
#7226=CARTESIAN_POINT('Ctrl Pts',(9.08236615708118,-59.461063366686,85.8662740438812));
#7227=CARTESIAN_POINT('Ctrl Pts',(63.1165877004942,-51.2076188891848,85.8662740438812));
#7228=CARTESIAN_POINT('Ctrl Pts',(60.0563642720347,3.36757214221459,85.8662740438812));
#7229=CARTESIAN_POINT('Ctrl Pts',(56.9961408435751,57.942763173614,85.8662740438812));
#7230=CARTESIAN_POINT('Ctrl Pts',(2.37794912879905,60.1036836612298,85.8662740438812));
#7231=CARTESIAN_POINT('Ctrl Pts',(4.77512769044946,-31.2621364603826,102.000001519918));
#7232=CARTESIAN_POINT('Ctrl Pts',(33.1840580353975,-26.922821067843,102.000001519918));
#7233=CARTESIAN_POINT('Ctrl Pts',(31.5751207409232,1.77052837418778,102.000001519918));
#7234=CARTESIAN_POINT('Ctrl Pts',(29.9661834464488,30.4638778162186,102.000001519918));
#7235=CARTESIAN_POINT('Ctrl Pts',(1.2502260462771,31.599999293685,102.000001519918));
#7236=CARTESIAN_POINT('',(6.02974326685551,-39.4759405503321,1.46505585441048E-10));
#7237=CARTESIAN_POINT('Ctrl Pts',(6.02973944354838,-39.4759155223571,3.14792848038481E-5));
#7238=CARTESIAN_POINT('Ctrl Pts',(6.43630159413007,-39.7816870931485,0.292519003172682));
#7239=CARTESIAN_POINT('Ctrl Pts',(6.81662850230757,-40.1037343021808,0.60535664929039));
#7240=CARTESIAN_POINT('Ctrl Pts',(7.17401986321967,-40.4351482584135,0.933454122509314));
#7241=CARTESIAN_POINT('Ctrl Pts',(7.24330644819639,-40.4993986677754,0.997061573458355));
#7242=CARTESIAN_POINT('Ctrl Pts',(7.31173090153961,-40.5640012041005,1.06124264155673));
#7243=CARTESIAN_POINT('Ctrl Pts',(7.37931711757137,-40.628905631663,1.12596034643507));
#7244=CARTESIAN_POINT('Ctrl Pts',(7.79404751901424,-41.0271797307153,1.52308865603071));
#7245=CARTESIAN_POINT('Ctrl Pts',(8.17721884516078,-41.4368200387024,1.94042157818268));
#7246=CARTESIAN_POINT('Ctrl Pts',(8.53369854018217,-41.852536338444,2.37424676588246));
#7247=CARTESIAN_POINT('Ctrl Pts',(8.71887810026816,-42.0684873802055,2.59960478356044));
#7248=CARTESIAN_POINT('Ctrl Pts',(8.89685415508793,-42.2860782886441,2.82941361753606));
#7249=CARTESIAN_POINT('Ctrl Pts',(9.06830429427696,-42.5045684809099,3.06315511286083));
#7250=CARTESIAN_POINT('Ctrl Pts',(9.4188162130072,-42.9512488795207,3.54101520910043));
#7251=CARTESIAN_POINT('Ctrl Pts',(9.74205500817592,-43.4016881640022,4.03531114801536));
#7252=CARTESIAN_POINT('Ctrl Pts',(10.0412764593833,-43.8530143133793,4.54399132155747));
#7253=CARTESIAN_POINT('Ctrl Pts',(10.4015732831876,-44.3964625770792,5.15650038506194));
#7254=CARTESIAN_POINT('Ctrl Pts',(10.7266386562941,-44.941108431687,5.78969047933241));
#7255=CARTESIAN_POINT('Ctrl Pts',(11.0221852822192,-45.4817356778343,6.43974978871852));
#7256=CARTESIAN_POINT('Ctrl Pts',(11.183389111602,-45.7766170085714,6.79432006902874));
#7257=CARTESIAN_POINT('Ctrl Pts',(11.3358118292032,-46.0703029864015,7.15390946526819));
#7258=CARTESIAN_POINT('Ctrl Pts',(11.4803859066432,-46.3619486315201,7.5179022343497));
#7259=CARTESIAN_POINT('Ctrl Pts',(11.7849446962595,-46.9763274070729,8.28468697988349));
#7260=CARTESIAN_POINT('Ctrl Pts',(12.0546705414722,-47.5816508504616,9.0710104939754));
#7261=CARTESIAN_POINT('Ctrl Pts',(12.2921149829974,-48.1758076722658,9.87488350882356));
#7262=CARTESIAN_POINT('Ctrl Pts',(12.5517032629497,-48.8253749832685,10.753724941725));
#7263=CARTESIAN_POINT('Ctrl Pts',(12.772710268073,-49.4615955877525,11.6535412267414));
#7264=CARTESIAN_POINT('Ctrl Pts',(12.9585091085861,-50.0817301878752,12.5717808270617));
#7265=CARTESIAN_POINT('Ctrl Pts',(13.129879341873,-50.653706906346,13.4187125629418));
#7266=CARTESIAN_POINT('Ctrl Pts',(13.2712992480214,-51.2119992595654,14.2813179136755));
#7267=CARTESIAN_POINT('Ctrl Pts',(13.3854181412127,-51.7544722433894,15.1576312308373));
#7268=CARTESIAN_POINT('Ctrl Pts',(13.5025019462664,-52.3110391650334,16.056711959043));
#7269=CARTESIAN_POINT('Ctrl Pts',(13.5898995574498,-52.851117131421,16.9700958273687));
#7270=CARTESIAN_POINT('Ctrl Pts',(13.6503614984911,-53.3724250948397,17.8956409564264));
#7271=CARTESIAN_POINT('Ctrl Pts',(13.7180055195907,-53.955657559255,18.9311286228874));
#7272=CARTESIAN_POINT('Ctrl Pts',(13.7519363553477,-54.5153962416401,19.981837895239));
#7273=CARTESIAN_POINT('Ctrl Pts',(13.7513250989569,-55.0505587137166,21.0447766138619));
#7274=CARTESIAN_POINT('Ctrl Pts',(13.750751356474,-55.5528772990537,22.0424808649969));
#7275=CARTESIAN_POINT('Ctrl Pts',(13.7197469047841,-56.033543733553,23.0509603737592));
#7276=CARTESIAN_POINT('Ctrl Pts',(13.6576039127357,-56.4916588668258,24.0677783355178));
#7277=CARTESIAN_POINT('Ctrl Pts',(13.6336676726191,-56.6681156718432,24.4594363179435));
#7278=CARTESIAN_POINT('Ctrl Pts',(13.6051112324373,-56.8412266348338,24.8523317753257));
#7279=CARTESIAN_POINT('Ctrl Pts',(13.5718924053115,-57.0109401742525,25.246326708504));
#7280=CARTESIAN_POINT('Ctrl Pts',(13.4673794407611,-57.5448923532944,26.4859122702843));
#7281=CARTESIAN_POINT('Ctrl Pts',(13.3164448744939,-58.045000899717,27.7356946930619));
#7282=CARTESIAN_POINT('Ctrl Pts',(13.1175529701934,-58.5097659398302,28.9912236862753));
#7283=CARTESIAN_POINT('Ctrl Pts',(13.0938474513907,-58.565160333262,29.1408676160298));
#7284=CARTESIAN_POINT('Ctrl Pts',(13.0694606174003,-58.6200526059943,29.2905931945365));
#7285=CARTESIAN_POINT('Ctrl Pts',(13.0443898320421,-58.6744401862538,29.4403928968267));
#7286=CARTESIAN_POINT('Ctrl Pts',(12.838610667864,-59.1208494489699,30.6699378468943));
#7287=CARTESIAN_POINT('Ctrl Pts',(12.5867564535584,-59.5332603642587,31.9044763704977));
#7288=CARTESIAN_POINT('Ctrl Pts',(12.2815630636873,-59.9112278171563,33.1361148479103));
#7289=CARTESIAN_POINT('Ctrl Pts',(12.0967150943099,-60.1401532083267,33.8820873332674));
#7290=CARTESIAN_POINT('Ctrl Pts',(11.8922994473137,-60.3564426293753,34.6269960595657));
#7291=CARTESIAN_POINT('Ctrl Pts',(11.6666951045575,-60.5599909796156,35.3690858721521));
#7292=CARTESIAN_POINT('',(11.2676035252383,38.3112098084661,0.));
#7293=CARTESIAN_POINT('Origin',(0.,0.,0.));
#7294=CARTESIAN_POINT('Ctrl Pts',(11.2676035252383,38.3112098084661,-1.80411241501588E-14));
#7295=CARTESIAN_POINT('Ctrl Pts',(15.5918002869462,39.5808686322663,1.96075246787262));
#7296=CARTESIAN_POINT('Ctrl Pts',(19.2495153601302,41.3629303206188,4.90805850159883));
#7297=CARTESIAN_POINT('Ctrl Pts',(22.2837374758494,43.1016130675122,8.40418778633855));
#7298=CARTESIAN_POINT('Ctrl Pts',(25.9085291431469,45.1787064682765,12.5807904923391));
#7299=CARTESIAN_POINT('Ctrl Pts',(28.6569617876587,47.1887645613591,17.5246407372537));
#7300=CARTESIAN_POINT('Ctrl Pts',(30.7236655867407,48.7292853648737,22.8905453314639));
#7301=CARTESIAN_POINT('Ctrl Pts',(33.0586748556243,50.4698010385334,28.9530671930828));
#7302=CARTESIAN_POINT('Ctrl Pts',(34.5169958906,51.6191633970307,35.5886639253955));
#7303=CARTESIAN_POINT('Ctrl Pts',(35.1743785792467,51.9483909219294,42.3130020103545));
#7304=CARTESIAN_POINT('Ctrl Pts',(35.92492093684,52.324274265056,49.9902661773346));
#7305=CARTESIAN_POINT('Ctrl Pts',(35.6411740970743,51.6325768710253,57.859748459896));
#7306=CARTESIAN_POINT('Ctrl Pts',(34.3028341372184,49.964276475721,65.2743949534215));
#7307=CARTESIAN_POINT('Ctrl Pts',(33.1884358981699,48.5751294140647,71.4483636335777));
#7308=CARTESIAN_POINT('Ctrl Pts',(31.3400229945784,46.5049115158509,77.3470480557841));
#7309=CARTESIAN_POINT('Ctrl Pts',(28.6375760953712,44.0543803891429,82.6092575366001));
#7310=CARTESIAN_POINT('Ctrl Pts',(26.4562347464103,42.0763785733915,86.8567693492337));
#7311=CARTESIAN_POINT('Ctrl Pts',(23.7184262456662,39.8469325774708,90.6957745129739));
#7312=CARTESIAN_POINT('Ctrl Pts',(20.2853887392698,37.7312328572082,93.8762455244336));
#7313=CARTESIAN_POINT('Ctrl Pts',(17.8960298234148,36.2587275378044,96.0898207486165));
#7314=CARTESIAN_POINT('Ctrl Pts',(15.1671876982471,34.8492876790108,97.9772630406306));
#7315=CARTESIAN_POINT('Ctrl Pts',(12.0952656084778,33.7427623008831,99.3839955107469));
#7316=CARTESIAN_POINT('Ctrl Pts',(9.32928654956494,32.7464394988661,100.650626772911));
#7317=CARTESIAN_POINT('Ctrl Pts',(6.30725855132867,32.0173264445947,101.508666549068));
#7318=CARTESIAN_POINT('Ctrl Pts',(3.16447399527788,31.7244013357171,101.853769319125));
#7319=CARTESIAN_POINT('Ctrl Pts',(2.53200523385499,31.6654517076095,101.923219425439));
#7320=CARTESIAN_POINT('Ctrl Pts',(1.89380676468531,31.6236778216803,101.972227990039));
#7321=CARTESIAN_POINT('Ctrl Pts',(1.25039597815479,31.5999992936849,101.999997720122));
#7322=CARTESIAN_POINT('',(45.8265344419028,-43.2478113358657,48.9068410197486));
#7323=CARTESIAN_POINT('Ctrl Pts',(45.8265344419028,-43.2478113358657,48.9068410197487));
#7324=CARTESIAN_POINT('Ctrl Pts',(45.6246926169291,-43.4412126936465,50.1055412510849));
#7325=CARTESIAN_POINT('Ctrl Pts',(45.4033992844111,-43.6016686561787,51.306307454946));
#7326=CARTESIAN_POINT('Ctrl Pts',(45.1625521850176,-43.7294200805234,52.5066285257877));
#7327=CARTESIAN_POINT('Ctrl Pts',(44.9792091623468,-44.1189314093386,49.341637754973));
#7328=CARTESIAN_POINT('Ctrl Pts',(45.2671462342648,-43.8290077247819,49.2062106928816));
#7329=CARTESIAN_POINT('Ctrl Pts',(45.549749343025,-43.5384591092927,49.0614583970977));
#7330=CARTESIAN_POINT('Ctrl Pts',(45.826534432182,-43.2478113468149,48.906840981765));
#7331=CARTESIAN_POINT('',(54.135618713349,0.,80.1076288240717));
#7332=CARTESIAN_POINT('',(53.9978487669485,-6.00000001987696,79.7827108264007));
#7333=CARTESIAN_POINT('Ctrl Pts',(54.1356187133489,0.,80.1076288240716));
#7334=CARTESIAN_POINT('Ctrl Pts',(54.1356187133489,-1.31033278172863,80.1076288240716));
#7335=CARTESIAN_POINT('Ctrl Pts',(54.1161369142957,-2.6192768881308,80.0611121837433));
#7336=CARTESIAN_POINT('Ctrl Pts',(54.0561351729295,-4.6186803318505,79.9194270347666));
#7337=CARTESIAN_POINT('Ctrl Pts',(54.0298015960397,-5.31015620365659,79.8574235548567));
#7338=CARTESIAN_POINT('Ctrl Pts',(53.9978487678566,-6.00000002014898,79.782710828524));
#7339=CARTESIAN_POINT('',(52.5929547439392,-8.,81.6135312082428));
#7340=CARTESIAN_POINT('Ctrl Pts',(53.9978487678566,-6.00000002014898,79.782710828524));
#7341=CARTESIAN_POINT('Ctrl Pts',(53.9878233496889,-6.21644320123614,79.7592692056901));
#7342=CARTESIAN_POINT('Ctrl Pts',(53.9550231059085,-6.43162826249111,79.7719507166805));
#7343=CARTESIAN_POINT('Ctrl Pts',(53.8454441989715,-6.84571909289329,79.8695867331433));
#7344=CARTESIAN_POINT('Ctrl Pts',(53.7699678673531,-7.03693682145189,79.9538716233315));
#7345=CARTESIAN_POINT('Ctrl Pts',(53.5753439196594,-7.39863817355559,80.194411172279));
#7346=CARTESIAN_POINT('Ctrl Pts',(53.453985278296,-7.55728975742115,80.3561874940226));
#7347=CARTESIAN_POINT('Ctrl Pts',(53.1643147759816,-7.8304529807733,80.7596549926491));
#7348=CARTESIAN_POINT('Ctrl Pts',(52.9929584405479,-7.92605541513865,81.0091258823113));
#7349=CARTESIAN_POINT('Ctrl Pts',(52.7450653586598,-7.9902796867959,81.3809796258677));
#7350=CARTESIAN_POINT('Ctrl Pts',(52.6687180427932,-8.00000000009165,81.4970017530445));
#7351=CARTESIAN_POINT('Ctrl Pts',(52.5929547439392,-8.,81.6135312082428));
#7352=CARTESIAN_POINT('',(36.1827534292456,-8.,98.5426661889666));
#7353=CARTESIAN_POINT('Ctrl Pts',(52.5929547439392,-8.,81.6135312082428));
#7354=CARTESIAN_POINT('Ctrl Pts',(50.2165086974527,-7.99999999999999,85.26867779298));
#7355=CARTESIAN_POINT('Ctrl Pts',(47.3238291751373,-8.,88.8353861880849));
#7356=CARTESIAN_POINT('Ctrl Pts',(44.0505757564068,-8.,92.0371073797458));
#7357=CARTESIAN_POINT('Ctrl Pts',(41.595635692359,-8.,94.4383982734914));
#7358=CARTESIAN_POINT('Ctrl Pts',(38.9266228115777,-7.99999999999999,96.6343838652997));
#7359=CARTESIAN_POINT('Ctrl Pts',(36.1827534292456,-8.,98.5426661889666));
#7360=CARTESIAN_POINT('',(34.6469458410616,-6.00000000000048,99.8393686966877));
#7361=CARTESIAN_POINT('Ctrl Pts',(36.1827534292456,-8.,98.5426661889666));
#7362=CARTESIAN_POINT('Ctrl Pts',(36.1345390201611,-8.,98.5761979252784));
#7363=CARTESIAN_POINT('Ctrl Pts',(36.0864871393098,-7.99741334940193,98.6099117432319));
#7364=CARTESIAN_POINT('Ctrl Pts',(36.0080577174713,-7.98892959767025,98.6654248462069));
#7365=CARTESIAN_POINT('Ctrl Pts',(35.9775190164538,-7.98454828388398,98.6871633587403));
#7366=CARTESIAN_POINT('Ctrl Pts',(35.9241049844762,-7.97498047930339,98.7254024840594));
#7367=CARTESIAN_POINT('Ctrl Pts',(35.9011608246661,-7.97024280431561,98.7418997944881));
#7368=CARTESIAN_POINT('Ctrl Pts',(35.853879071788,-7.95917311921774,98.7760452788933));
#7369=CARTESIAN_POINT('Ctrl Pts',(35.8295665175773,-7.95275240690598,98.7936861510945));
#7370=CARTESIAN_POINT('Ctrl Pts',(35.7678001754489,-7.93456563597122,98.8387167313272));
#7371=CARTESIAN_POINT('Ctrl Pts',(35.7306080534175,-7.92182259150089,98.8660358267129));
#7372=CARTESIAN_POINT('Ctrl Pts',(35.5945535349058,-7.86848840335874,98.9667391431666));
#7373=CARTESIAN_POINT('Ctrl Pts',(35.4992002857683,-7.81763993219666,99.0388520213152));
#7374=CARTESIAN_POINT('Ctrl Pts',(35.2274771075461,-7.63045139796564,99.2491719428053));
#7375=CARTESIAN_POINT('Ctrl Pts',(35.0701940566093,-7.46162048897273,99.3778102451017));
#7376=CARTESIAN_POINT('Ctrl Pts',(34.8460432144021,-7.09536203880392,99.5755111286486));
#7377=CARTESIAN_POINT('Ctrl Pts',(34.7689557050799,-6.91206709992996,99.6500615709884));
#7378=CARTESIAN_POINT('Ctrl Pts',(34.6578116839272,-6.48712026539816,99.7759647522423));
#7379=CARTESIAN_POINT('Ctrl Pts',(34.633914668827,-6.24447942999396,99.8203756910025));
#7380=CARTESIAN_POINT('Ctrl Pts',(34.6469458410616,-6.0000000000004,99.8393686966877));
#7381=CARTESIAN_POINT('',(34.8064697628708,0.,100.071875696004));
#7382=CARTESIAN_POINT('Ctrl Pts',(34.6469458410616,-6.00000000000047,99.8393686966877));
#7383=CARTESIAN_POINT('Ctrl Pts',(34.7557712265186,-3.95831351728246,99.9979822985545));
#7384=CARTESIAN_POINT('Ctrl Pts',(34.8064697628708,-1.94593347437413,100.071875696004));
#7385=CARTESIAN_POINT('Ctrl Pts',(34.8064697628708,0.,100.071875696004));
#7386=CARTESIAN_POINT('',(38.7784779817396,5.,97.023223239847));
#7387=CARTESIAN_POINT('Ctrl Pts',(34.8064697628708,3.46944695195361E-16,
100.071875696004));
#7388=CARTESIAN_POINT('Ctrl Pts',(34.8064697628708,0.369186582916318,100.071875696004));
#7389=CARTESIAN_POINT('Ctrl Pts',(34.8389915191011,0.737228608545248,100.047000783159));
#7390=CARTESIAN_POINT('Ctrl Pts',(34.9726763252103,1.4844525129484,99.9447213445027));
#7391=CARTESIAN_POINT('Ctrl Pts',(35.078306012525,1.85973968243924,99.8638980979404));
#7392=CARTESIAN_POINT('Ctrl Pts',(35.4101662609123,2.70423582276178,99.6098502711623));
#7393=CARTESIAN_POINT('Ctrl Pts',(35.6645208078588,3.15021872114352,99.415059376501));
#7394=CARTESIAN_POINT('Ctrl Pts',(36.2450268923517,3.88058797176545,98.9700727971336));
#7395=CARTESIAN_POINT('Ctrl Pts',(36.5576974976796,4.17310899145789,98.7302440636126));
#7396=CARTESIAN_POINT('Ctrl Pts',(37.1363098400732,4.56468934553692,98.2860277147709));
#7397=CARTESIAN_POINT('Ctrl Pts',(37.3860677430059,4.69451509443097,98.0941771502552));
#7398=CARTESIAN_POINT('Ctrl Pts',(37.7748187961867,4.84052032207183,97.7953773021889));
#7399=CARTESIAN_POINT('Ctrl Pts',(37.907286410999,4.88105881102446,97.6935309921458));
#7400=CARTESIAN_POINT('Ctrl Pts',(38.1221116921618,4.93222900469768,97.5283155932005));
#7401=CARTESIAN_POINT('Ctrl Pts',(38.2035480107939,4.94833678092278,97.4656743632304));
#7402=CARTESIAN_POINT('Ctrl Pts',(38.3580964318646,4.97272282243625,97.3467737973988));
#7403=CARTESIAN_POINT('Ctrl Pts',(38.431110129738,4.98166249387248,97.2905924841122));
#7404=CARTESIAN_POINT('Ctrl Pts',(38.5955452524083,4.99601364091227,97.1640460130695));
#7405=CARTESIAN_POINT('Ctrl Pts',(38.687001366534,5.,97.0936492665031));
#7406=CARTESIAN_POINT('Ctrl Pts',(38.7784779817396,5.,97.023223239847));
#7407=CARTESIAN_POINT('',(50.6471188360962,5.,84.952742799504));
#7408=CARTESIAN_POINT('Ctrl Pts',(38.7784779817396,5.,97.023223239847));
#7409=CARTESIAN_POINT('Ctrl Pts',(39.891999598067,5.,96.1659450944182));
#7410=CARTESIAN_POINT('Ctrl Pts',(40.9713457554966,5.,95.2739093954196));
#7411=CARTESIAN_POINT('Ctrl Pts',(43.4738686003731,5.,93.0614278876905));
#7412=CARTESIAN_POINT('Ctrl Pts',(44.8493708490699,5.,91.7186289197352));
#7413=CARTESIAN_POINT('Ctrl Pts',(47.3560602576991,5.,89.0499390925245));
#7414=CARTESIAN_POINT('Ctrl Pts',(48.604544954803,5.,87.6003293155069));
#7415=CARTESIAN_POINT('Ctrl Pts',(50.0880088652823,5.,85.6960340324788));
#7416=CARTESIAN_POINT('Ctrl Pts',(50.3691627773568,5.,85.326668410364));
#7417=CARTESIAN_POINT('Ctrl Pts',(50.6471188360975,5.,84.952742799505));
#7418=CARTESIAN_POINT('Ctrl Pts',(50.6471188361035,5.,84.9527427994969));
#7419=CARTESIAN_POINT('Ctrl Pts',(50.9630446416293,4.99999999999893,84.5277376733179));
#7420=CARTESIAN_POINT('Ctrl Pts',(51.2771122337721,4.9422072011055,84.1014090035219));
#7421=CARTESIAN_POINT('Ctrl Pts',(52.0654854493151,4.64002032876473,83.0223657453991));
#7422=CARTESIAN_POINT('Ctrl Pts',(52.5248962301692,4.3052890486602,82.3844113457016));
#7423=CARTESIAN_POINT('Ctrl Pts',(53.2501235643576,3.41918867791686,81.3675269139073));
#7424=CARTESIAN_POINT('Ctrl Pts',(53.5319294001162,2.92002490938087,80.9683185231351));
#7425=CARTESIAN_POINT('Ctrl Pts',(53.8695854626325,1.98179566428363,80.4879875973004));
#7426=CARTESIAN_POINT('Ctrl Pts',(53.9689009661665,1.60248257534309,80.3461278492449));
#7427=CARTESIAN_POINT('Ctrl Pts',(54.1018540789299,0.81192780137773,80.1560290072383));
#7428=CARTESIAN_POINT('Ctrl Pts',(54.1356187133489,0.407869588317856,80.1076288240715));
#7429=CARTESIAN_POINT('Ctrl Pts',(54.1356187133489,0.,80.1076288240715));
#7430=CARTESIAN_POINT('',(54.7629356699406,-6.84689801293949,78.2909997991976));
#7431=CARTESIAN_POINT('',(54.7629356699406,6.84689801293949,78.2909997991976));
#7432=CARTESIAN_POINT('Ctrl Pts',(54.7629356699407,-6.84689801293946,78.2909997991975));
#7433=CARTESIAN_POINT('Ctrl Pts',(55.3216862988018,-6.01100259871685,77.4825763111811));
#7434=CARTESIAN_POINT('Ctrl Pts',(55.8481154162032,-5.05582597792926,76.6702518771512));
#7435=CARTESIAN_POINT('Ctrl Pts',(56.5580870381024,-3.19123657595576,75.5292937978204));
#7436=CARTESIAN_POINT('Ctrl Pts',(56.805063974607,-2.28298440234179,75.1139163149111));
#7437=CARTESIAN_POINT('Ctrl Pts',(57.0037965853498,-0.648619684209448,74.7773110119571));
#7438=CARTESIAN_POINT('Ctrl Pts',(57.02420176026,0.00755992240445147,74.7421934103126));
#7439=CARTESIAN_POINT('Ctrl Pts',(56.9311588733611,1.48955186491588,74.9005187546252));
#7440=CARTESIAN_POINT('Ctrl Pts',(56.7890859644145,2.26167551058264,75.1424223825652));
#7441=CARTESIAN_POINT('Ctrl Pts',(56.1720856689179,4.454129485562,76.1599508656448));
#7442=CARTESIAN_POINT('Ctrl Pts',(55.4862684808189,5.76478633674812,77.2444520124705));
#7443=CARTESIAN_POINT('Ctrl Pts',(54.7629356699407,6.84689801293949,78.2909997991975));
#7444=CARTESIAN_POINT('',(56.000000834465,27.005621358006,38.0000005662441));
#7445=CARTESIAN_POINT('Ctrl Pts',(54.7629356699406,6.84689801293949,78.2909997991976));
#7446=CARTESIAN_POINT('Ctrl Pts',(56.9735628272394,10.034320079372,73.6474374225908));
#7447=CARTESIAN_POINT('Ctrl Pts',(59.4688505104711,13.8051165004795,66.5142424740534));
#7448=CARTESIAN_POINT('Ctrl Pts',(59.7401231376749,21.1940056743696,50.9670866162036));
#7449=CARTESIAN_POINT('Ctrl Pts',(58.5343755377338,24.1685633454726,44.2917121086052));
#7450=CARTESIAN_POINT('Ctrl Pts',(56.0000008344702,27.0056213579944,38.000000566242));
#7451=CARTESIAN_POINT('',(56.000000834465,-27.005621358006,38.0000005662441));
#7452=CARTESIAN_POINT('Ctrl Pts',(56.000000834465,27.0056213580061,38.0000005662441));
#7453=CARTESIAN_POINT('Ctrl Pts',(57.0748265182574,22.558214796974,32.2279124238238));
#7454=CARTESIAN_POINT('Ctrl Pts',(56.685695599565,18.2709929422564,26.8564610124136));
#7455=CARTESIAN_POINT('Ctrl Pts',(54.9286576326173,11.3906050294335,19.4909240640122));
#7456=CARTESIAN_POINT('Ctrl Pts',(54.0327891755723,8.95364178841584,17.2073118051189));
#7457=CARTESIAN_POINT('Ctrl Pts',(52.9412623590973,5.60877843890869,14.779900369538));
#7458=CARTESIAN_POINT('Ctrl Pts',(52.5341839734912,4.3030144433078,13.9714636984774));
#7459=CARTESIAN_POINT('Ctrl Pts',(52.1506132900536,2.34296712329481,13.24578146712));
#7460=CARTESIAN_POINT('Ctrl Pts',(52.0608652765303,1.74050975137283,13.0809531818582));
#7461=CARTESIAN_POINT('Ctrl Pts',(51.9771677474762,0.703413671573331,12.9279103569945));
#7462=CARTESIAN_POINT('Ctrl Pts',(51.9617709980595,0.288439199549545,12.9000392487727));
#7463=CARTESIAN_POINT('Ctrl Pts',(51.9700165982783,-0.570635424945813,12.9150285644502));
#7464=CARTESIAN_POINT('Ctrl Pts',(51.9954514900525,-1.00362664910479,12.9611354889915));
#7465=CARTESIAN_POINT('Ctrl Pts',(52.1149680730997,-2.16799061622225,13.1805096610513));
#7466=CARTESIAN_POINT('Ctrl Pts',(52.2430112003081,-2.8735025427501,13.4175277745451));
#7467=CARTESIAN_POINT('Ctrl Pts',(53.0284963357739,-6.32018036888855,14.9310099952436));
#7468=CARTESIAN_POINT('Ctrl Pts',(54.2903854066934,-9.38394148759957,17.5171643298274));
#7469=CARTESIAN_POINT('Ctrl Pts',(56.5447319639001,-17.2485288841931,25.5924692075092));
#7470=CARTESIAN_POINT('Ctrl Pts',(57.2093773271667,-22.0014713553544,31.5053402520103));
#7471=CARTESIAN_POINT('Ctrl Pts',(56.000000834465,-27.0056213580061,38.0000005662441));
#7472=CARTESIAN_POINT('Ctrl Pts',(56.0000008344702,-27.0056213579944,38.000000566242));
#7473=CARTESIAN_POINT('Ctrl Pts',(57.5876344146573,-25.2283748585648,41.9413800744272));
#7474=CARTESIAN_POINT('Ctrl Pts',(58.6576438458079,-23.3912707216826,46.0430058245992));
#7475=CARTESIAN_POINT('Ctrl Pts',(59.7394130455417,-19.6220117890766,54.273691055683));
#7476=CARTESIAN_POINT('Ctrl Pts',(59.7685688029272,-17.7082564620327,58.3694643607891));
#7477=CARTESIAN_POINT('Ctrl Pts',(58.5429743222437,-12.3821592373756,69.164379470204));
#7478=CARTESIAN_POINT('Ctrl Pts',(56.5309756272346,-9.39616985898848,74.577119871992));
#7479=CARTESIAN_POINT('Ctrl Pts',(54.7629356699406,-6.8468980129395,78.2909997991976));
#7480=CARTESIAN_POINT('Ctrl Pts',(9.4459492277392,-60.6041000350707,34.6783001034773));
#7481=CARTESIAN_POINT('Ctrl Pts',(9.93045584218603,-60.0849148790523,32.7875887479823));
#7482=CARTESIAN_POINT('Ctrl Pts',(11.0232973722767,-58.2690270197454,27.0575460338615));
#7483=CARTESIAN_POINT('Ctrl Pts',(11.404751600157,-53.9808151752658,17.6970619281434));
#7484=CARTESIAN_POINT('Ctrl Pts',(10.0589797221863,-48.2488150466173,9.27270419133828));
#7485=CARTESIAN_POINT('Ctrl Pts',(7.85411966908136,-43.8480697023732,4.22075307643759));
#7486=CARTESIAN_POINT('Ctrl Pts',(6.04802171458584,-41.4225611028331,1.72125280082317));
#7487=CARTESIAN_POINT('Ctrl Pts',(4.90806130341927,-40.3117298778904,0.651532144319341));
#7488=CARTESIAN_POINT('Ctrl Pts',(4.26334361529362,-39.8210412067978,0.190639171881941));
#7489=CARTESIAN_POINT('Ctrl Pts',(10.1908688185829,-60.6622295695576,34.8899898439675));
#7490=CARTESIAN_POINT('Ctrl Pts',(10.7138114166847,-60.1411049579625,32.9703131566008));
#7491=CARTESIAN_POINT('Ctrl Pts',(11.8933346557456,-58.3123403494646,27.1518645044923));
#7492=CARTESIAN_POINT('Ctrl Pts',(12.3036859433441,-53.965141124477,17.6482255712997));
#7493=CARTESIAN_POINT('Ctrl Pts',(10.8475315408071,-48.1314461327973,9.10950723606419));
#7494=CARTESIAN_POINT('Ctrl Pts',(8.46646420390995,-43.6487053291611,4.00082669955199));
#7495=CARTESIAN_POINT('Ctrl Pts',(6.51786794335321,-41.177660016354,1.47652809792058));
#7496=CARTESIAN_POINT('Ctrl Pts',(5.28867797992726,-40.0459353596903,0.397185126284582));
#7497=CARTESIAN_POINT('Ctrl Pts',(4.59371307024245,-39.5460141859051,-0.0676876015436663));
#7498=CARTESIAN_POINT('Ctrl Pts',(10.9357708013227,-60.6474341248346,35.1216992412965));
#7499=CARTESIAN_POINT('Ctrl Pts',(11.4971453636757,-60.1194606261009,33.1764757715495));
#7500=CARTESIAN_POINT('Ctrl Pts',(12.7633394347281,-58.2665715381962,27.2804361451766));
#7501=CARTESIAN_POINT('Ctrl Pts',(13.2025816574064,-53.861632918376,17.6494869693358));
#7502=CARTESIAN_POINT('Ctrl Pts',(11.6360637051267,-47.9502408312551,8.99636953448382));
#7503=CARTESIAN_POINT('Ctrl Pts',(9.07880101092409,-43.407504408947,3.81953084774118));
#7504=CARTESIAN_POINT('Ctrl Pts',(6.98771112082141,-40.9031878714802,1.26164612810984));
#7505=CARTESIAN_POINT('Ctrl Pts',(5.66929273925212,-39.7561438724257,0.167972493391322));
#7506=CARTESIAN_POINT('Ctrl Pts',(4.92408116557382,-39.249435656234,-0.303067341245145));
#7507=CARTESIAN_POINT('Ctrl Pts',(11.6666951045559,-60.559990979617,35.3690858721572));
#7508=CARTESIAN_POINT('Ctrl Pts',(12.2647459091933,-60.0204080391624,33.4018923150283));
#7509=CARTESIAN_POINT('Ctrl Pts',(13.6129443575214,-58.1327285240973,27.4400605015515));
#7510=CARTESIAN_POINT('Ctrl Pts',(14.079028630299,-53.6729131978085,17.7009303213367));
#7511=CARTESIAN_POINT('Ctrl Pts',(12.4091811638208,-47.7090188780289,8.93579427102024));
#7512=CARTESIAN_POINT('Ctrl Pts',(9.68268719504856,-43.1279321738342,3.67948391181095));
#7513=CARTESIAN_POINT('Ctrl Pts',(7.45274905306297,-40.6020352880736,1.07887498018308));
#7514=CARTESIAN_POINT('Ctrl Pts',(6.0466530663481,-39.4448682885513,-0.0341175330771539));
#7515=CARTESIAN_POINT('Ctrl Pts',(5.25185735191987,-38.9336312095516,-0.513654339829704));
#7516=CARTESIAN_POINT('',(4.26334361545741,-39.8210412068602,0.190639171940554));
#7517=CARTESIAN_POINT('Ctrl Pts',(11.0352440891595,-53.4570772483866,17.4703860656364));
#7518=CARTESIAN_POINT('Ctrl Pts',(10.8238700224569,-51.5095581567082,14.065854317271));
#7519=CARTESIAN_POINT('Ctrl Pts',(10.0100090505254,-48.1510730357298,9.16049868471399));
#7520=CARTESIAN_POINT('Ctrl Pts',(7.85411966908136,-43.8480697023732,4.22075307643759));
#7521=CARTESIAN_POINT('Ctrl Pts',(6.04802171458584,-41.4225611028331,1.72125280082317));
#7522=CARTESIAN_POINT('Ctrl Pts',(4.90806130341927,-40.3117298778904,0.651532144319341));
#7523=CARTESIAN_POINT('Ctrl Pts',(4.26334361541474,-39.82104120689,0.190639171968528));
#7524=CARTESIAN_POINT('',(5.74524179112241,-39.5155818120699,8.88178419700125E-15));
#7525=CARTESIAN_POINT('Ctrl Pts',(5.74524179112243,-39.5155818120699,1.82579645846559E-14));
#7526=CARTESIAN_POINT('Ctrl Pts',(5.58514388845505,-39.6004465502847,0.0525969688931065));
#7527=CARTESIAN_POINT('Ctrl Pts',(5.41244348026651,-39.6651674646964,0.0929939648331559));
#7528=CARTESIAN_POINT('Ctrl Pts',(4.91793359311797,-39.7932774414398,0.173109267343026));
#7529=CARTESIAN_POINT('Ctrl Pts',(4.58815144911228,-39.8210412067978,0.190639171881957));
#7530=CARTESIAN_POINT('Ctrl Pts',(4.26334361529362,-39.8210412067978,0.190639171881958));
#7531=CARTESIAN_POINT('Ctrl Pts',(5.74524179112241,-39.5155818120699,3.33066907387547E-15));
#7532=CARTESIAN_POINT('Ctrl Pts',(5.84016483130762,-39.5035998158851,3.33066907387547E-15));
#7533=CARTESIAN_POINT('Ctrl Pts',(5.93499674452426,-39.4904125855381,1.22124532708767E-14));
#7534=CARTESIAN_POINT('Ctrl Pts',(6.02974326666561,-39.475940550269,1.22124532708767E-14));
#7535=CARTESIAN_POINT('Origin',(0.,11.0550353674579,54.3557401770122));
#7536=CARTESIAN_POINT('',(0.,-39.8210412067979,0.190639171882048));
#7537=CARTESIAN_POINT('Origin',(39.9337912824499,0.,7.33571845077567E-15));
#7538=CARTESIAN_POINT('',(-5.76424151505488,-39.5155818120699,0.));
#7539=CARTESIAN_POINT('',(0.,-39.5155818120699,8.88178419700125E-15));
#7540=CARTESIAN_POINT('',(0.,38.3112098084661,8.88178419700125E-15));
#7541=CARTESIAN_POINT('',(5.76424151505488,-39.5155818120699,0.));
#7542=CARTESIAN_POINT('',(0.,-39.5155818120699,8.88178419700125E-15));
#7543=CARTESIAN_POINT('Origin',(0.,0.,0.));
#7544=CARTESIAN_POINT('Ctrl Pts',(-5.76424151505492,-39.5155818120699,-8.62118477422922E-15));
#7545=CARTESIAN_POINT('Ctrl Pts',(0.,-40.3564268337098,-8.88178419700125E-15));
#7546=CARTESIAN_POINT('Ctrl Pts',(5.7642415150549,-39.5155818120699,-9.14238361977329E-15));
#7547=CARTESIAN_POINT('Ctrl Pts',(-5.87572737851286,-40.2798504061001,0.621121254720541));
#7548=CARTESIAN_POINT('Ctrl Pts',(0.,-41.1369581629198,0.62112125472054));
#7549=CARTESIAN_POINT('Ctrl Pts',(5.87572737851284,-40.2798504061001,0.62112125472054));
#7550=CARTESIAN_POINT('Ctrl Pts',(-5.98428233946056,-41.0240267958699,1.26667877810657));
#7551=CARTESIAN_POINT('Ctrl Pts',(0.,-41.8969697494364,1.26667877810657));
#7552=CARTESIAN_POINT('Ctrl Pts',(5.98428233946054,-41.0240267958699,1.26667877810657));
#7553=CARTESIAN_POINT('',(-5.28075973593385,-39.8210412067979,0.190639171882045));
#7554=CARTESIAN_POINT('Ctrl Pts',(-5.76424151505493,-39.5155818120699,2.75647560332715E-14));
#7555=CARTESIAN_POINT('Ctrl Pts',(-5.6055295021254,-39.620264287446,0.0648794896070374));
#7556=CARTESIAN_POINT('Ctrl Pts',(-5.44434631889148,-39.722232307251,0.128542159920115));
#7557=CARTESIAN_POINT('Ctrl Pts',(-5.28075973593387,-39.821041206798,0.190639171882062));
#7558=CARTESIAN_POINT('',(5.28075973593385,-39.8210412067979,0.190639171882045));
#7559=CARTESIAN_POINT('Ctrl Pts',(5.28075973593386,-39.8210412067979,0.190639171882055));
#7560=CARTESIAN_POINT('Ctrl Pts',(5.44246973557031,-39.7233657934423,0.129254505730104));
#7561=CARTESIAN_POINT('Ctrl Pts',(5.60362465532993,-39.6215206767645,0.0656581671978836));
#7562=CARTESIAN_POINT('Ctrl Pts',(5.76424151505491,-39.5155818120699,1.35655375821386E-14));
#7563=CARTESIAN_POINT('Ctrl Pts',(5.2807597359339,-39.8210412067979,0.190639171882054));
#7564=CARTESIAN_POINT('Ctrl Pts',(4.63459969349003,-40.2113321559134,0.435919727044497));
#7565=CARTESIAN_POINT('Ctrl Pts',(3.94597514871802,-40.5552669523207,0.658789254492776));
#7566=CARTESIAN_POINT('Ctrl Pts',(2.50469170046461,-41.08523928535,1.00732941475395));
#7567=CARTESIAN_POINT('Ctrl Pts',(1.75998417091166,-41.2715065363771,1.13273212171267));
#7568=CARTESIAN_POINT('Ctrl Pts',(-0.00535024573660656,-41.4701816590151,
1.26659657556341));
#7569=CARTESIAN_POINT('Ctrl Pts',(-0.982317769206828,-41.4123553159151,
1.22697760144915));
#7570=CARTESIAN_POINT('Ctrl Pts',(-3.15220184109316,-40.9296477905747,0.904095816144904));
#7571=CARTESIAN_POINT('Ctrl Pts',(-4.26770235601203,-40.4329439868317,0.575192936022036));
#7572=CARTESIAN_POINT('Ctrl Pts',(-5.28075973593389,-39.8210412067979,0.190639171882046));
#7573=CARTESIAN_POINT('Origin',(0.,-52.0581166378279,32.345346184622));
#7574=CARTESIAN_POINT('Origin',(0.,-52.0581166378279,32.345346184622));
#7575=CARTESIAN_POINT('Ctrl Pts',(45.8265344419028,-43.2478113358656,48.9068410197485));
#7576=CARTESIAN_POINT('Ctrl Pts',(45.6554332214649,-43.4274820942829,49.0024214136778));
#7577=CARTESIAN_POINT('Ctrl Pts',(45.4788468493219,-43.6033495608121,49.0922665418489));
#7578=CARTESIAN_POINT('Ctrl Pts',(45.2968115039096,-43.7750473924291,49.1768032154635));
#7579=CARTESIAN_POINT('Ctrl Pts',(45.173330753999,-43.8915158560568,49.2341473088825));
#7580=CARTESIAN_POINT('Ctrl Pts',(45.0473432514226,-44.0060649361795,49.2890493437205));
#7581=CARTESIAN_POINT('Ctrl Pts',(44.9188675092226,-44.1185708360996,49.3416492259194));
#7582=CARTESIAN_POINT('Ctrl Pts',(41.2734452887749,-46.4367006887426,51.4335661196562));
#7583=CARTESIAN_POINT('Ctrl Pts',(41.4969452399126,-46.3156265793807,50.2222984660989));
#7584=CARTESIAN_POINT('Ctrl Pts',(41.7024182798417,-46.1608842440926,49.0100493839656));
#7585=CARTESIAN_POINT('Ctrl Pts',(41.8899175964627,-45.9721633752313,47.7994785403077));
#7586=CARTESIAN_POINT('Ctrl Pts',(42.7387785171278,-45.818771241096,51.7947920133733));
#7587=CARTESIAN_POINT('Ctrl Pts',(42.9704775206995,-45.6973414316956,50.5804347661656));
#7588=CARTESIAN_POINT('Ctrl Pts',(43.1834458362141,-45.5421423672795,49.3651493058416));
#7589=CARTESIAN_POINT('Ctrl Pts',(43.3778034950158,-45.3529288495734,48.1514774607191));
#7590=CARTESIAN_POINT('Ctrl Pts',(44.0711611453915,-44.891274582233,52.1624161870244));
#7591=CARTESIAN_POINT('Ctrl Pts',(44.3091061165736,-44.767346351187,50.9518928318724));
#7592=CARTESIAN_POINT('Ctrl Pts',(44.5277757717576,-44.6099950440561,49.7406202437787));
#7593=CARTESIAN_POINT('Ctrl Pts',(44.7273099739561,-44.4189972848903,48.531090934138));
#7594=CARTESIAN_POINT('Ctrl Pts',(45.1625521850176,-43.7294200805234,52.5066285257877));
#7595=CARTESIAN_POINT('Ctrl Pts',(45.4033992866062,-43.6016686550144,51.3063074440065));
#7596=CARTESIAN_POINT('Ctrl Pts',(45.6246926209627,-43.4412126907217,50.1055412291977));
#7597=CARTESIAN_POINT('Ctrl Pts',(45.8265344474215,-43.2478113305778,48.9068409869743));
#7598=CARTESIAN_POINT('Ctrl Pts',(-27.6908153444749,-43.8501684507247,79.7272567036566));
#7599=CARTESIAN_POINT('Ctrl Pts',(-25.4319847097139,-42.2125262695498,84.3111375343339));
#7600=CARTESIAN_POINT('Ctrl Pts',(-21.0088157331195,-38.7620720459417,91.2206694148136));
#7601=CARTESIAN_POINT('Ctrl Pts',(-12.8370904446594,-33.7887327937857,98.2188513811064));
#7602=CARTESIAN_POINT('Ctrl Pts',(-7.13492328800036,-31.8267208885558,100.482951473882));
#7603=CARTESIAN_POINT('Ctrl Pts',(-4.13814705838771,-31.3528110294888,101.025293025947));
#7604=CARTESIAN_POINT('Ctrl Pts',(-30.0225595925585,-43.4055777400773,80.9716987798687));
#7605=CARTESIAN_POINT('Ctrl Pts',(-27.5499099219931,-41.6459299226627,85.6038747690708));
#7606=CARTESIAN_POINT('Ctrl Pts',(-22.7230138212651,-37.9926248408785,92.53908170046));
#7607=CARTESIAN_POINT('Ctrl Pts',(-13.8554319645163,-32.7965864797177,99.492941416753));
#7608=CARTESIAN_POINT('Ctrl Pts',(-7.69522148144837,-30.760711253548,101.73027854564));
#7609=CARTESIAN_POINT('Ctrl Pts',(-4.46241235124961,-30.2685706659594,102.266095660283));
#7610=CARTESIAN_POINT('Ctrl Pts',(-32.3466365147742,-42.086641334681,81.8991568692115));
#7611=CARTESIAN_POINT('Ctrl Pts',(-29.6628223462388,-40.3262978688483,86.5505934563578));
#7612=CARTESIAN_POINT('Ctrl Pts',(-24.4346850562833,-36.6681590359929,93.5123303923794));
#7613=CARTESIAN_POINT('Ctrl Pts',(-14.873286065021,-31.4577123284562,100.489252720915));
#7614=CARTESIAN_POINT('Ctrl Pts',(-8.25519763168541,-29.4108052060659,102.733475832798));
#7615=CARTESIAN_POINT('Ctrl Pts',(-4.78651112748689,-28.9155879704126,103.270941690268));
#7616=CARTESIAN_POINT('Ctrl Pts',(-34.1742454874197,-40.1707583737031,82.3145676808813));
#7617=CARTESIAN_POINT('Ctrl Pts',(-31.3757754632325,-38.5032112531861,86.9718288143055));
#7618=CARTESIAN_POINT('Ctrl Pts',(-25.8963314235301,-34.9901788236429,93.9919708000558));
#7619=CARTESIAN_POINT('Ctrl Pts',(-15.7904030969924,-29.9139746367901,101.102182011945));
#7620=CARTESIAN_POINT('Ctrl Pts',(-8.76548793485018,-27.8981328315966,103.402526578866));
#7621=CARTESIAN_POINT('Ctrl Pts',(-5.082614679537,-27.4100366606534,103.953550116514));
#7622=CARTESIAN_POINT('Origin',(0.,-9.15574714786115,48.9853213073748));
#7623=CARTESIAN_POINT('Origin',(0.,-33.4936925554081,46.4962963822347));
#7624=CARTESIAN_POINT('Origin',(0.,0.,7.00000151991844));
#7625=CARTESIAN_POINT('Origin',(-18.9071013475157,0.,31.0928986524843));
#7626=CARTESIAN_POINT('',(-56.000000834465,0.,38.0000005662441));
#7627=CARTESIAN_POINT('Origin',(-9.48605173597543,0.,56.7363611178001));
#7628=CARTESIAN_POINT('',(-54.7629356699372,0.,78.2909997991952));
#7629=CARTESIAN_POINT('Origin',(-8.55452669058581,0.,46.3535586453813));
#7630=CARTESIAN_POINT('Origin',(18.9071013475157,0.,31.0928986524843));
#7631=CARTESIAN_POINT('',(56.000000834465,0.,38.0000005662441));
#7632=CARTESIAN_POINT('Origin',(8.55452669058581,0.,46.3535586453813));
#7633=CARTESIAN_POINT('',(54.7629356699406,0.,78.2909997991976));
#7634=CARTESIAN_POINT('Origin',(9.48605173597543,0.,56.7363611178001));
#7635=CARTESIAN_POINT('Ctrl Pts',(53.7899141081502,-1.38777878078145E-16,
125.039661046931));
#7636=CARTESIAN_POINT('Ctrl Pts',(53.7899141081502,0.433412205408976,125.039661046931));
#7637=CARTESIAN_POINT('Ctrl Pts',(53.7502902545924,1.29982359544265,124.827635125241));
#7638=CARTESIAN_POINT('Ctrl Pts',(53.5663435033318,2.65032585361989,123.866809735112));
#7639=CARTESIAN_POINT('Ctrl Pts',(53.2438711921741,3.74268853606962,122.264059911586));
#7640=CARTESIAN_POINT('Ctrl Pts',(52.8637938248846,4.38767230449976,120.522270974183));
#7641=CARTESIAN_POINT('Ctrl Pts',(52.5378058086531,4.71591655318311,119.114367248308));
#7642=CARTESIAN_POINT('Ctrl Pts',(52.2814135985093,4.88321833730168,118.048401250107));
#7643=CARTESIAN_POINT('Ctrl Pts',(52.0152955021841,4.97894102033671,116.98287002568));
#7644=CARTESIAN_POINT('Ctrl Pts',(51.8320758515896,4.99967049017527,116.275587419044));
#7645=CARTESIAN_POINT('Ctrl Pts',(51.7378915067644,4.99999759505501,115.91845738178));
#7646=CARTESIAN_POINT('Ctrl Pts',(51.7364304704565,5.,115.912918928591));
#7647=CARTESIAN_POINT('Ctrl Pts',(51.7349691085602,5.,115.907380796929));
#7648=CARTESIAN_POINT('Ctrl Pts',(53.7085528393467,3.05964325799468E-16,
125.225168004339));
#7649=CARTESIAN_POINT('Ctrl Pts',(53.7085528393467,0.465057665140387,125.225168004339));
#7650=CARTESIAN_POINT('Ctrl Pts',(53.662144735442,1.38898349604671,124.981455343003));
#7651=CARTESIAN_POINT('Ctrl Pts',(53.4644257516795,2.75468478117201,123.946141597837));
#7652=CARTESIAN_POINT('Ctrl Pts',(53.1460483729381,3.80970357296965,122.299592188438));
#7653=CARTESIAN_POINT('Ctrl Pts',(52.7869343044337,4.42305888599827,120.540253706003));
#7654=CARTESIAN_POINT('Ctrl Pts',(52.4823628899372,4.73288136518673,119.124633609759));
#7655=CARTESIAN_POINT('Ctrl Pts',(52.243716719113,4.89038776833745,118.054630306077));
#7656=CARTESIAN_POINT('Ctrl Pts',(51.9962027167345,4.98024231903292,116.985935943832));
#7657=CARTESIAN_POINT('Ctrl Pts',(51.8255616674344,4.99969024964192,116.27667942465));
#7658=CARTESIAN_POINT('Ctrl Pts',(51.7376956431289,4.99999775465353,115.918490382767));
#7659=CARTESIAN_POINT('Ctrl Pts',(51.7363325345065,5.,115.912935420934));
#7660=CARTESIAN_POINT('Ctrl Pts',(51.7349691085602,5.,115.907380796929));
#7661=CARTESIAN_POINT('Ctrl Pts',(53.4304377786043,1.20065322256453E-15,
125.54378733686));
#7662=CARTESIAN_POINT('Ctrl Pts',(53.4304377786043,0.517050867259427,125.54378733686));
#7663=CARTESIAN_POINT('Ctrl Pts',(53.3833907002871,1.53434053309336,125.2432479735));
#7664=CARTESIAN_POINT('Ctrl Pts',(53.1996546585526,2.9168006578446,124.079068627251));
#7665=CARTESIAN_POINT('Ctrl Pts',(52.9256752967533,3.90902360124235,122.361203398));
#7666=CARTESIAN_POINT('Ctrl Pts',(52.624490566936,4.47467867186063,120.573053242807));
#7667=CARTESIAN_POINT('Ctrl Pts',(52.3687760034973,4.75732101125934,119.144237253435));
#7668=CARTESIAN_POINT('Ctrl Pts',(52.1677631717868,4.90066982556353,118.066886913693));
#7669=CARTESIAN_POINT('Ctrl Pts',(51.9581018051156,4.98209587704627,116.9920803209));
#7670=CARTESIAN_POINT('Ctrl Pts',(51.8125426968914,4.99971891216288,116.278864470208));
#7671=CARTESIAN_POINT('Ctrl Pts',(51.7373038192478,4.99999797802978,115.918556374103));
#7672=CARTESIAN_POINT('Ctrl Pts',(51.7361366626064,5.,115.912968405619));
#7673=CARTESIAN_POINT('Ctrl Pts',(51.7349691085602,5.,115.907380796929));
#7674=CARTESIAN_POINT('Ctrl Pts',(52.7089899066957,2.24462460665234E-15,
125.726313399163));
#7675=CARTESIAN_POINT('Ctrl Pts',(52.7089899066957,0.537315967667153,125.726313399163));
#7676=CARTESIAN_POINT('Ctrl Pts',(52.6925104154199,1.59068856838408,125.400567626502));
#7677=CARTESIAN_POINT('Ctrl Pts',(52.6230388168572,2.97744863190368,124.178398916979));
#7678=CARTESIAN_POINT('Ctrl Pts',(52.496010399656,3.94485368766058,122.424784796136));
#7679=CARTESIAN_POINT('Ctrl Pts',(52.3242019331366,4.49306715355879,120.61658924494));
#7680=CARTESIAN_POINT('Ctrl Pts',(52.1647264952801,4.76593916481055,119.174495835271));
#7681=CARTESIAN_POINT('Ctrl Pts',(52.0333693845835,4.90428330673537,118.087542222323));
#7682=CARTESIAN_POINT('Ctrl Pts',(51.8912868604798,4.98274454911489,117.002920108603));
#7683=CARTESIAN_POINT('Ctrl Pts',(51.7897434583488,4.99972924420267,116.282698645316));
#7684=CARTESIAN_POINT('Ctrl Pts',(51.7366182916242,4.99999805308496,115.918671752293));
#7685=CARTESIAN_POINT('Ctrl Pts',(51.7357938867812,5.,115.913026128819));
#7686=CARTESIAN_POINT('Ctrl Pts',(51.7349691085602,5.,115.907380796929));
#7687=CARTESIAN_POINT('Ctrl Pts',(52.2214448043002,2.16619973061257E-15,
125.454298245134));
#7688=CARTESIAN_POINT('Ctrl Pts',(52.2214448043002,0.481315404343058,125.454298245134));
#7689=CARTESIAN_POINT('Ctrl Pts',(52.2251270790232,1.43467420451179,125.191663110738));
#7690=CARTESIAN_POINT('Ctrl Pts',(52.2287656667893,2.80767152077738,124.107303308214));
#7691=CARTESIAN_POINT('Ctrl Pts',(52.1961138201465,3.84338179371041,122.422259055518));
#7692=CARTESIAN_POINT('Ctrl Pts',(52.1127656070019,4.44078088018331,120.631749124314));
#7693=CARTESIAN_POINT('Ctrl Pts',(52.0201804891507,4.74134802647954,119.191004761998));
#7694=CARTESIAN_POINT('Ctrl Pts',(51.9379325592152,4.89395611721953,118.100898334654));
#7695=CARTESIAN_POINT('Ctrl Pts',(51.8437653391836,4.98088235122274,117.010484233875));
#7696=CARTESIAN_POINT('Ctrl Pts',(51.7734817500519,4.99969905481311,116.285418077801));
#7697=CARTESIAN_POINT('Ctrl Pts',(51.736128388368,4.99999784545189,115.918754362231));
#7698=CARTESIAN_POINT('Ctrl Pts',(51.7355490469061,5.,115.913067359675));
#7699=CARTESIAN_POINT('Ctrl Pts',(51.7349691085602,5.,115.907380796929));
#7700=CARTESIAN_POINT('Ctrl Pts',(52.0495442566127,1.83193261341379E-15,
125.20375224507));
#7701=CARTESIAN_POINT('Ctrl Pts',(52.0495442566127,0.433412205408923,125.20375224507));
#7702=CARTESIAN_POINT('Ctrl Pts',(52.051009114123,1.29982359544267,124.990666453025));
#7703=CARTESIAN_POINT('Ctrl Pts',(52.0530437130051,2.65032585361993,124.023564494507));
#7704=CARTESIAN_POINT('Ctrl Pts',(52.0399422178501,3.74268853606954,122.40507388608));
#7705=CARTESIAN_POINT('Ctrl Pts',(51.9937481981017,4.38767230449973,120.636091700677));
#7706=CARTESIAN_POINT('Ctrl Pts',(51.9356376201419,4.71591655318309,119.199774153375));
#7707=CARTESIAN_POINT('Ctrl Pts',(51.8809003585168,4.88321833730167,118.109009018976));
#7708=CARTESIAN_POINT('Ctrl Pts',(51.8150119030886,4.9789410203367,117.015314025475));
#7709=CARTESIAN_POINT('Ctrl Pts',(51.7636978210902,4.99967049017527,116.287082629274));
#7710=CARTESIAN_POINT('Ctrl Pts',(51.7358347225521,4.99999759505501,115.918803590671));
#7711=CARTESIAN_POINT('Ctrl Pts',(51.7354021429811,5.,115.913092098189));
#7712=CARTESIAN_POINT('Ctrl Pts',(51.7349691085602,5.,115.907380796929));
#7713=CARTESIAN_POINT('',(53.7899141081502,-1.38777878078145E-16,125.039661046931));
#7714=CARTESIAN_POINT('',(51.7349691085602,5.,115.907380796929));
#7715=CARTESIAN_POINT('Ctrl Pts',(53.7899141081502,-1.38777878078145E-16,
125.039661046931));
#7716=CARTESIAN_POINT('Ctrl Pts',(53.7899141081502,0.433412205408976,125.039661046931));
#7717=CARTESIAN_POINT('Ctrl Pts',(53.7502902545924,1.29982359544265,124.827635125241));
#7718=CARTESIAN_POINT('Ctrl Pts',(53.5663435033318,2.65032585361989,123.866809735112));
#7719=CARTESIAN_POINT('Ctrl Pts',(53.2438711921741,3.74268853606962,122.264059911586));
#7720=CARTESIAN_POINT('Ctrl Pts',(52.8637938248846,4.38767230449976,120.522270974183));
#7721=CARTESIAN_POINT('Ctrl Pts',(52.5378058086531,4.71591655318311,119.114367248308));
#7722=CARTESIAN_POINT('Ctrl Pts',(52.2814135985093,4.88321833730168,118.048401250107));
#7723=CARTESIAN_POINT('Ctrl Pts',(52.0152955021841,4.97894102033671,116.98287002568));
#7724=CARTESIAN_POINT('Ctrl Pts',(51.8320758515896,4.99967049017527,116.275587419044));
#7725=CARTESIAN_POINT('Ctrl Pts',(51.7378915067644,4.99999759505501,115.91845738178));
#7726=CARTESIAN_POINT('Ctrl Pts',(51.7364304704565,5.,115.912918928591));
#7727=CARTESIAN_POINT('Ctrl Pts',(51.7349691085602,5.,115.907380796929));
#7728=CARTESIAN_POINT('',(52.0495442566127,6.80011602582908E-15,125.20375224507));
#7729=CARTESIAN_POINT('Ctrl Pts',(51.7349691085602,5.,115.907380796929));
#7730=CARTESIAN_POINT('Ctrl Pts',(51.7354021429811,5.,115.913092098189));
#7731=CARTESIAN_POINT('Ctrl Pts',(51.7358347225521,4.99999759505501,115.918803590671));
#7732=CARTESIAN_POINT('Ctrl Pts',(51.7636978210902,4.99967049017527,116.287082629274));
#7733=CARTESIAN_POINT('Ctrl Pts',(51.8150119030886,4.9789410203367,117.015314025475));
#7734=CARTESIAN_POINT('Ctrl Pts',(51.8809003585168,4.88321833730167,118.109009018976));
#7735=CARTESIAN_POINT('Ctrl Pts',(51.9356376201419,4.71591655318309,119.199774153375));
#7736=CARTESIAN_POINT('Ctrl Pts',(51.9937481981017,4.38767230449973,120.636091700677));
#7737=CARTESIAN_POINT('Ctrl Pts',(52.0399422178501,3.74268853606954,122.40507388608));
#7738=CARTESIAN_POINT('Ctrl Pts',(52.0530437130051,2.65032585361993,124.023564494507));
#7739=CARTESIAN_POINT('Ctrl Pts',(52.051009114123,1.29982359544267,124.990666453025));
#7740=CARTESIAN_POINT('Ctrl Pts',(52.0495442566127,0.433412205408923,125.20375224507));
#7741=CARTESIAN_POINT('Ctrl Pts',(52.0495442566127,1.83193261341379E-15,
125.20375224507));
#7742=CARTESIAN_POINT('Origin',(52.8741232993482,-6.93889390390723E-17,
124.638005479917));
#7743=CARTESIAN_POINT('Origin',(50.1576908053477,0.,113.60848893665));
#7744=CARTESIAN_POINT('',(50.1576908053477,5.,113.60848893665));
#7745=CARTESIAN_POINT('',(46.0347955916703,0.,116.437222762416));
#7746=CARTESIAN_POINT('Origin',(1.64877757174001,0.,102.171143958732));
#7747=CARTESIAN_POINT('Origin',(1.64877757174001,0.,102.171143958732));
#7748=CARTESIAN_POINT('Origin',(1.64877757174001,5.,102.171143958732));
#7749=CARTESIAN_POINT('Origin',(46.4473813392192,5.,101.118955450752));
#7750=CARTESIAN_POINT('Ctrl Pts',(-50.8314948872267,3.28209681654812E-14,
125.20375224507));
#7751=CARTESIAN_POINT('Ctrl Pts',(-50.8314948872267,0.433417955779372,125.20375224507));
#7752=CARTESIAN_POINT('Ctrl Pts',(-50.8329753071425,1.2998155646772,124.989101104959));
#7753=CARTESIAN_POINT('Ctrl Pts',(-50.8344525249684,2.31229150251103,124.268715871108));
#7754=CARTESIAN_POINT('Ctrl Pts',(-50.8298227470905,3.08795865650119,123.368227091442));
#7755=CARTESIAN_POINT('Ctrl Pts',(-50.8169228533179,3.67617297565052,122.383155862863));
#7756=CARTESIAN_POINT('Ctrl Pts',(-50.7941515434182,4.13091267142485,121.340231409949));
#7757=CARTESIAN_POINT('Ctrl Pts',(-50.7502544745279,4.58200428949723,119.923410612253));
#7758=CARTESIAN_POINT('Ctrl Pts',(-50.668509731971,4.91840376137767,118.111238693255));
#7759=CARTESIAN_POINT('Ctrl Pts',(-50.5730676653441,4.99938520106878,116.649432436627));
#7760=CARTESIAN_POINT('Ctrl Pts',(-50.5177763620915,4.9999974890676,115.918685120141));
#7761=CARTESIAN_POINT('Ctrl Pts',(-50.5173482726557,5.,115.913032735194));
#7762=CARTESIAN_POINT('Ctrl Pts',(-50.5169197391742,5.,115.907380796929));
#7763=CARTESIAN_POINT('Ctrl Pts',(-50.9460952523518,3.38417317282574E-14,
125.370782911779));
#7764=CARTESIAN_POINT('Ctrl Pts',(-50.9460952523518,0.465063835372272,125.370782911779));
#7765=CARTESIAN_POINT('Ctrl Pts',(-50.9489142659695,1.38874548805455,125.1235286606));
#7766=CARTESIAN_POINT('Ctrl Pts',(-50.9507470463229,2.41338631392653,124.344867682804));
#7767=CARTESIAN_POINT('Ctrl Pts',(-50.941178452824,3.17623430737588,123.407396422894));
#7768=CARTESIAN_POINT('Ctrl Pts',(-50.9188344984753,3.74412294476995,122.399390056475));
#7769=CARTESIAN_POINT('Ctrl Pts',(-50.8829735632605,4.17880160848136,121.343497393385));
#7770=CARTESIAN_POINT('Ctrl Pts',(-50.818413424123,4.60675291581901,119.91795637278));
#7771=CARTESIAN_POINT('Ctrl Pts',(-50.7066865813795,4.92344178141895,118.105115097874));
#7772=CARTESIAN_POINT('Ctrl Pts',(-50.5858034182953,4.99941093103315,116.647269540478));
#7773=CARTESIAN_POINT('Ctrl Pts',(-50.5179701671185,4.99999771389921,115.918652613688));
#7774=CARTESIAN_POINT('Ctrl Pts',(-50.5174451906641,5.,115.913016414272));
#7775=CARTESIAN_POINT('Ctrl Pts',(-50.5169197391742,5.,115.907380796929));
#7776=CARTESIAN_POINT('Ctrl Pts',(-51.2788621279474,3.16895747141427E-14,
125.631805449575));
#7777=CARTESIAN_POINT('Ctrl Pts',(-51.2788621279474,0.517057727319893,125.631805449575));
#7778=CARTESIAN_POINT('Ctrl Pts',(-51.2726125486023,1.53372619477453,125.327845024567));
#7779=CARTESIAN_POINT('Ctrl Pts',(-51.247138150102,2.57224239189507,124.452490940614));
#7780=CARTESIAN_POINT('Ctrl Pts',(-51.2048261728119,3.31129305841889,123.457097351191));
#7781=CARTESIAN_POINT('Ctrl Pts',(-51.1469362257582,3.8457943961087,122.414843221972));
#7782=CARTESIAN_POINT('Ctrl Pts',(-51.0736287042124,4.24927743371972,121.340842946557));
#7783=CARTESIAN_POINT('Ctrl Pts',(-50.9584761921852,4.64241513710356,119.904312779612));
#7784=CARTESIAN_POINT('Ctrl Pts',(-50.782661560904,4.9305676863734,118.093011373556));
#7785=CARTESIAN_POINT('Ctrl Pts',(-50.6112331073579,4.99944208655131,116.642959453087));
#7786=CARTESIAN_POINT('Ctrl Pts',(-50.5183579982771,4.99999806475676,115.918587517628));
#7787=CARTESIAN_POINT('Ctrl Pts',(-50.5176390266809,5.,115.912983772428));
#7788=CARTESIAN_POINT('Ctrl Pts',(-50.5169197391742,5.,115.907380796929));
#7789=CARTESIAN_POINT('Ctrl Pts',(-52.0217120905102,1.45913872249595E-14,
125.676270097792));
#7790=CARTESIAN_POINT('Ctrl Pts',(-52.0217120905102,0.537323096598175,125.676270097792));
#7791=CARTESIAN_POINT('Ctrl Pts',(-51.9807673354784,1.58993049639151,125.350973250807));
#7792=CARTESIAN_POINT('Ctrl Pts',(-51.8632622868389,2.63219347207422,124.442098143616));
#7793=CARTESIAN_POINT('Ctrl Pts',(-51.7281731312755,3.36125004335983,123.429565998875));
#7794=CARTESIAN_POINT('Ctrl Pts',(-51.582894613808,3.88275622438847,122.379709988524));
#7795=CARTESIAN_POINT('Ctrl Pts',(-51.4274299999134,4.27456501949726,121.304627342838));
#7796=CARTESIAN_POINT('Ctrl Pts',(-51.2101102321585,4.65499517907488,119.871960525541));
#7797=CARTESIAN_POINT('Ctrl Pts',(-50.9161316787034,4.93304729966014,118.072236795729));
#7798=CARTESIAN_POINT('Ctrl Pts',(-50.6557936413627,4.99945201560009,116.635469642877));
#7799=CARTESIAN_POINT('Ctrl Pts',(-50.5190363940886,4.99999819273769,115.918473319087));
#7800=CARTESIAN_POINT('Ctrl Pts',(-50.5179782397103,5.,115.9129266492));
#7801=CARTESIAN_POINT('Ctrl Pts',(-50.5169197391742,5.,115.907380796929));
#7802=CARTESIAN_POINT('Ctrl Pts',(-52.449822835559,-4.03292408187046E-15,
125.317921483043));
#7803=CARTESIAN_POINT('Ctrl Pts',(-52.449822835559,0.481321790277046,125.317921483043));
#7804=CARTESIAN_POINT('Ctrl Pts',(-52.399547637704,1.43430661532131,125.056688599828));
#7805=CARTESIAN_POINT('Ctrl Pts',(-52.2462982376714,2.46480632912269,124.256189257302));
#7806=CARTESIAN_POINT('Ctrl Pts',(-52.0662900270311,3.22087532080234,123.309745111115));
#7807=CARTESIAN_POINT('Ctrl Pts',(-51.8730341110235,3.77832069153617,122.301390451897));
#7808=CARTESIAN_POINT('Ctrl Pts',(-51.6681086329966,4.2028043997316,121.251881360762));
#7809=CARTESIAN_POINT('Ctrl Pts',(-51.38546555726,4.61908780660636,119.841398970273));
#7810=CARTESIAN_POINT('Ctrl Pts',(-51.0105628621366,4.92591175603723,118.057026518721));
#7811=CARTESIAN_POINT('Ctrl Pts',(-50.6875230160331,4.99941855092353,116.630085097511));
#7812=CARTESIAN_POINT('Ctrl Pts',(-50.5195214878597,4.99999785400713,115.918391930418));
#7813=CARTESIAN_POINT('Ctrl Pts',(-50.5182205347313,5.,115.912885846895));
#7814=CARTESIAN_POINT('Ctrl Pts',(-50.5169197391742,5.,115.907380796929));
#7815=CARTESIAN_POINT('Ctrl Pts',(-52.5718647387643,-1.33646628206522E-14,
125.039661046931));
#7816=CARTESIAN_POINT('Ctrl Pts',(-52.5718647387643,0.433417955779078,125.039661046931));
#7817=CARTESIAN_POINT('Ctrl Pts',(-52.5319549326049,1.29981556467708,124.82607579856));
#7818=CARTESIAN_POINT('Ctrl Pts',(-52.3948983477768,2.31229150251087,124.1103785702));
#7819=CARTESIAN_POINT('Ctrl Pts',(-52.2178447119352,3.08795865650108,123.217802611294));
#7820=CARTESIAN_POINT('Ctrl Pts',(-52.017300861215,3.67617297565041,122.2438571544));
#7821=CARTESIAN_POINT('Ctrl Pts',(-51.7970908397678,4.13091267142477,121.215565471524));
#7822=CARTESIAN_POINT('Ctrl Pts',(-51.4868560586025,4.58200428949717,119.822645911691));
#7823=CARTESIAN_POINT('Ctrl Pts',(-51.0684462092348,4.91840376137763,118.048916425336));
#7824=CARTESIAN_POINT('Ctrl Pts',(-50.706698292705,4.99938520106878,116.626966353965));
#7825=CARTESIAN_POINT('Ctrl Pts',(-50.5198118169512,4.9999974890676,115.918342505833));
#7826=CARTESIAN_POINT('Ctrl Pts',(-50.5183659117439,5.,115.912861365512));
#7827=CARTESIAN_POINT('Ctrl Pts',(-50.5169197391742,5.,115.907380796929));
#7828=CARTESIAN_POINT('',(-50.8314948872267,3.28209681654812E-14,125.20375224507));
#7829=CARTESIAN_POINT('',(-50.5169197391742,5.,115.907380796929));
#7830=CARTESIAN_POINT('Ctrl Pts',(-50.8314948872267,3.28209681654812E-14,
125.20375224507));
#7831=CARTESIAN_POINT('Ctrl Pts',(-50.8314948872267,0.433417955779372,125.20375224507));
#7832=CARTESIAN_POINT('Ctrl Pts',(-50.8329753071425,1.2998155646772,124.989101104959));
#7833=CARTESIAN_POINT('Ctrl Pts',(-50.8344525249684,2.31229150251103,124.268715871108));
#7834=CARTESIAN_POINT('Ctrl Pts',(-50.8298227470905,3.08795865650119,123.368227091442));
#7835=CARTESIAN_POINT('Ctrl Pts',(-50.8169228533179,3.67617297565052,122.383155862863));
#7836=CARTESIAN_POINT('Ctrl Pts',(-50.7941515434182,4.13091267142485,121.340231409949));
#7837=CARTESIAN_POINT('Ctrl Pts',(-50.7502544745279,4.58200428949723,119.923410612253));
#7838=CARTESIAN_POINT('Ctrl Pts',(-50.668509731971,4.91840376137767,118.111238693255));
#7839=CARTESIAN_POINT('Ctrl Pts',(-50.5730676653441,4.99938520106878,116.649432436627));
#7840=CARTESIAN_POINT('Ctrl Pts',(-50.5177763620915,4.9999974890676,115.918685120141));
#7841=CARTESIAN_POINT('Ctrl Pts',(-50.5173482726557,5.,115.913032735194));
#7842=CARTESIAN_POINT('Ctrl Pts',(-50.5169197391742,5.,115.907380796929));
#7843=CARTESIAN_POINT('',(-52.5718647387643,-1.38777878078145E-16,125.039661046931));
#7844=CARTESIAN_POINT('Ctrl Pts',(-50.5169197391742,5.,115.907380796929));
#7845=CARTESIAN_POINT('Ctrl Pts',(-50.5183659117439,5.,115.912861365512));
#7846=CARTESIAN_POINT('Ctrl Pts',(-50.5198118169512,4.9999974890676,115.918342505833));
#7847=CARTESIAN_POINT('Ctrl Pts',(-50.706698292705,4.99938520106878,116.626966353965));
#7848=CARTESIAN_POINT('Ctrl Pts',(-51.0684462092348,4.91840376137763,118.048916425336));
#7849=CARTESIAN_POINT('Ctrl Pts',(-51.4868560586025,4.58200428949717,119.822645911691));
#7850=CARTESIAN_POINT('Ctrl Pts',(-51.7970908397678,4.13091267142477,121.215565471524));
#7851=CARTESIAN_POINT('Ctrl Pts',(-52.017300861215,3.67617297565041,122.2438571544));
#7852=CARTESIAN_POINT('Ctrl Pts',(-52.2178447119352,3.08795865650108,123.217802611294));
#7853=CARTESIAN_POINT('Ctrl Pts',(-52.3948983477768,2.31229150251087,124.1103785702));
#7854=CARTESIAN_POINT('Ctrl Pts',(-52.5319549326049,1.29981556467708,124.82607579856));
#7855=CARTESIAN_POINT('Ctrl Pts',(-52.5718647387643,0.433417955779078,125.039661046931));
#7856=CARTESIAN_POINT('Ctrl Pts',(-52.5718647387643,-1.33646628206522E-14,
125.039661046931));
#7857=CARTESIAN_POINT('Origin',(-51.6560739299622,-2.08166817117217E-16,
124.638005479917));
#7858=CARTESIAN_POINT('Origin',(-0.430728202354059,0.,102.171143958732));
#7859=CARTESIAN_POINT('Origin',(-0.430728202354059,5.,102.171143958732));
#7860=CARTESIAN_POINT('Origin',(-0.430728202354059,0.,102.171143958732));
#7861=CARTESIAN_POINT('Origin',(-38.8164942995685,0.,98.8539459337643));
#7862=CARTESIAN_POINT('',(-34.6935990858911,0.,101.682679759531));
#7863=CARTESIAN_POINT('',(-38.8164942995685,5.,98.8539459337643));
#7864=CARTESIAN_POINT('Origin',(-45.2293319698332,5.,101.118955450752));
#7865=CARTESIAN_POINT('Ctrl Pts',(52.6608787546868,-8.,122.559625089732));
#7866=CARTESIAN_POINT('Ctrl Pts',(52.6626028628136,-8.,122.563302501298));
#7867=CARTESIAN_POINT('Ctrl Pts',(52.6643264162259,-7.99999209818016,122.566979145807));
#7868=CARTESIAN_POINT('Ctrl Pts',(52.7569052671347,-7.99938197010921,122.764500911861));
#7869=CARTESIAN_POINT('Ctrl Pts',(53.028597769645,-7.93862763979679,123.348063746437));
#7870=CARTESIAN_POINT('Ctrl Pts',(53.3833618616488,-7.63735629923633,124.12683341055));
#7871=CARTESIAN_POINT('Ctrl Pts',(53.65355160154,-7.02390058086703,124.731779937256));
#7872=CARTESIAN_POINT('Ctrl Pts',(53.7657267677833,-6.49665335477527,124.984888000518));
#7873=CARTESIAN_POINT('Ctrl Pts',(53.7899141081502,-6.16575461487017,125.039661046931));
#7874=CARTESIAN_POINT('Ctrl Pts',(53.7899141081502,-6.,125.039661046931));
#7875=CARTESIAN_POINT('Ctrl Pts',(52.6608787546868,-8.,122.559625089732));
#7876=CARTESIAN_POINT('Ctrl Pts',(52.6620944377482,-8.00001332041428,122.563330577454));
#7877=CARTESIAN_POINT('Ctrl Pts',(52.6633509017855,-7.99997873091507,122.567119437889));
#7878=CARTESIAN_POINT('Ctrl Pts',(52.7288633685838,-8.00012318263909,122.76658503871));
#7879=CARTESIAN_POINT('Ctrl Pts',(52.9235294733511,-7.95425359356426,123.362196816113));
#7880=CARTESIAN_POINT('Ctrl Pts',(53.1883747177902,-7.74586458977083,124.16500537031));
#7881=CARTESIAN_POINT('Ctrl Pts',(53.4496055516545,-7.23230028359785,124.898742032642));
#7882=CARTESIAN_POINT('Ctrl Pts',(53.5903605463325,-6.6689596324956,125.298327910184));
#7883=CARTESIAN_POINT('Ctrl Pts',(53.6274079898091,-6.22797791312979,125.411837358221));
#7884=CARTESIAN_POINT('Ctrl Pts',(53.6271915705432,-6.,125.410674961747));
#7885=CARTESIAN_POINT('Ctrl Pts',(52.6608787546868,-8.,122.559625089732));
#7886=CARTESIAN_POINT('Ctrl Pts',(52.6612406758027,-8.00000912408411,122.563397264591));
#7887=CARTESIAN_POINT('Ctrl Pts',(52.6616038022013,-7.99998449493265,122.56734529712));
#7888=CARTESIAN_POINT('Ctrl Pts',(52.6810146417903,-8.00020202521423,122.770848459662));
#7889=CARTESIAN_POINT('Ctrl Pts',(52.7373101620238,-7.9668453185374,123.385521350756));
#7890=CARTESIAN_POINT('Ctrl Pts',(52.8055271012449,-7.82827744460708,124.215559814557));
#7891=CARTESIAN_POINT('Ctrl Pts',(52.8627505728296,-7.42251234800446,125.086283648528));
#7892=CARTESIAN_POINT('Ctrl Pts',(52.8987696502695,-6.84310422035971,125.658084919657));
#7893=CARTESIAN_POINT('Ctrl Pts',(52.9111322876257,-6.29157245947312,125.84466026223));
#7894=CARTESIAN_POINT('Ctrl Pts',(52.910912942648,-5.99999999999999,125.842166388616));
#7895=CARTESIAN_POINT('Ctrl Pts',(52.6608787546868,-8.,122.559625089732));
#7896=CARTESIAN_POINT('Ctrl Pts',(52.6603808986712,-8.00000999031071,122.563528496774));
#7897=CARTESIAN_POINT('Ctrl Pts',(52.6598631801502,-7.99998207273134,122.567497796147));
#7898=CARTESIAN_POINT('Ctrl Pts',(52.6329811364613,-7.99993787950662,122.777489347111));
#7899=CARTESIAN_POINT('Ctrl Pts',(52.5510863547178,-7.9503471051224,123.401674059131));
#7900=CARTESIAN_POINT('Ctrl Pts',(52.4293182593184,-7.7187375171372,124.237423319518));
#7901=CARTESIAN_POINT('Ctrl Pts',(52.3019591759489,-7.18020035791513,124.972623716699));
#7902=CARTESIAN_POINT('Ctrl Pts',(52.2368396957542,-6.62588306306551,125.352251298055));
#7903=CARTESIAN_POINT('Ctrl Pts',(52.221445015593,-6.21242208856488,125.455187325808));
#7904=CARTESIAN_POINT('Ctrl Pts',(52.2214448043002,-5.99999999999999,125.454298245134));
#7905=CARTESIAN_POINT('Ctrl Pts',(52.6608787546868,-8.,122.559625089732));
#7906=CARTESIAN_POINT('Ctrl Pts',(52.6600031187495,-8.,122.563591091038));
#7907=CARTESIAN_POINT('Ctrl Pts',(52.6591275413627,-7.99999209818016,122.56755608444));
#7908=CARTESIAN_POINT('Ctrl Pts',(52.6120784180656,-7.99938197010921,122.780554073523));
#7909=CARTESIAN_POINT('Ctrl Pts',(52.4719215813535,-7.9386276397968,123.40815767753));
#7910=CARTESIAN_POINT('Ctrl Pts',(52.2800361746062,-7.63735629923633,124.23859743442));
#7911=CARTESIAN_POINT('Ctrl Pts',(52.1277370370787,-7.023900580867,124.878891185295));
#7912=CARTESIAN_POINT('Ctrl Pts',(52.0634976108322,-6.49665335477525,125.146021569628));
#7913=CARTESIAN_POINT('Ctrl Pts',(52.0495442566127,-6.16575461487016,125.20375224507));
#7914=CARTESIAN_POINT('Ctrl Pts',(52.0495442566127,-5.99999999999999,125.20375224507));
#7915=CARTESIAN_POINT('',(53.7899141081502,-6.,125.039661046931));
#7916=CARTESIAN_POINT('',(52.0495442566127,-6.,125.20375224507));
#7917=CARTESIAN_POINT('Origin',(52.8741232993482,-6.,124.638005479917));
#7918=CARTESIAN_POINT('',(52.6608787546868,-8.,122.559625089732));
#7919=CARTESIAN_POINT('Ctrl Pts',(52.0495442566127,-5.99999999999999,125.20375224507));
#7920=CARTESIAN_POINT('Ctrl Pts',(52.0495442566127,-6.16575461487016,125.20375224507));
#7921=CARTESIAN_POINT('Ctrl Pts',(52.0634976108322,-6.49665335477525,125.146021569628));
#7922=CARTESIAN_POINT('Ctrl Pts',(52.1277370370787,-7.023900580867,124.878891185295));
#7923=CARTESIAN_POINT('Ctrl Pts',(52.2800361746062,-7.63735629923633,124.23859743442));
#7924=CARTESIAN_POINT('Ctrl Pts',(52.4719215813535,-7.9386276397968,123.40815767753));
#7925=CARTESIAN_POINT('Ctrl Pts',(52.6120784180656,-7.99938197010921,122.780554073523));
#7926=CARTESIAN_POINT('Ctrl Pts',(52.6591275413627,-7.99999209818016,122.56755608444));
#7927=CARTESIAN_POINT('Ctrl Pts',(52.6600031187495,-8.,122.563591091038));
#7928=CARTESIAN_POINT('Ctrl Pts',(52.6608787546868,-8.,122.559625089732));
#7929=CARTESIAN_POINT('Ctrl Pts',(52.6608787546868,-8.,122.559625089732));
#7930=CARTESIAN_POINT('Ctrl Pts',(52.6626028628136,-8.,122.563302501298));
#7931=CARTESIAN_POINT('Ctrl Pts',(52.6643264162259,-7.99999209818016,122.566979145807));
#7932=CARTESIAN_POINT('Ctrl Pts',(52.7569052671347,-7.99938197010921,122.764500911861));
#7933=CARTESIAN_POINT('Ctrl Pts',(53.028597769645,-7.93862763979679,123.348063746437));
#7934=CARTESIAN_POINT('Ctrl Pts',(53.3833618616488,-7.63735629923633,124.12683341055));
#7935=CARTESIAN_POINT('Ctrl Pts',(53.65355160154,-7.02390058086703,124.731779937256));
#7936=CARTESIAN_POINT('Ctrl Pts',(53.7657267677833,-6.49665335477527,124.984888000518));
#7937=CARTESIAN_POINT('Ctrl Pts',(53.7899141081502,-6.16575461487017,125.039661046931));
#7938=CARTESIAN_POINT('Ctrl Pts',(53.7899141081502,-6.,125.039661046931));
#7939=CARTESIAN_POINT('Origin',(52.8741232993482,0.,124.638005479917));
#7940=CARTESIAN_POINT('',(52.0495442566127,0.,125.20375224507));
#7941=CARTESIAN_POINT('',(53.7899141081502,0.,125.039661046931));
#7942=CARTESIAN_POINT('Ctrl Pts',(52.6608787546869,-8.,122.559625089732));
#7943=CARTESIAN_POINT('Ctrl Pts',(52.6608734245237,-8.,122.554092024399));
#7944=CARTESIAN_POINT('Ctrl Pts',(52.6608676629758,-7.99999805843837,122.548558666207));
#7945=CARTESIAN_POINT('Ctrl Pts',(52.660487703679,-7.99971953420783,122.206470004257));
#7946=CARTESIAN_POINT('Ctrl Pts',(52.6566471022456,-7.98348487717196,121.530538550663));
#7947=CARTESIAN_POINT('Ctrl Pts',(52.6412897946192,-7.91314603130687,120.513851712364));
#7948=CARTESIAN_POINT('Ctrl Pts',(52.6162898461174,-7.7971936013741,119.500524979386));
#7949=CARTESIAN_POINT('Ctrl Pts',(52.581754999411,-7.63333338253238,118.495514166561));
#7950=CARTESIAN_POINT('Ctrl Pts',(52.538242809091,-7.41978718049982,117.507802550405));
#7951=CARTESIAN_POINT('Ctrl Pts',(52.485804595229,-7.14441958200502,116.532813316653));
#7952=CARTESIAN_POINT('Ctrl Pts',(52.4264615512986,-6.80106372964211,115.598768540432));
#7953=CARTESIAN_POINT('Ctrl Pts',(52.363217789151,-6.36010754554156,114.729574133095));
#7954=CARTESIAN_POINT('Ctrl Pts',(52.3025979546116,-5.78704312931736,113.987886017201));
#7955=CARTESIAN_POINT('Ctrl Pts',(52.2803329264752,-5.26564873206499,113.736453617295));
#7956=CARTESIAN_POINT('Ctrl Pts',(52.2803329264752,-5.,113.736453617295));
#7957=CARTESIAN_POINT('Ctrl Pts',(52.6608787546868,-8.,122.559625089732));
#7958=CARTESIAN_POINT('Ctrl Pts',(52.6606442162919,-8.00000030820337,122.554117338627));
#7959=CARTESIAN_POINT('Ctrl Pts',(52.6604095088304,-7.99999727958123,122.54860970986));
#7960=CARTESIAN_POINT('Ctrl Pts',(52.6458619540845,-7.99968269901319,122.208090967119));
#7961=CARTESIAN_POINT('Ctrl Pts',(52.6142200481848,-7.98020263428746,121.535525856373));
#7962=CARTESIAN_POINT('Ctrl Pts',(52.5588099995988,-7.89596822607762,120.526002032218));
#7963=CARTESIAN_POINT('Ctrl Pts',(52.4970231105299,-7.75716795736896,119.523411828134));
#7964=CARTESIAN_POINT('Ctrl Pts',(52.4305705419896,-7.56241078135379,118.534076440032));
#7965=CARTESIAN_POINT('Ctrl Pts',(52.3621758927857,-7.31018177229133,117.569144955361));
#7966=CARTESIAN_POINT('Ctrl Pts',(52.2939661546059,-6.99092308054714,116.62678570959));
#7967=CARTESIAN_POINT('Ctrl Pts',(52.232613284874,-6.60018926807412,115.741421964974));
#7968=CARTESIAN_POINT('Ctrl Pts',(52.1853434841556,-6.12435420180072,114.944473036278));
#7969=CARTESIAN_POINT('Ctrl Pts',(52.1683141440195,-5.55667719599949,114.322256084524));
#7970=CARTESIAN_POINT('Ctrl Pts',(52.1826398882486,-5.16839009220738,114.167346783018));
#7971=CARTESIAN_POINT('Ctrl Pts',(52.1821101714264,-5.00000000000001,114.166461200851));
#7972=CARTESIAN_POINT('Ctrl Pts',(52.6608787546868,-8.,122.559625089732));
#7973=CARTESIAN_POINT('Ctrl Pts',(52.6602432828458,-8.00000067731354,122.554161671154));
#7974=CARTESIAN_POINT('Ctrl Pts',(52.6596075155632,-7.99999647490552,122.54869900833));
#7975=CARTESIAN_POINT('Ctrl Pts',(52.6202768496588,-7.99966671128159,122.210928809295));
#7976=CARTESIAN_POINT('Ctrl Pts',(52.5399557232836,-7.9777826784017,121.544224953162));
#7977=CARTESIAN_POINT('Ctrl Pts',(52.411162666004,-7.88310860859502,120.545998616516));
#7978=CARTESIAN_POINT('Ctrl Pts',(52.2750094506608,-7.72646853379745,119.558775494246));
#7979=CARTESIAN_POINT('Ctrl Pts',(52.1324981975349,-7.50671108367086,118.590450638843));
#7980=CARTESIAN_POINT('Ctrl Pts',(51.9859207470656,-7.22091771111729,117.655083057632));
#7981=CARTESIAN_POINT('Ctrl Pts',(51.8357769867682,-6.86092329610768,116.754643191248));
#7982=CARTESIAN_POINT('Ctrl Pts',(51.6898057174387,-6.41981286100022,115.932589552353));
#7983=CARTESIAN_POINT('Ctrl Pts',(51.5568848194504,-5.89936817987766,115.23136015902));
#7984=CARTESIAN_POINT('Ctrl Pts',(51.461385597682,-5.31470598853584,114.772429727282));
#7985=CARTESIAN_POINT('Ctrl Pts',(51.4522606646312,-5.06326033543336,114.752468993787));
#7986=CARTESIAN_POINT('Ctrl Pts',(51.4519392630077,-5.00000000000002,114.750677585507));
#7987=CARTESIAN_POINT('Ctrl Pts',(52.6608787546868,-8.,122.559625089732));
#7988=CARTESIAN_POINT('Ctrl Pts',(52.6598423552816,-8.00000023115253,122.554206373208));
#7989=CARTESIAN_POINT('Ctrl Pts',(52.6588055202432,-7.99999747429552,122.548787854392));
#7990=CARTESIAN_POINT('Ctrl Pts',(52.5946913494044,-7.99969190781185,122.213786476193));
#7991=CARTESIAN_POINT('Ctrl Pts',(52.46569043198,-7.98102319500858,121.55288850874));
#7992=CARTESIAN_POINT('Ctrl Pts',(52.2639436112535,-7.90026267738492,120.56309544315));
#7993=CARTESIAN_POINT('Ctrl Pts',(52.0545529226784,-7.76717436837022,119.582213518072));
#7994=CARTESIAN_POINT('Ctrl Pts',(51.8380213215361,-7.58014143164841,118.616361471407));
#7995=CARTESIAN_POINT('Ctrl Pts',(51.6159535526408,-7.33758312434339,117.676219430016));
#7996=CARTESIAN_POINT('Ctrl Pts',(51.3869083510203,-7.02929720591156,116.759825366634));
#7997=CARTESIAN_POINT('Ctrl Pts',(51.1572580984494,-6.65040788346609,115.89979466716));
#7998=CARTESIAN_POINT('Ctrl Pts',(50.9337735707907,-6.18329253773588,115.125140332943));
#7999=CARTESIAN_POINT('Ctrl Pts',(50.7350689124174,-5.61426867932902,114.514499163063));
#8000=CARTESIAN_POINT('Ctrl Pts',(50.6679121427894,-5.19270475217167,114.353049964483));
#8001=CARTESIAN_POINT('Ctrl Pts',(50.6680194968652,-5.00000000000002,114.352295830212));
#8002=CARTESIAN_POINT('Ctrl Pts',(52.6608787546868,-8.,122.559625089732));
#8003=CARTESIAN_POINT('Ctrl Pts',(52.6596704903112,-8.,122.554225558494));
#8004=CARTESIAN_POINT('Ctrl Pts',(52.6584618580635,-7.99999805843837,122.548825902986));
#8005=CARTESIAN_POINT('Ctrl Pts',(52.5837237517932,-7.99971953420783,122.215012169142));
#8006=CARTESIAN_POINT('Ctrl Pts',(52.4338668449478,-7.98348487717196,121.556593402213));
#8007=CARTESIAN_POINT('Ctrl Pts',(52.2017847368913,-7.91314603130686,120.569770831173));
#8008=CARTESIAN_POINT('Ctrl Pts',(51.9637981689912,-7.79719360137408,119.58969005708));
#8009=CARTESIAN_POINT('Ctrl Pts',(51.7211438608648,-7.63333338253235,118.621062008588));
#8010=CARTESIAN_POINT('Ctrl Pts',(51.4762378923883,-7.41978718049976,117.672369112593));
#8011=CARTESIAN_POINT('Ctrl Pts',(51.2281880969376,-7.14441958200498,116.739040720701));
#8012=CARTESIAN_POINT('Ctrl Pts',(50.9845765727859,-6.80106372964208,115.847837211024));
#8013=CARTESIAN_POINT('Ctrl Pts',(50.7526662667056,-6.36010754554151,115.021016381073));
#8014=CARTESIAN_POINT('Ctrl Pts',(50.5504946582065,-5.78704312931742,114.317501036212));
#8015=CARTESIAN_POINT('Ctrl Pts',(50.4808635275912,-5.26564873206488,114.079514968718));
#8016=CARTESIAN_POINT('Ctrl Pts',(50.4808635275911,-5.00000000000001,114.079514968718));
#8017=CARTESIAN_POINT('',(50.4808635275912,-5.00000000000001,114.079514968718));
#8018=CARTESIAN_POINT('',(52.2803329264752,-5.,113.736453617295));
#8019=CARTESIAN_POINT('Origin',(51.3054425703266,-5.,113.513768203565));
#8020=CARTESIAN_POINT('Ctrl Pts',(52.2803329264752,-5.,113.736453617295));
#8021=CARTESIAN_POINT('Ctrl Pts',(52.2803329264752,-5.26564873206499,113.736453617295));
#8022=CARTESIAN_POINT('Ctrl Pts',(52.3025979546116,-5.78704312931736,113.987886017201));
#8023=CARTESIAN_POINT('Ctrl Pts',(52.363217789151,-6.36010754554156,114.729574133095));
#8024=CARTESIAN_POINT('Ctrl Pts',(52.4264615512986,-6.80106372964211,115.598768540432));
#8025=CARTESIAN_POINT('Ctrl Pts',(52.485804595229,-7.14441958200502,116.532813316653));
#8026=CARTESIAN_POINT('Ctrl Pts',(52.538242809091,-7.41978718049982,117.507802550405));
#8027=CARTESIAN_POINT('Ctrl Pts',(52.581754999411,-7.63333338253238,118.495514166561));
#8028=CARTESIAN_POINT('Ctrl Pts',(52.6162898461174,-7.7971936013741,119.500524979386));
#8029=CARTESIAN_POINT('Ctrl Pts',(52.6412897946192,-7.91314603130687,120.513851712364));
#8030=CARTESIAN_POINT('Ctrl Pts',(52.6566471022456,-7.98348487717196,121.530538550663));
#8031=CARTESIAN_POINT('Ctrl Pts',(52.660487703679,-7.99971953420783,122.206470004257));
#8032=CARTESIAN_POINT('Ctrl Pts',(52.6608676629758,-7.99999805843837,122.548558666207));
#8033=CARTESIAN_POINT('Ctrl Pts',(52.6608734245237,-8.,122.554092024399));
#8034=CARTESIAN_POINT('Ctrl Pts',(52.6608787546869,-8.,122.559625089732));
#8035=CARTESIAN_POINT('Ctrl Pts',(52.6608787546868,-8.,122.559625089732));
#8036=CARTESIAN_POINT('Ctrl Pts',(52.6596704903112,-8.,122.554225558494));
#8037=CARTESIAN_POINT('Ctrl Pts',(52.6584618580635,-7.99999805843837,122.548825902986));
#8038=CARTESIAN_POINT('Ctrl Pts',(52.5837237517932,-7.99971953420783,122.215012169142));
#8039=CARTESIAN_POINT('Ctrl Pts',(52.4338668449478,-7.98348487717196,121.556593402213));
#8040=CARTESIAN_POINT('Ctrl Pts',(52.2017847368913,-7.91314603130686,120.569770831173));
#8041=CARTESIAN_POINT('Ctrl Pts',(51.9637981689912,-7.79719360137408,119.58969005708));
#8042=CARTESIAN_POINT('Ctrl Pts',(51.7211438608648,-7.63333338253235,118.621062008588));
#8043=CARTESIAN_POINT('Ctrl Pts',(51.4762378923883,-7.41978718049976,117.672369112593));
#8044=CARTESIAN_POINT('Ctrl Pts',(51.2281880969376,-7.14441958200498,116.739040720701));
#8045=CARTESIAN_POINT('Ctrl Pts',(50.9845765727859,-6.80106372964208,115.847837211024));
#8046=CARTESIAN_POINT('Ctrl Pts',(50.7526662667056,-6.36010754554151,115.021016381073));
#8047=CARTESIAN_POINT('Ctrl Pts',(50.5504946582065,-5.78704312931742,114.317501036212));
#8048=CARTESIAN_POINT('Ctrl Pts',(50.4808635275912,-5.26564873206488,114.079514968718));
#8049=CARTESIAN_POINT('Ctrl Pts',(50.4808635275911,-5.00000000000001,114.079514968718));
#8050=CARTESIAN_POINT('Origin',(51.3054425703266,0.,113.513768203565));
#8051=CARTESIAN_POINT('',(52.2803329264752,0.,113.736453617295));
#8052=CARTESIAN_POINT('',(50.4808635275911,0.,114.079514968718));
#8053=CARTESIAN_POINT('Origin',(51.3054425703266,0.,113.513768203565));
#8054=CARTESIAN_POINT('',(52.2803329264752,0.,113.736453617295));
#8055=CARTESIAN_POINT('',(50.4808635275911,0.,114.079514968718));
#8056=CARTESIAN_POINT('Origin',(46.4473813392192,0.,101.118955450752));
#8057=CARTESIAN_POINT('',(39.3103443083209,0.,97.7984213557686));
#8058=CARTESIAN_POINT('',(51.7349691085602,0.,115.907380796929));
#8059=CARTESIAN_POINT('',(51.109729219091,0.,86.3305301045751));
#8060=CARTESIAN_POINT('',(39.3103443083209,0.,97.7984213557686));
#8061=CARTESIAN_POINT('Origin',(1.64877757174001,0.,102.171143958732));
#8062=CARTESIAN_POINT('Origin',(39.3103443083209,0.,97.7984213557686));
#8063=CARTESIAN_POINT('',(39.3103443083209,-5.,97.7984213557686));
#8064=CARTESIAN_POINT('',(41.3351917274603,-5.,100.74964768069));
#8065=CARTESIAN_POINT('',(39.3103443083209,0.,97.7984213557686));
#8066=CARTESIAN_POINT('Origin',(1.64877757174001,0.,102.171143958732));
#8067=CARTESIAN_POINT('Origin',(1.64877757174001,-6.,102.171143958732));
#8068=CARTESIAN_POINT('Origin',(1.64877757174001,-6.,102.171143958732));
#8069=CARTESIAN_POINT('Origin',(1.64877757174001,-8.,102.171143958732));
#8070=CARTESIAN_POINT('Origin',(38.8614545992539,-5.,102.44688797615));
#8071=CARTESIAN_POINT('',(38.8614545992539,-8.,102.44688797615));
#8072=CARTESIAN_POINT('',(39.2738103604745,-5.54658859765354,97.833928913497));
#8073=CARTESIAN_POINT('Ctrl Pts',(36.1827534292456,-8.,98.5426661889666));
#8074=CARTESIAN_POINT('Ctrl Pts',(36.1897576965979,-8.,98.5377949222567));
#8075=CARTESIAN_POINT('Ctrl Pts',(36.1968014377313,-7.99996360926969,98.5329802223229));
#8076=CARTESIAN_POINT('Ctrl Pts',(36.221415570495,-7.99971059840982,98.5164423998894));
#8077=CARTESIAN_POINT('Ctrl Pts',(36.2391664561591,-7.99930759781194,98.5050190028012));
#8078=CARTESIAN_POINT('Ctrl Pts',(36.2894502170451,-7.99755802132352,98.4739976508818));
#8079=CARTESIAN_POINT('Ctrl Pts',(36.3223796853731,-7.99571823204127,98.4552111186272));
#8080=CARTESIAN_POINT('Ctrl Pts',(36.4278877550254,-7.98770235613459,98.399316902153));
#8081=CARTESIAN_POINT('Ctrl Pts',(36.5020896690362,-7.97900054765639,98.3662142002581));
#8082=CARTESIAN_POINT('Ctrl Pts',(36.7261536989877,-7.94420415780992,98.2796668634053));
#8083=CARTESIAN_POINT('Ctrl Pts',(36.8803485810551,-7.90915279533353,98.237243583336));
#8084=CARTESIAN_POINT('Ctrl Pts',(37.2387639677621,-7.8030414786167,98.1572494516777));
#8085=CARTESIAN_POINT('Ctrl Pts',(37.4463511108646,-7.72188629003796,98.1256390350211));
#8086=CARTESIAN_POINT('Ctrl Pts',(37.8055596530371,-7.54266107672638,98.0785915123116));
#8087=CARTESIAN_POINT('Ctrl Pts',(37.9615130678184,-7.45021770459089,98.0613053600109));
#8088=CARTESIAN_POINT('Ctrl Pts',(38.3572649103282,-7.17087769223823,98.0185210882676));
#8089=CARTESIAN_POINT('Ctrl Pts',(38.582286056633,-6.96211334980992,97.9953353792057));
#8090=CARTESIAN_POINT('Ctrl Pts',(38.9062629055328,-6.54458075622244,97.950207374614));
#8091=CARTESIAN_POINT('Ctrl Pts',(39.0215777299173,-6.35161058939175,97.9298069450948));
#8092=CARTESIAN_POINT('Ctrl Pts',(39.1902571882702,-5.95323050325969,97.8847971077231));
#8093=CARTESIAN_POINT('Ctrl Pts',(39.2460299865866,-5.75264744106408,97.8609288214645));
#8094=CARTESIAN_POINT('Ctrl Pts',(39.2738103604743,-5.54658859765354,97.8339289134972));
#8095=CARTESIAN_POINT('Origin',(37.1276238848807,-5.,99.9198201097769));
#8096=CARTESIAN_POINT('Origin',(47.7921080723466,-6.,115.463364861969));
#8097=CARTESIAN_POINT('',(46.1429499868757,-6.,116.594858392276));
#8098=CARTESIAN_POINT('Ctrl Pts',(-51.4428293853009,-8.,122.559625089732));
#8099=CARTESIAN_POINT('Ctrl Pts',(-51.4419540082941,-8.,122.563589918266));
#8100=CARTESIAN_POINT('Ctrl Pts',(-51.4410786898591,-7.99999210232952,122.567553739275));
#8101=CARTESIAN_POINT('Ctrl Pts',(-51.3940297814106,-7.99938219751555,122.780550783008));
#8102=CARTESIAN_POINT('Ctrl Pts',(-51.2538724470335,-7.93862801610361,123.408156653287));
#8103=CARTESIAN_POINT('Ctrl Pts',(-51.0619872363362,-7.63735732463638,124.238595583971));
#8104=CARTESIAN_POINT('Ctrl Pts',(-50.9096878039603,-7.02390149893543,124.878890619551));
#8105=CARTESIAN_POINT('Ctrl Pts',(-50.8454482802586,-6.49665390899214,125.146021407165));
#8106=CARTESIAN_POINT('Ctrl Pts',(-50.8314948872267,-6.16575480298659,125.20375224507));
#8107=CARTESIAN_POINT('Ctrl Pts',(-50.8314948872267,-6.,125.20375224507));
#8108=CARTESIAN_POINT('Ctrl Pts',(-51.4428293853009,-8.,122.559625089732));
#8109=CARTESIAN_POINT('Ctrl Pts',(-51.4424575669026,-8.00001331793748,122.563506478293));
#8110=CARTESIAN_POINT('Ctrl Pts',(-51.4420592507713,-7.99997873730761,122.56747604975));
#8111=CARTESIAN_POINT('Ctrl Pts',(-51.4218996352694,-8.00012331009448,122.776464515029));
#8112=CARTESIAN_POINT('Ctrl Pts',(-51.3594253277314,-7.95425386957065,123.399511842537));
#8113=CARTESIAN_POINT('Ctrl Pts',(-51.2610298595395,-7.74586535759589,124.237029971108));
#8114=CARTESIAN_POINT('Ctrl Pts',(-51.141983995355,-7.23230116156329,125.003867110269));
#8115=CARTESIAN_POINT('Ctrl Pts',(-51.0765710573356,-6.66896032549489,125.420994235516));
#8116=CARTESIAN_POINT('Ctrl Pts',(-51.0606959031028,-6.22797818351048,125.538999025911));
#8117=CARTESIAN_POINT('Ctrl Pts',(-51.0606956174768,-6.,125.537813578488));
#8118=CARTESIAN_POINT('Ctrl Pts',(-51.4428293853009,-8.,122.559625089732));
#8119=CARTESIAN_POINT('Ctrl Pts',(-51.4433060202162,-8.00000911199699,122.563383108479));
#8120=CARTESIAN_POINT('Ctrl Pts',(-51.4438115883677,-7.99998451126344,122.567314774852));
#8121=CARTESIAN_POINT('Ctrl Pts',(-51.469560378632,-8.00020170735394,122.770104971332));
#8122=CARTESIAN_POINT('Ctrl Pts',(-51.5462271443288,-7.96684528655172,123.382621167562));
#8123=CARTESIAN_POINT('Ctrl Pts',(-51.6465149485615,-7.82827792638318,124.209533004683));
#8124=CARTESIAN_POINT('Ctrl Pts',(-51.7540598423356,-7.42251238787412,125.075719650639));
#8125=CARTESIAN_POINT('Ctrl Pts',(-51.823453515324,-6.84310480836552,125.644571007279));
#8126=CARTESIAN_POINT('Ctrl Pts',(-51.8452407317293,-6.29157094312422,125.830312675277));
#8127=CARTESIAN_POINT('Ctrl Pts',(-51.8450013972173,-5.99999999999999,125.827823633726));
#8128=CARTESIAN_POINT('Ctrl Pts',(-51.4428293853009,-8.,122.559625089732));
#8129=CARTESIAN_POINT('Ctrl Pts',(-51.4441717760982,-8.00000998845311,122.563322460676));
#8130=CARTESIAN_POINT('Ctrl Pts',(-51.4455446091734,-7.99998207856309,122.567082162946));
#8131=CARTESIAN_POINT('Ctrl Pts',(-51.5178233739406,-7.99993803194974,122.766060905086));
#8132=CARTESIAN_POINT('Ctrl Pts',(-51.7317468515485,-7.95034740620383,123.358662578479));
#8133=CARTESIAN_POINT('Ctrl Pts',(-52.0190714432586,-7.71873834935586,124.155460528521));
#8134=CARTESIAN_POINT('Ctrl Pts',(-52.2825424227311,-7.18020124590618,124.85700081419));
#8135=CARTESIAN_POINT('Ctrl Pts',(-52.4161526464364,-6.62588372136925,125.219967673574));
#8136=CARTESIAN_POINT('Ctrl Pts',(-52.4499851480405,-6.21242233837949,125.318793285775));
#8137=CARTESIAN_POINT('Ctrl Pts',(-52.449822835559,-5.99999999999999,125.317921483043));
#8138=CARTESIAN_POINT('Ctrl Pts',(-51.4428293853009,-8.,122.559625089732));
#8139=CARTESIAN_POINT('Ctrl Pts',(-51.444552983598,-8.,122.563301413864));
#8140=CARTESIAN_POINT('Ctrl Pts',(-51.4462760274195,-7.99999210232952,122.566976971185));
#8141=CARTESIAN_POINT('Ctrl Pts',(-51.5388544717727,-7.99938219751555,122.764497854402));
#8142=CARTESIAN_POINT('Ctrl Pts',(-51.8105479614281,-7.93862801610354,123.348062787584));
#8143=CARTESIAN_POINT('Ctrl Pts',(-52.1653117045159,-7.63735732463623,124.126831671568));
#8144=CARTESIAN_POINT('Ctrl Pts',(-52.4355019947355,-7.02390149893528,124.731779400987));
#8145=CARTESIAN_POINT('Ctrl Pts',(-52.5476773299826,-6.49665390899218,124.984887846847));
#8146=CARTESIAN_POINT('Ctrl Pts',(-52.5718647387642,-6.16575480298657,125.039661046931));
#8147=CARTESIAN_POINT('Ctrl Pts',(-52.5718647387642,-5.99999999999999,125.039661046931));
#8148=CARTESIAN_POINT('',(-50.8314948872267,-6.,125.20375224507));
#8149=CARTESIAN_POINT('',(-52.5718647387643,-6.,125.039661046931));
#8150=CARTESIAN_POINT('Origin',(-51.6560739299622,-6.,124.638005479917));
#8151=CARTESIAN_POINT('',(-51.4428293853009,-8.,122.559625089732));
#8152=CARTESIAN_POINT('Ctrl Pts',(-52.5718647387642,-5.99999999999999,125.039661046931));
#8153=CARTESIAN_POINT('Ctrl Pts',(-52.5718647387642,-6.16575480298657,125.039661046931));
#8154=CARTESIAN_POINT('Ctrl Pts',(-52.5476773299826,-6.49665390899218,124.984887846847));
#8155=CARTESIAN_POINT('Ctrl Pts',(-52.4355019947355,-7.02390149893528,124.731779400987));
#8156=CARTESIAN_POINT('Ctrl Pts',(-52.1653117045159,-7.63735732463623,124.126831671568));
#8157=CARTESIAN_POINT('Ctrl Pts',(-51.8105479614281,-7.93862801610354,123.348062787584));
#8158=CARTESIAN_POINT('Ctrl Pts',(-51.5388544717727,-7.99938219751555,122.764497854402));
#8159=CARTESIAN_POINT('Ctrl Pts',(-51.4462760274195,-7.99999210232952,122.566976971185));
#8160=CARTESIAN_POINT('Ctrl Pts',(-51.444552983598,-8.,122.563301413864));
#8161=CARTESIAN_POINT('Ctrl Pts',(-51.4428293853009,-8.,122.559625089732));
#8162=CARTESIAN_POINT('Ctrl Pts',(-51.4428293853009,-8.,122.559625089732));
#8163=CARTESIAN_POINT('Ctrl Pts',(-51.4419540082941,-8.,122.563589918266));
#8164=CARTESIAN_POINT('Ctrl Pts',(-51.4410786898591,-7.99999210232952,122.567553739275));
#8165=CARTESIAN_POINT('Ctrl Pts',(-51.3940297814106,-7.99938219751555,122.780550783008));
#8166=CARTESIAN_POINT('Ctrl Pts',(-51.2538724470335,-7.93862801610361,123.408156653287));
#8167=CARTESIAN_POINT('Ctrl Pts',(-51.0619872363362,-7.63735732463638,124.238595583971));
#8168=CARTESIAN_POINT('Ctrl Pts',(-50.9096878039603,-7.02390149893543,124.878890619551));
#8169=CARTESIAN_POINT('Ctrl Pts',(-50.8454482802586,-6.49665390899214,125.146021407165));
#8170=CARTESIAN_POINT('Ctrl Pts',(-50.8314948872267,-6.16575480298659,125.20375224507));
#8171=CARTESIAN_POINT('Ctrl Pts',(-50.8314948872267,-6.,125.20375224507));
#8172=CARTESIAN_POINT('Origin',(-51.6560739299622,0.,124.638005479917));
#8173=CARTESIAN_POINT('',(-52.5718647387643,0.,125.039661046931));
#8174=CARTESIAN_POINT('',(-50.8314948872267,0.,125.20375224507));
#8175=CARTESIAN_POINT('Ctrl Pts',(-51.4428293853009,-8.,122.559625089732));
#8176=CARTESIAN_POINT('Ctrl Pts',(-51.4416269531106,-8.,122.554251621554));
#8177=CARTESIAN_POINT('Ctrl Pts',(-51.4404244476226,-7.99999660976469,122.548878888148));
#8178=CARTESIAN_POINT('Ctrl Pts',(-51.2921109878911,-7.99970664044474,121.886521370386));
#8179=CARTESIAN_POINT('Ctrl Pts',(-50.8351952452655,-7.89774402296193,119.909692482563));
#8180=CARTESIAN_POINT('Ctrl Pts',(-50.2561327034688,-7.48599165075994,117.63858338511));
#8181=CARTESIAN_POINT('Ctrl Pts',(-49.7662122081776,-6.80110813989349,115.846722178287));
#8182=CARTESIAN_POINT('Ctrl Pts',(-49.5347781343121,-6.35990210044306,115.021574307348));
#8183=CARTESIAN_POINT('Ctrl Pts',(-49.3323747373737,-5.78703532781794,114.317249962957));
#8184=CARTESIAN_POINT('Ctrl Pts',(-49.2628141582052,-5.26564992633746,114.079514968718));
#8185=CARTESIAN_POINT('Ctrl Pts',(-49.2628141582052,-5.00000000000002,114.079514968718));
#8186=CARTESIAN_POINT('Ctrl Pts',(-51.4428293853009,-8.,122.559625089732));
#8187=CARTESIAN_POINT('Ctrl Pts',(-51.4418561648976,-7.99998722558096,122.55419788485));
#8188=CARTESIAN_POINT('Ctrl Pts',(-51.4408792620124,-8.00000932594841,122.548857460323));
#8189=CARTESIAN_POINT('Ctrl Pts',(-51.3207153091139,-7.99904812782585,121.882102820595));
#8190=CARTESIAN_POINT('Ctrl Pts',(-50.9468671787913,-7.8801147666299,119.899061392615));
#8191=CARTESIAN_POINT('Ctrl Pts',(-50.4488739908724,-7.38053636981069,117.627349754914));
#8192=CARTESIAN_POINT('Ctrl Pts',(-49.9965312874328,-6.60000322627566,115.915190631848));
#8193=CARTESIAN_POINT('Ctrl Pts',(-49.7762058986989,-6.12429871238162,115.160921771609));
#8194=CARTESIAN_POINT('Ctrl Pts',(-49.5785104618657,-5.55655512531597,114.579522476245));
#8195=CARTESIAN_POINT('Ctrl Pts',(-49.5121937650316,-5.16844840352829,114.444425818346));
#8196=CARTESIAN_POINT('Ctrl Pts',(-49.5123554505706,-5.00000000000001,114.443222784044));
#8197=CARTESIAN_POINT('Ctrl Pts',(-51.4428293853009,-8.,122.559625089732));
#8198=CARTESIAN_POINT('Ctrl Pts',(-51.4422395153025,-7.99998854934285,122.554126769553));
#8199=CARTESIAN_POINT('Ctrl Pts',(-51.4416933729731,-8.00000765225336,122.548796576603));
#8200=CARTESIAN_POINT('Ctrl Pts',(-51.3700199004499,-7.99901660287433,121.875336515061));
#8201=CARTESIAN_POINT('Ctrl Pts',(-51.1440157303883,-7.86621756220002,119.878487807833));
#8202=CARTESIAN_POINT('Ctrl Pts',(-50.8240995705522,-7.30013184101373,117.582328903156));
#8203=CARTESIAN_POINT('Ctrl Pts',(-50.5714386014617,-6.41985731806463,115.912508197984));
#8204=CARTESIAN_POINT('Ctrl Pts',(-50.4652102553731,-5.89921946589538,115.210220731917));
#8205=CARTESIAN_POINT('Ctrl Pts',(-50.3999208429655,-5.31467827266565,114.741927127774));
#8206=CARTESIAN_POINT('Ctrl Pts',(-50.4067671891472,-5.06328804001498,114.719990234551));
#8207=CARTESIAN_POINT('Ctrl Pts',(-50.4062557305754,-5.,114.717818994777));
#8208=CARTESIAN_POINT('Ctrl Pts',(-51.4428293853009,-8.,122.559625089732));
#8209=CARTESIAN_POINT('Ctrl Pts',(-51.4426433716986,-7.99999041918572,122.554119914601));
#8210=CARTESIAN_POINT('Ctrl Pts',(-51.4424864122344,-8.00000614690248,122.548669322205));
#8211=CARTESIAN_POINT('Ctrl Pts',(-51.4202083645199,-7.99921275598053,121.871427676292));
#8212=CARTESIAN_POINT('Ctrl Pts',(-51.338908799839,-7.88452208071292,119.849530348712));
#8213=CARTESIAN_POINT('Ctrl Pts',(-51.1864244270102,-7.406900190048,117.511233626832));
#8214=CARTESIAN_POINT('Ctrl Pts',(-51.0626340025835,-6.65027945468014,115.704084695723));
#8215=CARTESIAN_POINT('Ctrl Pts',(-51.0120054372535,-6.18319955939698,114.891656265874));
#8216=CARTESIAN_POINT('Ctrl Pts',(-50.9836697265475,-5.61417517594144,114.238156937963));
#8217=CARTESIAN_POINT('Ctrl Pts',(-50.9890877207698,-5.19274878423055,114.059745754277));
#8218=CARTESIAN_POINT('Ctrl Pts',(-50.9886164908026,-4.99999999999999,114.058959304962));
#8219=CARTESIAN_POINT('Ctrl Pts',(-51.4428293853009,-8.,122.559625089732));
#8220=CARTESIAN_POINT('Ctrl Pts',(-51.4428240808659,-8.,122.554118732016));
#8221=CARTESIAN_POINT('Ctrl Pts',(-51.4428184862954,-7.9999966097647,122.548613010269));
#8222=CARTESIAN_POINT('Ctrl Pts',(-51.4420409434252,-7.9997066404447,121.86982815554));
#8223=CARTESIAN_POINT('Ctrl Pts',(-51.4217151680599,-7.89774402296195,119.837003772303));
#8224=CARTESIAN_POINT('Ctrl Pts',(-51.3278002546654,-7.48599165075993,117.475648317976));
#8225=CARTESIAN_POINT('Ctrl Pts',(-51.2083234571926,-6.80110813989351,115.597594758155));
#8226=CARTESIAN_POINT('Ctrl Pts',(-51.1452180182337,-6.35990210044306,114.730163054492));
#8227=CARTESIAN_POINT('Ctrl Pts',(-51.0845291460998,-5.78703532781791,113.987621878921));
#8228=CARTESIAN_POINT('Ctrl Pts',(-51.0622835570893,-5.26564992633744,113.736453617295));
#8229=CARTESIAN_POINT('Ctrl Pts',(-51.0622835570893,-4.99999999999998,113.736453617295));
#8230=CARTESIAN_POINT('',(-51.0622835570893,-5.,113.736453617295));
#8231=CARTESIAN_POINT('',(-49.2628141582052,-5.00000000000001,114.079514968718));
#8232=CARTESIAN_POINT('Origin',(-50.0873932009407,-5.,113.513768203565));
#8233=CARTESIAN_POINT('Ctrl Pts',(-49.2628141582052,-5.00000000000002,114.079514968718));
#8234=CARTESIAN_POINT('Ctrl Pts',(-49.2628141582052,-5.26564992633746,114.079514968718));
#8235=CARTESIAN_POINT('Ctrl Pts',(-49.3323747373737,-5.78703532781794,114.317249962957));
#8236=CARTESIAN_POINT('Ctrl Pts',(-49.5347781343121,-6.35990210044306,115.021574307348));
#8237=CARTESIAN_POINT('Ctrl Pts',(-49.7662122081776,-6.80110813989349,115.846722178287));
#8238=CARTESIAN_POINT('Ctrl Pts',(-50.2561327034688,-7.48599165075994,117.63858338511));
#8239=CARTESIAN_POINT('Ctrl Pts',(-50.8351952452655,-7.89774402296193,119.909692482563));
#8240=CARTESIAN_POINT('Ctrl Pts',(-51.2921109878911,-7.99970664044474,121.886521370386));
#8241=CARTESIAN_POINT('Ctrl Pts',(-51.4404244476226,-7.99999660976469,122.548878888148));
#8242=CARTESIAN_POINT('Ctrl Pts',(-51.4416269531106,-8.,122.554251621554));
#8243=CARTESIAN_POINT('Ctrl Pts',(-51.4428293853009,-8.,122.559625089732));
#8244=CARTESIAN_POINT('Ctrl Pts',(-51.4428293853009,-8.,122.559625089732));
#8245=CARTESIAN_POINT('Ctrl Pts',(-51.4428240808659,-8.,122.554118732016));
#8246=CARTESIAN_POINT('Ctrl Pts',(-51.4428184862954,-7.9999966097647,122.548613010269));
#8247=CARTESIAN_POINT('Ctrl Pts',(-51.4420409434252,-7.9997066404447,121.86982815554));
#8248=CARTESIAN_POINT('Ctrl Pts',(-51.4217151680599,-7.89774402296195,119.837003772303));
#8249=CARTESIAN_POINT('Ctrl Pts',(-51.3278002546654,-7.48599165075993,117.475648317976));
#8250=CARTESIAN_POINT('Ctrl Pts',(-51.2083234571926,-6.80110813989351,115.597594758155));
#8251=CARTESIAN_POINT('Ctrl Pts',(-51.1452180182337,-6.35990210044306,114.730163054492));
#8252=CARTESIAN_POINT('Ctrl Pts',(-51.0845291460998,-5.78703532781791,113.987621878921));
#8253=CARTESIAN_POINT('Ctrl Pts',(-51.0622835570893,-5.26564992633744,113.736453617295));
#8254=CARTESIAN_POINT('Ctrl Pts',(-51.0622835570893,-4.99999999999998,113.736453617295));
#8255=CARTESIAN_POINT('Origin',(-50.0873932009407,0.,113.513768203565));
#8256=CARTESIAN_POINT('',(-49.2628141582052,0.,114.079514968718));
#8257=CARTESIAN_POINT('',(-51.0622835570893,0.,113.736453617295));
#8258=CARTESIAN_POINT('Origin',(-50.0873932009407,0.,113.513768203565));
#8259=CARTESIAN_POINT('',(-49.2628141582052,0.,114.079514968718));
#8260=CARTESIAN_POINT('',(-51.0622835570893,0.,113.736453617295));
#8261=CARTESIAN_POINT('Origin',(-45.2293319698332,0.,101.118955450752));
#8262=CARTESIAN_POINT('',(-49.891679849705,0.,86.3305301045751));
#8263=CARTESIAN_POINT('Origin',(-0.430728202354061,0.,102.171143958732));
#8264=CARTESIAN_POINT('',(-38.092294938935,0.,97.7984213557686));
#8265=CARTESIAN_POINT('',(-38.092294938935,0.,97.7984213557686));
#8266=CARTESIAN_POINT('',(-38.092294938935,0.,97.7984213557686));
#8267=CARTESIAN_POINT('',(-50.5169197391742,0.,115.907380796929));
#8268=CARTESIAN_POINT('Origin',(-0.430728202354061,0.,102.171143958732));
#8269=CARTESIAN_POINT('',(-49.891679849705,-5.,86.3305301045751));
#8270=CARTESIAN_POINT('Origin',(-0.430728202354061,-5.,102.171143958732));
#8271=CARTESIAN_POINT('',(-49.891679849705,0.,86.3305301045751));
#8272=CARTESIAN_POINT('Origin',(-31.5844123986565,0.,97.1510229474039));
#8273=CARTESIAN_POINT('',(-34.8017534810964,-6.,101.840315389391));
#8274=CARTESIAN_POINT('Origin',(-36.4509115665674,-6.,100.708821859084));
#8275=CARTESIAN_POINT('',(-43.8557176299875,-8.,111.50136769673));
#8276=CARTESIAN_POINT('Origin',(-0.430728202354061,-5.,102.171143958732));
#8277=CARTESIAN_POINT('Origin',(-0.430728202354061,-8.,102.171143958732));
#8278=CARTESIAN_POINT('',(-50.0862629140529,-6.18308133287013,86.1414136855296));
#8279=CARTESIAN_POINT('Ctrl Pts',(-51.8249664392261,-8.,82.7660697375909));
#8280=CARTESIAN_POINT('Ctrl Pts',(-51.8200802679045,-7.99999999999026,82.7732261231325));
#8281=CARTESIAN_POINT('Ctrl Pts',(-51.815220458193,-7.99997480174809,82.7803987952548));
#8282=CARTESIAN_POINT('Ctrl Pts',(-51.7663686103538,-7.99946968594052,82.8530402721355));
#8283=CARTESIAN_POINT('Ctrl Pts',(-51.7242852849679,-7.99695548279817,82.9200728761128));
#8284=CARTESIAN_POINT('Ctrl Pts',(-51.6161168859895,-7.98538168527627,83.1016759906527));
#8285=CARTESIAN_POINT('Ctrl Pts',(-51.5522678062305,-7.97289863218537,83.2191065594753));
#8286=CARTESIAN_POINT('Ctrl Pts',(-51.366789107934,-7.92120856027419,83.5796897482144));
#8287=CARTESIAN_POINT('Ctrl Pts',(-51.2513155390138,-7.86630587147823,83.8322323323186));
#8288=CARTESIAN_POINT('Ctrl Pts',(-50.981777698398,-7.68745682165309,84.436491834868));
#8289=CARTESIAN_POINT('Ctrl Pts',(-50.8263108238583,-7.53782754555842,84.7993361741267));
#8290=CARTESIAN_POINT('Ctrl Pts',(-50.5585279355548,-7.1856965645632,85.3770251055369));
#8291=CARTESIAN_POINT('Ctrl Pts',(-50.4398277040712,-6.99539696502639,85.6170004052445));
#8292=CARTESIAN_POINT('Ctrl Pts',(-50.2421061517772,-6.5938752111078,85.952545048721));
#8293=CARTESIAN_POINT('Ctrl Pts',(-50.1604870636886,-6.39931973257555,86.0692748000985));
#8294=CARTESIAN_POINT('Ctrl Pts',(-50.0862629140529,-6.18308133287013,86.1414136855296));
#8295=CARTESIAN_POINT('Ctrl Pts',(-49.891679849705,-5.,86.3305301045751));
#8296=CARTESIAN_POINT('Ctrl Pts',(-49.891679849705,-5.35773617769827,86.3305301045751));
#8297=CARTESIAN_POINT('Ctrl Pts',(-49.9566915066607,-5.77733761071973,86.2673448946964));
#8298=CARTESIAN_POINT('Ctrl Pts',(-50.0686023360037,-6.13059345342901,86.1585781046949));
#8299=CARTESIAN_POINT('Ctrl Pts',(-50.0772387671424,-6.15679114165607,86.1501843067261));
#8300=CARTESIAN_POINT('Ctrl Pts',(-50.0862629140529,-6.18308133287013,86.1414136855296));
#8301=CARTESIAN_POINT('Origin',(-0.430728202354059,-6.,102.171143958732));
#8302=CARTESIAN_POINT('Origin',(-0.430728202354059,-6.,102.171143958732));
#8303=CARTESIAN_POINT('Origin',(53.0487560408291,0.,126.660108953174));
#8304=CARTESIAN_POINT('Origin',(-0.430728202354059,0.,102.171143958732));
#8305=CARTESIAN_POINT('Ctrl Pts',(36.1827534292456,-8.,98.5426661889666));
#8306=CARTESIAN_POINT('Ctrl Pts',(38.9266228115777,-8.,96.6343838652997));
#8307=CARTESIAN_POINT('Ctrl Pts',(45.1543195334007,-8.,91.5104174844137));
#8308=CARTESIAN_POINT('Ctrl Pts',(50.2165086974527,-8.,85.26867779298));
#8309=CARTESIAN_POINT('Ctrl Pts',(52.5929547439392,-8.,81.6135312082428));
#8310=CARTESIAN_POINT('Ctrl Pts',(36.5916182463478,-7.71665351469498,98.929318543336));
#8311=CARTESIAN_POINT('Ctrl Pts',(39.2289249725545,-7.65371129638631,96.8981983275535));
#8312=CARTESIAN_POINT('Ctrl Pts',(45.2474096466822,-7.7283182028429,91.6291842257631));
#8313=CARTESIAN_POINT('Ctrl Pts',(50.5533099675861,-7.62014572546261,85.6572315251563));
#8314=CARTESIAN_POINT('Ctrl Pts',(53.1125048272499,-7.83252585531687,82.1602398640948));
#8315=CARTESIAN_POINT('Ctrl Pts',(37.2114109333988,-6.90249259286871,99.469242658532));
#8316=CARTESIAN_POINT('Ctrl Pts',(39.6574638769835,-6.88853579837163,97.230875966352));
#8317=CARTESIAN_POINT('Ctrl Pts',(45.3831863034597,-7.2069673536406,91.797839259426));
#8318=CARTESIAN_POINT('Ctrl Pts',(50.9525831727038,-6.75300006786034,86.205100263346));
#8319=CARTESIAN_POINT('Ctrl Pts',(53.9139086861522,-7.00581420583938,83.0447382697123));
#8320=CARTESIAN_POINT('Ctrl Pts',(37.4619026531178,-5.80309620446792,99.594932618546));
#8321=CARTESIAN_POINT('Ctrl Pts',(39.8370026268831,-5.99328372138251,97.2860728805251));
#8322=CARTESIAN_POINT('Ctrl Pts',(45.4236685161334,-6.62979156901529,91.8570622014311));
#8323=CARTESIAN_POINT('Ctrl Pts',(50.9936507612946,-5.73547302547702,86.4415000002759));
#8324=CARTESIAN_POINT('Ctrl Pts',(54.1450124036019,-5.65394177067018,83.3805206134214));
#8325=CARTESIAN_POINT('Ctrl Pts',(37.4901689731064,-5.33220993201593,99.5674604167193));
#8326=CARTESIAN_POINT('Ctrl Pts',(39.8649963850949,-5.6094243384255,97.2593517562264));
#8327=CARTESIAN_POINT('Ctrl Pts',(45.4197785708862,-6.3825439887972,91.8606264402503));
#8328=CARTESIAN_POINT('Ctrl Pts',(50.9530227138923,-5.29866150456714,86.4828340741094));
#8329=CARTESIAN_POINT('Ctrl Pts',(54.1240459923097,-5.07524955722584,83.4008979912632));
#8330=CARTESIAN_POINT('',(51.128629473272,-5.37558637273807,86.3121608369221));
#8331=CARTESIAN_POINT('Ctrl Pts',(51.128629473272,-5.37558637273807,86.3121608369221));
#8332=CARTESIAN_POINT('Ctrl Pts',(51.1501560791011,-5.58864221835873,86.2912390027314));
#8333=CARTESIAN_POINT('Ctrl Pts',(51.1813441178953,-5.79102371233265,86.2287865624034));
#8334=CARTESIAN_POINT('Ctrl Pts',(51.2695022988583,-6.22875669434599,86.0095038869558));
#8335=CARTESIAN_POINT('Ctrl Pts',(51.3299556606264,-6.44775671197177,85.8330967182126));
#8336=CARTESIAN_POINT('Ctrl Pts',(51.4925023469412,-6.93321263595265,85.3199595608642));
#8337=CARTESIAN_POINT('Ctrl Pts',(51.6108839079382,-7.19329973456349,84.9102953108508));
#8338=CARTESIAN_POINT('Ctrl Pts',(51.9160777552336,-7.68847064252642,83.7808450851595));
#8339=CARTESIAN_POINT('Ctrl Pts',(52.0804908764608,-7.83766845019016,83.1165962970762));
#8340=CARTESIAN_POINT('Ctrl Pts',(52.3096541688061,-7.96225394429691,82.2939566338801));
#8341=CARTESIAN_POINT('Ctrl Pts',(52.3978079608156,-7.98704068398092,82.004770895544));
#8342=CARTESIAN_POINT('Ctrl Pts',(52.513911551329,-7.99752235300298,81.7536534668193));
#8343=CARTESIAN_POINT('Ctrl Pts',(52.5328788086291,-7.99870724010647,81.7157637219503));
#8344=CARTESIAN_POINT('Ctrl Pts',(52.5632948985375,-7.99969738600339,81.6615106204854));
#8345=CARTESIAN_POINT('Ctrl Pts',(52.5736451591521,-7.99990196308816,81.6439992146029));
#8346=CARTESIAN_POINT('Ctrl Pts',(52.587254383223,-7.99999071631748,81.6223721380296));
#8347=CARTESIAN_POINT('Ctrl Pts',(52.5900876505421,-7.99999999999769,81.6179410060997));
#8348=CARTESIAN_POINT('Ctrl Pts',(52.5929547439392,-8.,81.6135312082428));
#8349=CARTESIAN_POINT('Ctrl Pts',(51.1284670587099,-5.37304952839671,86.3123186885855));
#8350=CARTESIAN_POINT('Ctrl Pts',(48.9595676552257,-5.62879918134716,88.4202847124104));
#8351=CARTESIAN_POINT('Ctrl Pts',(45.0133605279593,-6.16294696961207,92.2556265147503));
#8352=CARTESIAN_POINT('Ctrl Pts',(41.0562138944322,-5.75389454790522,96.1016004872489));
#8353=CARTESIAN_POINT('Ctrl Pts',(39.2739530849995,-5.54429706252368,97.8337901986959));
#8354=CARTESIAN_POINT('Origin',(1.64877757174001,-5.,102.171143958732));
#8355=CARTESIAN_POINT('',(51.109729219091,-5.,86.3305301045751));
#8356=CARTESIAN_POINT('Origin',(1.64877757174001,-5.,102.171143958732));
#8357=CARTESIAN_POINT('Ctrl Pts',(51.128629473272,-5.37558637273807,86.3121608369221));
#8358=CARTESIAN_POINT('Ctrl Pts',(51.1156692600262,-5.24731491115993,86.3247569440259));
#8359=CARTESIAN_POINT('Ctrl Pts',(51.109729219091,-5.12003054128372,86.3305301045751));
#8360=CARTESIAN_POINT('Ctrl Pts',(51.109729219091,-5.,86.3305301045751));
#8361=CARTESIAN_POINT('Origin',(1.64877757174001,0.,102.171143958732));
#8362=CARTESIAN_POINT('',(51.109729219091,0.,86.3305301045751));
#8363=CARTESIAN_POINT('Ctrl Pts',(-51.8249664392262,-8.,82.7660697375909));
#8364=CARTESIAN_POINT('Ctrl Pts',(-50.9715804754014,-8.,84.0159561111509));
#8365=CARTESIAN_POINT('Ctrl Pts',(-49.4533874097676,-8.,86.0719393302372));
#8366=CARTESIAN_POINT('Ctrl Pts',(-47.4725177592535,-8.,88.4299918652793));
#8367=CARTESIAN_POINT('Ctrl Pts',(-46.255235438068,-8.,89.7722361522001));
#8368=CARTESIAN_POINT('Ctrl Pts',(-45.6343059704337,-8.,90.4313891877715));
#8369=CARTESIAN_POINT('Ctrl Pts',(-45.3339634315956,-8.,90.7441952180646));
#8370=CARTESIAN_POINT('Ctrl Pts',(-45.1719537890295,-8.,90.9115779833381));
#8371=CARTESIAN_POINT('Ctrl Pts',(-45.088072482665,-8.,90.9976619604066));
#8372=CARTESIAN_POINT('Ctrl Pts',(-45.0880696888449,-8.0000009081341,90.9976646751556));
#8373=CARTESIAN_POINT('Ctrl Pts',(-52.2850891236028,-7.45055130703347,83.3601901007707));
#8374=CARTESIAN_POINT('Ctrl Pts',(-51.3007548268785,-7.4315049223429,84.4961271183494));
#8375=CARTESIAN_POINT('Ctrl Pts',(-49.6012604554163,-7.49008719166936,86.3743514965324));
#8376=CARTESIAN_POINT('Ctrl Pts',(-47.4997563021371,-7.66262303617497,88.5686824137829));
#8377=CARTESIAN_POINT('Ctrl Pts',(-46.2480033822882,-7.79254640881126,89.8405814804201));
#8378=CARTESIAN_POINT('Ctrl Pts',(-45.6183558973873,-7.87019961200265,90.4713322669777));
#8379=CARTESIAN_POINT('Ctrl Pts',(-45.3159446808971,-7.91675509594897,90.7723477619763));
#8380=CARTESIAN_POINT('Ctrl Pts',(-45.153262843823,-7.95174818483863,90.9337807307225));
#8381=CARTESIAN_POINT('Ctrl Pts',(-45.0692408139865,-7.97893900585377,91.0169793462028));
#8382=CARTESIAN_POINT('Ctrl Pts',(-45.0692408139865,-8.00000000000001,91.0169793462028));
#8383=CARTESIAN_POINT('Ctrl Pts',(-52.5072301330594,-6.54141794353574,83.7884614765606));
#8384=CARTESIAN_POINT('Ctrl Pts',(-51.4304283739972,-6.64237398301174,84.8305640896022));
#8385=CARTESIAN_POINT('Ctrl Pts',(-49.6323174952309,-6.90050177631678,86.5811857301738));
#8386=CARTESIAN_POINT('Ctrl Pts',(-47.4838915991399,-7.30822545976346,88.6690256532743));
#8387=CARTESIAN_POINT('Ctrl Pts',(-46.2248707682424,-7.58116068712974,89.8940768987388));
#8388=CARTESIAN_POINT('Ctrl Pts',(-45.5961135633906,-7.73945093129081,90.5052644981504));
#8389=CARTESIAN_POINT('Ctrl Pts',(-45.2951902357771,-7.83322730126986,90.7978578330949));
#8390=CARTESIAN_POINT('Ctrl Pts',(-45.1335383371605,-7.90345260364383,90.9549768425836));
#8391=CARTESIAN_POINT('Ctrl Pts',(-45.0501485609181,-7.95787034546993,91.0360426994207));
#8392=CARTESIAN_POINT('Ctrl Pts',(-45.0501485609181,-8.00000000000001,91.0360426994207));
#8393=CARTESIAN_POINT('Ctrl Pts',(-52.4062028824998,-5.62123417034411,83.886650452646));
#8394=CARTESIAN_POINT('Ctrl Pts',(-51.3317059081093,-5.85063747086176,84.9309603505966));
#8395=CARTESIAN_POINT('Ctrl Pts',(-49.5455846443605,-6.3106785956587,86.6669020601869));
#8396=CARTESIAN_POINT('Ctrl Pts',(-47.4264270640997,-6.95415101014119,88.7265237149046));
#8397=CARTESIAN_POINT('Ctrl Pts',(-46.1863662763351,-7.36981481389711,89.9317460520429));
#8398=CARTESIAN_POINT('Ctrl Pts',(-45.5677947396127,-7.60873336259296,90.5329393488005));
#8399=CARTESIAN_POINT('Ctrl Pts',(-45.2717817663817,-7.74970468391321,90.8206360899126));
#8400=CARTESIAN_POINT('Ctrl Pts',(-45.1128111288806,-7.85516080295054,90.9751405828824));
#8401=CARTESIAN_POINT('Ctrl Pts',(-45.0308026703067,-7.93680168487441,91.0548450837286));
#8402=CARTESIAN_POINT('Ctrl Pts',(-45.0308026703067,-8.00000000000001,91.0548450837286));
#8403=CARTESIAN_POINT('Ctrl Pts',(-46.5750096167638,-7.24133382777408,89.5540213149282));
#8404=CARTESIAN_POINT('Ctrl Pts',(-46.740608857602,-7.18508725604159,89.3930744435807));
#8405=CARTESIAN_POINT('Ctrl Pts',(-47.6144340696426,-6.89706355099083,88.5437986058982));
#8406=CARTESIAN_POINT('Ctrl Pts',(-48.7810265708012,-6.54283312450912,87.4099805264886));
#8407=CARTESIAN_POINT('Ctrl Pts',(-49.7889146311968,-6.26325868450641,86.4304082218813));
#8408=CARTESIAN_POINT('Ctrl Pts',(-50.0863117110742,-6.18343485845424,86.141366259419));
#8409=CARTESIAN_POINT('Ctrl Pts',(-41.0311998159566,-8.,94.7984406423423));
#8410=CARTESIAN_POINT('Ctrl Pts',(-39.2169914668204,-8.,96.349967773371));
#8411=CARTESIAN_POINT('Ctrl Pts',(-37.3084206662541,-8.,97.7967026180917));
#8412=CARTESIAN_POINT('Ctrl Pts',(-35.3535207023547,-8.,99.1093685982703));
#8413=CARTESIAN_POINT('Ctrl Pts',(-41.1218950047028,-7.75343904422546,94.8055028961692));
#8414=CARTESIAN_POINT('Ctrl Pts',(-39.4001376453374,-7.5812305002556,96.4068664730778));
#8415=CARTESIAN_POINT('Ctrl Pts',(-37.634893652396,-7.46120519100692,97.9787332841628));
#8416=CARTESIAN_POINT('Ctrl Pts',(-35.8448457017635,-7.44793826646396,99.4805135323556));
#8417=CARTESIAN_POINT('Ctrl Pts',(-41.1907404726871,-7.49813149148447,94.7870240077269));
#8418=CARTESIAN_POINT('Ctrl Pts',(-39.5308422477191,-7.13425354952735,96.4004709852828));
#8419=CARTESIAN_POINT('Ctrl Pts',(-37.8570351096216,-6.83751918731392,98.0220262411267));
#8420=CARTESIAN_POINT('Ctrl Pts',(-36.1942987361835,-6.638745860677,99.6430949733285));
#8421=CARTESIAN_POINT('Ctrl Pts',(-41.2353830949219,-7.24280370531953,94.7436355819041));
#8422=CARTESIAN_POINT('Ctrl Pts',(-39.6011796025801,-6.68717042211549,96.3319275203584));
#8423=CARTESIAN_POINT('Ctrl Pts',(-37.952062597741,-6.21578640512111,97.9347139888908));
#8424=CARTESIAN_POINT('Ctrl Pts',(-36.2934937214509,-5.82340127634075,99.5466867866041));
#8425=CARTESIAN_POINT('Origin',(-39.144497833908,-7.24280370531952,92.5923106819238));
#8426=CARTESIAN_POINT('',(-37.8996082624474,-6.23242467661575,97.985694664354));
#8427=CARTESIAN_POINT('Ctrl Pts',(-37.899608262447,-6.23242467661576,97.9856946643544));
#8428=CARTESIAN_POINT('Ctrl Pts',(-37.800451957295,-6.53488379105931,98.0820652576483));
#8429=CARTESIAN_POINT('Ctrl Pts',(-37.6361430198233,-6.81092779906908,98.1688434239987));
#8430=CARTESIAN_POINT('Ctrl Pts',(-37.1671106773652,-7.33786474111069,98.3578349750104));
#8431=CARTESIAN_POINT('Ctrl Pts',(-36.8539042665337,-7.55942347549189,98.4546302933939));
#8432=CARTESIAN_POINT('Ctrl Pts',(-36.2909003499247,-7.82912625359017,98.6494240890495));
#8433=CARTESIAN_POINT('Ctrl Pts',(-36.0415256561453,-7.91070914223793,98.7416401465544));
#8434=CARTESIAN_POINT('Ctrl Pts',(-35.7143797526628,-7.97232570615135,98.8982769254106));
#8435=CARTESIAN_POINT('Ctrl Pts',(-35.631695072233,-7.98385564356361,98.9411074786795));
#8436=CARTESIAN_POINT('Ctrl Pts',(-35.4997078815206,-7.99557172769255,99.0164664914357));
#8437=CARTESIAN_POINT('Ctrl Pts',(-35.4496268793498,-7.99838087135815,99.0467709648331));
#8438=CARTESIAN_POINT('Ctrl Pts',(-35.3846488140864,-7.99982543639492,99.0886783015237));
#8439=CARTESIAN_POINT('Ctrl Pts',(-35.3690345543291,-8.,99.09895143827));
#8440=CARTESIAN_POINT('Ctrl Pts',(-35.3535207023547,-8.,99.1093685982703));
#8441=CARTESIAN_POINT('Ctrl Pts',(-37.9000569632114,-6.22921106425991,97.9852585694555));
#8442=CARTESIAN_POINT('Ctrl Pts',(-39.0175300256442,-6.52960373787854,96.8991799600171));
#8443=CARTESIAN_POINT('Ctrl Pts',(-40.129869009827,-6.86692614563487,95.8180911912772));
#8444=CARTESIAN_POINT('Ctrl Pts',(-41.2353830949219,-7.24280370531953,94.7436355819041));
#8445=CARTESIAN_POINT('Ctrl Pts',(-42.7442675676912,-8.,93.2771419320072));
#8446=CARTESIAN_POINT('Ctrl Pts',(-42.7408381678447,-8.,93.2803038739713));
#8447=CARTESIAN_POINT('Ctrl Pts',(-42.7374085328867,-8.,93.2834653093024));
#8448=CARTESIAN_POINT('Ctrl Pts',(-42.1697914450831,-8.,93.8065747025463));
#8449=CARTESIAN_POINT('Ctrl Pts',(-41.5988962090692,-8.,94.3129416330799));
#8450=CARTESIAN_POINT('Ctrl Pts',(-41.0311998159566,-8.,94.7984406423423));
#8451=CARTESIAN_POINT('Ctrl Pts',(-42.7442675676912,-8.,93.2771419320072));
#8452=CARTESIAN_POINT('Ctrl Pts',(-42.7408895015393,-7.99968431312895,93.2803110196743));
#8453=CARTESIAN_POINT('Ctrl Pts',(-42.7375117184077,-7.99936734409012,93.2834795546335));
#8454=CARTESIAN_POINT('Ctrl Pts',(-42.1785709481157,-7.94701742857096,93.8079982703515));
#8455=CARTESIAN_POINT('Ctrl Pts',(-41.6303366163638,-7.85857830608234,94.3130790567979));
#8456=CARTESIAN_POINT('Ctrl Pts',(-41.1218950047028,-7.75343904422547,94.8055028961692));
#8457=CARTESIAN_POINT('Ctrl Pts',(-42.7442675676912,-8.,93.2771419320072));
#8458=CARTESIAN_POINT('Ctrl Pts',(-42.7409408353701,-7.999368625408,93.2803181653984));
#8459=CARTESIAN_POINT('Ctrl Pts',(-42.7376148005577,-7.99873466967764,93.2834936879812));
#8460=CARTESIAN_POINT('Ctrl Pts',(-42.1876683822825,-7.89318000458789,93.8088660771381));
#8461=CARTESIAN_POINT('Ctrl Pts',(-41.6596119310299,-7.71751798896972,94.3103069483792));
#8462=CARTESIAN_POINT('Ctrl Pts',(-41.1907404726871,-7.49813149148447,94.7870240077269));
#8463=CARTESIAN_POINT('Ctrl Pts',(-42.7442675676912,-8.,93.2771419320072));
#8464=CARTESIAN_POINT('Ctrl Pts',(-42.7409921690649,-7.99905293853699,93.2803253111015));
#8465=CARTESIAN_POINT('Ctrl Pts',(-42.7377177796085,-7.99810197512488,93.2835077093777));
#8466=CARTESIAN_POINT('Ctrl Pts',(-42.1959996647888,-7.84007999707694,93.8100067155999));
#8467=CARTESIAN_POINT('Ctrl Pts',(-41.6866135377385,-7.57535386902105,94.3050820736847));
#8468=CARTESIAN_POINT('Ctrl Pts',(-41.2353830949219,-7.24280370531953,94.7436355819041));
#8469=CARTESIAN_POINT('Origin',(-38.092294938935,0.,97.7984213557686));
#8470=CARTESIAN_POINT('',(-38.092294938935,-5.,97.7984213557686));
#8471=CARTESIAN_POINT('Origin',(-35.9095745154947,-5.,99.9198201097769));
#8472=CARTESIAN_POINT('',(-38.092294938935,0.,97.7984213557686));
#8473=CARTESIAN_POINT('Origin',(-43.8557176299875,-5.,111.50136769673));
#8474=CARTESIAN_POINT('',(-46.329454758194,-5.,109.80412740127));
#8475=CARTESIAN_POINT('Origin',(-50.5169197391742,0.,115.907380796929));
#8476=CARTESIAN_POINT('Origin',(51.109729219091,0.,86.3305301045751));
#8477=CARTESIAN_POINT('Origin',(-38.092294938935,0.,97.7984213557686));
#8478=CARTESIAN_POINT('Origin',(0.,0.,102.000001519918));
#8479=CARTESIAN_POINT('',(-1.25022604627709,31.599999293685,101.999997720122));
#8480=CARTESIAN_POINT('',(1.25022604627709,31.599999293685,101.999997720122));
#8481=CARTESIAN_POINT('Ctrl Pts',(-1.25022604627709,31.599999293685,101.999997720122));
#8482=CARTESIAN_POINT('Ctrl Pts',(-0.831445413862622,31.6165679793186,101.99254854928));
#8483=CARTESIAN_POINT('Ctrl Pts',(-0.41447372407704,31.624721667197,101.988875827236));
#8484=CARTESIAN_POINT('Ctrl Pts',(0.,31.624721667197,101.988875827236));
#8485=CARTESIAN_POINT('Ctrl Pts',(0.414473724118802,31.624721667197,101.988875827236));
#8486=CARTESIAN_POINT('Ctrl Pts',(0.831445413893721,31.6165679793174,101.992548549281));
#8487=CARTESIAN_POINT('Ctrl Pts',(1.25022604627709,31.599999293685,101.999997720122));
#8488=CARTESIAN_POINT('Origin',(0.,0.,102.000001519918));
#8489=CARTESIAN_POINT('Ctrl Pts',(1.25404231839107,31.6963031706049,101.945377198297));
#8490=CARTESIAN_POINT('Ctrl Pts',(0.,31.7459184878187,101.945377198297));
#8491=CARTESIAN_POINT('Ctrl Pts',(-1.25404231839047,31.6963031706049,101.945377198297));
#8492=CARTESIAN_POINT('Ctrl Pts',(1.25213818280689,31.6481755612979,101.972732531089));
#8493=CARTESIAN_POINT('Ctrl Pts',(0.,31.6977155427039,101.972732531089));
#8494=CARTESIAN_POINT('Ctrl Pts',(-1.2521381828063,31.6481755612979,101.972732531089));
#8495=CARTESIAN_POINT('Ctrl Pts',(1.25023211259469,31.5999990536759,102.000001519918));
#8496=CARTESIAN_POINT('Ctrl Pts',(0.,31.649463622732,102.000001519918));
#8497=CARTESIAN_POINT('Ctrl Pts',(-1.2502321125941,31.5999990536759,102.000001519918));
#8498=CARTESIAN_POINT('Ctrl Pts',(1.25023336715139,31.60003076298,101.999983571725));
#8499=CARTESIAN_POINT('Ctrl Pts',(0.837544774453416,31.6798911359091,101.964078822754));
#8500=CARTESIAN_POINT('Ctrl Pts',(0.42042719815228,31.721120507112,101.945377198349));
#8501=CARTESIAN_POINT('Ctrl Pts',(-0.422362036540104,31.7209300275596,101.945463356238));
#8502=CARTESIAN_POINT('Ctrl Pts',(-0.838507534704102,31.6797048298323,101.964162584859));
#8503=CARTESIAN_POINT('Ctrl Pts',(-1.2502333671508,31.6000307629802,101.999983571725));
#8504=CARTESIAN_POINT('Origin',(0.,7.58194492033432,48.5782678549014));
#8505=CARTESIAN_POINT('',(0.,0.,0.));
#8506=CARTESIAN_POINT('',(-0.397525912146443,6.40780890776533,4.99999999999999));
#8507=UNCERTAINTY_MEASURE_WITH_UNIT(LENGTH_MEASURE(0.01),#8515,
'DISTANCE_ACCURACY_VALUE',
'Maximum model space distance between geometric entities at asserted c
onnectivities');
#8508=UNCERTAINTY_MEASURE_WITH_UNIT(LENGTH_MEASURE(0.01),#8515,
'DISTANCE_ACCURACY_VALUE',
'Maximum model space distance between geometric entities at asserted c
onnectivities');
#8509=UNCERTAINTY_MEASURE_WITH_UNIT(LENGTH_MEASURE(0.01),#8515,
'DISTANCE_ACCURACY_VALUE',
'Maximum model space distance between geometric entities at asserted c
onnectivities');
#8510=UNCERTAINTY_MEASURE_WITH_UNIT(LENGTH_MEASURE(0.01),#8515,
'DISTANCE_ACCURACY_VALUE',
'Maximum model space distance between geometric entities at asserted c
onnectivities');
#8511=(
GEOMETRIC_REPRESENTATION_CONTEXT(3)
GLOBAL_UNCERTAINTY_ASSIGNED_CONTEXT((#8507))
GLOBAL_UNIT_ASSIGNED_CONTEXT((#8515,#8517,#8518))
REPRESENTATION_CONTEXT('','3D')
);
#8512=(
GEOMETRIC_REPRESENTATION_CONTEXT(3)
GLOBAL_UNCERTAINTY_ASSIGNED_CONTEXT((#8508))
GLOBAL_UNIT_ASSIGNED_CONTEXT((#8515,#8517,#8518))
REPRESENTATION_CONTEXT('','3D')
);
#8513=(
GEOMETRIC_REPRESENTATION_CONTEXT(3)
GLOBAL_UNCERTAINTY_ASSIGNED_CONTEXT((#8509))
GLOBAL_UNIT_ASSIGNED_CONTEXT((#8515,#8517,#8518))
REPRESENTATION_CONTEXT('','3D')
);
#8514=(
GEOMETRIC_REPRESENTATION_CONTEXT(3)
GLOBAL_UNCERTAINTY_ASSIGNED_CONTEXT((#8510))
GLOBAL_UNIT_ASSIGNED_CONTEXT((#8515,#8517,#8518))
REPRESENTATION_CONTEXT('','3D')
);
#8515=(
LENGTH_UNIT()
NAMED_UNIT(*)
SI_UNIT(.MILLI.,.METRE.)
);
#8516=(
LENGTH_UNIT()
NAMED_UNIT(*)
SI_UNIT($,.METRE.)
);
#8517=(
NAMED_UNIT(*)
PLANE_ANGLE_UNIT()
SI_UNIT($,.RADIAN.)
);
#8518=(
NAMED_UNIT(*)
SI_UNIT($,.STERADIAN.)
SOLID_ANGLE_UNIT()
);
#8519=SHAPE_DEFINITION_REPRESENTATION(#8522,#8527);
#8520=SHAPE_DEFINITION_REPRESENTATION(#8523,#8528);
#8521=SHAPE_DEFINITION_REPRESENTATION(#8524,#8529);
#8522=PRODUCT_DEFINITION_SHAPE('',$,#8531);
#8523=PRODUCT_DEFINITION_SHAPE('',$,#8532);
#8524=PRODUCT_DEFINITION_SHAPE('',$,#8533);
#8525=PRODUCT_DEFINITION_SHAPE($,$,#17);
#8526=PRODUCT_DEFINITION_SHAPE($,$,#18);
#8527=SHAPE_REPRESENTATION('',(#3228,#3535,#3536),#8511);
#8528=SHAPE_REPRESENTATION('',(#3229),#8512);
#8529=SHAPE_REPRESENTATION('',(#3339),#8513);
#8530=PRODUCT_DEFINITION_CONTEXT('part definition',#8541,'design');
#8531=PRODUCT_DEFINITION('2025-12-05-21-49-25-281','Happy_Assembly',#8534,
#8530);
#8532=PRODUCT_DEFINITION('2025-12-05-17-47-32-944','Happy',#8535,#8530);
#8533=PRODUCT_DEFINITION('2025-12-05-20-08-04-922','Happy_Head',#8536,#8530);
#8534=PRODUCT_DEFINITION_FORMATION('',$,#8543);
#8535=PRODUCT_DEFINITION_FORMATION('',$,#8544);
#8536=PRODUCT_DEFINITION_FORMATION('',$,#8545);
#8537=PRODUCT_RELATED_PRODUCT_CATEGORY('Happy_Assembly',
'Happy_Assembly',(#8543));
#8538=PRODUCT_RELATED_PRODUCT_CATEGORY('Happy','Happy',(#8544));
#8539=PRODUCT_RELATED_PRODUCT_CATEGORY('Happy_Head','Happy_Head',(#8545));
#8540=APPLICATION_PROTOCOL_DEFINITION('international standard',
'automotive_design',2009,#8541);
#8541=APPLICATION_CONTEXT(
'Core Data for Automotive Mechanical Design Process');
#8542=PRODUCT_CONTEXT('part definition',#8541,'mechanical');
#8543=PRODUCT('2025-12-05-21-49-25-281','Happy_Assembly',$,(#8542));
#8544=PRODUCT('2025-12-05-17-47-32-944','Happy',$,(#8542));
#8545=PRODUCT('2025-12-05-20-08-04-922','Happy_Head',$,(#8542));
#8546=PRESENTATION_STYLE_ASSIGNMENT((#8547));
#8547=SURFACE_STYLE_USAGE(.BOTH.,#8548);
#8548=SURFACE_SIDE_STYLE('',(#8549));
#8549=SURFACE_STYLE_FILL_AREA(#8550);
#8550=FILL_AREA_STYLE('Steel - Satin',(#8551));
#8551=FILL_AREA_STYLE_COLOUR('Steel - Satin',#8552);
#8552=COLOUR_RGB('Steel - Satin',0.627450980392157,0.627450980392157,0.627450980392157);
ENDSEC;
END-ISO-10303-21;
